season,date,round,home_team,away_team,home_matches_before,away_matches_before,home_avg_goals_for,home_avg_goals_against,away_avg_goals_for,away_avg_goals_against,home_win_rate,away_win_rate,home_home_win_rate,away_away_win_rate,home_recent_points_5,away_recent_points_5,home_days_since_match,away_days_since_match,result,home_has_previous_match,away_has_previous_match,home_days_since_match_capped,away_days_since_match_capped
2010-11,2010-09-14,Group stage,Barcelona,Panathinaikos,0,0,0.0,0.0,0.0,0.0,0.0,0.0,0.0,0.0,0,0,-1,-1,H,0,0,0,0
2010-11,2010-09-14,Group stage,Benfica,Hapoel Tel Aviv,0,0,0.0,0.0,0.0,0.0,0.0,0.0,0.0,0.0,0,0,-1,-1,H,0,0,0,0
2010-11,2010-09-14,Group stage,Bursaspor,Valencia,0,0,0.0,0.0,0.0,0.0,0.0,0.0,0.0,0.0,0,0,-1,-1,A,0,0,0,0
2010-11,2010-09-14,Group stage,FC Copenhagen,Rubin Kazan,0,0,0.0,0.0,0.0,0.0,0.0,0.0,0.0,0.0,0,0,-1,-1,H,0,0,0,0
2010-11,2010-09-14,Group stage,Lyon,Schalke 04,0,0,0.0,0.0,0.0,0.0,0.0,0.0,0.0,0.0,0,0,-1,-1,H,0,0,0,0
2010-11,2010-09-14,Group stage,Manchester Utd,Rangers,0,0,0.0,0.0,0.0,0.0,0.0,0.0,0.0,0.0,0,0,-1,-1,D,0,0,0,0
2010-11,2010-09-14,Group stage,Twente,Inter,0,0,0.0,0.0,0.0,0.0,0.0,0.0,0.0,0.0,0,0,-1,-1,D,0,0,0,0
2010-11,2010-09-14,Group stage,Werder Bremen,Tottenham,0,0,0.0,0.0,0.0,0.0,0.0,0.0,0.0,0.0,0,0,-1,-1,D,0,0,0,0
2010-11,2010-09-15,Group stage,Arsenal,Braga,0,0,0.0,0.0,0.0,0.0,0.0,0.0,0.0,0.0,0,0,-1,-1,H,0,0,0,0
2010-11,2010-09-15,Group stage,Bayern Munich,Roma,0,0,0.0,0.0,0.0,0.0,0.0,0.0,0.0,0.0,0,0,-1,-1,H,0,0,0,0
2010-11,2010-09-15,Group stage,CFR Cluj,Basel,0,0,0.0,0.0,0.0,0.0,0.0,0.0,0.0,0.0,0,0,-1,-1,H,0,0,0,0
2010-11,2010-09-15,Group stage,Marseille,Spartak Moscow,0,0,0.0,0.0,0.0,0.0,0.0,0.0,0.0,0.0,0,0,-1,-1,A,0,0,0,0
2010-11,2010-09-15,Group stage,Milan,Auxerre,0,0,0.0,0.0,0.0,0.0,0.0,0.0,0.0,0.0,0,0,-1,-1,H,0,0,0,0
2010-11,2010-09-15,Group stage,MŠK Žilina,Chelsea,0,0,0.0,0.0,0.0,0.0,0.0,0.0,0.0,0.0,0,0,-1,-1,A,0,0,0,0
2010-11,2010-09-15,Group stage,Real Madrid,Ajax,0,0,0.0,0.0,0.0,0.0,0.0,0.0,0.0,0.0,0,0,-1,-1,H,0,0,0,0
2010-11,2010-09-15,Group stage,Shakhtar D.,Partizan,0,0,0.0,0.0,0.0,0.0,0.0,0.0,0.0,0.0,0,0,-1,-1,H,0,0,0,0
2010-11,2010-09-28,Group stage,Ajax,Milan,1,1,0.0,2.0,2.0,0.0,0.0,1.0,0.0,0.0,0,3,13,13,D,1,1,13,13
2010-11,2010-09-28,Group stage,Auxerre,Real Madrid,1,1,0.0,2.0,2.0,0.0,0.0,1.0,0.0,0.0,0,3,13,13,A,1,1,13,13
2010-11,2010-09-28,Group stage,Basel,Bayern Munich,1,1,1.0,2.0,2.0,0.0,0.0,1.0,0.0,0.0,0,3,13,13,A,1,1,13,13
2010-11,2010-09-28,Group stage,Braga,Shakhtar D.,1,1,0.0,6.0,1.0,0.0,0.0,1.0,0.0,0.0,0,3,13,13,A,1,1,13,13
2010-11,2010-09-28,Group stage,Chelsea,Marseille,1,1,4.0,1.0,0.0,1.0,1.0,0.0,0.0,0.0,3,0,13,13,H,1,1,13,13
2010-11,2010-09-28,Group stage,Partizan,Arsenal,1,1,0.0,1.0,6.0,0.0,0.0,1.0,0.0,0.0,0,3,13,13,A,1,1,13,13
2010-11,2010-09-28,Group stage,Roma,CFR Cluj,1,1,0.0,2.0,2.0,1.0,0.0,1.0,0.0,0.0,0,3,13,13,H,1,1,13,13
2010-11,2010-09-28,Group stage,Spartak Moscow,MŠK Žilina,1,1,1.0,0.0,1.0,4.0,1.0,0.0,0.0,0.0,3,0,13,13,H,1,1,13,13
2010-11,2010-09-29,Group stage,Hapoel Tel Aviv,Lyon,1,1,0.0,2.0,1.0,0.0,0.0,1.0,0.0,0.0,0,3,15,15,A,1,1,15,15
2010-11,2010-09-29,Group stage,Inter,Werder Bremen,1,1,2.0,2.0,2.0,2.0,0.0,0.0,0.0,0.0,1,1,15,15,H,1,1,15,15
2010-11,2010-09-29,Group stage,Panathinaikos,FC Copenhagen,1,1,1.0,5.0,1.0,0.0,0.0,1.0,0.0,0.0,0,3,15,15,A,1,1,15,15
2010-11,2010-09-29,Group stage,Rangers,Bursaspor,1,1,0.0,0.0,0.0,4.0,0.0,0.0,0.0,0.0,1,0,15,15,H,1,1,15,15
2010-11,2010-09-29,Group stage,Rubin Kazan,Barcelona,1,1,0.0,1.0,5.0,1.0,0.0,1.0,0.0,0.0,0,3,15,15,D,1,1,15,15
2010-11,2010-09-29,Group stage,Schalke 04,Benfica,1,1,0.0,1.0,2.0,0.0,0.0,1.0,0.0,0.0,0,3,15,15,H,1,1,15,15
2010-11,2010-09-29,Group stage,Tottenham,Twente,1,1,2.0,2.0,2.0,2.0,0.0,0.0,0.0,0.0,1,1,15,15,H,1,1,15,15
2010-11,2010-09-29,Group stage,Valencia,Manchester Utd,1,1,4.0,0.0,0.0,0.0,1.0,0.0,0.0,0.0,3,1,15,15,A,1,1,15,15
2010-11,2010-10-19,Group stage,Ajax,Auxerre,2,2,0.5,1.5,0.0,1.5,0.0,0.0,0.0,0.0,1,0,21,21,H,1,1,21,21
2010-11,2010-10-19,Group stage,Arsenal,Shakhtar D.,2,2,4.5,0.5,2.0,0.0,1.0,1.0,1.0,1.0,6,6,21,21,H,1,1,21,21
2010-11,2010-10-19,Group stage,Bayern Munich,CFR Cluj,2,2,2.0,0.5,1.5,1.5,1.0,0.5,1.0,0.0,6,3,21,21,H,1,1,21,21
2010-11,2010-10-19,Group stage,Braga,Partizan,2,2,0.0,4.5,0.5,2.0,0.0,0.0,0.0,0.0,0,0,21,21,H,1,1,21,21
2010-11,2010-10-19,Group stage,Marseille,MŠK Žilina,2,2,0.0,1.5,0.5,3.5,0.0,0.0,0.0,0.0,0,0,21,21,H,1,1,21,21
2010-11,2010-10-19,Group stage,Real Madrid,Milan,2,2,1.5,0.0,1.5,0.5,1.0,0.5,1.0,0.0,6,4,21,21,H,1,1,21,21
2010-11,2010-10-19,Group stage,Roma,Basel,2,2,1.0,1.5,1.0,2.0,0.5,0.0,1.0,0.0,3,0,21,21,A,1,1,21,21
2010-11,2010-10-19,Group stage,Spartak Moscow,Chelsea,2,2,2.0,0.0,3.0,0.5,1.0,1.0,1.0,1.0,6,6,21,21,A,1,1,21,21
2010-11,2010-10-20,Group stage,Barcelona,FC Copenhagen,2,2,3.0,1.0,1.5,0.0,0.5,1.0,1.0,1.0,4,6,21,21,H,1,1,21,21
2010-11,2010-10-20,Group stage,Inter,Tottenham,2,2,3.0,1.0,3.0,1.5,0.5,0.5,1.0,0.0,4,4,21,21,H,1,1,21,21
2010-11,2010-10-20,Group stage,Lyon,Benfica,2,2,2.0,0.5,1.0,1.0,1.0,0.5,1.0,0.0,6,3,21,21,H,1,1,21,21
2010-11,2010-10-20,Group stage,Manchester Utd,Bursaspor,2,2,0.5,0.0,0.0,2.5,0.5,0.0,0.0,0.0,4,0,21,21,H,1,1,21,21
2010-11,2010-10-20,Group stage,Panathinaikos,Rubin Kazan,2,2,0.5,3.5,0.5,1.0,0.0,0.0,0.0,0.0,0,1,21,21,D,1,1,21,21
2010-11,2010-10-20,Group stage,Rangers,Valencia,2,2,0.5,0.0,2.0,0.5,0.5,0.5,1.0,1.0,4,3,21,21,D,1,1,21,21
2010-11,2010-10-20,Group stage,Schalke 04,Hapoel Tel Aviv,2,2,1.0,0.5,0.5,2.5,0.5,0.0,1.0,0.0,3,0,21,21,H,1,1,21,21
2010-11,2010-10-20,Group stage,Twente,Werder Bremen,2,2,1.5,3.0,1.0,3.0,0.0,0.0,0.0,0.0,1,1,21,21,D,1,1,21,21
2010-11,2010-11-02,Group stage,Benfica,Lyon,3,3,0.6666666666666666,1.3333333333333333,2.0,0.3333333333333333,0.3333333333333333,1.0,1.0,1.0,3,9,13,13,H,1,1,13,13
2010-11,2010-11-02,Group stage,Bursaspor,Manchester Utd,3,3,0.0,2.0,0.6666666666666666,0.0,0.0,0.6666666666666666,0.0,1.0,0,7,13,13,A,1,1,13,13
2010-11,2010-11-02,Group stage,FC Copenhagen,Barcelona,3,3,1.0,0.6666666666666666,2.6666666666666665,0.6666666666666666,0.6666666666666666,0.6666666666666666,1.0,0.0,6,7,13,13,D,1,1,13,13
2010-11,2010-11-02,Group stage,Hapoel Tel Aviv,Schalke 04,3,3,0.6666666666666666,2.6666666666666665,1.6666666666666667,0.6666666666666666,0.0,0.6666666666666666,0.0,0.0,0,6,13,13,D,1,1,13,13
2010-11,2010-11-02,Group stage,Rubin Kazan,Panathinaikos,3,3,0.3333333333333333,0.6666666666666666,0.3333333333333333,2.3333333333333335,0.0,0.0,0.0,0.0,2,1,13,13,D,1,1,13,13
2010-11,2010-11-02,Group stage,Tottenham,Inter,3,3,3.0,2.3333333333333335,3.3333333333333335,1.6666666666666667,0.3333333333333333,0.6666666666666666,1.0,0.0,4,7,13,13,H,1,1,13,13
2010-11,2010-11-02,Group stage,Valencia,Rangers,3,3,1.6666666666666667,0.6666666666666666,0.6666666666666666,0.3333333333333333,0.3333333333333333,0.3333333333333333,0.0,0.0,4,5,13,13,H,1,1,13,13
2010-11,2010-11-02,Group stage,Werder Bremen,Twente,3,3,1.0,2.3333333333333335,1.3333333333333333,2.3333333333333335,0.0,0.0,0.0,0.0,2,2,13,13,A,1,1,13,13
2010-11,2010-11-03,Group stage,Auxerre,Ajax,3,3,0.3333333333333333,1.6666666666666667,1.0,1.3333333333333333,0.0,0.3333333333333333,0.0,0.0,0,4,15,15,H,1,1,15,15
2010-11,2010-11-03,Group stage,Basel,Roma,3,3,1.6666666666666667,1.6666666666666667,1.0,2.0,0.3333333333333333,0.3333333333333333,0.0,0.0,3,3,15,15,A,1,1,15,15
2010-11,2010-11-03,Group stage,CFR Cluj,Bayern Munich,3,3,1.6666666666666667,2.0,2.3333333333333335,1.0,0.3333333333333333,1.0,1.0,1.0,3,9,15,15,A,1,1,15,15
2010-11,2010-11-03,Group stage,Chelsea,Spartak Moscow,3,3,2.6666666666666665,0.3333333333333333,1.3333333333333333,0.6666666666666666,1.0,0.6666666666666666,1.0,1.0,9,6,15,15,H,1,1,15,15
2010-11,2010-11-03,Group stage,Milan,Real Madrid,3,3,1.0,1.0,1.6666666666666667,0.0,0.3333333333333333,1.0,1.0,1.0,4,9,15,15,D,1,1,15,15
2010-11,2010-11-03,Group stage,MŠK Žilina,Marseille,3,3,0.3333333333333333,2.6666666666666665,0.3333333333333333,1.0,0.0,0.3333333333333333,0.0,0.0,0,3,15,15,A,1,1,15,15
2010-11,2010-11-03,Group stage,Partizan,Braga,3,3,0.3333333333333333,2.0,0.6666666666666666,3.0,0.0,0.3333333333333333,0.0,0.0,0,3,15,15,A,1,1,15,15
2010-11,2010-11-03,Group stage,Shakhtar D.,Arsenal,3,3,1.6666666666666667,1.6666666666666667,4.666666666666667,0.6666666666666666,0.6666666666666666,1.0,1.0,1.0,6,9,15,15,H,1,1,15,15
2010-11,2010-11-23,Group stage,Ajax,Real Madrid,4,4,1.0,1.5,1.75,0.5,0.25,0.75,0.5,0.5,4,10,20,20,A,1,1,20,20
2010-11,2010-11-23,Group stage,Auxerre,Milan,4,4,0.75,1.5,1.25,1.25,0.25,0.25,0.5,0.0,3,5,20,20,A,1,1,20,20
2010-11,2010-11-23,Group stage,Basel,CFR Cluj,4,4,1.75,2.0,1.25,2.5,0.25,0.25,0.0,0.0,3,3,20,20,H,1,1,20,20
2010-11,2010-11-23,Group stage,Braga,Arsenal,4,4,0.75,2.25,3.75,1.0,0.5,0.75,0.5,0.5,6,9,20,20,H,1,1,20,20
2010-11,2010-11-23,Group stage,Chelsea,MŠK Žilina,4,4,3.0,0.5,0.25,3.75,1.0,0.0,1.0,0.0,12,0,20,20,H,1,1,20,20
2010-11,2010-11-23,Group stage,Partizan,Shakhtar D.,4,4,0.25,1.75,1.75,1.5,0.0,0.75,0.0,0.5,0,9,20,20,A,1,1,20,20
2010-11,2010-11-23,Group stage,Roma,Bayern Munich,4,4,1.5,2.0,2.75,0.75,0.5,1.0,0.5,1.0,6,12,20,20,H,1,1,20,20
2010-11,2010-11-23,Group stage,Spartak Moscow,Marseille,4,4,1.25,1.5,2.0,0.75,0.5,0.5,0.5,0.5,6,6,20,20,A,1,1,20,20
2010-11,2010-11-24,Group stage,Hapoel Tel Aviv,Benfica,4,4,0.5,2.0,1.5,1.75,0.0,0.5,0.0,0.0,1,6,22,22,H,1,1,22,22
2010-11,2010-11-24,Group stage,Inter,Twente,4,4,2.75,2.0,1.5,1.75,0.5,0.25,1.0,0.5,7,5,22,22,H,1,1,22,22
2010-11,2010-11-24,Group stage,Panathinaikos,Barcelona,4,4,0.25,1.75,2.25,0.75,0.0,0.5,0.0,0.0,2,8,22,22,A,1,1,22,22
2010-11,2010-11-24,Group stage,Rangers,Manchester Utd,4,4,0.5,1.0,1.25,0.0,0.25,0.75,0.5,1.0,5,10,22,22,A,1,1,22,22
2010-11,2010-11-24,Group stage,Rubin Kazan,FC Copenhagen,4,4,0.25,0.5,1.0,0.75,0.0,0.5,0.0,0.5,3,7,22,22,H,1,1,22,22
2010-11,2010-11-24,Group stage,Schalke 04,Lyon,4,4,1.25,0.5,2.25,1.25,0.5,0.75,1.0,0.5,7,9,22,22,H,1,1,22,22
2010-11,2010-11-24,Group stage,Tottenham,Werder Bremen,4,4,3.0,2.0,0.75,2.25,0.5,0.0,1.0,0.0,7,2,22,22,H,1,1,22,22
2010-11,2010-11-24,Group stage,Valencia,Bursaspor,4,4,2.0,0.5,0.0,2.25,0.5,0.0,0.5,0.0,7,0,22,22,H,1,1,22,22
2010-11,2010-12-07,Group stage,Barcelona,Rubin Kazan,5,5,2.4,0.6,0.4,0.4,0.6,0.2,1.0,0.0,11,6,13,13,H,1,1,13,13
2010-11,2010-12-07,Group stage,Benfica,Schalke 04,5,5,1.2,2.0,1.6,0.4,0.4,0.6,1.0,0.0,6,10,13,13,A,1,1,13,13
2010-11,2010-12-07,Group stage,Bursaspor,Rangers,5,5,0.2,3.0,0.4,1.0,0.0,0.2,0.0,0.0,0,5,13,13,D,1,1,13,13
2010-11,2010-12-07,Group stage,FC Copenhagen,Panathinaikos,5,5,0.8,0.8,0.2,2.0,0.4,0.0,0.5,0.0,7,2,13,13,H,1,1,13,13
2010-11,2010-12-07,Group stage,Lyon,Hapoel Tel Aviv,5,5,1.8,1.6,1.0,1.6,0.6,0.2,1.0,0.0,9,4,13,13,D,1,1,13,13
2010-11,2010-12-07,Group stage,Manchester Utd,Valencia,5,5,1.2,0.0,2.8,0.6,0.8,0.6,0.5,0.5,13,10,13,13,D,1,1,13,13
2010-11,2010-12-07,Group stage,Twente,Tottenham,5,5,1.2,1.6,3.0,1.6,0.2,0.6,0.0,0.0,5,10,13,13,D,1,1,13,13
2010-11,2010-12-07,Group stage,Werder Bremen,Inter,5,5,0.6,2.4,2.4,1.6,0.0,0.6,0.0,0.0,2,10,13,13,H,1,1,13,13
2010-11,2010-12-08,Group stage,Arsenal,Partizan,5,5,3.0,1.2,0.2,2.0,0.6,0.0,1.0,0.0,9,0,15,15,H,1,1,15,15
2010-11,2010-12-08,Group stage,Bayern Munich,Basel,5,5,2.6,1.2,1.6,1.6,0.8,0.4,1.0,0.5,12,6,15,15,H,1,1,15,15
2010-11,2010-12-08,Group stage,CFR Cluj,Roma,5,5,1.0,2.2,1.8,2.0,0.2,0.6,0.5,0.5,3,9,15,15,D,1,1,15,15
2010-11,2010-12-08,Group stage,Marseille,Chelsea,5,5,2.2,0.6,2.8,0.6,0.6,1.0,0.5,1.0,9,15,15,15,H,1,1,15,15
2010-11,2010-12-08,Group stage,Milan,Ajax,5,5,1.4,1.0,0.8,2.0,0.4,0.2,0.5,0.0,8,4,15,15,A,1,1,15,15
2010-11,2010-12-08,Group stage,MŠK Žilina,Spartak Moscow,5,5,0.4,3.4,1.0,1.8,0.0,0.4,0.0,0.5,0,6,15,15,A,1,1,15,15
2010-11,2010-12-08,Group stage,Real Madrid,Auxerre,5,5,2.2,0.4,0.6,1.6,0.8,0.2,1.0,0.0,13,3,15,15,H,1,1,15,15
2010-11,2010-12-08,Group stage,Shakhtar D.,Braga,5,5,2.0,1.2,1.0,1.8,0.8,0.6,1.0,0.5,12,9,15,15,H,1,1,15,15
2010-11,2011-02-15,Round of 16,Milan,Tottenham,6,6,1.1666666666666667,1.1666666666666667,3.0,1.8333333333333333,0.3333333333333333,0.5,0.3333333333333333,0.0,5,10,69,70,A,1,1,69,70
2010-11,2011-02-15,Round of 16,Valencia,Schalke 04,6,6,2.5,0.6666666666666666,1.6666666666666667,0.5,0.5,0.6666666666666666,0.6666666666666666,0.3333333333333333,8,13,70,70,D,1,1,70,70
2010-11,2011-02-16,Round of 16,Arsenal,Barcelona,6,6,3.0,1.1666666666666667,2.3333333333333335,0.5,0.6666666666666666,0.6666666666666666,1.0,0.3333333333333333,9,11,70,71,H,1,1,70,71
2010-11,2011-02-16,Round of 16,Roma,Shakhtar D.,6,6,1.6666666666666667,1.8333333333333333,2.0,1.0,0.5,0.8333333333333334,0.6666666666666666,0.6666666666666666,10,12,70,70,A,1,1,70,70
2010-11,2011-02-22,Round of 16,FC Copenhagen,Chelsea,6,6,1.1666666666666667,0.8333333333333334,2.3333333333333335,0.6666666666666666,0.5,0.8333333333333334,0.6666666666666666,0.6666666666666666,7,12,77,76,A,1,1,77,76
2010-11,2011-02-22,Round of 16,Lyon,Real Madrid,6,6,1.8333333333333333,1.6666666666666667,2.5,0.3333333333333333,0.5,0.8333333333333334,0.6666666666666666,0.6666666666666666,7,13,77,76,D,1,1,77,76
2010-11,2011-02-23,Round of 16,Inter,Bayern Munich,6,6,2.0,1.8333333333333333,2.6666666666666665,1.0,0.5,0.8333333333333334,1.0,0.6666666666666666,9,12,78,77,A,1,1,78,77
2010-11,2011-02-23,Round of 16,Marseille,Manchester Utd,6,6,2.0,0.5,1.1666666666666667,0.16666666666666666,0.6666666666666666,0.6666666666666666,0.6666666666666666,1.0,12,13,77,78,D,1,1,77,78
2010-11,2011-03-08,Round of 16,Barcelona,Arsenal,7,7,2.142857142857143,0.7142857142857143,2.857142857142857,1.1428571428571428,0.5714285714285714,0.7142857142857143,1.0,0.3333333333333333,10,9,20,20,H,1,1,20,20
2010-11,2011-03-08,Round of 16,Shakhtar D.,Roma,7,7,2.142857142857143,1.1428571428571428,1.7142857142857142,2.0,0.8571428571428571,0.42857142857142855,1.0,0.3333333333333333,12,7,20,20,H,1,1,20,20
2010-11,2011-03-09,Round of 16,Schalke 04,Valencia,7,7,1.5714285714285714,0.5714285714285714,2.2857142857142856,0.7142857142857143,0.5714285714285714,0.42857142857142855,1.0,0.3333333333333333,11,9,22,22,H,1,1,22,22
2010-11,2011-03-09,Round of 16,Tottenham,Milan,7,7,2.7142857142857144,1.5714285714285714,1.0,1.1428571428571428,0.5714285714285714,0.2857142857142857,1.0,0.3333333333333333,10,4,22,22,D,1,1,22,22
2010-11,2011-03-15,Round of 16,Bayern Munich,Inter,7,7,2.4285714285714284,0.8571428571428571,1.7142857142857142,1.7142857142857142,0.8571428571428571,0.42857142857142855,1.0,0.0,12,6,20,20,A,1,1,20,20
2010-11,2011-03-15,Round of 16,Manchester Utd,Marseille,7,7,1.0,0.14285714285714285,1.7142857142857142,0.42857142857142855,0.5714285714285714,0.5714285714285714,0.3333333333333333,0.6666666666666666,11,13,20,20,H,1,1,20,20
2010-11,2011-03-16,Round of 16,Chelsea,FC Copenhagen,7,7,2.2857142857142856,0.5714285714285714,1.0,1.0,0.8571428571428571,0.42857142857142855,1.0,0.3333333333333333,12,4,22,22,D,1,1,22,22
2010-11,2011-03-16,Round of 16,Real Madrid,Lyon,7,7,2.2857142857142856,0.42857142857142855,1.7142857142857142,1.5714285714285714,0.7142857142857143,0.42857142857142855,1.0,0.3333333333333333,11,5,22,22,H,1,1,22,22
2010-11,2011-04-05,Quarter-finals,Inter,Schalke 04,8,8,1.875,1.75,1.75,0.625,0.5,0.625,0.75,0.25,6,11,21,27,A,1,1,21,27
2010-11,2011-04-05,Quarter-finals,Real Madrid,Tottenham,8,8,2.375,0.375,2.375,1.375,0.75,0.5,1.0,0.25,11,11,20,27,H,1,1,20,27
2010-11,2011-04-06,Quarter-finals,Barcelona,Shakhtar D.,8,8,2.25,0.75,2.25,1.0,0.625,0.875,1.0,0.75,10,15,29,29,H,1,1,29,29
2010-11,2011-04-06,Quarter-finals,Chelsea,Manchester Utd,8,8,2.0,0.5,1.125,0.25,0.75,0.625,0.75,0.75,10,11,21,22,A,1,1,21,22
2010-11,2011-04-12,Quarter-finals,Manchester Utd,Chelsea,9,9,1.1111111111111112,0.2222222222222222,1.7777777777777777,0.5555555555555556,0.6666666666666666,0.6666666666666666,0.5,0.75,11,7,6,6,H,1,1,6,6
2010-11,2011-04-12,Quarter-finals,Shakhtar D.,Barcelona,9,9,2.111111111111111,1.4444444444444444,2.5555555555555554,0.7777777777777778,0.7777777777777778,0.6666666666666666,1.0,0.25,12,12,6,6,A,1,1,6,6
2010-11,2011-04-13,Quarter-finals,Schalke 04,Inter,9,9,2.111111111111111,0.7777777777777778,1.8888888888888888,2.111111111111111,0.6666666666666666,0.4444444444444444,1.0,0.25,13,6,8,8,H,1,1,8,8
2010-11,2011-04-13,Quarter-finals,Tottenham,Real Madrid,9,9,2.111111111111111,1.6666666666666667,2.5555555555555554,0.3333333333333333,0.4444444444444444,0.7777777777777778,0.75,0.5,8,13,8,8,A,1,1,8,8
2010-11,2011-04-26,Semi-finals,Schalke 04,Manchester Utd,10,10,2.1,0.8,1.2,0.3,0.7,0.7,1.0,0.8,13,11,13,14,A,1,1,13,14
2010-11,2011-04-27,Semi-finals,Real Madrid,Barcelona,10,10,2.4,0.3,2.4,0.7,0.8,0.7,1.0,0.4,13,12,14,15,A,1,1,14,15
2010-11,2011-05-03,Semi-finals,Barcelona,Real Madrid,11,11,2.3636363636363638,0.6363636363636364,2.1818181818181817,0.45454545454545453,0.7272727272727273,0.7272727272727273,1.0,0.6,12,10,6,6,D,1,1,6,6
2010-11,2011-05-04,Semi-finals,Manchester Utd,Schalke 04,11,11,1.2727272727272727,0.2727272727272727,1.9090909090909092,0.9090909090909091,0.7272727272727273,0.6363636363636364,0.6,0.4,13,10,8,8,H,1,1,8,8
2010-11,2011-05-28,Final,Barcelona,Manchester Utd,12,12,2.25,0.6666666666666666,1.5,0.3333333333333333,0.6666666666666666,0.75,0.8333333333333334,0.8333333333333334,13,15,25,24,H,1,1,25,24
2011-12,2011-09-13,Group stage,APOEL FC,Zenit,0,0,0.0,0.0,0.0,0.0,0.0,0.0,0.0,0.0,0,0,-1,-1,H,0,0,0,0
2011-12,2011-09-13,Group stage,Barcelona,Milan,13,8,2.3076923076923075,0.6923076923076923,0.875,1.0,0.6923076923076923,0.25,0.8571428571428571,0.25,13,5,108,188,D,1,1,108,188
2011-12,2011-09-13,Group stage,Chelsea,Leverkusen,10,0,1.7,0.7,0.0,0.0,0.6,0.0,0.6,0.0,4,0,154,-1,H,1,0,154,0
2011-12,2011-09-13,Group stage,Dortmund,Arsenal,0,8,0.0,0.0,2.625,1.375,0.0,0.625,0.0,0.25,0,6,-1,189,D,0,1,0,189
2011-12,2011-09-13,Group stage,Genk,Valencia,0,8,0.0,0.0,2.125,1.0,0.0,0.375,0.0,0.25,0,8,-1,188,D,0,1,0,188
2011-12,2011-09-13,Group stage,Olympiacos,Marseille,0,8,0.0,0.0,1.625,0.625,0.0,0.5,0.0,0.5,0,10,-1,182,A,0,1,0,182
2011-12,2011-09-13,Group stage,Porto,Shakhtar D.,0,10,0.0,0.0,1.9,1.4,0.0,0.7,0.0,0.6,0,9,-1,154,H,0,1,0,154
2011-12,2011-09-13,Group stage,Viktoria Plzeň,BATE Borisov,0,0,0.0,0.0,0.0,0.0,0.0,0.0,0.0,0.0,0,0,-1,-1,D,0,0,0,0
2011-12,2011-09-14,Group stage,Ajax,Lyon,6,8,1.0,1.6666666666666667,1.5,1.75,0.3333333333333333,0.375,0.3333333333333333,0.25,7,2,280,182,D,1,1,280,182
2011-12,2011-09-14,Group stage,Basel,Oțelul Galați,6,0,1.3333333333333333,1.8333333333333333,0.0,0.0,0.3333333333333333,0.0,0.3333333333333333,0.0,6,0,280,-1,H,1,0,280,0
2011-12,2011-09-14,Group stage,Benfica,Manchester Utd,6,13,1.1666666666666667,2.0,1.4615384615384615,0.5384615384615384,0.3333333333333333,0.6923076923076923,0.6666666666666666,0.7142857142857143,3,12,281,109,D,1,1,281,109
2011-12,2011-09-14,Group stage,Dinamo Zagreb,Real Madrid,0,12,0.0,0.0,2.0833333333333335,0.5,0.0,0.6666666666666666,0.0,0.5,0,10,-1,134,A,0,1,0,134
2011-12,2011-09-14,Group stage,Inter,Trabzonspor,10,0,1.8,2.1,0.0,0.0,0.4,0.0,0.6,0.0,3,0,154,-1,A,1,0,154,0
2011-12,2011-09-14,Group stage,Lille,CSKA Moscow,0,0,0.0,0.0,0.0,0.0,0.0,0.0,0.0,0.0,0,0,-1,-1,D,0,0,0,0
2011-12,2011-09-14,Group stage,Manchester City,Napoli,0,0,0.0,0.0,0.0,0.0,0.0,0.0,0.0,0.0,0,0,-1,-1,D,0,0,0,0
2011-12,2011-09-14,Group stage,Villarreal,Bayern Munich,0,8,0.0,0.0,2.375,1.125,0.0,0.75,0.0,0.75,0,9,-1,183,A,0,1,0,183
2011-12,2011-09-27,Group stage,Bayern Munich,Manchester City,9,1,2.3333333333333335,1.0,1.0,1.0,0.7777777777777778,0.0,0.75,0.0,9,1,13,13,H,1,1,13,13
2011-12,2011-09-27,Group stage,CSKA Moscow,Inter,1,11,2.0,2.0,1.6363636363636365,2.0,0.0,0.36363636363636365,0.0,0.2,1,3,13,13,A,1,1,13,13
2011-12,2011-09-27,Group stage,Lyon,Dinamo Zagreb,9,1,1.3333333333333333,1.5555555555555556,0.0,1.0,0.3333333333333333,0.0,0.5,0.0,3,0,13,13,H,1,1,13,13
2011-12,2011-09-27,Group stage,Manchester Utd,Basel,14,7,1.4285714285714286,0.5714285714285714,1.4285714285714286,1.7142857142857142,0.6428571428571429,0.42857142857142855,0.6666666666666666,0.3333333333333333,10,9,13,13,D,1,1,13,13
2011-12,2011-09-27,Group stage,Napoli,Villarreal,1,1,1.0,1.0,0.0,2.0,0.0,0.0,0.0,0.0,1,0,13,13,H,1,1,13,13
2011-12,2011-09-27,Group stage,Oțelul Galați,Benfica,1,7,1.0,2.0,1.1428571428571428,1.8571428571428572,0.0,0.2857142857142857,0.0,0.0,0,4,13,13,A,1,1,13,13
2011-12,2011-09-27,Group stage,Real Madrid,Ajax,13,7,2.0,0.46153846153846156,0.8571428571428571,1.4285714285714286,0.6923076923076923,0.2857142857142857,0.8333333333333334,0.3333333333333333,10,7,13,13,H,1,1,13,13
2011-12,2011-09-27,Group stage,Trabzonspor,Lille,1,1,1.0,0.0,2.0,2.0,1.0,0.0,0.0,0.0,3,1,13,13,D,1,1,13,13
2011-12,2011-09-28,Group stage,Arsenal,Olympiacos,9,1,2.4444444444444446,1.3333333333333333,0.0,1.0,0.5555555555555556,0.0,1.0,0.0,7,0,15,15,H,1,1,15,15
2011-12,2011-09-28,Group stage,BATE Borisov,Barcelona,1,14,1.0,1.0,2.2857142857142856,0.7857142857142857,0.0,0.6428571428571429,0.0,0.5,1,11,15,15,A,1,1,15,15
2011-12,2011-09-28,Group stage,Leverkusen,Genk,1,1,0.0,2.0,0.0,0.0,0.0,0.0,0.0,0.0,0,1,15,15,H,1,1,15,15
2011-12,2011-09-28,Group stage,Marseille,Dortmund,9,1,1.5555555555555556,0.5555555555555556,1.0,1.0,0.5555555555555556,0.0,0.5,0.0,10,1,15,15,H,1,1,15,15
2011-12,2011-09-28,Group stage,Milan,Viktoria Plzeň,9,1,1.0,1.1111111111111112,1.0,1.0,0.2222222222222222,0.0,0.25,0.0,5,1,15,15,H,1,1,15,15
2011-12,2011-09-28,Group stage,Shakhtar D.,APOEL FC,11,1,1.8181818181818181,1.4545454545454546,2.0,1.0,0.6363636363636364,1.0,0.8,0.0,6,3,15,15,D,1,1,15,15
2011-12,2011-09-28,Group stage,Valencia,Chelsea,9,11,1.8888888888888888,0.8888888888888888,1.7272727272727273,0.6363636363636364,0.3333333333333333,0.6363636363636364,0.5,0.6,6,7,15,15,D,1,1,15,15
2011-12,2011-09-28,Group stage,Zenit,Porto,1,1,1.0,2.0,2.0,1.0,0.0,1.0,0.0,0.0,0,3,15,15,H,1,1,15,15
2011-12,2011-10-18,Group stage,Basel,Benfica,8,8,1.625,1.875,1.125,1.625,0.375,0.375,0.5,0.25,7,7,21,21,A,1,1,21,21
2011-12,2011-10-18,Group stage,CSKA Moscow,Trabzonspor,2,2,2.0,2.5,1.0,0.5,0.0,0.5,0.0,1.0,1,4,21,21,H,1,1,21,21
2011-12,2011-10-18,Group stage,Dinamo Zagreb,Ajax,2,8,0.0,1.5,0.75,1.625,0.0,0.25,0.0,0.25,0,4,21,21,A,1,1,21,21
2011-12,2011-10-18,Group stage,Lille,Inter,2,12,1.5,1.5,1.75,2.0,0.0,0.4166666666666667,0.0,0.3333333333333333,2,6,21,21,A,1,1,21,21
2011-12,2011-10-18,Group stage,Manchester City,Villarreal,2,2,0.5,1.5,0.0,2.0,0.0,0.0,0.0,0.0,1,0,21,21,H,1,1,21,21
2011-12,2011-10-18,Group stage,Napoli,Bayern Munich,2,10,1.5,0.5,2.3,0.9,0.5,0.8,1.0,0.8,4,12,21,21,D,1,1,21,21
2011-12,2011-10-18,Group stage,Oțelul Galați,Manchester Utd,2,15,0.5,1.5,1.5333333333333334,0.7333333333333333,0.0,0.6,0.0,0.625,0,8,21,21,A,1,1,21,21
2011-12,2011-10-18,Group stage,Real Madrid,Lyon,14,10,2.0714285714285716,0.42857142857142855,1.4,1.4,0.7142857142857143,0.4,0.8571428571428571,0.2,10,6,21,21,H,1,1,21,21
2011-12,2011-10-19,Group stage,Barcelona,Viktoria Plzeň,15,2,2.466666666666667,0.7333333333333333,0.5,1.5,0.6666666666666666,0.0,0.75,0.0,11,1,21,21,H,1,1,21,21
2011-12,2011-10-19,Group stage,Chelsea,Genk,12,2,1.6666666666666667,0.6666666666666666,0.0,1.0,0.5833333333333334,0.0,0.6666666666666666,0.0,5,1,21,21,H,1,1,21,21
2011-12,2011-10-19,Group stage,Leverkusen,Valencia,2,10,1.0,1.0,1.8,0.9,0.5,0.3,1.0,0.2,3,4,21,21,H,1,1,21,21
2011-12,2011-10-19,Group stage,Marseille,Arsenal,10,10,1.7,0.5,2.4,1.3,0.6,0.6,0.6,0.2,10,10,21,21,A,1,1,21,21
2011-12,2011-10-19,Group stage,Milan,BATE Borisov,10,2,1.1,1.0,0.5,3.0,0.3,0.0,0.4,0.0,5,1,21,21,H,1,1,21,21
2011-12,2011-10-19,Group stage,Olympiacos,Dortmund,2,2,0.5,1.5,0.5,2.0,0.0,0.0,0.0,0.0,0,1,21,21,H,1,1,21,21
2011-12,2011-10-19,Group stage,Porto,APOEL FC,2,2,1.5,2.0,1.5,1.0,0.5,0.5,1.0,0.0,3,4,21,21,D,1,1,21,21
2011-12,2011-10-19,Group stage,Shakhtar D.,Zenit,12,2,1.75,1.4166666666666667,2.0,1.5,0.5833333333333334,0.5,0.6666666666666666,0.0,4,3,21,21,D,1,1,21,21
2011-12,2011-11-01,Group stage,APOEL FC,Porto,3,3,1.3333333333333333,1.0,1.3333333333333333,1.6666666666666667,0.3333333333333333,0.3333333333333333,1.0,0.0,5,4,13,13,H,1,1,13,13
2011-12,2011-11-01,Group stage,Arsenal,Marseille,11,11,2.272727272727273,1.1818181818181819,1.5454545454545454,0.5454545454545454,0.6363636363636364,0.5454545454545454,1.0,0.6,10,7,13,13,D,1,1,13,13
2011-12,2011-11-01,Group stage,BATE Borisov,Milan,3,11,0.3333333333333333,2.6666666666666665,1.1818181818181819,0.9090909090909091,0.0,0.36363636363636365,0.0,0.2,1,8,13,13,D,1,1,13,13
2011-12,2011-11-01,Group stage,Dortmund,Olympiacos,3,3,0.6666666666666666,2.3333333333333335,1.3333333333333333,1.3333333333333333,0.0,0.3333333333333333,0.0,0.0,1,3,13,13,H,1,1,13,13
2011-12,2011-11-01,Group stage,Genk,Chelsea,3,13,0.0,2.3333333333333335,1.9230769230769231,0.6153846153846154,0.0,0.6153846153846154,0.0,0.5,1,7,13,13,D,1,1,13,13
2011-12,2011-11-01,Group stage,Valencia,Leverkusen,11,3,1.7272727272727273,1.0,1.3333333333333333,1.0,0.2727272727272727,0.6666666666666666,0.4,0.0,3,6,13,13,H,1,1,13,13
2011-12,2011-11-01,Group stage,Viktoria Plzeň,Barcelona,3,16,0.3333333333333333,1.6666666666666667,2.4375,0.6875,0.0,0.6875,0.0,0.5714285714285714,1,11,13,13,A,1,1,13,13
2011-12,2011-11-01,Group stage,Zenit,Shakhtar D.,3,13,2.0,1.6666666666666667,1.7692307692307692,1.4615384615384615,0.3333333333333333,0.5384615384615384,1.0,0.5,4,2,13,13,H,1,1,13,13
2011-12,2011-11-02,Group stage,Ajax,Dinamo Zagreb,9,3,0.8888888888888888,1.4444444444444444,0.0,1.6666666666666667,0.3333333333333333,0.0,0.25,0.0,7,0,15,15,H,1,1,15,15
2011-12,2011-11-02,Group stage,Bayern Munich,Napoli,11,3,2.1818181818181817,0.9090909090909091,1.3333333333333333,0.6666666666666666,0.7272727272727273,0.3333333333333333,0.8,0.0,10,5,15,15,H,1,1,15,15
2011-12,2011-11-02,Group stage,Benfica,Basel,9,9,1.2222222222222223,1.4444444444444444,1.4444444444444444,1.8888888888888888,0.4444444444444444,0.3333333333333333,0.5,0.25,7,7,15,15,D,1,1,15,15
2011-12,2011-11-02,Group stage,Inter,Lille,13,3,1.6923076923076923,1.8461538461538463,1.0,1.3333333333333333,0.46153846153846156,0.0,0.5,0.0,6,2,15,15,H,1,1,15,15
2011-12,2011-11-02,Group stage,Lyon,Real Madrid,11,15,1.2727272727272727,1.6363636363636365,2.2,0.4,0.36363636363636365,0.7333333333333333,0.6,0.5714285714285714,5,10,15,15,A,1,1,15,15
2011-12,2011-11-02,Group stage,Manchester Utd,Oțelul Galați,16,3,1.5625,0.6875,0.3333333333333333,1.6666666666666667,0.625,0.0,0.5714285714285714,0.0,8,0,15,15,H,1,1,15,15
2011-12,2011-11-02,Group stage,Trabzonspor,CSKA Moscow,3,3,0.6666666666666666,1.3333333333333333,2.3333333333333335,1.6666666666666667,0.3333333333333333,0.3333333333333333,0.0,0.0,4,4,15,15,D,1,1,15,15
2011-12,2011-11-02,Group stage,Villarreal,Manchester City,3,3,0.3333333333333333,2.0,1.0,1.3333333333333333,0.0,0.3333333333333333,0.0,0.0,0,4,15,15,A,1,1,15,15
2011-12,2011-11-22,Group stage,Bayern Munich,Villarreal,12,4,2.25,1.0,0.25,2.25,0.75,0.0,0.8333333333333334,0.0,10,0,20,20,H,1,1,20,20
2011-12,2011-11-22,Group stage,CSKA Moscow,Lille,4,4,1.75,1.25,1.0,1.5,0.25,0.0,0.5,0.0,5,2,20,20,A,1,1,20,20
2011-12,2011-11-22,Group stage,Lyon,Ajax,12,10,1.1666666666666667,1.6666666666666667,1.2,1.3,0.3333333333333333,0.4,0.5,0.4,4,10,20,20,D,1,1,20,20
2011-12,2011-11-22,Group stage,Manchester Utd,Benfica,17,10,1.588235294117647,0.6470588235294118,1.2,1.4,0.6470588235294118,0.4,0.625,0.4,8,8,20,20,D,1,1,20,20
2011-12,2011-11-22,Group stage,Napoli,Manchester City,4,4,1.5,1.25,1.5,1.0,0.25,0.5,0.5,0.5,5,7,20,20,H,1,1,20,20
2011-12,2011-11-22,Group stage,Oțelul Galați,Basel,4,10,0.25,1.75,1.4,1.8,0.0,0.3,0.0,0.2,0,5,20,20,A,1,1,20,20
2011-12,2011-11-22,Group stage,Real Madrid,Dinamo Zagreb,16,4,2.1875,0.375,0.0,2.25,0.75,0.0,0.875,0.0,13,0,20,20,H,1,1,20,20
2011-12,2011-11-22,Group stage,Trabzonspor,Inter,4,14,0.5,1.0,1.7142857142857142,1.7857142857142858,0.25,0.5,0.0,0.42857142857142855,5,9,20,20,D,1,1,20,20
2011-12,2011-11-23,Group stage,Arsenal,Dortmund,12,4,2.0833333333333335,1.0833333333333333,0.75,1.75,0.5833333333333334,0.25,0.8333333333333334,0.0,8,4,22,22,H,1,1,22,22
2011-12,2011-11-23,Group stage,BATE Borisov,Viktoria Plzeň,4,4,0.5,2.25,0.25,2.25,0.0,0.0,0.0,0.0,2,1,22,22,A,1,1,22,22
2011-12,2011-11-23,Group stage,Leverkusen,Chelsea,4,14,1.25,1.5,1.8571428571428572,0.6428571428571429,0.5,0.5714285714285714,1.0,0.42857142857142855,6,8,22,22,H,1,1,22,22
2011-12,2011-11-23,Group stage,Marseille,Olympiacos,12,4,1.4166666666666667,0.5,1.0,1.25,0.5,0.25,0.5,0.0,7,3,22,22,A,1,1,22,22
2011-12,2011-11-23,Group stage,Milan,Barcelona,12,17,1.1666666666666667,0.9166666666666666,2.5294117647058822,0.6470588235294118,0.3333333333333333,0.7058823529411765,0.5,0.625,9,13,22,22,A,1,1,22,22
2011-12,2011-11-23,Group stage,Shakhtar D.,Porto,14,4,1.6428571428571428,1.4285714285714286,1.25,1.75,0.5,0.25,0.5714285714285714,0.0,2,4,22,22,A,1,1,22,22
2011-12,2011-11-23,Group stage,Valencia,Genk,12,4,1.8333333333333333,1.0,0.25,2.0,0.3333333333333333,0.0,0.5,0.0,5,2,22,22,H,1,1,22,22
2011-12,2011-11-23,Group stage,Zenit,APOEL FC,4,4,1.75,1.25,1.5,1.0,0.5,0.5,1.0,0.0,7,8,22,22,D,1,1,22,22
2011-12,2011-12-06,Group stage,APOEL FC,Shakhtar D.,5,15,1.2,0.8,1.5333333333333334,1.4666666666666666,0.4,0.4666666666666667,1.0,0.42857142857142855,9,2,13,13,A,1,1,13,13
2011-12,2011-12-06,Group stage,Barcelona,BATE Borisov,18,5,2.5555555555555554,0.7222222222222222,0.4,2.0,0.7222222222222222,0.0,0.7777777777777778,0.0,13,2,13,13,H,1,1,13,13
2011-12,2011-12-06,Group stage,Chelsea,Valencia,15,13,1.8,0.7333333333333333,2.230769230769231,0.9230769230769231,0.5333333333333333,0.38461538461538464,0.7142857142857143,0.16666666666666666,8,8,13,13,H,1,1,13,13
2011-12,2011-12-06,Group stage,Dortmund,Marseille,5,13,0.8,1.8,1.3076923076923077,0.5384615384615384,0.2,0.46153846153846156,0.5,0.5,4,7,13,13,A,1,1,13,13
2011-12,2011-12-06,Group stage,Genk,Leverkusen,5,5,0.2,3.0,1.4,1.4,0.0,0.6,0.0,0.0,2,9,13,13,D,1,1,13,13
2011-12,2011-12-06,Group stage,Olympiacos,Arsenal,5,13,1.0,1.0,2.076923076923077,1.0769230769230769,0.4,0.6153846153846154,0.5,0.3333333333333333,6,11,13,13,H,1,1,13,13
2011-12,2011-12-06,Group stage,Porto,Zenit,5,5,1.4,1.4,1.4,1.0,0.4,0.4,0.5,0.0,7,8,13,13,D,1,1,13,13
2011-12,2011-12-06,Group stage,Viktoria Plzeň,Milan,5,13,0.4,1.8,1.2307692307692308,1.0769230769230769,0.2,0.3076923076923077,0.0,0.16666666666666666,4,8,13,13,D,1,1,13,13
2011-12,2011-12-07,Group stage,Ajax,Real Madrid,11,17,1.0909090909090908,1.1818181818181819,2.411764705882353,0.47058823529411764,0.36363636363636365,0.7647058823529411,0.4,0.625,8,15,15,15,A,1,1,15,15
2011-12,2011-12-07,Group stage,Basel,Manchester Utd,11,18,1.5454545454545454,1.8181818181818181,1.6111111111111112,0.7222222222222222,0.36363636363636365,0.6111111111111112,0.4,0.6666666666666666,8,9,15,15,H,1,1,15,15
2011-12,2011-12-07,Group stage,Benfica,Oțelul Galați,11,5,1.2727272727272727,1.4545454545454546,0.6,2.0,0.36363636363636365,0.0,0.4,0.0,9,0,15,15,H,1,1,15,15
2011-12,2011-12-07,Group stage,Dinamo Zagreb,Lyon,5,13,0.4,3.0,1.0769230769230769,1.5384615384615385,0.0,0.3076923076923077,0.0,0.16666666666666666,0,5,15,15,A,1,1,15,15
2011-12,2011-12-07,Group stage,Inter,CSKA Moscow,15,5,1.6666666666666667,1.7333333333333334,1.4,1.4,0.4666666666666667,0.2,0.5714285714285714,0.0,10,5,15,15,A,1,1,15,15
2011-12,2011-12-07,Group stage,Lille,Trabzonspor,5,5,1.2,1.2,0.6,1.0,0.2,0.2,0.0,0.5,5,6,15,15,D,1,1,15,15
2011-12,2011-12-07,Group stage,Manchester City,Bayern Munich,5,13,1.4,1.2,2.3076923076923075,1.0,0.4,0.7692307692307693,0.5,0.6666666666666666,7,13,15,15,H,1,1,15,15
2011-12,2011-12-07,Group stage,Villarreal,Napoli,5,5,0.4,2.4,1.6,1.2,0.0,0.4,0.0,0.0,0,8,15,15,A,1,1,15,15
2011-12,2012-02-14,Round of 16,Leverkusen,Barcelona,6,19,1.3333333333333333,1.3333333333333333,2.6315789473684212,0.6842105263157895,0.5,0.7368421052631579,1.0,0.6666666666666666,10,15,70,70,A,1,1,70,70
2011-12,2012-02-14,Round of 16,Lyon,APOEL FC,14,6,1.5,1.5,1.0,1.0,0.35714285714285715,0.3333333333333333,0.42857142857142855,0.0,7,6,69,70,H,1,1,69,70
2011-12,2012-02-15,Round of 16,Milan,Arsenal,14,14,1.2857142857142858,1.1428571428571428,2.0,1.2142857142857142,0.2857142857142857,0.5714285714285714,0.42857142857142855,0.2857142857142857,8,10,71,71,H,1,1,71,71
2011-12,2012-02-15,Round of 16,Zenit,Benfica,6,12,1.1666666666666667,0.8333333333333334,1.25,1.3333333333333333,0.3333333333333333,0.4166666666666667,0.6666666666666666,0.3333333333333333,9,11,71,70,H,1,1,71,70
2011-12,2012-02-21,Round of 16,CSKA Moscow,Real Madrid,6,18,1.5,1.3333333333333333,2.4444444444444446,0.4444444444444444,0.3333333333333333,0.7777777777777778,0.3333333333333333,0.6666666666666666,7,15,76,76,D,1,1,76,76
2011-12,2012-02-21,Round of 16,Napoli,Chelsea,6,16,1.6666666666666667,1.0,1.875,0.6875,0.5,0.5625,0.6666666666666666,0.375,10,8,76,77,H,1,1,76,77
2011-12,2012-02-22,Round of 16,Basel,Bayern Munich,12,14,1.5833333333333333,1.75,2.142857142857143,1.0714285714285714,0.4166666666666667,0.7142857142857143,0.5,0.5714285714285714,8,10,77,77,H,1,1,77,77
2011-12,2012-02-22,Round of 16,Marseille,Inter,14,16,1.4285714285714286,0.6428571428571429,1.625,1.75,0.5,0.4375,0.42857142857142855,0.375,7,10,78,77,H,1,1,78,77
2011-12,2012-03-06,Round of 16,Arsenal,Milan,15,15,1.8666666666666667,1.4,1.4666666666666666,1.0666666666666667,0.5333333333333333,0.3333333333333333,0.8571428571428571,0.14285714285714285,7,8,20,20,H,1,1,20,20
2011-12,2012-03-06,Round of 16,Benfica,Zenit,13,7,1.3076923076923077,1.4615384615384615,1.4285714285714286,1.0,0.38461538461538464,0.42857142857142855,0.5,0.0,8,9,20,20,H,1,1,20,20
2011-12,2012-03-07,Round of 16,APOEL FC,Lyon,7,15,0.8571428571428571,1.0,1.4666666666666666,1.4,0.2857142857142857,0.4,0.6666666666666666,0.2857142857142857,5,7,22,22,H,1,1,22,22
2011-12,2012-03-07,Round of 16,Barcelona,Leverkusen,20,7,2.65,0.7,1.2857142857142858,1.5714285714285714,0.75,0.42857142857142855,0.8,0.0,15,7,22,22,H,1,1,22,22
2011-12,2012-03-13,Round of 16,Bayern Munich,Basel,15,13,2.0,1.0666666666666667,1.5384615384615385,1.6153846153846154,0.6666666666666666,0.46153846153846156,0.8571428571428571,0.3333333333333333,7,10,20,20,H,1,1,20,20
2011-12,2012-03-13,Round of 16,Inter,Marseille,17,15,1.5294117647058822,1.7058823529411764,1.4,0.6,0.4117647058823529,0.5333333333333333,0.5,0.5714285714285714,7,7,20,20,H,1,1,20,20
2011-12,2012-03-14,Round of 16,Chelsea,Napoli,17,7,1.8235294117647058,0.8235294117647058,1.8571428571428572,1.0,0.5294117647058824,0.5714285714285714,0.75,0.3333333333333333,7,10,22,22,H,1,1,22,22
2011-12,2012-03-14,Round of 16,Real Madrid,CSKA Moscow,19,7,2.3684210526315788,0.47368421052631576,1.4285714285714286,1.2857142857142858,0.7368421052631579,0.2857142857142857,0.8888888888888888,0.3333333333333333,13,8,22,22,H,1,1,22,22
2011-12,2012-03-27,Quarter-finals,APOEL FC,Real Madrid,8,20,0.875,0.875,2.45,0.5,0.375,0.75,0.75,0.6,7,13,20,13,A,1,1,20,13
2011-12,2012-03-27,Quarter-finals,Benfica,Chelsea,14,18,1.3571428571428572,1.3571428571428572,1.9444444444444444,0.8333333333333334,0.42857142857142855,0.5555555555555556,0.5714285714285714,0.3333333333333333,8,7,21,13,A,1,1,21,13
2011-12,2012-03-28,Quarter-finals,Marseille,Bayern Munich,16,16,1.375,0.6875,2.3125,1.0,0.5,0.6875,0.5,0.5,7,9,15,15,A,1,1,15,15
2011-12,2012-03-28,Quarter-finals,Milan,Barcelona,16,21,1.375,1.1875,2.857142857142857,0.7142857142857143,0.3125,0.7619047619047619,0.5,0.7,5,15,22,21,D,1,1,22,21
2011-12,2012-04-03,Quarter-finals,Barcelona,Milan,22,17,2.727272727272727,0.6818181818181818,1.2941176470588236,1.1176470588235294,0.7272727272727273,0.29411764705882354,0.8181818181818182,0.125,13,5,6,6,H,1,1,6,6
2011-12,2012-04-03,Quarter-finals,Bayern Munich,Marseille,17,17,2.2941176470588234,0.9411764705882353,1.2941176470588236,0.7647058823529411,0.7058823529411765,0.47058823529411764,0.875,0.5,9,6,6,6,H,1,1,6,6
2011-12,2012-04-04,Quarter-finals,Chelsea,Benfica,19,15,1.894736842105263,0.7894736842105263,1.2666666666666666,1.3333333333333333,0.5789473684210527,0.4,0.7777777777777778,0.2857142857142857,9,7,8,8,H,1,1,8,8
2011-12,2012-04-04,Quarter-finals,Real Madrid,APOEL FC,21,9,2.4761904761904763,0.47619047619047616,0.7777777777777778,1.1111111111111112,0.7619047619047619,0.3333333333333333,0.9,0.0,13,4,8,8,H,1,1,8,8
2011-12,2012-04-17,Semi-finals,Bayern Munich,Real Madrid,18,22,2.2777777777777777,0.8888888888888888,2.590909090909091,0.5454545454545454,0.7222222222222222,0.7727272727272727,0.8888888888888888,0.6363636363636364,9,13,14,13,H,1,1,14,13
2011-12,2012-04-18,Semi-finals,Chelsea,Barcelona,20,23,1.9,0.8,2.739130434782609,0.6956521739130435,0.6,0.7391304347826086,0.8,0.6363636363636364,12,13,14,15,H,1,1,14,15
2011-12,2012-04-24,Semi-finals,Barcelona,Chelsea,24,21,2.625,0.7083333333333334,1.8571428571428572,0.7619047619047619,0.7083333333333334,0.6190476190476191,0.8333333333333334,0.4,10,12,6,6,D,1,1,6,6
2011-12,2012-04-25,Semi-finals,Real Madrid,Bayern Munich,23,19,2.5217391304347827,0.6086956521739131,2.263157894736842,0.8947368421052632,0.7391304347826086,0.7368421052631579,0.9090909090909091,0.5555555555555556,10,12,8,8,H,1,1,8,8
2011-12,2012-05-19,Final,Bayern Munich,Chelsea,20,22,2.2,0.95,1.8636363636363635,0.8181818181818182,0.7,0.5909090909090909,0.9,0.36363636363636365,12,13,24,25,D,1,1,24,25
2012-13,2012-09-18,Group stage,Dinamo Zagreb,Porto,6,6,0.5,3.6666666666666665,1.1666666666666667,1.1666666666666667,0.0,0.3333333333333333,0.0,0.3333333333333333,0,5,286,287,A,1,1,286,287
2012-13,2012-09-18,Group stage,Dortmund,Ajax,6,12,1.0,2.0,1.0,1.3333333333333333,0.16666666666666666,0.3333333333333333,0.3333333333333333,0.3333333333333333,3,7,287,286,H,1,1,287,286
2012-13,2012-09-18,Group stage,Milan,Anderlecht,18,0,1.2777777777777777,1.2222222222222223,0.0,0.0,0.2777777777777778,0.0,0.4444444444444444,0.0,5,0,168,-1,D,1,0,168,0
2012-13,2012-09-18,Group stage,Montpellier,Arsenal,0,16,0.0,0.0,1.9375,1.3125,0.0,0.5625,0.0,0.25,0,7,-1,196,A,0,1,0,196
2012-13,2012-09-18,Group stage,Málaga,Zenit,0,8,0.0,0.0,1.25,1.125,0.0,0.375,0.0,0.0,0,8,-1,196,H,0,1,0,196
2012-13,2012-09-18,Group stage,Olympiacos,Schalke 04,6,12,1.3333333333333333,1.0,1.8333333333333333,1.1666666666666667,0.5,0.5833333333333334,0.6666666666666666,0.3333333333333333,9,9,287,503,A,1,1,287,365
2012-13,2012-09-18,Group stage,Paris SG,Dynamo Kyiv,0,0,0.0,0.0,0.0,0.0,0.0,0.0,0.0,0.0,0,0,-1,-1,H,0,0,0,0
2012-13,2012-09-18,Group stage,Real Madrid,Manchester City,24,6,2.5,0.625,1.5,1.0,0.75,0.5,0.9166666666666666,0.3333333333333333,12,9,146,286,H,1,1,146,286
2012-13,2012-09-19,Group stage,Barcelona,Spartak Moscow,25,6,2.6,0.76,1.1666666666666667,1.6666666666666667,0.68,0.5,0.7692307692307693,0.6666666666666666,8,6,148,651,H,1,1,148,365
2012-13,2012-09-19,Group stage,Bayern Munich,Valencia,21,14,2.142857142857143,0.9523809523809523,2.0714285714285716,1.0714285714285714,0.6666666666666666,0.35714285714285715,0.8181818181818182,0.14285714285714285,10,7,123,288,H,1,1,123,288
2012-13,2012-09-19,Group stage,Braga,CFR Cluj,6,6,0.8333333333333334,1.8333333333333333,1.0,2.0,0.5,0.16666666666666666,0.6666666666666666,0.0,9,1,651,651,A,1,1,365,365
2012-13,2012-09-19,Group stage,Celtic,Benfica,0,16,0.0,0.0,1.25,1.375,0.0,0.375,0.0,0.25,0,6,-1,168,D,0,1,0,168
2012-13,2012-09-19,Group stage,Chelsea,Juventus,23,0,1.826086956521739,0.8260869565217391,0.0,0.0,0.5652173913043478,0.0,0.8181818181818182,0.0,11,0,123,-1,D,1,0,123,0
2012-13,2012-09-19,Group stage,Lille,BATE Borisov,6,6,1.0,1.0,0.3333333333333333,2.3333333333333335,0.16666666666666666,0.0,0.0,0.0,5,1,287,288,A,1,1,287,288
2012-13,2012-09-19,Group stage,Manchester Utd,Galatasaray,19,0,1.5789473684210527,0.7894736842105263,0.0,0.0,0.5789473684210527,0.0,0.5555555555555556,0.0,8,0,287,-1,H,1,0,287,0
2012-13,2012-09-19,Group stage,Shakhtar D.,Nordsjælland,16,0,1.5625,1.375,0.0,0.0,0.5,0.0,0.5,0.0,5,0,288,-1,H,1,0,288,0
2012-13,2012-10-02,Group stage,BATE Borisov,Bayern Munich,7,22,0.7142857142857143,2.142857142857143,2.1363636363636362,0.9545454545454546,0.14285714285714285,0.6818181818181818,0.0,0.5,4,10,13,13,H,1,1,13,13
2012-13,2012-10-02,Group stage,Benfica,Barcelona,17,26,1.1764705882352942,1.2941176470588236,2.6153846153846154,0.8076923076923077,0.35294117647058826,0.6923076923076923,0.5,0.5833333333333334,4,8,13,13,A,1,1,13,13
2012-13,2012-10-02,Group stage,CFR Cluj,Manchester Utd,7,20,1.1428571428571428,1.7142857142857142,1.55,0.75,0.2857142857142857,0.6,0.3333333333333333,0.6,4,10,13,13,A,1,1,13,13
2012-13,2012-10-02,Group stage,Galatasaray,Braga,1,7,0.0,1.0,0.7142857142857143,1.8571428571428572,0.0,0.42857142857142855,0.0,0.3333333333333333,0,9,13,13,A,1,1,13,13
2012-13,2012-10-02,Group stage,Juventus,Shakhtar D.,1,17,2.0,2.0,1.588235294117647,1.2941176470588236,0.0,0.5294117647058824,0.0,0.5,1,7,13,13,D,1,1,13,13
2012-13,2012-10-02,Group stage,Nordsjælland,Chelsea,1,24,0.0,2.0,1.8333333333333333,0.875,0.0,0.5416666666666666,0.0,0.3333333333333333,0,9,13,13,A,1,1,13,13
2012-13,2012-10-02,Group stage,Spartak Moscow,Celtic,7,1,1.2857142857142858,1.8571428571428572,0.0,0.0,0.42857142857142855,0.0,0.3333333333333333,0.0,3,1,13,13,A,1,1,13,13
2012-13,2012-10-02,Group stage,Valencia,Lille,15,7,2.0,1.1333333333333333,1.0,1.2857142857142858,0.3333333333333333,0.14285714285714285,0.5714285714285714,0.3333333333333333,6,4,13,13,H,1,1,13,13
2012-13,2012-10-03,Group stage,Ajax,Real Madrid,13,25,0.9230769230769231,1.3076923076923077,2.52,0.68,0.3076923076923077,0.76,0.3333333333333333,0.5833333333333334,7,12,15,15,A,1,1,15,15
2012-13,2012-10-03,Group stage,Anderlecht,Málaga,1,1,0.0,0.0,3.0,0.0,0.0,1.0,0.0,0.0,1,3,15,15,A,1,1,15,15
2012-13,2012-10-03,Group stage,Arsenal,Olympiacos,17,7,1.9411764705882353,1.2941176470588236,1.2857142857142858,1.1428571428571428,0.5882352941176471,0.42857142857142855,0.875,0.3333333333333333,9,9,15,15,H,1,1,15,15
2012-13,2012-10-03,Group stage,Dynamo Kyiv,Dinamo Zagreb,1,7,1.0,4.0,0.42857142857142855,3.4285714285714284,0.0,0.0,0.0,0.0,0,0,15,15,H,1,1,15,15
2012-13,2012-10-03,Group stage,Manchester City,Dortmund,7,7,1.5714285714285714,1.2857142857142858,1.0,1.7142857142857142,0.42857142857142855,0.2857142857142857,0.6666666666666666,0.0,9,6,15,15,D,1,1,15,15
2012-13,2012-10-03,Group stage,Porto,Paris SG,7,1,1.2857142857142858,1.0,4.0,1.0,0.42857142857142855,1.0,0.3333333333333333,0.0,8,3,15,15,H,1,1,15,15
2012-13,2012-10-03,Group stage,Schalke 04,Montpellier,13,1,1.8461538461538463,1.1538461538461537,1.0,2.0,0.6153846153846154,0.0,0.8333333333333334,0.0,9,0,15,15,D,1,1,15,15
2012-13,2012-10-03,Group stage,Zenit,Milan,9,19,1.1111111111111112,1.3333333333333333,1.2105263157894737,1.1578947368421053,0.3333333333333333,0.2631578947368421,0.75,0.1111111111111111,5,5,15,15,A,1,1,15,15
2012-13,2012-10-23,Group stage,BATE Borisov,Valencia,8,16,1.0,2.0,2.0,1.0625,0.25,0.375,0.25,0.125,7,9,21,21,A,1,1,21,21
2012-13,2012-10-23,Group stage,Barcelona,Celtic,27,2,2.5925925925925926,0.7777777777777778,1.5,1.0,0.7037037037037037,0.5,0.7857142857142857,1.0,10,4,21,21,H,1,1,21,21
2012-13,2012-10-23,Group stage,Galatasaray,CFR Cluj,2,8,0.0,1.5,1.125,1.75,0.0,0.25,0.0,0.25,0,4,21,21,D,1,1,21,21
2012-13,2012-10-23,Group stage,Lille,Bayern Munich,8,23,0.875,1.375,2.0869565217391304,1.0434782608695652,0.125,0.6521739130434783,0.0,0.45454545454545453,4,7,21,21,A,1,1,21,21
2012-13,2012-10-23,Group stage,Manchester Utd,Braga,21,8,1.5714285714285714,0.7619047619047619,0.875,1.625,0.6190476190476191,0.5,0.6,0.5,10,9,21,21,H,1,1,21,21
2012-13,2012-10-23,Group stage,Nordsjælland,Juventus,2,2,0.0,3.0,1.5,1.5,0.0,0.0,0.0,0.0,0,2,21,21,D,1,1,21,21
2012-13,2012-10-23,Group stage,Shakhtar D.,Chelsea,18,25,1.5555555555555556,1.2777777777777777,1.92,0.84,0.5,0.56,0.5555555555555556,0.38461538461538464,7,9,21,21,H,1,1,21,21
2012-13,2012-10-23,Group stage,Spartak Moscow,Benfica,8,18,1.375,2.0,1.1111111111111112,1.3333333333333333,0.375,0.3333333333333333,0.25,0.2222222222222222,3,4,21,21,H,1,1,21,21
2012-13,2012-10-24,Group stage,Ajax,Manchester City,14,8,0.9285714285714286,1.5,1.5,1.25,0.2857142857142857,0.375,0.2857142857142857,0.25,4,7,21,21,H,1,1,21,21
2012-13,2012-10-24,Group stage,Arsenal,Schalke 04,18,14,2.0,1.2777777777777777,1.8571428571428572,1.2142857142857142,0.6111111111111112,0.5714285714285714,0.8888888888888888,0.42857142857142855,9,7,21,21,A,1,1,21,21
2012-13,2012-10-24,Group stage,Dinamo Zagreb,Paris SG,8,2,0.375,3.25,2.0,1.0,0.0,0.5,0.0,0.0,0,3,21,21,A,1,1,21,21
2012-13,2012-10-24,Group stage,Dortmund,Real Madrid,8,26,1.0,1.625,2.576923076923077,0.6923076923076923,0.25,0.7692307692307693,0.5,0.6153846153846154,7,12,21,21,H,1,1,21,21
2012-13,2012-10-24,Group stage,Montpellier,Olympiacos,2,8,1.5,2.0,1.25,1.375,0.0,0.375,0.0,0.25,1,6,21,21,A,1,1,21,21
2012-13,2012-10-24,Group stage,Málaga,Milan,2,20,3.0,0.0,1.3,1.2,1.0,0.3,1.0,0.2,6,5,21,21,H,1,1,21,21
2012-13,2012-10-24,Group stage,Porto,Dynamo Kyiv,8,2,1.25,0.875,1.5,2.0,0.5,0.5,0.5,0.0,10,3,21,21,H,1,1,21,21
2012-13,2012-10-24,Group stage,Zenit,Anderlecht,10,2,1.2,1.5,0.0,1.5,0.3,0.0,0.6,0.0,4,1,21,21,H,1,1,21,21
2012-13,2012-11-06,Group stage,Anderlecht,Zenit,3,11,0.0,1.3333333333333333,1.1818181818181819,1.3636363636363635,0.0,0.36363636363636365,0.0,0.0,1,6,13,13,H,1,1,13,13
2012-13,2012-11-06,Group stage,Dynamo Kyiv,Porto,3,9,1.6666666666666667,2.3333333333333335,1.4444444444444444,1.0,0.3333333333333333,0.5555555555555556,1.0,0.5,3,13,13,13,D,1,1,13,13
2012-13,2012-11-06,Group stage,Manchester City,Ajax,9,15,1.4444444444444444,1.4444444444444444,1.0666666666666667,1.4666666666666666,0.3333333333333333,0.3333333333333333,0.5,0.2857142857142857,4,4,13,13,D,1,1,13,13
2012-13,2012-11-06,Group stage,Milan,Málaga,21,3,1.2380952380952381,1.1904761904761905,2.3333333333333335,0.0,0.2857142857142857,1.0,0.4,1.0,5,9,13,13,D,1,1,13,13
2012-13,2012-11-06,Group stage,Olympiacos,Montpellier,9,3,1.3333333333333333,1.3333333333333333,1.3333333333333333,2.0,0.4444444444444444,0.0,0.5,0.0,9,1,13,13,H,1,1,13,13
2012-13,2012-11-06,Group stage,Paris SG,Dinamo Zagreb,3,9,2.0,0.6666666666666666,0.3333333333333333,3.111111111111111,0.6666666666666666,0.0,1.0,0.0,6,0,13,13,H,1,1,13,13
2012-13,2012-11-06,Group stage,Real Madrid,Dortmund,27,9,2.5185185185185186,0.7407407407407407,1.1111111111111112,1.5555555555555556,0.7407407407407407,0.3333333333333333,0.9230769230769231,0.0,9,7,13,13,D,1,1,13,13
2012-13,2012-11-06,Group stage,Schalke 04,Arsenal,15,19,1.8666666666666667,1.1333333333333333,1.894736842105263,1.3157894736842106,0.6,0.5789473684210527,0.7142857142857143,0.3333333333333333,7,9,13,13,D,1,1,13,13
2012-13,2012-11-07,Group stage,Bayern Munich,Lille,24,9,2.0416666666666665,1.0,0.7777777777777778,1.3333333333333333,0.6666666666666666,0.1111111111111111,0.8333333333333334,0.25,7,4,15,15,H,1,1,15,15
2012-13,2012-11-07,Group stage,Benfica,Spartak Moscow,19,9,1.105263157894737,1.368421052631579,1.4444444444444444,1.8888888888888888,0.3157894736842105,0.4444444444444444,0.4444444444444444,0.5,1,6,15,15,H,1,1,15,15
2012-13,2012-11-07,Group stage,Braga,Manchester Utd,9,22,1.0,1.7777777777777777,1.6363636363636365,0.8181818181818182,0.4444444444444444,0.6363636363636364,0.5,0.6363636363636364,6,10,15,15,A,1,1,15,15
2012-13,2012-11-07,Group stage,CFR Cluj,Galatasaray,9,3,1.1111111111111112,1.6666666666666667,0.3333333333333333,1.3333333333333333,0.2222222222222222,0.0,0.25,0.0,5,1,15,15,A,1,1,15,15
2012-13,2012-11-07,Group stage,Celtic,Barcelona,3,28,1.3333333333333333,1.3333333333333333,2.5714285714285716,0.7857142857142857,0.3333333333333333,0.7142857142857143,0.0,0.6153846153846154,4,10,15,15,H,1,1,15,15
2012-13,2012-11-07,Group stage,Chelsea,Shakhtar D.,26,19,1.8846153846153846,0.8846153846153846,1.5789473684210527,1.263157894736842,0.5384615384615384,0.5263157894736842,0.75,0.4444444444444444,6,10,15,15,H,1,1,15,15
2012-13,2012-11-07,Group stage,Juventus,Nordsjælland,3,3,1.3333333333333333,1.3333333333333333,0.3333333333333333,2.3333333333333335,0.0,0.0,0.0,0.0,3,1,15,15,H,1,1,15,15
2012-13,2012-11-07,Group stage,Valencia,BATE Borisov,17,9,2.0588235294117645,1.0,0.8888888888888888,2.111111111111111,0.4117647058823529,0.2222222222222222,0.625,0.25,9,6,15,15,H,1,1,15,15
2012-13,2012-11-20,Group stage,BATE Borisov,Lille,10,10,1.0,2.3,0.8,1.8,0.2,0.1,0.2,0.2,6,1,13,13,A,1,1,13,13
2012-13,2012-11-20,Group stage,Benfica,Celtic,20,4,1.15,1.3,1.5,1.25,0.35,0.5,0.5,0.5,4,7,13,13,H,1,1,13,13
2012-13,2012-11-20,Group stage,CFR Cluj,Braga,10,10,1.1,1.8,1.0,1.9,0.2,0.4,0.2,0.4,5,3,13,13,H,1,1,13,13
2012-13,2012-11-20,Group stage,Galatasaray,Manchester Utd,4,23,1.0,1.25,1.6956521739130435,0.8260869565217391,0.25,0.6521739130434783,0.0,0.6666666666666666,4,12,13,13,H,1,1,13,13
2012-13,2012-11-20,Group stage,Juventus,Chelsea,4,27,2.0,1.0,1.9259259259259258,0.9259259259259259,0.25,0.5555555555555556,0.5,0.35714285714285715,6,8,13,13,H,1,1,13,13
2012-13,2012-11-20,Group stage,Nordsjælland,Shakhtar D.,4,20,0.25,2.75,1.6,1.35,0.0,0.5,0.0,0.4,1,10,13,13,A,1,1,13,13
2012-13,2012-11-20,Group stage,Spartak Moscow,Barcelona,10,29,1.3,1.9,2.5172413793103448,0.8275862068965517,0.4,0.6896551724137931,0.4,0.5714285714285714,6,10,13,13,A,1,1,13,13
2012-13,2012-11-20,Group stage,Valencia,Bayern Munich,18,25,2.1666666666666665,1.0555555555555556,2.2,1.0,0.4444444444444444,0.68,0.6666666666666666,0.5,9,10,13,13,D,1,1,13,13
2012-13,2012-11-21,Group stage,Ajax,Dortmund,16,10,1.125,1.5,1.2,1.6,0.3125,0.3,0.375,0.0,4,8,15,15,A,1,1,15,15
2012-13,2012-11-21,Group stage,Anderlecht,Milan,4,22,0.25,1.0,1.2272727272727273,1.1818181818181819,0.25,0.2727272727272727,0.5,0.18181818181818182,4,5,15,15,A,1,1,15,15
2012-13,2012-11-21,Group stage,Arsenal,Montpellier,20,4,1.9,1.35,1.25,2.25,0.55,0.0,0.8,0.0,10,1,15,15,H,1,1,15,15
2012-13,2012-11-21,Group stage,Dynamo Kyiv,Paris SG,4,4,1.25,1.75,2.5,0.5,0.25,0.75,0.5,0.5,4,9,15,15,A,1,1,15,15
2012-13,2012-11-21,Group stage,Manchester City,Real Madrid,10,28,1.5,1.5,2.5,0.7857142857142857,0.3,0.7142857142857143,0.4,0.5714285714285714,5,10,15,15,D,1,1,15,15
2012-13,2012-11-21,Group stage,Porto,Dinamo Zagreb,10,10,1.3,0.9,0.3,3.2,0.5,0.0,0.6,0.0,11,0,15,15,H,1,1,15,15
2012-13,2012-11-21,Group stage,Schalke 04,Olympiacos,16,10,1.875,1.1875,1.5,1.3,0.5625,0.5,0.625,0.4,8,9,15,15,H,1,1,15,15
2012-13,2012-11-21,Group stage,Zenit,Málaga,12,4,1.0833333333333333,1.3333333333333333,2.0,0.25,0.3333333333333333,0.75,0.6666666666666666,0.5,3,10,15,15,D,1,1,15,15
2012-13,2012-12-04,Group stage,Dinamo Zagreb,Dynamo Kyiv,11,5,0.2727272727272727,3.1818181818181817,1.0,1.8,0.0,0.2,0.0,0.0,0,4,13,13,D,1,1,13,13
2012-13,2012-12-04,Group stage,Dortmund,Manchester City,11,11,1.4545454545454546,1.5454545454545454,1.4545454545454546,1.4545454545454546,0.36363636363636365,0.2727272727272727,0.6,0.2,11,3,13,13,H,1,1,13,13
2012-13,2012-12-04,Group stage,Milan,Zenit,23,13,1.3043478260869565,1.173913043478261,1.1538461538461537,1.3846153846153846,0.30434782608695654,0.3076923076923077,0.36363636363636365,0.0,8,4,13,13,A,1,1,13,13
2012-13,2012-12-04,Group stage,Montpellier,Schalke 04,5,17,1.0,2.2,1.8235294117647058,1.1176470588235294,0.0,0.5882352941176471,0.0,0.5,1,11,13,13,D,1,1,13,13
2012-13,2012-12-04,Group stage,Málaga,Anderlecht,5,5,2.0,0.6,0.4,1.4,0.6,0.2,1.0,0.0,11,4,13,13,D,1,1,13,13
2012-13,2012-12-04,Group stage,Olympiacos,Arsenal,11,21,1.3636363636363635,1.2727272727272727,1.9047619047619047,1.2857142857142858,0.45454545454545453,0.5714285714285714,0.6,0.3,6,10,13,13,H,1,1,13,13
2012-13,2012-12-04,Group stage,Paris SG,Porto,5,11,2.4,0.4,1.4545454545454546,0.8181818181818182,0.8,0.5454545454545454,1.0,0.4,12,13,13,13,H,1,1,13,13
2012-13,2012-12-04,Group stage,Real Madrid,Ajax,29,17,2.4482758620689653,0.7931034482758621,1.1176470588235294,1.6470588235294117,0.6896551724137931,0.29411764705882354,0.8571428571428571,0.25,8,4,13,13,H,1,1,13,13
2012-13,2012-12-05,Group stage,Barcelona,Benfica,30,21,2.533333333333333,0.8,1.1904761904761905,1.2857142857142858,0.7,0.38095238095238093,0.8,0.2,12,7,15,15,D,1,1,15,15
2012-13,2012-12-05,Group stage,Bayern Munich,BATE Borisov,26,11,2.1538461538461537,1.0,0.9090909090909091,2.272727272727273,0.6538461538461539,0.18181818181818182,0.8461538461538461,0.2,10,6,15,15,H,1,1,15,15
2012-13,2012-12-05,Group stage,Braga,Galatasaray,11,5,1.0,2.0,1.0,1.0,0.36363636363636365,0.4,0.4,0.5,3,7,15,15,A,1,1,15,15
2012-13,2012-12-05,Group stage,Celtic,Spartak Moscow,5,11,1.4,1.4,1.1818181818181819,2.0,0.4,0.36363636363636365,0.5,0.4,7,3,15,15,H,1,1,15,15
2012-13,2012-12-05,Group stage,Chelsea,Nordsjælland,28,5,1.8571428571428572,1.0,0.6,3.2,0.5357142857142857,0.0,0.7692307692307693,0.0,7,1,15,15,H,1,1,15,15
2012-13,2012-12-05,Group stage,Lille,Valencia,11,19,0.9090909090909091,1.6363636363636365,2.1052631578947367,1.0526315789473684,0.18181818181818182,0.42105263157894735,0.0,0.2222222222222222,3,10,15,15,A,1,1,15,15
2012-13,2012-12-05,Group stage,Manchester Utd,CFR Cluj,24,11,1.625,0.8333333333333334,1.2727272727272727,1.7272727272727273,0.625,0.2727272727272727,0.6363636363636364,0.2,12,7,15,15,A,1,1,15,15
2012-13,2012-12-05,Group stage,Shakhtar D.,Juventus,21,5,1.7619047619047619,1.380952380952381,2.2,0.8,0.5238095238095238,0.4,0.6,0.0,10,9,15,15,A,1,1,15,15
2012-13,2013-02-12,Round of 16,Celtic,Juventus,6,6,1.5,1.3333333333333333,2.0,0.6666666666666666,0.5,0.5,0.6666666666666666,0.3333333333333333,9,11,69,69,A,1,1,69,69
2012-13,2013-02-12,Round of 16,Valencia,Paris SG,20,6,2.05,1.0,2.3333333333333335,0.5,0.45,0.8333333333333334,0.6,0.6666666666666666,13,12,69,70,A,1,1,69,70
2012-13,2013-02-13,Round of 16,Real Madrid,Manchester Utd,30,25,2.5,0.8,1.56,0.84,0.7,0.6,0.8666666666666667,0.6153846153846154,8,9,71,70,D,1,1,71,70
2012-13,2013-02-13,Round of 16,Shakhtar D.,Dortmund,22,12,1.6818181818181819,1.3636363636363635,1.4166666666666667,1.4166666666666667,0.5,0.4166666666666667,0.5454545454545454,0.16666666666666666,7,11,70,71,D,1,1,70,71
2012-13,2013-02-19,Round of 16,Arsenal,Bayern Munich,22,27,1.8636363636363635,1.3181818181818181,2.2222222222222223,1.0,0.5454545454545454,0.6666666666666666,0.8181818181818182,0.46153846153846156,7,10,77,76,A,1,1,77,76
2012-13,2013-02-19,Round of 16,Porto,Málaga,12,6,1.4166666666666667,0.9166666666666666,2.0,0.8333333333333334,0.5,0.5,0.6666666666666666,0.3333333333333333,10,9,77,77,H,1,1,77,77
2012-13,2013-02-20,Round of 16,Galatasaray,Schalke 04,6,18,1.1666666666666667,1.0,1.7777777777777777,1.1111111111111112,0.5,0.5555555555555556,0.3333333333333333,0.4444444444444444,10,9,77,78,D,1,1,77,78
2012-13,2013-02-20,Round of 16,Milan,Barcelona,24,31,1.25,1.1666666666666667,2.4516129032258065,0.7741935483870968,0.2916666666666667,0.6774193548387096,0.3333333333333333,0.6,7,10,78,77,H,1,1,78,77
2012-13,2013-03-05,Round of 16,Dortmund,Shakhtar D.,13,23,1.4615384615384615,1.4615384615384615,1.6956521739130435,1.391304347826087,0.38461538461538464,0.4782608695652174,0.6666666666666666,0.45454545454545453,11,7,20,20,H,1,1,20,20
2012-13,2013-03-05,Round of 16,Manchester Utd,Real Madrid,26,31,1.5384615384615385,0.8461538461538461,2.4516129032258065,0.8064516129032258,0.5769230769230769,0.6774193548387096,0.5833333333333334,0.5333333333333333,7,6,20,20,A,1,1,20,20
2012-13,2013-03-06,Round of 16,Juventus,Celtic,7,7,2.142857142857143,0.5714285714285714,1.2857142857142858,1.5714285714285714,0.5714285714285714,0.42857142857142855,0.6666666666666666,0.3333333333333333,13,6,22,22,H,1,1,22,22
2012-13,2013-03-06,Round of 16,Paris SG,Valencia,7,21,2.2857142857142856,0.5714285714285714,2.0,1.0476190476190477,0.8571428571428571,0.42857142857142855,1.0,0.3,15,10,22,22,D,1,1,22,22
2012-13,2013-03-12,Round of 16,Barcelona,Milan,32,25,2.375,0.8125,1.28,1.12,0.65625,0.32,0.75,0.25,7,7,20,20,H,1,1,20,20
2012-13,2013-03-12,Round of 16,Schalke 04,Galatasaray,19,7,1.736842105263158,1.105263157894737,1.1428571428571428,1.0,0.5263157894736842,0.42857142857142855,0.6666666666666666,0.6666666666666666,9,11,20,20,A,1,1,20,20
2012-13,2013-03-13,Round of 16,Bayern Munich,Arsenal,28,23,2.25,1.0,1.826086956521739,1.391304347826087,0.6785714285714286,0.5217391304347826,0.8571428571428571,0.2727272727272727,13,4,22,22,A,1,1,22,22
2012-13,2013-03-13,Round of 16,Málaga,Porto,7,13,1.7142857142857142,0.8571428571428571,1.3846153846153846,0.8461538461538461,0.42857142857142855,0.5384615384615384,0.6666666666666666,0.3333333333333333,6,10,22,22,H,1,1,22,22
2012-13,2013-04-02,Quarter-finals,Bayern Munich,Juventus,29,8,2.1724137931034484,1.0344827586206897,2.125,0.5,0.6551724137931034,0.625,0.8,0.5,10,15,20,27,H,1,1,20,27
2012-13,2013-04-02,Quarter-finals,Paris SG,Barcelona,8,33,2.125,0.625,2.4242424242424243,0.7878787878787878,0.75,0.6666666666666666,0.75,0.5625,13,7,27,21,D,1,1,27,21
2012-13,2013-04-03,Quarter-finals,Málaga,Dortmund,8,14,1.75,0.75,1.5714285714285714,1.3571428571428572,0.5,0.42857142857142855,0.75,0.14285714285714285,6,11,21,29,D,1,1,21,29
2012-13,2013-04-03,Quarter-finals,Real Madrid,Galatasaray,32,8,2.4375,0.8125,1.375,1.125,0.6875,0.5,0.8125,0.75,9,13,29,22,H,1,1,29,22
2012-13,2013-04-09,Quarter-finals,Dortmund,Málaga,15,9,1.4666666666666666,1.2666666666666666,1.5555555555555556,0.6666666666666666,0.4,0.4444444444444444,0.7142857142857143,0.25,11,6,6,6,H,1,1,6,6
2012-13,2013-04-09,Quarter-finals,Galatasaray,Real Madrid,9,33,1.2222222222222223,1.3333333333333333,2.4545454545454546,0.7878787878787878,0.4444444444444444,0.696969696969697,0.25,0.5625,10,11,6,6,H,1,1,6,6
2012-13,2013-04-10,Quarter-finals,Barcelona,Paris SG,34,9,2.411764705882353,0.8235294117647058,2.111111111111111,0.7777777777777778,0.6470588235294118,0.6666666666666666,0.7647058823529411,0.75,8,11,8,8,D,1,1,8,8
2012-13,2013-04-10,Quarter-finals,Juventus,Bayern Munich,9,30,1.8888888888888888,0.6666666666666666,2.1666666666666665,1.0,0.5555555555555556,0.6666666666666666,0.75,0.5,12,10,8,8,A,1,1,8,8
2012-13,2013-04-23,Semi-finals,Bayern Munich,Barcelona,31,35,2.161290322580645,0.967741935483871,2.3714285714285714,0.8285714285714286,0.6774193548387096,0.6285714285714286,0.8125,0.5294117647058824,12,6,13,13,H,1,1,13,13
2012-13,2013-04-24,Semi-finals,Dortmund,Real Madrid,16,34,1.5625,1.3125,2.4411764705882355,0.8529411764705882,0.4375,0.6764705882352942,0.75,0.5294117647058824,11,10,15,15,H,1,1,15,15
2012-13,2013-04-30,Semi-finals,Real Madrid,Dortmund,35,17,2.4,0.9428571428571428,1.7058823529411764,1.2941176470588236,0.6571428571428571,0.47058823529411764,0.8235294117647058,0.125,7,11,6,6,H,1,1,6,6
2012-13,2013-05-01,Semi-finals,Barcelona,Bayern Munich,36,32,2.3055555555555554,0.9166666666666666,2.21875,0.9375,0.6111111111111112,0.6875,0.7222222222222222,0.5333333333333333,5,12,8,8,A,1,1,8,8
2012-13,2013-05-25,Final,Dortmund,Bayern Munich,18,33,1.6111111111111112,1.3333333333333333,2.242424242424242,0.9090909090909091,0.4444444444444444,0.696969696969697,0.7777777777777778,0.5625,10,12,25,24,A,1,1,25,24
2013-14,2013-09-17,Group stage,Bayern Munich,CSKA Moscow,34,8,2.235294117647059,0.9117647058823529,1.375,1.625,0.7058823529411765,0.25,0.8235294117647058,0.25,15,5,115,552,H,1,1,115,365
2013-14,2013-09-17,Group stage,Benfica,Anderlecht,22,6,1.1363636363636365,1.2272727272727273,0.6666666666666666,1.5,0.36363636363636365,0.16666666666666666,0.5454545454545454,0.0,7,4,286,287,H,1,1,286,287
2013-14,2013-09-17,Group stage,FC Copenhagen,Juventus,8,10,0.875,0.875,1.7,0.8,0.375,0.5,0.5,0.4,5,9,916,160,D,1,1,365,160
2013-14,2013-09-17,Group stage,Galatasaray,Real Madrid,10,36,1.4,1.4,2.388888888888889,0.9166666666666666,0.5,0.6666666666666666,0.4,0.5,10,9,161,140,A,1,1,161,140
2013-14,2013-09-17,Group stage,Manchester Utd,Leverkusen,27,8,1.5185185185185186,0.8888888888888888,1.25,2.25,0.5555555555555556,0.375,0.5384615384615384,0.0,4,4,196,559,H,1,1,196,365
2013-14,2013-09-17,Group stage,Olympiacos,Paris SG,12,10,1.4166666666666667,1.25,2.0,0.8,0.5,0.6,0.6666666666666666,0.6,9,9,287,160,A,1,1,287,160
2013-14,2013-09-17,Group stage,Real Sociedad,Shakhtar D.,0,24,0.0,0.0,1.625,1.4583333333333333,0.0,0.4583333333333333,0.0,0.4166666666666667,0,4,-1,196,A,0,1,0,196
2013-14,2013-09-17,Group stage,Viktoria Plzeň,Manchester City,6,12,0.6666666666666666,1.8333333333333333,1.3333333333333333,1.4166666666666667,0.16666666666666666,0.25,0.0,0.16666666666666666,4,3,651,287,A,1,1,365,287
2013-14,2013-09-18,Group stage,Atlético Madrid,Zenit,0,14,0.0,0.0,1.1428571428571428,1.2857142857142858,0.0,0.35714285714285715,0.0,0.14285714285714285,0,7,-1,288,H,0,1,0,288
2013-14,2013-09-18,Group stage,Austria Wien,Porto,0,14,0.0,0.0,1.2857142857142858,0.9285714285714286,0.0,0.5,0.0,0.2857142857142857,0,7,-1,189,A,0,1,0,189
2013-14,2013-09-18,Group stage,Barcelona,Ajax,37,18,2.2432432432432434,0.972972972972973,1.1111111111111112,1.7777777777777777,0.5945945945945946,0.2777777777777778,0.6842105263157895,0.2222222222222222,5,4,140,288,H,1,1,140,288
2013-14,2013-09-18,Group stage,Chelsea,Basel,29,14,2.0,1.0,1.4285714285714286,2.0,0.5517241379310345,0.42857142857142855,0.7857142857142857,0.2857142857142857,9,10,287,554,A,1,1,287,365
2013-14,2013-09-18,Group stage,Marseille,Arsenal,18,24,1.2222222222222223,0.8333333333333334,1.8333333333333333,1.3333333333333333,0.4444444444444444,0.5416666666666666,0.4444444444444444,0.3333333333333333,6,7,533,189,A,1,1,365,189
2013-14,2013-09-18,Group stage,Milan,Celtic,26,8,1.2307692307692308,1.2307692307692308,1.125,1.625,0.3076923076923077,0.375,0.38461538461538464,0.25,7,6,190,196,H,1,1,190,196
2013-14,2013-09-18,Group stage,Napoli,Dortmund,8,19,1.75,1.375,1.5789473684210527,1.368421052631579,0.5,0.42105263157894735,0.75,0.1111111111111111,9,7,553,116,H,1,1,365,116
2013-14,2013-09-18,Group stage,Schalke 04,Steaua,20,0,1.75,1.2,0.0,0.0,0.5,0.0,0.6,0.0,6,0,190,-1,H,1,0,190,0
2013-14,2013-10-01,Group stage,Ajax,Milan,19,27,1.0526315789473684,1.894736842105263,1.2592592592592593,1.1851851851851851,0.2631578947368421,0.3333333333333333,0.3333333333333333,0.23076923076923078,4,9,13,13,D,1,1,13,13
2013-14,2013-10-01,Group stage,Arsenal,Napoli,25,9,1.84,1.32,1.7777777777777777,1.3333333333333333,0.56,0.5555555555555556,0.75,0.25,9,12,13,13,H,1,1,13,13
2013-14,2013-10-01,Group stage,Basel,Schalke 04,15,21,1.4666666666666666,1.9333333333333333,1.8095238095238095,1.1428571428571428,0.4666666666666667,0.5238095238095238,0.5714285714285714,0.4,12,8,13,13,A,1,1,13,13
2013-14,2013-10-01,Group stage,Celtic,Barcelona,9,38,1.0,1.6666666666666667,2.289473684210526,0.9473684210526315,0.3333333333333333,0.6052631578947368,0.5,0.5,3,5,13,13,A,1,1,13,13
2013-14,2013-10-01,Group stage,Dortmund,Marseille,20,19,1.55,1.4,1.2105263157894737,0.8947368421052632,0.4,0.42105263157894735,0.7,0.4444444444444444,6,3,13,13,H,1,1,13,13
2013-14,2013-10-01,Group stage,Porto,Atlético Madrid,15,1,1.2666666666666666,0.8666666666666667,3.0,1.0,0.5333333333333333,1.0,0.7142857142857143,0.0,9,3,13,13,A,1,1,13,13
2013-14,2013-10-01,Group stage,Steaua,Chelsea,1,30,0.0,3.0,1.9666666666666666,1.0333333333333334,0.0,0.5333333333333333,0.0,0.3333333333333333,0,6,13,13,A,1,1,13,13
2013-14,2013-10-01,Group stage,Zenit,Austria Wien,15,1,1.1333333333333333,1.4,0.0,1.0,0.3333333333333333,0.0,0.5714285714285714,0.0,7,0,13,13,D,1,1,13,13
2013-14,2013-10-02,Group stage,Anderlecht,Olympiacos,7,13,0.5714285714285714,1.5714285714285714,1.3846153846153846,1.4615384615384615,0.14285714285714285,0.46153846153846156,0.3333333333333333,0.3333333333333333,4,9,15,15,A,1,1,15,15
2013-14,2013-10-02,Group stage,CSKA Moscow,Viktoria Plzeň,9,7,1.2222222222222223,1.7777777777777777,0.5714285714285714,2.0,0.2222222222222222,0.14285714285714285,0.25,0.3333333333333333,4,4,15,15,H,1,1,15,15
2013-14,2013-10-02,Group stage,Juventus,Galatasaray,11,11,1.6363636363636365,0.8181818181818182,1.3636363636363635,1.8181818181818181,0.45454545454545453,0.45454545454545453,0.6,0.6,7,7,15,15,D,1,1,15,15
2013-14,2013-10-02,Group stage,Leverkusen,Real Sociedad,9,1,1.3333333333333333,2.4444444444444446,0.0,2.0,0.3333333333333333,0.0,0.75,0.0,4,0,15,15,H,1,1,15,15
2013-14,2013-10-02,Group stage,Manchester City,Bayern Munich,13,35,1.4615384615384615,1.3076923076923077,2.257142857142857,0.8857142857142857,0.3076923076923077,0.7142857142857143,0.3333333333333333,0.5882352941176471,5,15,15,15,A,1,1,15,15
2013-14,2013-10-02,Group stage,Paris SG,Benfica,11,23,2.1818181818181817,0.8181818181818182,1.173913043478261,1.173913043478261,0.6363636363636364,0.391304347826087,0.6,0.18181818181818182,9,10,15,15,H,1,1,15,15
2013-14,2013-10-02,Group stage,Real Madrid,FC Copenhagen,37,9,2.4864864864864864,0.918918918918919,0.8888888888888888,0.8888888888888888,0.6756756756756757,0.3333333333333333,0.8333333333333334,0.25,9,5,15,15,H,1,1,15,15
2013-14,2013-10-02,Group stage,Shakhtar D.,Manchester Utd,25,28,1.64,1.4,1.6071428571428572,0.9285714285714286,0.48,0.5714285714285714,0.5,0.5714285714285714,7,4,15,15,D,1,1,15,15
2013-14,2013-10-22,Group stage,Arsenal,Dortmund,26,21,1.8461538461538463,1.2692307692307692,1.619047619047619,1.3333333333333333,0.5769230769230769,0.42857142857142855,0.7692307692307693,0.1,9,6,21,21,A,1,1,21,21
2013-14,2013-10-22,Group stage,Austria Wien,Atlético Madrid,2,2,0.0,0.5,2.5,1.0,0.0,1.0,0.0,1.0,1,6,21,21,A,1,1,21,21
2013-14,2013-10-22,Group stage,Celtic,Ajax,10,20,0.9,1.6,1.05,1.85,0.3,0.25,0.4,0.2,3,2,21,21,H,1,1,21,21
2013-14,2013-10-22,Group stage,Marseille,Napoli,20,10,1.15,1.0,1.6,1.4,0.4,0.5,0.4,0.2,0,9,21,21,A,1,1,21,21
2013-14,2013-10-22,Group stage,Milan,Barcelona,28,39,1.25,1.1785714285714286,2.2564102564102564,0.9230769230769231,0.32142857142857145,0.6153846153846154,0.42857142857142855,0.5263157894736842,7,7,21,21,D,1,1,21,21
2013-14,2013-10-22,Group stage,Porto,Zenit,16,16,1.25,0.9375,1.0625,1.3125,0.5,0.3125,0.625,0.125,6,5,21,21,A,1,1,21,21
2013-14,2013-10-22,Group stage,Schalke 04,Chelsea,22,31,1.7727272727272727,1.0909090909090908,2.032258064516129,1.0,0.5454545454545454,0.5483870967741935,0.6363636363636364,0.375,8,9,21,21,A,1,1,21,21
2013-14,2013-10-22,Group stage,Steaua,Basel,2,16,0.0,3.5,1.375,1.875,0.0,0.4375,0.0,0.375,0,9,21,21,D,1,1,21,21
2013-14,2013-10-23,Group stage,Anderlecht,Paris SG,8,12,0.5,1.75,2.25,0.75,0.125,0.6666666666666666,0.25,0.6666666666666666,4,9,21,21,A,1,1,21,21
2013-14,2013-10-23,Group stage,Bayern Munich,Viktoria Plzeň,36,8,2.2777777777777777,0.8888888888888888,0.75,2.125,0.7222222222222222,0.125,0.8333333333333334,0.25,15,4,21,21,H,1,1,21,21
2013-14,2013-10-23,Group stage,Benfica,Olympiacos,24,14,1.125,1.25,1.5,1.3571428571428572,0.375,0.5,0.5833333333333334,0.42857142857142855,10,9,21,21,D,1,1,21,21
2013-14,2013-10-23,Group stage,CSKA Moscow,Manchester City,10,14,1.4,1.8,1.4285714285714286,1.4285714285714286,0.3,0.2857142857142857,0.4,0.2857142857142857,7,5,21,21,A,1,1,21,21
2013-14,2013-10-23,Group stage,Galatasaray,FC Copenhagen,12,10,1.4166666666666667,1.8333333333333333,0.8,1.2,0.4166666666666667,0.3,0.3333333333333333,0.2,7,5,21,21,H,1,1,21,21
2013-14,2013-10-23,Group stage,Leverkusen,Shakhtar D.,10,26,1.4,2.3,1.6153846153846154,1.3846153846153846,0.4,0.46153846153846156,0.8,0.46153846153846156,4,5,21,21,H,1,1,21,21
2013-14,2013-10-23,Group stage,Manchester Utd,Real Sociedad,29,2,1.5862068965517242,0.9310344827586207,0.5,2.0,0.5517241379310345,0.0,0.5714285714285714,0.0,5,0,21,21,H,1,1,21,21
2013-14,2013-10-23,Group stage,Real Madrid,Juventus,38,12,2.526315789473684,0.8947368421052632,1.6666666666666667,0.9166666666666666,0.6842105263157895,0.4166666666666667,0.8421052631578947,0.3333333333333333,9,5,21,21,H,1,1,21,21
2013-14,2013-11-05,Group stage,FC Copenhagen,Galatasaray,11,13,0.8181818181818182,1.3636363636363635,1.5384615384615385,1.7692307692307692,0.2727272727272727,0.46153846153846156,0.4,0.5,2,7,13,13,H,1,1,13,13
2013-14,2013-11-05,Group stage,Juventus,Real Madrid,13,39,1.6153846153846154,1.0,2.5128205128205128,0.8974358974358975,0.38461538461538464,0.6923076923076923,0.5,0.5263157894736842,2,12,13,13,D,1,1,13,13
2013-14,2013-11-05,Group stage,Manchester City,CSKA Moscow,15,11,1.4666666666666666,1.4,1.3636363636363635,1.8181818181818181,0.3333333333333333,0.2727272727272727,0.2857142857142857,0.2,7,4,13,13,H,1,1,13,13
2013-14,2013-11-05,Group stage,Olympiacos,Benfica,15,25,1.4666666666666666,1.3333333333333333,1.12,1.24,0.4666666666666667,0.36,0.5714285714285714,0.16666666666666666,7,8,13,13,H,1,1,13,13
2013-14,2013-11-05,Group stage,Paris SG,Anderlecht,13,9,2.4615384615384617,0.6923076923076923,0.4444444444444444,2.111111111111111,0.6923076923076923,0.1111111111111111,0.6666666666666666,0.0,11,1,13,13,D,1,1,13,13
2013-14,2013-11-05,Group stage,Real Sociedad,Manchester Utd,3,30,0.3333333333333333,1.6666666666666667,1.5666666666666667,0.9,0.0,0.5666666666666667,0.0,0.5333333333333333,0,8,13,13,D,1,1,13,13
2013-14,2013-11-05,Group stage,Shakhtar D.,Leverkusen,27,11,1.5555555555555556,1.4814814814814814,1.6363636363636365,2.090909090909091,0.4444444444444444,0.45454545454545453,0.46153846153846156,0.0,5,6,13,13,D,1,1,13,13
2013-14,2013-11-05,Group stage,Viktoria Plzeň,Bayern Munich,9,37,0.6666666666666666,2.4444444444444446,2.3513513513513513,0.8648648648648649,0.1111111111111111,0.7297297297297297,0.0,0.6111111111111112,4,15,13,13,A,1,1,13,13
2013-14,2013-11-06,Group stage,Ajax,Celtic,21,11,1.0476190476190477,1.8571428571428572,1.0,1.5454545454545454,0.23809523809523808,0.36363636363636365,0.3,0.2,1,3,15,15,H,1,1,15,15
2013-14,2013-11-06,Group stage,Atlético Madrid,Austria Wien,3,3,2.6666666666666665,0.6666666666666666,0.0,1.3333333333333333,1.0,0.0,1.0,0.0,9,1,15,15,H,1,1,15,15
2013-14,2013-11-06,Group stage,Barcelona,Milan,40,29,2.225,0.925,1.2413793103448276,1.1724137931034482,0.6,0.3103448275862069,0.7,0.21428571428571427,7,8,15,15,H,1,1,15,15
2013-14,2013-11-06,Group stage,Basel,Steaua,17,3,1.3529411764705883,1.8235294117647058,0.3333333333333333,2.6666666666666665,0.4117647058823529,0.0,0.5,0.0,7,1,15,15,D,1,1,15,15
2013-14,2013-11-06,Group stage,Chelsea,Schalke 04,32,23,2.0625,0.96875,1.6956521739130435,1.173913043478261,0.5625,0.5217391304347826,0.7333333333333333,0.45454545454545453,9,7,15,15,H,1,1,15,15
2013-14,2013-11-06,Group stage,Dortmund,Arsenal,22,27,1.6363636363636365,1.3181818181818181,1.8148148148148149,1.2962962962962963,0.45454545454545453,0.5555555555555556,0.7272727272727273,0.38461538461538464,6,9,15,15,A,1,1,15,15
2013-14,2013-11-06,Group stage,Napoli,Marseille,11,21,1.6363636363636365,1.3636363636363635,1.1428571428571428,1.0476190476190477,0.5454545454545454,0.38095238095238093,0.8,0.4,9,0,15,15,H,1,1,15,15
2013-14,2013-11-06,Group stage,Zenit,Porto,17,17,1.0588235294117647,1.2352941176470589,1.1764705882352942,0.9411764705882353,0.35294117647058826,0.47058823529411764,0.5,0.375,8,6,15,15,D,1,1,15,15
2013-14,2013-11-26,Group stage,Ajax,Barcelona,22,41,1.0454545454545454,1.7727272727272727,2.2439024390243905,0.926829268292683,0.2727272727272727,0.6097560975609756,0.36363636363636365,0.5,4,10,20,20,H,1,1,20,20
2013-14,2013-11-26,Group stage,Arsenal,Marseille,28,22,1.7857142857142858,1.25,1.1818181818181819,1.1363636363636365,0.5714285714285714,0.36363636363636365,0.7142857142857143,0.36363636363636365,12,0,20,20,H,1,1,20,20
2013-14,2013-11-26,Group stage,Basel,Chelsea,18,33,1.3333333333333333,1.7777777777777777,2.090909090909091,0.9393939393939394,0.3888888888888889,0.5757575757575758,0.4444444444444444,0.4117647058823529,5,12,20,20,H,1,1,20,20
2013-14,2013-11-26,Group stage,Celtic,Milan,12,30,0.9166666666666666,1.5,1.2333333333333334,1.2333333333333334,0.3333333333333333,0.3,0.5,0.2,3,5,20,20,A,1,1,20,20
2013-14,2013-11-26,Group stage,Dortmund,Napoli,23,12,1.565217391304348,1.3043478260869565,1.75,1.4166666666666667,0.43478260869565216,0.5833333333333334,0.6666666666666666,0.3333333333333333,6,9,20,20,H,1,1,20,20
2013-14,2013-11-26,Group stage,Porto,Austria Wien,18,4,1.1666666666666667,0.9444444444444444,0.0,2.0,0.4444444444444444,0.0,0.5555555555555556,0.0,4,1,20,20,D,1,1,20,20
2013-14,2013-11-26,Group stage,Steaua,Schalke 04,4,24,0.5,2.25,1.625,1.25,0.0,0.5,0.0,0.4166666666666667,2,6,20,20,D,1,1,20,20
2013-14,2013-11-26,Group stage,Zenit,Atlético Madrid,18,4,1.0555555555555556,1.2222222222222223,3.0,0.5,0.3333333333333333,1.0,0.4444444444444444,1.0,8,12,20,20,D,1,1,20,20
2013-14,2013-11-27,Group stage,Anderlecht,Benfica,10,26,0.5,2.0,1.0769230769230769,1.2307692307692308,0.1,0.34615384615384615,0.2,0.15384615384615385,2,5,22,22,A,1,1,22,22
2013-14,2013-11-27,Group stage,CSKA Moscow,Bayern Munich,12,38,1.4166666666666667,2.0833333333333335,2.3157894736842106,0.8421052631578947,0.25,0.7368421052631579,0.3333333333333333,0.631578947368421,3,15,22,22,A,1,1,22,22
2013-14,2013-11-27,Group stage,Juventus,FC Copenhagen,14,12,1.6428571428571428,1.0714285714285714,0.8333333333333334,1.25,0.35714285714285715,0.3333333333333333,0.42857142857142855,0.16666666666666666,3,5,22,22,H,1,1,22,22
2013-14,2013-11-27,Group stage,Leverkusen,Manchester Utd,12,31,1.5,1.9166666666666667,1.5161290322580645,0.8709677419354839,0.4166666666666667,0.5483870967741935,0.8333333333333334,0.5,7,8,22,22,A,1,1,22,22
2013-14,2013-11-27,Group stage,Manchester City,Viktoria Plzeň,16,10,1.6875,1.4375,0.6,2.3,0.375,0.1,0.375,0.2,9,1,22,22,H,1,1,22,22
2013-14,2013-11-27,Group stage,Paris SG,Olympiacos,14,16,2.357142857142857,0.7142857142857143,1.4375,1.25,0.6428571428571429,0.5,0.5714285714285714,0.375,11,10,22,22,H,1,1,22,22
2013-14,2013-11-27,Group stage,Real Madrid,Galatasaray,40,14,2.5,0.925,1.4285714285714286,1.7142857142857142,0.675,0.42857142857142855,0.85,0.42857142857142855,13,7,22,22,H,1,1,22,22
2013-14,2013-11-27,Group stage,Shakhtar D.,Real Sociedad,28,4,1.5,1.4285714285714286,0.25,1.25,0.42857142857142855,0.0,0.42857142857142855,0.0,5,1,22,22,H,1,1,22,22
2013-14,2013-12-10,Group stage,Bayern Munich,Manchester City,39,17,2.3333333333333335,0.8461538461538461,1.8235294117647058,1.4705882352941178,0.7435897435897436,0.4117647058823529,0.8421052631578947,0.375,15,12,13,13,A,1,1,13,13
2013-14,2013-12-10,Group stage,Benfica,Paris SG,27,15,1.1481481481481481,1.2592592592592593,2.3333333333333335,0.7333333333333333,0.37037037037037035,0.6666666666666666,0.5384615384615384,0.7142857142857143,7,13,13,13,H,1,1,13,13
2013-14,2013-12-10,Group stage,FC Copenhagen,Real Madrid,13,41,0.8461538461538461,1.3846153846153846,2.5365853658536586,0.926829268292683,0.3076923076923077,0.6829268292682927,0.5,0.5,4,13,13,13,A,1,1,13,13
2013-14,2013-12-10,Group stage,Manchester Utd,Shakhtar D.,32,29,1.625,0.84375,1.5862068965517242,1.3793103448275863,0.5625,0.4482758620689655,0.6,0.42857142857142855,11,8,13,13,H,1,1,13,13
2013-14,2013-12-10,Group stage,Olympiacos,Anderlecht,17,11,1.411764705882353,1.2941176470588236,0.6363636363636364,2.090909090909091,0.47058823529411764,0.09090909090909091,0.625,0.0,7,1,13,13,H,1,1,13,13
2013-14,2013-12-10,Group stage,Real Sociedad,Leverkusen,5,13,0.2,1.8,1.3846153846153846,2.1538461538461537,0.0,0.38461538461538464,0.0,0.0,1,7,13,13,A,1,1,13,13
2013-14,2013-12-10,Group stage,Viktoria Plzeň,CSKA Moscow,11,13,0.7272727272727273,2.4545454545454546,1.3846153846153846,2.1538461538461537,0.09090909090909091,0.23076923076923078,0.0,0.16666666666666666,0,3,13,13,H,1,1,13,13
2013-14,2013-12-11,Group stage,Atlético Madrid,Porto,5,19,2.6,0.6,1.1578947368421053,0.9473684210526315,0.8,0.42105263157894735,1.0,0.3333333333333333,13,5,15,15,H,1,1,15,15
2013-14,2013-12-11,Group stage,Austria Wien,Zenit,5,19,0.2,1.8,1.0526315789473684,1.2105263157894737,0.0,0.3157894736842105,0.0,0.2222222222222222,2,6,15,15,H,1,1,15,15
2013-14,2013-12-11,Group stage,Barcelona,Celtic,42,13,2.2142857142857144,0.9523809523809523,0.8461538461538461,1.6153846153846154,0.5952380952380952,0.3076923076923077,0.7142857142857143,0.16666666666666666,10,3,15,15,H,1,1,15,15
2013-14,2013-12-11,Group stage,Chelsea,Steaua,34,5,2.0294117647058822,0.9411764705882353,0.4,1.8,0.5588235294117647,0.0,0.75,0.0,9,3,15,15,H,1,1,15,15
2013-14,2013-12-11,Group stage,Galatasaray,Juventus,15,15,1.4,1.8666666666666667,1.7333333333333334,1.0666666666666667,0.4,0.4,0.42857142857142855,0.2857142857142857,4,6,14,14,H,1,1,14,14
2013-14,2013-12-11,Group stage,Marseille,Dortmund,23,24,1.1304347826086956,1.173913043478261,1.625,1.2916666666666667,0.34782608695652173,0.4583333333333333,0.36363636363636365,0.18181818181818182,0,9,15,15,A,1,1,15,15
2013-14,2013-12-11,Group stage,Milan,Ajax,31,23,1.2903225806451613,1.1935483870967742,1.0869565217391304,1.7391304347826086,0.3225806451612903,0.30434782608695654,0.4,0.18181818181818182,8,7,15,15,D,1,1,15,15
2013-14,2013-12-11,Group stage,Napoli,Arsenal,13,29,1.6923076923076923,1.5384615384615385,1.793103448275862,1.206896551724138,0.5384615384615384,0.5862068965517241,0.8333333333333334,0.42857142857142855,9,12,15,15,H,1,1,15,15
2013-14,2013-12-11,Group stage,Schalke 04,Basel,25,19,1.56,1.2,1.3157894736842106,1.6842105263157894,0.48,0.42105263157894735,0.5833333333333334,0.3333333333333333,7,8,15,15,H,1,1,15,15
2013-14,2014-02-18,Round of 16,Leverkusen,Paris SG,14,16,1.3571428571428572,2.0,2.25,0.8125,0.42857142857142855,0.625,0.7142857142857143,0.625,10,10,70,70,A,1,1,70,70
2013-14,2014-02-18,Round of 16,Manchester City,Barcelona,18,43,1.8888888888888888,1.5,2.302325581395349,0.9534883720930233,0.4444444444444444,0.6046511627906976,0.4444444444444444,0.47619047619047616,12,10,70,69,A,1,1,70,69
2013-14,2014-02-19,Round of 16,Arsenal,Bayern Munich,30,40,1.7333333333333334,1.2333333333333334,2.325,0.9,0.5666666666666667,0.725,0.7333333333333333,0.65,9,12,70,71,A,1,1,70,71
2013-14,2014-02-19,Round of 16,Milan,Atlético Madrid,32,6,1.25,1.15625,2.5,0.5,0.3125,0.8333333333333334,0.375,0.6666666666666666,6,13,70,70,A,1,1,70,70
2013-14,2014-02-25,Round of 16,Olympiacos,Manchester Utd,18,33,1.5,1.2777777777777777,1.606060606060606,0.8181818181818182,0.5,0.5757575757575758,0.6666666666666666,0.5294117647058824,10,11,77,77,H,1,1,77,77
2013-14,2014-02-25,Round of 16,Zenit,Dortmund,20,25,1.05,1.35,1.64,1.28,0.3,0.48,0.4,0.25,6,12,76,76,A,1,1,76,76
2013-14,2014-02-26,Round of 16,Galatasaray,Chelsea,16,35,1.375,1.75,2.0,0.9142857142857143,0.4375,0.5714285714285714,0.5,0.3888888888888889,7,12,77,77,D,1,1,77,77
2013-14,2014-02-26,Round of 16,Schalke 04,Real Madrid,26,42,1.5769230769230769,1.1538461538461537,2.5238095238095237,0.9047619047619048,0.5,0.6904761904761905,0.6153846153846154,0.5238095238095238,7,13,77,78,A,1,1,77,78
2013-14,2014-03-11,Round of 16,Atlético Madrid,Milan,7,33,2.2857142857142856,0.42857142857142855,1.2121212121212122,1.1515151515151516,0.8571428571428571,0.30303030303030304,1.0,0.25,13,5,20,20,H,1,1,20,20
2013-14,2014-03-11,Round of 16,Bayern Munich,Arsenal,41,31,2.317073170731707,0.8780487804878049,1.6774193548387097,1.2580645161290323,0.7317073170731707,0.5483870967741935,0.8,0.4,12,6,20,20,D,1,1,20,20
2013-14,2014-03-12,Round of 16,Barcelona,Manchester City,44,19,2.2954545454545454,0.9318181818181818,1.7894736842105263,1.5263157894736843,0.6136363636363636,0.42105263157894735,0.7272727272727273,0.4444444444444444,10,12,22,22,H,1,1,22,22
2013-14,2014-03-12,Round of 16,Paris SG,Leverkusen,17,15,2.3529411764705883,0.7647058823529411,1.2666666666666666,2.1333333333333333,0.6470588235294118,0.4,0.625,0.14285714285714285,10,7,22,22,H,1,1,22,22
2013-14,2014-03-18,Round of 16,Chelsea,Galatasaray,36,17,1.9722222222222223,0.9166666666666666,1.3529411764705883,1.7058823529411764,0.5555555555555556,0.4117647058823529,0.7647058823529411,0.375,10,7,20,20,H,1,1,20,20
2013-14,2014-03-18,Round of 16,Real Madrid,Schalke 04,43,27,2.604651162790698,0.9069767441860465,1.5555555555555556,1.3333333333333333,0.6976744186046512,0.48148148148148145,0.8571428571428571,0.38461538461538464,13,4,20,20,H,1,1,20,20
2013-14,2014-03-19,Round of 16,Dortmund,Zenit,26,21,1.7307692307692308,1.3076923076923077,1.0952380952380953,1.4761904761904763,0.5,0.2857142857142857,0.6923076923076923,0.2,12,5,22,22,A,1,1,22,22
2013-14,2014-03-19,Round of 16,Manchester Utd,Olympiacos,34,19,1.5588235294117647,0.8529411764705882,1.5263157894736843,1.2105263157894737,0.5588235294117647,0.5263157894736842,0.625,0.3333333333333333,10,10,22,22,H,1,1,22,22
2013-14,2014-04-01,Quarter-finals,Barcelona,Atlético Madrid,45,8,2.2888888888888888,0.9333333333333333,2.5,0.5,0.6222222222222222,0.875,0.7391304347826086,0.75,12,13,20,21,D,1,1,20,21
2013-14,2014-04-01,Quarter-finals,Manchester Utd,Bayern Munich,35,42,1.6,0.8285714285714286,2.2857142857142856,0.8809523809523809,0.5714285714285714,0.7142857142857143,0.6470588235294118,0.6666666666666666,10,10,13,21,D,1,1,13,21
2013-14,2014-04-02,Quarter-finals,Paris SG,Chelsea,18,37,2.3333333333333335,0.7777777777777778,1.972972972972973,0.8918918918918919,0.6666666666666666,0.5675675675675675,0.6666666666666666,0.3684210526315789,10,10,21,15,H,1,1,21,15
2013-14,2014-04-02,Quarter-finals,Real Madrid,Dortmund,44,27,2.6136363636363638,0.9090909090909091,1.7037037037037037,1.3333333333333333,0.7045454545454546,0.48148148148148145,0.8636363636363636,0.3076923076923077,13,9,15,14,H,1,1,15,14
2013-14,2014-04-08,Quarter-finals,Chelsea,Paris SG,38,19,1.9473684210526316,0.9473684210526315,2.3684210526315788,0.7894736842105263,0.5526315789473685,0.6842105263157895,0.7777777777777778,0.6666666666666666,7,12,6,6,H,1,1,6,6
2013-14,2014-04-08,Quarter-finals,Dortmund,Real Madrid,28,45,1.6428571428571428,1.3928571428571428,2.6222222222222222,0.8888888888888888,0.4642857142857143,0.7111111111111111,0.6428571428571429,0.5454545454545454,9,15,6,6,H,1,1,6,6
2013-14,2014-04-09,Quarter-finals,Atlético Madrid,Barcelona,9,46,2.3333333333333335,0.5555555555555556,2.260869565217391,0.9347826086956522,0.7777777777777778,0.6086956521739131,1.0,0.5,11,10,8,8,H,1,1,8,8
2013-14,2014-04-09,Quarter-finals,Bayern Munich,Manchester Utd,43,36,2.255813953488372,0.8837209302325582,1.5833333333333333,0.8333333333333334,0.6976744186046512,0.5555555555555556,0.7619047619047619,0.5,8,10,8,8,H,1,1,8,8
2013-14,2014-04-22,Semi-finals,Atlético Madrid,Chelsea,10,39,2.2,0.5,1.9487179487179487,0.9230769230769231,0.8,0.5641025641025641,1.0,0.35,13,10,13,14,D,1,1,13,14
2013-14,2014-04-23,Semi-finals,Real Madrid,Bayern Munich,46,44,2.5652173913043477,0.9130434782608695,2.272727272727273,0.8863636363636364,0.6956521739130435,0.7045454545454546,0.8695652173913043,0.6363636363636364,12,8,15,14,H,1,1,15,14
2013-14,2014-04-29,Semi-finals,Bayern Munich,Real Madrid,45,47,2.2222222222222223,0.8888888888888888,2.5319148936170213,0.8936170212765957,0.6888888888888889,0.7021276595744681,0.7727272727272727,0.5217391304347826,8,12,6,6,A,1,1,6,6
2013-14,2014-04-30,Semi-finals,Chelsea,Atlético Madrid,40,11,1.9,0.9,2.0,0.45454545454545453,0.55,0.7272727272727273,0.7894736842105263,0.6,8,11,8,8,A,1,1,8,8
2013-14,2014-05-24,Final,Real Madrid,Atlético Madrid,48,12,2.5625,0.875,2.0833333333333335,0.5,0.7083333333333334,0.75,0.875,0.6666666666666666,12,11,25,24,H,1,1,25,24
2014-15,2014-09-16,Group stage,Benfica,Zenit,28,22,1.1785714285714286,1.25,1.1363636363636365,1.4545454545454546,0.39285714285714285,0.3181818181818182,0.5714285714285714,0.2727272727272727,7,5,280,181,A,1,1,280,181
2014-15,2014-09-16,Group stage,Dortmund,Arsenal,29,32,1.6551724137931034,1.3448275862068966,1.65625,1.25,0.4827586206896552,0.53125,0.6666666666666666,0.375,9,7,161,189,H,1,1,161,189
2014-15,2014-09-16,Group stage,Galatasaray,Anderlecht,18,12,1.2777777777777777,1.7222222222222223,0.6666666666666666,2.1666666666666665,0.3888888888888889,0.08333333333333333,0.4444444444444444,0.0,4,1,182,280,D,1,1,182,280
2014-15,2014-09-16,Group stage,Juventus,Malmö,16,0,1.625,1.0625,0.0,0.0,0.375,0.0,0.5,0.0,5,0,279,-1,H,1,0,279,0
2014-15,2014-09-16,Group stage,Liverpool,Ludogorets,0,0,0.0,0.0,0.0,0.0,0.0,0.0,0.0,0.0,0,0,-1,-1,H,0,0,0,0
2014-15,2014-09-16,Group stage,Monaco,Leverkusen,0,16,0.0,0.0,1.25,2.125,0.0,0.375,0.0,0.125,0,4,-1,188,H,0,1,0,188
2014-15,2014-09-16,Group stage,Olympiacos,Atlético Madrid,20,13,1.45,1.3,2.0,0.7692307692307693,0.5,0.6923076923076923,0.7,0.5714285714285714,9,8,181,115,H,1,1,181,115
2014-15,2014-09-16,Group stage,Real Madrid,Basel,49,20,2.5918367346938775,0.8775510204081632,1.25,1.7,0.7142857142857143,0.4,0.88,0.3,12,5,115,279,H,1,1,115,279
2014-15,2014-09-17,Group stage,Ajax,Paris SG,24,20,1.0416666666666667,1.6666666666666667,2.25,0.85,0.2916666666666667,0.65,0.4166666666666667,0.6,8,9,280,162,D,1,1,280,162
2014-15,2014-09-17,Group stage,Athletic Club,Shakhtar D.,0,30,0.0,0.0,1.5333333333333334,1.3666666666666667,0.0,0.43333333333333335,0.0,0.4,0,5,-1,281,D,0,1,0,281
2014-15,2014-09-17,Group stage,Barcelona,APOEL FC,47,10,2.2127659574468086,0.9361702127659575,0.9,1.5,0.5957446808510638,0.3,0.7083333333333334,0.0,10,3,161,896,H,1,1,161,365
2014-15,2014-09-17,Group stage,Bayern Munich,Manchester City,46,20,2.1739130434782608,0.9565217391304348,1.75,1.55,0.6739130434782609,0.4,0.7391304347826086,0.4,5,9,141,189,H,1,1,141,189
2014-15,2014-09-17,Group stage,Chelsea,Schalke 04,41,28,1.8780487804878048,0.9512195121951219,1.5357142857142858,1.3928571428571428,0.5365853658536586,0.4642857142857143,0.75,0.35714285714285715,7,4,140,183,D,1,1,140,183
2014-15,2014-09-17,Group stage,NK Maribor,Sporting CP,0,0,0.0,0.0,0.0,0.0,0.0,0.0,0.0,0.0,0,0,-1,-1,D,0,0,0,0
2014-15,2014-09-17,Group stage,Porto,BATE Borisov,20,12,1.1,1.0,0.9166666666666666,2.4166666666666665,0.4,0.16666666666666666,0.5,0.16666666666666666,2,3,280,651,H,1,1,280,365
2014-15,2014-09-17,Group stage,Roma,CSKA Moscow,8,14,1.5,2.125,1.3571428571428572,2.142857142857143,0.375,0.21428571428571427,0.5,0.14285714285714285,7,3,1289,281,H,1,1,365,281
2014-15,2014-09-30,Group stage,APOEL FC,Ajax,11,25,0.8181818181818182,1.4545454545454546,1.04,1.64,0.2727272727272727,0.28,0.6,0.16666666666666666,3,8,13,13,D,1,1,13,13
2014-15,2014-09-30,Group stage,BATE Borisov,Athletic Club,13,1,0.8461538461538461,2.6923076923076925,0.0,0.0,0.15384615384615385,0.0,0.16666666666666666,0.0,0,1,13,13,H,1,1,13,13
2014-15,2014-09-30,Group stage,CSKA Moscow,Bayern Munich,15,47,1.3333333333333333,2.3333333333333335,2.148936170212766,0.9361702127659575,0.2,0.6808510638297872,0.2857142857142857,0.6086956521739131,0,7,13,13,A,1,1,13,13
2014-15,2014-09-30,Group stage,Manchester City,Roma,21,9,1.6666666666666667,1.5238095238095237,1.8888888888888888,2.0,0.38095238095238093,0.4444444444444444,0.4,0.25,6,7,13,13,D,1,1,13,13
2014-15,2014-09-30,Group stage,Paris SG,Barcelona,21,48,2.1904761904761907,0.8571428571428571,2.1875,0.9166666666666666,0.6190476190476191,0.6041666666666666,0.7,0.4782608695652174,10,10,13,13,H,1,1,13,13
2014-15,2014-09-30,Group stage,Schalke 04,NK Maribor,29,1,1.5172413793103448,1.3793103448275863,1.0,1.0,0.4482758620689655,0.0,0.5714285714285714,0.0,5,1,13,13,D,1,1,13,13
2014-15,2014-09-30,Group stage,Shakhtar D.,Porto,31,21,1.4838709677419355,1.3225806451612903,1.3333333333333333,0.9523809523809523,0.41935483870967744,0.42857142857142855,0.4666666666666667,0.3,5,5,13,13,D,1,1,13,13
2014-15,2014-09-30,Group stage,Sporting CP,Chelsea,1,42,1.0,1.0,1.8571428571428572,0.9523809523809523,0.0,0.5238095238095238,0.0,0.3333333333333333,1,5,13,13,A,1,1,13,13
2014-15,2014-10-01,Group stage,Anderlecht,Dortmund,13,30,0.6923076923076923,2.076923076923077,1.6666666666666667,1.3,0.07692307692307693,0.5,0.16666666666666666,0.2857142857142857,2,9,15,15,A,1,1,15,15
2014-15,2014-10-01,Group stage,Arsenal,Galatasaray,33,19,1.606060606060606,1.2727272727272727,1.263157894736842,1.6842105263157894,0.5151515151515151,0.3684210526315789,0.6875,0.3333333333333333,4,5,15,15,H,1,1,15,15
2014-15,2014-10-01,Group stage,Atlético Madrid,Juventus,14,17,2.0,0.9285714285714286,1.6470588235294117,1.0,0.6428571428571429,0.4117647058823529,0.8333333333333334,0.25,7,7,15,15,H,1,1,15,15
2014-15,2014-10-01,Group stage,Basel,Liverpool,21,1,1.2380952380952381,1.8571428571428572,2.0,1.0,0.38095238095238093,1.0,0.5,0.0,5,3,15,15,H,1,1,15,15
2014-15,2014-10-01,Group stage,Leverkusen,Benfica,17,29,1.1764705882352942,2.0588235294117645,1.1379310344827587,1.2758620689655173,0.35294117647058826,0.3793103448275862,0.625,0.21428571428571427,3,7,15,15,H,1,1,15,15
2014-15,2014-10-01,Group stage,Ludogorets,Real Madrid,1,50,1.0,2.0,2.64,0.88,0.0,0.72,0.0,0.5416666666666666,0,12,15,15,A,1,1,15,15
2014-15,2014-10-01,Group stage,Malmö,Olympiacos,1,21,0.0,2.0,1.5238095238095237,1.3333333333333333,0.0,0.5238095238095238,0.0,0.3,0,9,15,15,H,1,1,15,15
2014-15,2014-10-01,Group stage,Zenit,Monaco,23,1,1.173913043478261,1.391304347826087,1.0,0.0,0.34782608695652173,1.0,0.36363636363636365,0.0,7,3,15,15,D,1,1,15,15
2014-15,2014-10-21,Group stage,APOEL FC,Paris SG,12,22,0.8333333333333334,1.4166666666666667,2.227272727272727,0.9090909090909091,0.25,0.6363636363636364,0.5,0.5454545454545454,4,10,21,21,A,1,1,21,21
2014-15,2014-10-21,Group stage,BATE Borisov,Shakhtar D.,14,32,0.9285714285714286,2.5714285714285716,1.5,1.34375,0.21428571428571427,0.40625,0.2857142857142857,0.375,3,6,21,21,A,1,1,21,21
2014-15,2014-10-21,Group stage,Barcelona,Ajax,49,26,2.183673469387755,0.9591836734693877,1.0384615384615385,1.6153846153846154,0.5918367346938775,0.2692307692307692,0.72,0.15384615384615385,7,9,21,21,H,1,1,21,21
2014-15,2014-10-21,Group stage,CSKA Moscow,Manchester City,16,22,1.25,2.25,1.6363636363636365,1.5,0.1875,0.36363636363636365,0.25,0.36363636363636365,0,4,21,21,D,1,1,21,21
2014-15,2014-10-21,Group stage,Chelsea,NK Maribor,43,2,1.8372093023255813,0.9302325581395349,1.0,1.0,0.5348837209302325,0.0,0.7142857142857143,0.0,8,2,21,21,H,1,1,21,21
2014-15,2014-10-21,Group stage,Porto,Athletic Club,22,2,1.3636363636363635,1.0,0.5,1.0,0.4090909090909091,0.0,0.5454545454545454,0.0,6,1,21,21,H,1,1,21,21
2014-15,2014-10-21,Group stage,Roma,Bayern Munich,10,48,1.8,1.9,2.125,0.9166666666666666,0.4,0.6875,0.6,0.625,5,9,21,21,A,1,1,21,21
2014-15,2014-10-21,Group stage,Schalke 04,Sporting CP,30,2,1.5,1.3666666666666667,0.5,1.0,0.43333333333333335,0.0,0.5333333333333333,0.0,5,1,21,21,H,1,1,21,21
2014-15,2014-10-22,Group stage,Anderlecht,Arsenal,14,34,0.6428571428571429,2.142857142857143,1.6764705882352942,1.2647058823529411,0.07142857142857142,0.5294117647058824,0.14285714285714285,0.35294117647058826,2,4,21,21,A,1,1,21,21
2014-15,2014-10-22,Group stage,Atlético Madrid,Malmö,15,2,1.9333333333333333,0.8666666666666667,1.0,1.0,0.6666666666666666,0.5,0.8571428571428571,0.0,7,3,21,21,H,1,1,21,21
2014-15,2014-10-22,Group stage,Galatasaray,Dortmund,20,31,1.25,1.8,1.7096774193548387,1.2580645161290323,0.35,0.5161290322580645,0.4,0.3333333333333333,5,9,21,21,A,1,1,21,21
2014-15,2014-10-22,Group stage,Leverkusen,Zenit,18,24,1.2777777777777777,2.0,1.125,1.3333333333333333,0.3888888888888889,0.3333333333333333,0.6666666666666666,0.3333333333333333,6,7,21,21,H,1,1,21,21
2014-15,2014-10-22,Group stage,Liverpool,Real Madrid,2,51,1.0,1.0,2.627450980392157,0.8823529411764706,0.5,0.7254901960784313,1.0,0.56,3,15,21,21,A,1,1,21,21
2014-15,2014-10-22,Group stage,Ludogorets,Basel,2,22,1.0,2.0,1.2272727272727273,1.7727272727272727,0.0,0.4090909090909091,0.0,0.2727272727272727,0,7,21,21,H,1,1,21,21
2014-15,2014-10-22,Group stage,Monaco,Benfica,2,30,0.5,0.0,1.1333333333333333,1.3333333333333333,0.5,0.36666666666666664,1.0,0.2,4,6,21,21,D,1,1,21,21
2014-15,2014-10-22,Group stage,Olympiacos,Juventus,22,18,1.4545454545454546,1.3636363636363635,1.5555555555555556,1.0,0.5,0.3888888888888889,0.7272727272727273,0.2222222222222222,9,7,21,21,H,1,1,21,21
2014-15,2014-11-04,Group stage,Arsenal,Anderlecht,35,15,1.6857142857142857,1.2571428571428571,0.6666666666666666,2.1333333333333333,0.5428571428571428,0.06666666666666667,0.7058823529411765,0.0,7,1,13,13,D,1,1,13,13
2014-15,2014-11-04,Group stage,Basel,Ludogorets,23,3,1.173913043478261,1.7391304347826086,1.0,1.3333333333333333,0.391304347826087,0.3333333333333333,0.5454545454545454,0.0,6,3,13,13,H,1,1,13,13
2014-15,2014-11-04,Group stage,Benfica,Monaco,31,3,1.096774193548387,1.2903225806451613,0.3333333333333333,0.0,0.3548387096774194,0.3333333333333333,0.5333333333333333,0.0,7,5,13,13,H,1,1,13,13
2014-15,2014-11-04,Group stage,Dortmund,Galatasaray,32,21,1.78125,1.21875,1.1904761904761905,1.9047619047619047,0.53125,0.3333333333333333,0.6875,0.3,12,2,13,13,H,1,1,13,13
2014-15,2014-11-04,Group stage,Juventus,Olympiacos,19,23,1.4736842105263157,1.0,1.434782608695652,1.3043478260869565,0.3684210526315789,0.5217391304347826,0.5555555555555556,0.2727272727272727,6,9,13,13,H,1,1,13,13
2014-15,2014-11-04,Group stage,Malmö,Atlético Madrid,3,16,0.6666666666666666,2.3333333333333335,2.125,0.8125,0.3333333333333333,0.6875,1.0,0.5,3,9,13,13,A,1,1,13,13
2014-15,2014-11-04,Group stage,Real Madrid,Liverpool,52,3,2.6346153846153846,0.8653846153846154,0.6666666666666666,1.6666666666666667,0.7307692307692307,0.3333333333333333,0.8846153846153846,0.0,15,3,13,13,H,1,1,13,13
2014-15,2014-11-04,Group stage,Zenit,Leverkusen,25,19,1.08,1.36,1.3157894736842106,1.894736842105263,0.32,0.42105263157894735,0.3333333333333333,0.1111111111111111,7,6,13,13,A,1,1,13,13
2014-15,2014-11-05,Group stage,Ajax,Barcelona,27,50,1.037037037037037,1.6666666666666667,2.2,0.96,0.25925925925925924,0.6,0.38461538461538464,0.4583333333333333,6,7,15,15,A,1,1,15,15
2014-15,2014-11-05,Group stage,Athletic Club,Porto,3,23,0.6666666666666666,1.3333333333333333,1.391304347826087,1.0,0.0,0.43478260869565216,0.0,0.2727272727272727,1,8,15,15,A,1,1,15,15
2014-15,2014-11-05,Group stage,Bayern Munich,Roma,49,11,2.2244897959183674,0.9183673469387755,1.7272727272727273,2.3636363636363638,0.6938775510204082,0.36363636363636365,0.75,0.2,9,4,15,15,H,1,1,15,15
2014-15,2014-11-05,Group stage,Manchester City,CSKA Moscow,23,17,1.6521739130434783,1.5217391304347827,1.2941176470588236,2.235294117647059,0.34782608695652173,0.17647058823529413,0.36363636363636365,0.125,2,1,15,15,A,1,1,15,15
2014-15,2014-11-05,Group stage,NK Maribor,Chelsea,3,44,0.6666666666666666,2.6666666666666665,1.9318181818181819,0.9090909090909091,0.0,0.5454545454545454,0.0,0.36363636363636365,2,8,15,15,D,1,1,15,15
2014-15,2014-11-05,Group stage,Paris SG,APOEL FC,23,13,2.1739130434782608,0.8695652173913043,0.7692307692307693,1.3846153846153846,0.6521739130434783,0.23076923076923078,0.7272727272727273,0.0,10,1,15,15,H,1,1,15,15
2014-15,2014-11-05,Group stage,Shakhtar D.,BATE Borisov,33,15,1.6666666666666667,1.303030303030303,0.8666666666666667,2.8666666666666667,0.42424242424242425,0.2,0.4375,0.14285714285714285,8,3,15,15,H,1,1,15,15
2014-15,2014-11-05,Group stage,Sporting CP,Schalke 04,3,31,1.3333333333333333,2.0,1.5806451612903225,1.4193548387096775,0.0,0.45161290322580644,0.0,0.3333333333333333,1,5,15,15,H,1,1,15,15
2014-15,2014-11-25,Group stage,APOEL FC,Barcelona,14,51,0.7142857142857143,1.3571428571428572,2.196078431372549,0.9411764705882353,0.21428571428571427,0.6078431372549019,0.42857142857142855,0.48,1,9,20,20,A,1,1,20,20
2014-15,2014-11-25,Group stage,BATE Borisov,Porto,16,24,0.8125,3.0,1.4166666666666667,0.9583333333333334,0.1875,0.4583333333333333,0.25,0.3333333333333333,3,10,20,20,A,1,1,20,20
2014-15,2014-11-25,Group stage,CSKA Moscow,Roma,18,12,1.3333333333333333,2.1666666666666665,1.5833333333333333,2.3333333333333335,0.2222222222222222,0.3333333333333333,0.2222222222222222,0.16666666666666666,4,4,20,20,D,1,1,20,20
2014-15,2014-11-25,Group stage,Manchester City,Bayern Munich,24,50,1.625,1.5416666666666667,2.22,0.9,0.3333333333333333,0.7,0.3333333333333333,0.64,2,12,20,20,H,1,1,20,20
2014-15,2014-11-25,Group stage,Paris SG,Ajax,24,28,2.125,0.8333333333333334,1.0,1.6785714285714286,0.6666666666666666,0.25,0.75,0.14285714285714285,10,3,20,20,H,1,1,20,20
2014-15,2014-11-25,Group stage,Schalke 04,Chelsea,32,45,1.59375,1.5,1.9111111111111112,0.9111111111111111,0.4375,0.5333333333333333,0.5625,0.34782608695652173,5,8,20,20,A,1,1,20,20
2014-15,2014-11-25,Group stage,Shakhtar D.,Athletic Club,34,4,1.7647058823529411,1.2647058823529411,0.5,1.5,0.4411764705882353,0.0,0.47058823529411764,0.0,8,1,20,20,A,1,1,20,20
2014-15,2014-11-25,Group stage,Sporting CP,NK Maribor,4,4,2.0,2.0,0.75,2.25,0.25,0.0,0.5,0.0,4,3,20,20,H,1,1,20,20
2014-15,2014-11-26,Group stage,Anderlecht,Galatasaray,16,22,0.8125,2.1875,1.1818181818181819,2.0,0.0625,0.3181818181818182,0.125,0.2727272727272727,2,1,22,22,H,1,1,22,22
2014-15,2014-11-26,Group stage,Arsenal,Dortmund,36,33,1.7222222222222223,1.3055555555555556,1.8484848484848484,1.2121212121212122,0.5277777777777778,0.5454545454545454,0.6666666666666666,0.375,8,15,22,22,H,1,1,22,22
2014-15,2014-11-26,Group stage,Atlético Madrid,Olympiacos,17,24,2.1176470588235294,0.7647058823529411,1.4583333333333333,1.375,0.7058823529411765,0.5,0.875,0.25,9,6,22,22,H,1,1,22,22
2014-15,2014-11-26,Group stage,Basel,Real Madrid,24,53,1.2916666666666667,1.6666666666666667,2.6037735849056602,0.8490566037735849,0.4166666666666667,0.7358490566037735,0.5833333333333334,0.5769230769230769,6,15,22,22,A,1,1,22,22
2014-15,2014-11-26,Group stage,Leverkusen,Monaco,20,4,1.35,1.85,0.25,0.25,0.45,0.25,0.7,0.0,9,5,22,22,A,1,1,22,22
2014-15,2014-11-26,Group stage,Ludogorets,Liverpool,4,4,0.75,2.0,0.5,1.5,0.25,0.25,0.5,0.0,3,3,22,22,D,1,1,22,22
2014-15,2014-11-26,Group stage,Malmö,Juventus,4,20,0.5,2.25,1.55,1.05,0.25,0.4,0.5,0.2,3,6,22,22,A,1,1,22,22
2014-15,2014-11-26,Group stage,Zenit,Benfica,26,32,1.0769230769230769,1.3846153846153846,1.09375,1.25,0.3076923076923077,0.375,0.3076923076923077,0.1875,7,7,22,22,H,1,1,22,22
2014-15,2014-12-09,Group stage,Benfica,Leverkusen,33,21,1.0606060606060606,1.2424242424242424,1.2857142857142858,1.8095238095238095,0.36363636363636365,0.42857142857142855,0.5625,0.2,4,9,13,13,D,1,1,13,13
2014-15,2014-12-09,Group stage,Dortmund,Anderlecht,34,17,1.7941176470588236,1.2352941176470589,0.8823529411764706,2.0588235294117645,0.5294117647058824,0.11764705882352941,0.7058823529411765,0.0,12,5,13,13,D,1,1,13,13
2014-15,2014-12-09,Group stage,Galatasaray,Arsenal,23,37,1.1304347826086956,2.0,1.7297297297297298,1.2702702702702702,0.30434782608695654,0.5405405405405406,0.36363636363636365,0.3888888888888889,1,10,13,13,A,1,1,13,13
2014-15,2014-12-09,Group stage,Juventus,Atlético Madrid,21,18,1.5714285714285714,1.0,2.2222222222222223,0.7222222222222222,0.42857142857142855,0.7222222222222222,0.6,0.5555555555555556,9,12,13,13,D,1,1,13,13
2014-15,2014-12-09,Group stage,Liverpool,Basel,5,25,0.8,1.6,1.24,1.64,0.2,0.4,0.5,0.25,4,6,13,13,D,1,1,13,13
2014-15,2014-12-09,Group stage,Monaco,Zenit,5,27,0.4,0.2,1.0740740740740742,1.3333333333333333,0.4,0.3333333333333333,0.5,0.3076923076923077,8,7,13,13,H,1,1,13,13
2014-15,2014-12-09,Group stage,Olympiacos,Malmö,25,5,1.4,1.48,0.4,2.2,0.48,0.2,0.75,0.0,6,3,13,13,H,1,1,13,13
2014-15,2014-12-09,Group stage,Real Madrid,Ludogorets,54,5,2.574074074074074,0.8333333333333334,1.0,2.0,0.7407407407407407,0.2,0.8888888888888888,0.0,15,4,13,13,H,1,1,13,13
2014-15,2014-12-10,Group stage,Ajax,APOEL FC,29,15,1.0,1.7241379310344827,0.6666666666666666,1.5333333333333334,0.2413793103448276,0.2,0.35714285714285715,0.0,2,1,15,15,H,1,1,15,15
2014-15,2014-12-10,Group stage,Athletic Club,BATE Borisov,5,17,0.6,1.2,0.7647058823529411,3.0,0.2,0.17647058823529413,0.0,0.125,4,3,15,15,H,1,1,15,15
2014-15,2014-12-10,Group stage,Barcelona,Paris SG,52,25,2.230769230769231,0.9230769230769231,2.16,0.84,0.6153846153846154,0.68,0.7307692307692307,0.5833333333333334,12,13,15,15,H,1,1,15,15
2014-15,2014-12-10,Group stage,Bayern Munich,CSKA Moscow,51,19,2.215686274509804,0.9411764705882353,1.3157894736842106,2.1052631578947367,0.6862745098039216,0.21052631578947367,0.76,0.2222222222222222,12,5,15,15,H,1,1,15,15
2014-15,2014-12-10,Group stage,Chelsea,Sporting CP,46,5,1.9782608695652173,0.8913043478260869,2.2,1.8,0.5434782608695652,0.4,0.7272727272727273,0.0,11,7,15,15,H,1,1,15,15
2014-15,2014-12-10,Group stage,NK Maribor,Schalke 04,5,33,0.8,2.4,1.5454545454545454,1.606060606060606,0.0,0.42424242424242425,0.0,0.3125,3,5,15,15,A,1,1,15,15
2014-15,2014-12-10,Group stage,Porto,Shakhtar D.,25,35,1.48,0.92,1.7142857142857142,1.2571428571428571,0.48,0.42857142857142855,0.5833333333333334,0.4117647058823529,13,8,15,15,D,1,1,15,15
2014-15,2014-12-10,Group stage,Roma,Manchester City,13,25,1.5384615384615385,2.230769230769231,1.68,1.56,0.3076923076923077,0.36,0.5,0.3333333333333333,5,5,15,15,A,1,1,15,15
2014-15,2015-02-17,Round of 16,Paris SG,Chelsea,26,47,2.1153846153846154,0.9230769230769231,2.0,0.8936170212765957,0.6538461538461539,0.5531914893617021,0.7692307692307693,0.375,12,13,69,69,D,1,1,69,69
2014-15,2015-02-17,Round of 16,Shakhtar D.,Bayern Munich,36,52,1.6944444444444444,1.25,2.230769230769231,0.9230769230769231,0.4166666666666667,0.6923076923076923,0.4444444444444444,0.6153846153846154,8,12,69,69,D,1,1,69,69
2014-15,2015-02-18,Round of 16,Basel,Porto,26,26,1.2307692307692308,1.6153846153846154,1.4615384615384615,0.9230769230769231,0.38461538461538464,0.46153846153846156,0.5384615384615384,0.38461538461538464,7,11,71,70,D,1,1,71,70
2014-15,2015-02-18,Round of 16,Schalke 04,Real Madrid,34,55,1.5294117647058822,1.5588235294117647,2.6,0.8181818181818182,0.4411764705882353,0.7454545454545455,0.5294117647058824,0.5925925925925926,7,15,70,71,A,1,1,70,71
2014-15,2015-02-24,Round of 16,Juventus,Dortmund,22,35,1.5,0.9545454545454546,1.7714285714285714,1.2285714285714286,0.4090909090909091,0.5142857142857142,0.5454545454545454,0.35294117647058826,7,10,77,77,H,1,1,77,77
2014-15,2015-02-24,Round of 16,Manchester City,Barcelona,26,53,1.6923076923076923,1.5,2.2452830188679247,0.9245283018867925,0.38461538461538464,0.6226415094339622,0.38461538461538464,0.5,8,12,76,76,A,1,1,76,76
2014-15,2015-02-25,Round of 16,Arsenal,Monaco,38,6,1.7894736842105263,1.263157894736842,0.6666666666666666,0.16666666666666666,0.5526315789473685,0.5,0.6842105263157895,0.3333333333333333,13,8,78,78,A,1,1,78,78
2014-15,2015-02-25,Round of 16,Leverkusen,Atlético Madrid,22,19,1.2272727272727273,1.7272727272727273,2.1052631578947367,0.6842105263157895,0.4090909090909091,0.6842105263157895,0.6363636363636364,0.5,10,13,78,78,H,1,1,78,78
2014-15,2015-03-10,Round of 16,Porto,Basel,27,27,1.4444444444444444,0.9259259259259259,1.2222222222222223,1.5925925925925926,0.4444444444444444,0.37037037037037035,0.5384615384615384,0.23076923076923078,11,5,20,20,H,1,1,20,20
2014-15,2015-03-10,Round of 16,Real Madrid,Schalke 04,56,35,2.5892857142857144,0.8035714285714286,1.4857142857142858,1.5714285714285714,0.75,0.42857142857142855,0.8928571428571429,0.35294117647058826,15,6,20,20,A,1,1,20,20
2014-15,2015-03-11,Round of 16,Bayern Munich,Shakhtar D.,53,37,2.188679245283019,0.9056603773584906,1.6486486486486487,1.2162162162162162,0.6792452830188679,0.40540540540540543,0.7692307692307693,0.3888888888888889,10,8,22,22,H,1,1,22,22
2014-15,2015-03-11,Round of 16,Chelsea,Paris SG,48,27,1.9791666666666667,0.8958333333333334,2.074074074074074,0.9259259259259259,0.5416666666666666,0.6296296296296297,0.7391304347826086,0.5384615384615384,11,10,22,22,D,1,1,22,22
2014-15,2015-03-17,Round of 16,Atlético Madrid,Leverkusen,20,23,2.0,0.7,1.2173913043478262,1.6521739130434783,0.65,0.43478260869565216,0.8888888888888888,0.18181818181818182,10,10,20,20,H,1,1,20,20
2014-15,2015-03-17,Round of 16,Monaco,Arsenal,7,39,1.0,0.2857142857142857,1.7692307692307692,1.3076923076923077,0.5714285714285714,0.5384615384615384,0.6666666666666666,0.42105263157894735,10,10,20,20,A,1,1,20,20
2014-15,2015-03-18,Round of 16,Barcelona,Manchester City,54,27,2.240740740740741,0.9259259259259259,1.6666666666666667,1.5185185185185186,0.6296296296296297,0.37037037037037035,0.7407407407407407,0.38461538461538464,15,7,22,22,H,1,1,22,22
2014-15,2015-03-18,Round of 16,Dortmund,Juventus,36,23,1.75,1.25,1.5217391304347827,0.9565217391304348,0.5,0.43478260869565216,0.6666666666666666,0.2727272727272727,7,10,22,22,A,1,1,22,22
2014-15,2015-04-14,Quarter-finals,Atlético Madrid,Real Madrid,21,57,1.9523809523809523,0.6666666666666666,2.5964912280701755,0.8596491228070176,0.6666666666666666,0.7368421052631579,0.9,0.6071428571428571,10,12,28,35,D,1,1,28,35
2014-15,2015-04-14,Quarter-finals,Juventus,Monaco,24,8,1.5833333333333333,0.9166666666666666,0.875,0.5,0.4583333333333333,0.5,0.5833333333333334,0.5,13,9,27,28,H,1,1,27,28
2014-15,2015-04-15,Quarter-finals,Paris SG,Barcelona,28,55,2.0714285714285716,0.9642857142857143,2.2181818181818183,0.9090909090909091,0.6071428571428571,0.6363636363636364,0.7142857142857143,0.5185185185185185,8,15,35,28,A,1,1,35,28
2014-15,2015-04-15,Quarter-finals,Porto,Bayern Munich,28,54,1.5357142857142858,0.8928571428571429,2.2777777777777777,0.8888888888888888,0.4642857142857143,0.6851851851851852,0.5714285714285714,0.5925925925925926,11,10,36,35,H,1,1,36,35
2014-15,2015-04-21,Quarter-finals,Barcelona,Paris SG,56,29,2.232142857142857,0.9107142857142857,2.0344827586206895,1.0344827586206897,0.6428571428571429,0.5862068965517241,0.75,0.5,15,5,6,6,H,1,1,6,6
2014-15,2015-04-21,Quarter-finals,Bayern Munich,Porto,55,29,2.2545454545454544,0.9272727272727272,1.5862068965517242,0.896551724137931,0.6727272727272727,0.4827586206896552,0.7777777777777778,0.35714285714285715,7,11,6,6,H,1,1,6,6
2014-15,2015-04-22,Quarter-finals,Monaco,Juventus,9,25,0.7777777777777778,0.5555555555555556,1.56,0.88,0.4444444444444444,0.48,0.5,0.3333333333333333,9,13,8,8,D,1,1,8,8
2014-15,2015-04-22,Quarter-finals,Real Madrid,Atlético Madrid,58,22,2.5517241379310347,0.8448275862068966,1.8636363636363635,0.6363636363636364,0.7241379310344828,0.6363636363636364,0.8620689655172413,0.45454545454545453,10,8,8,8,H,1,1,8,8
2014-15,2015-05-05,Semi-finals,Juventus,Real Madrid,26,59,1.5,0.8461538461538461,2.5254237288135593,0.8305084745762712,0.46153846153846156,0.7288135593220338,0.6153846153846154,0.5862068965517241,11,10,13,13,H,1,1,13,13
2014-15,2015-05-06,Semi-finals,Barcelona,Bayern Munich,57,56,2.2280701754385963,0.8947368421052632,2.3214285714285716,0.9285714285714286,0.6491228070175439,0.6785714285714286,0.7586206896551724,0.5714285714285714,15,10,15,15,H,1,1,15,15
2014-15,2015-05-12,Semi-finals,Bayern Munich,Barcelona,57,58,2.280701754385965,0.9649122807017544,2.2413793103448274,0.8793103448275862,0.6666666666666666,0.6551724137931034,0.7857142857142857,0.5357142857142857,7,15,6,6,H,1,1,6,6
2014-15,2015-05-13,Semi-finals,Real Madrid,Juventus,60,27,2.5,0.85,1.5185185185185186,0.8518518518518519,0.7166666666666667,0.48148148148148145,0.8666666666666667,0.3076923076923077,7,13,8,8,D,1,1,8,8
2014-15,2015-06-06,Final,Juventus,Barcelona,28,59,1.5,0.8571428571428571,2.23728813559322,0.9152542372881356,0.4642857142857143,0.6440677966101694,0.6428571428571429,0.5172413793103449,11,12,24,25,A,1,1,24,25
2015-16,2015-09-15,Group stage,Benfica,FC Astana,34,0,1.0294117647058822,1.2058823529411764,0.0,0.0,0.35294117647058826,0.0,0.5294117647058824,0.0,5,0,280,-1,H,1,0,280,0
2015-16,2015-09-15,Group stage,Galatasaray,Atlético Madrid,24,23,1.125,2.0833333333333335,1.7826086956521738,0.6521739130434783,0.2916666666666667,0.6086956521739131,0.3333333333333333,0.4166666666666667,0,5,280,146,A,1,1,280,146
2015-16,2015-09-15,Group stage,Manchester City,Juventus,28,29,1.6071428571428572,1.5,1.4827586206896552,0.9310344827586207,0.35714285714285715,0.4482758620689655,0.35714285714285715,0.2857142857142857,6,8,181,101,A,1,1,181,101
2015-16,2015-09-15,Group stage,PSV,Manchester Utd,0,37,0.0,0.0,1.5675675675675675,0.8918918918918919,0.0,0.5405405405405406,0.0,0.47368421052631576,0,7,-1,524,H,0,1,0,365
2015-16,2015-09-15,Group stage,Paris SG,Malmö,30,6,1.9666666666666666,1.0666666666666667,0.6666666666666666,2.5,0.5666666666666667,0.16666666666666666,0.6666666666666666,0.0,2,3,147,280,H,1,1,147,280
2015-16,2015-09-15,Group stage,Real Madrid,Shakhtar D.,61,38,2.4754098360655736,0.8524590163934426,1.605263157894737,1.368421052631579,0.7049180327868853,0.39473684210526316,0.8387096774193549,0.3684210526315789,5,5,125,188,H,1,1,125,188
2015-16,2015-09-15,Group stage,Sevilla,Gladbach,0,0,0.0,0.0,0.0,0.0,0.0,0.0,0.0,0.0,0,0,-1,-1,H,0,0,0,0
2015-16,2015-09-15,Group stage,Wolfsburg,CSKA Moscow,0,20,0.0,0.0,1.25,2.15,0.0,0.2,0.0,0.2,0,5,-1,279,H,0,1,0,279
2015-16,2015-09-16,Group stage,Chelsea,Maccabi Tel Aviv,49,0,1.9795918367346939,0.9183673469387755,0.0,0.0,0.5306122448979592,0.0,0.7083333333333334,0.0,9,0,189,-1,H,1,0,189,0
2015-16,2015-09-16,Group stage,Dinamo Zagreb,Arsenal,12,40,0.3333333333333333,3.0,1.775,1.275,0.0,0.55,0.0,0.45,1,10,1016,183,H,1,1,365,183
2015-16,2015-09-16,Group stage,Dynamo Kyiv,Porto,6,30,1.0,1.6666666666666667,1.5666666666666667,1.0666666666666667,0.16666666666666666,0.4666666666666667,0.3333333333333333,0.3333333333333333,5,8,1016,148,D,1,1,365,148
2015-16,2015-09-16,Group stage,Gent,Lyon,0,16,0.0,0.0,1.375,1.375,0.0,0.375,0.0,0.25,0,7,-1,1288,D,0,1,0,365
2015-16,2015-09-16,Group stage,Leverkusen,BATE Borisov,24,18,1.1666666666666667,1.625,0.7222222222222222,2.9444444444444446,0.4166666666666667,0.16666666666666666,0.6666666666666666,0.1111111111111111,7,3,183,280,H,1,1,183,280
2015-16,2015-09-16,Group stage,Olympiacos,Bayern Munich,26,58,1.5,1.5,2.293103448275862,0.9827586206896551,0.5,0.6724137931034483,0.7692307692307693,0.5517241379310345,6,9,281,127,A,1,1,281,127
2015-16,2015-09-16,Group stage,Roma,Barcelona,14,60,1.4285714285714286,2.2142857142857144,2.25,0.9166666666666666,0.2857142857142857,0.65,0.42857142857142855,0.5333333333333333,2,12,280,102,D,1,1,280,102
2015-16,2015-09-16,Group stage,Valencia,Zenit,22,28,1.9545454545454546,1.0454545454545454,1.0357142857142858,1.3571428571428572,0.4090909090909091,0.32142857142857145,0.5454545454545454,0.2857142857142857,8,4,924,281,A,1,1,365,281
2015-16,2015-09-29,Group stage,Arsenal,Olympiacos,41,27,1.7560975609756098,1.2926829268292683,1.4444444444444444,1.5555555555555556,0.5365853658536586,0.48148148148148145,0.65,0.23076923076923078,9,6,13,13,A,1,1,13,13
2015-16,2015-09-29,Group stage,BATE Borisov,Roma,19,15,0.7368421052631579,3.0,1.4,2.1333333333333333,0.15789473684210525,0.26666666666666666,0.2222222222222222,0.14285714285714285,0,2,13,13,H,1,1,13,13
2015-16,2015-09-29,Group stage,Barcelona,Leverkusen,61,25,2.2295081967213113,0.9180327868852459,1.28,1.6,0.639344262295082,0.44,0.7666666666666667,0.16666666666666666,10,7,13,13,H,1,1,13,13
2015-16,2015-09-29,Group stage,Bayern Munich,Dinamo Zagreb,59,13,2.305084745762712,0.9661016949152542,0.46153846153846156,2.8461538461538463,0.6779661016949152,0.07692307692307693,0.7931034482758621,0.0,9,4,13,13,H,1,1,13,13
2015-16,2015-09-29,Group stage,Lyon,Valencia,17,23,1.3529411764705883,1.3529411764705883,1.9565217391304348,1.1304347826086956,0.35294117647058826,0.391304347826087,0.5,0.2727272727272727,8,5,13,13,A,1,1,13,13
2015-16,2015-09-29,Group stage,Maccabi Tel Aviv,Dynamo Kyiv,1,7,0.0,4.0,1.1428571428571428,1.7142857142857142,0.0,0.14285714285714285,0.0,0.0,0,3,13,13,A,1,1,13,13
2015-16,2015-09-29,Group stage,Porto,Chelsea,31,50,1.5806451612903225,1.096774193548387,2.02,0.9,0.45161290322580644,0.54,0.6,0.36,8,11,13,13,H,1,1,13,13
2015-16,2015-09-29,Group stage,Zenit,Gent,29,1,1.103448275862069,1.3793103448275863,1.0,1.0,0.3448275862068966,0.0,0.35714285714285715,0.0,6,1,13,13,H,1,1,13,13
2015-16,2015-09-30,Group stage,Atlético Madrid,Benfica,24,35,1.7916666666666667,0.625,1.0571428571428572,1.1714285714285715,0.625,0.37142857142857144,0.8181818181818182,0.17647058823529413,7,8,15,15,A,1,1,15,15
2015-16,2015-09-30,Group stage,CSKA Moscow,PSV,21,1,1.1904761904761905,2.0952380952380953,2.0,1.0,0.19047619047619047,1.0,0.2,0.0,5,3,15,15,H,1,1,15,15
2015-16,2015-09-30,Group stage,FC Astana,Galatasaray,1,25,0.0,2.0,1.08,2.08,0.0,0.28,0.0,0.25,0,0,15,15,D,1,1,15,15
2015-16,2015-09-30,Group stage,Gladbach,Manchester City,1,29,0.0,3.0,1.5862068965517242,1.5172413793103448,0.0,0.3448275862068966,0.0,0.35714285714285715,0,6,15,15,A,1,1,15,15
2015-16,2015-09-30,Group stage,Juventus,Sevilla,30,1,1.5,0.9333333333333333,3.0,0.0,0.4666666666666667,1.0,0.6,0.0,8,3,15,15,H,1,1,15,15
2015-16,2015-09-30,Group stage,Malmö,Real Madrid,7,62,0.5714285714285714,2.4285714285714284,2.5,0.8387096774193549,0.14285714285714285,0.7096774193548387,0.3333333333333333,0.5666666666666667,0,8,15,15,A,1,1,15,15
2015-16,2015-09-30,Group stage,Manchester Utd,Wolfsburg,38,1,1.5526315789473684,0.9210526315789473,1.0,0.0,0.5263157894736842,1.0,0.6111111111111112,0.0,4,3,15,15,H,1,1,15,15
2015-16,2015-09-30,Group stage,Shakhtar D.,Paris SG,39,31,1.564102564102564,1.435897435897436,1.967741935483871,1.032258064516129,0.38461538461538464,0.5806451612903226,0.42105263157894735,0.4666666666666667,2,5,15,15,A,1,1,15,15
2015-16,2015-10-20,Group stage,Arsenal,Bayern Munich,42,60,1.7619047619047619,1.3333333333333333,2.35,0.95,0.5238095238095238,0.6833333333333333,0.6190476190476191,0.5666666666666667,6,12,21,21,H,1,1,21,21
2015-16,2015-10-20,Group stage,BATE Borisov,Barcelona,20,62,0.85,2.95,2.225806451612903,0.9193548387096774,0.2,0.6451612903225806,0.3,0.5161290322580645,3,10,21,21,A,1,1,21,21
2015-16,2015-10-20,Group stage,Dinamo Zagreb,Olympiacos,14,28,0.42857142857142855,3.0,1.5,1.5714285714285714,0.07142857142857142,0.5,0.14285714285714285,0.2857142857142857,4,6,21,21,A,1,1,21,21
2015-16,2015-10-20,Group stage,Dynamo Kyiv,Chelsea,8,51,1.25,1.5,2.0,0.9215686274509803,0.25,0.5294117647058824,0.25,0.34615384615384615,6,8,21,21,D,1,1,21,21
2015-16,2015-10-20,Group stage,Leverkusen,Roma,26,16,1.2692307692307692,1.6153846153846154,1.4375,2.1875,0.4230769230769231,0.25,0.6923076923076923,0.125,7,2,21,21,D,1,1,21,21
2015-16,2015-10-20,Group stage,Porto,Maccabi Tel Aviv,32,2,1.59375,1.09375,0.0,3.0,0.46875,0.0,0.625,0.0,10,0,21,21,H,1,1,21,21
2015-16,2015-10-20,Group stage,Valencia,Gent,24,2,1.9166666666666667,1.0833333333333333,1.0,1.5,0.4166666666666667,0.0,0.5,0.0,7,1,21,21,H,1,1,21,21
2015-16,2015-10-20,Group stage,Zenit,Lyon,30,18,1.1333333333333333,1.3666666666666667,1.2777777777777777,1.3333333333333333,0.36666666666666664,0.3333333333333333,0.4,0.2222222222222222,9,7,21,21,H,1,1,21,21
2015-16,2015-10-21,Group stage,Atlético Madrid,FC Astana,25,2,1.76,0.68,1.0,2.0,0.6,0.0,0.75,0.0,7,1,21,21,H,1,1,21,21
2015-16,2015-10-21,Group stage,CSKA Moscow,Manchester Utd,22,39,1.2727272727272727,2.090909090909091,1.564102564102564,0.9230769230769231,0.22727272727272727,0.5384615384615384,0.2727272727272727,0.45,7,7,21,21,D,1,1,21,21
2015-16,2015-10-21,Group stage,Galatasaray,Benfica,26,36,1.1153846153846154,2.076923076923077,1.0833333333333333,1.1666666666666667,0.2692307692307692,0.3888888888888889,0.3076923076923077,0.2222222222222222,1,10,21,21,H,1,1,21,21
2015-16,2015-10-21,Group stage,Juventus,Gladbach,31,2,1.5161290322580645,0.9032258064516129,0.5,2.5,0.4838709677419355,0.0,0.625,0.0,10,0,21,21,D,1,1,21,21
2015-16,2015-10-21,Group stage,Malmö,Shakhtar D.,8,40,0.5,2.375,1.525,1.475,0.125,0.375,0.25,0.35,0,2,21,21,H,1,1,21,21
2015-16,2015-10-21,Group stage,Manchester City,Sevilla,30,2,1.6,1.5,1.5,1.0,0.36666666666666664,0.5,0.3333333333333333,0.0,6,3,21,21,H,1,1,21,21
2015-16,2015-10-21,Group stage,Paris SG,Real Madrid,32,63,2.0,1.0,2.492063492063492,0.8253968253968254,0.59375,0.7142857142857143,0.6875,0.5806451612903226,7,10,21,21,D,1,1,21,21
2015-16,2015-10-21,Group stage,Wolfsburg,PSV,2,2,1.0,1.0,2.0,2.0,0.5,0.5,1.0,0.0,3,3,21,21,H,1,1,21,21
2015-16,2015-11-03,Group stage,Benfica,Galatasaray,37,27,1.0810810810810811,1.1891891891891893,1.1481481481481481,2.037037037037037,0.3783783783783784,0.2962962962962963,0.5555555555555556,0.23076923076923078,7,4,13,13,H,1,1,13,13
2015-16,2015-11-03,Group stage,FC Astana,Atlético Madrid,3,26,0.6666666666666666,2.6666666666666665,1.8461538461538463,0.6538461538461539,0.0,0.6153846153846154,0.0,0.46153846153846156,1,7,13,13,D,1,1,13,13
2015-16,2015-11-03,Group stage,Gladbach,Juventus,3,32,0.3333333333333333,1.6666666666666667,1.46875,0.875,0.0,0.46875,0.0,0.3333333333333333,1,8,13,13,D,1,1,13,13
2015-16,2015-11-03,Group stage,Manchester Utd,CSKA Moscow,40,23,1.55,0.925,1.2608695652173914,2.0434782608695654,0.525,0.21739130434782608,0.631578947368421,0.18181818181818182,5,5,13,13,H,1,1,13,13
2015-16,2015-11-03,Group stage,PSV,Wolfsburg,3,3,1.3333333333333333,2.0,1.3333333333333333,0.6666666666666666,0.3333333333333333,0.6666666666666666,1.0,0.0,3,6,13,13,H,1,1,13,13
2015-16,2015-11-03,Group stage,Real Madrid,Paris SG,64,33,2.453125,0.8125,1.9393939393939394,0.9696969696969697,0.703125,0.5757575757575758,0.84375,0.5,8,7,13,13,H,1,1,13,13
2015-16,2015-11-03,Group stage,Sevilla,Manchester City,3,31,1.3333333333333333,1.3333333333333333,1.6129032258064515,1.4838709677419355,0.3333333333333333,0.3870967741935484,1.0,0.4,3,6,13,13,A,1,1,13,13
2015-16,2015-11-03,Group stage,Shakhtar D.,Malmö,41,9,1.4878048780487805,1.4634146341463414,0.5555555555555556,2.111111111111111,0.36585365853658536,0.2222222222222222,0.4,0.0,1,3,13,13,H,1,1,13,13
2015-16,2015-11-04,Group stage,Barcelona,BATE Borisov,63,21,2.2222222222222223,0.9047619047619048,0.8095238095238095,2.9047619047619047,0.6507936507936508,0.19047619047619047,0.7741935483870968,0.1,10,3,15,15,H,1,1,15,15
2015-16,2015-11-04,Group stage,Bayern Munich,Arsenal,61,43,2.3114754098360657,0.9672131147540983,1.7674418604651163,1.302325581395349,0.6721311475409836,0.5348837209302325,0.8,0.42857142857142855,9,6,15,15,H,1,1,15,15
2015-16,2015-11-04,Group stage,Chelsea,Dynamo Kyiv,52,9,1.9615384615384615,0.9038461538461539,1.1111111111111112,1.3333333333333333,0.5192307692307693,0.2222222222222222,0.72,0.25,6,6,15,15,H,1,1,15,15
2015-16,2015-11-04,Group stage,Gent,Valencia,3,25,1.0,1.6666666666666667,1.92,1.08,0.0,0.44,0.0,0.3333333333333333,1,7,15,15,H,1,1,15,15
2015-16,2015-11-04,Group stage,Lyon,Zenit,19,31,1.263157894736842,1.4210526315789473,1.1935483870967742,1.3548387096774193,0.3157894736842105,0.3870967741935484,0.4444444444444444,0.3333333333333333,4,12,15,15,A,1,1,15,15
2015-16,2015-11-04,Group stage,Maccabi Tel Aviv,Porto,3,33,0.0,2.6666666666666665,1.606060606060606,1.0606060606060606,0.0,0.48484848484848486,0.0,0.3125,0,10,15,15,A,1,1,15,15
2015-16,2015-11-04,Group stage,Olympiacos,Dinamo Zagreb,29,15,1.4827586206896552,1.5172413793103448,0.4,2.8666666666666667,0.5172413793103449,0.06666666666666667,0.7142857142857143,0.0,9,4,15,15,H,1,1,15,15
2015-16,2015-11-04,Group stage,Roma,Leverkusen,17,27,1.588235294117647,2.2941176470588234,1.3703703703703705,1.7037037037037037,0.23529411764705882,0.4074074074074074,0.375,0.15384615384615385,3,7,15,15,H,1,1,15,15
2015-16,2015-11-24,Group stage,Arsenal,Dinamo Zagreb,44,16,1.75,1.3863636363636365,0.4375,2.8125,0.5227272727272727,0.0625,0.6363636363636364,0.0,6,4,20,20,H,1,1,20,20
2015-16,2015-11-24,Group stage,BATE Borisov,Leverkusen,22,28,0.7727272727272727,2.909090909090909,1.3928571428571428,1.75,0.18181818181818182,0.39285714285714285,0.2727272727272727,0.14285714285714285,3,4,20,20,D,1,1,20,20
2015-16,2015-11-24,Group stage,Barcelona,Roma,64,18,2.234375,0.890625,1.6666666666666667,2.2777777777777777,0.65625,0.2777777777777778,0.78125,0.1111111111111111,13,5,20,20,H,1,1,20,20
2015-16,2015-11-24,Group stage,Bayern Munich,Olympiacos,62,30,2.3548387096774195,0.967741935483871,1.5,1.5,0.6774193548387096,0.5333333333333333,0.8064516129032258,0.3333333333333333,12,12,20,20,H,1,1,20,20
2015-16,2015-11-24,Group stage,Lyon,Gent,20,4,1.2,1.45,1.0,1.25,0.3,0.25,0.4,0.0,1,4,20,20,A,1,1,20,20
2015-16,2015-11-24,Group stage,Maccabi Tel Aviv,Chelsea,4,53,0.25,2.75,1.9622641509433962,0.9056603773584906,0.0,0.5283018867924528,0.0,0.3333333333333333,0,8,20,20,A,1,1,20,20
2015-16,2015-11-24,Group stage,Porto,Dynamo Kyiv,34,10,1.6470588235294117,1.0588235294117647,1.1,1.4,0.5,0.2,0.6470588235294118,0.2,10,6,20,20,A,1,1,20,20
2015-16,2015-11-24,Group stage,Zenit,Valencia,32,26,1.21875,1.3125,1.8461538461538463,1.0769230769230769,0.40625,0.4230769230769231,0.4375,0.3076923076923077,12,7,20,20,H,1,1,20,20
2015-16,2015-11-25,Group stage,Atlético Madrid,Galatasaray,27,28,1.7777777777777777,0.6296296296296297,1.1428571428571428,2.0357142857142856,0.5925925925925926,0.2857142857142857,0.7692307692307693,0.21428571428571427,7,4,22,22,H,1,1,22,22
2015-16,2015-11-25,Group stage,CSKA Moscow,Wolfsburg,24,4,1.2083333333333333,2.0,1.0,1.0,0.20833333333333334,0.5,0.25,0.0,4,6,22,22,A,1,1,22,22
2015-16,2015-11-25,Group stage,FC Astana,Benfica,4,38,0.5,2.0,1.105263157894737,1.1842105263157894,0.0,0.39473684210526316,0.0,0.21052631578947367,2,10,22,22,D,1,1,22,22
2015-16,2015-11-25,Group stage,Gladbach,Sevilla,4,4,0.5,1.5,1.25,1.75,0.0,0.25,0.0,0.0,2,3,22,22,H,1,1,22,22
2015-16,2015-11-25,Group stage,Juventus,Manchester City,33,32,1.4545454545454546,0.8787878787878788,1.65625,1.46875,0.45454545454545453,0.40625,0.5882352941176471,0.4375,8,9,22,22,H,1,1,22,22
2015-16,2015-11-25,Group stage,Malmö,Paris SG,10,34,0.5,2.3,1.8823529411764706,0.9705882352941176,0.2,0.5588235294117647,0.4,0.47058823529411764,3,7,22,22,A,1,1,22,22
2015-16,2015-11-25,Group stage,Manchester Utd,PSV,41,4,1.5365853658536586,0.9024390243902439,1.5,1.5,0.5365853658536586,0.5,0.65,0.0,7,6,22,22,D,1,1,22,22
2015-16,2015-11-25,Group stage,Shakhtar D.,Real Madrid,42,65,1.5476190476190477,1.4285714285714286,2.4307692307692306,0.8,0.38095238095238093,0.7076923076923077,0.42857142857142855,0.5625,3,11,22,22,A,1,1,22,22
2015-16,2015-12-08,Group stage,Benfica,Atlético Madrid,39,28,1.1282051282051282,1.205128205128205,1.7857142857142858,0.6071428571428571,0.38461538461538464,0.6071428571428571,0.5789473684210527,0.42857142857142855,10,10,13,13,A,1,1,13,13
2015-16,2015-12-08,Group stage,Galatasaray,FC Astana,29,5,1.103448275862069,2.0344827586206895,0.8,2.0,0.27586206896551724,0.0,0.35714285714285715,0.0,4,3,13,13,D,1,1,13,13
2015-16,2015-12-08,Group stage,Manchester City,Gladbach,33,5,1.606060606060606,1.4545454545454546,1.2,1.6,0.3939393939393939,0.2,0.375,0.0,9,5,13,13,H,1,1,13,13
2015-16,2015-12-08,Group stage,PSV,CSKA Moscow,5,25,1.2,1.2,1.16,2.0,0.4,0.2,1.0,0.16666666666666666,7,4,13,13,H,1,1,13,13
2015-16,2015-12-08,Group stage,Paris SG,Shakhtar D.,35,43,1.9714285714285715,0.9428571428571428,1.5813953488372092,1.4883720930232558,0.5714285714285714,0.37209302325581395,0.6470588235294118,0.3333333333333333,10,3,13,13,H,1,1,13,13
2015-16,2015-12-08,Group stage,Real Madrid,Malmö,66,11,2.4545454545454546,0.8333333333333334,0.45454545454545453,2.5454545454545454,0.7121212121212122,0.18181818181818182,0.8484848484848485,0.0,13,3,13,13,H,1,1,13,13
2015-16,2015-12-08,Group stage,Sevilla,Juventus,5,34,1.4,2.2,1.4411764705882353,0.8529411764705882,0.2,0.47058823529411764,0.5,0.3125,3,11,13,13,H,1,1,13,13
2015-16,2015-12-08,Group stage,Wolfsburg,Manchester Utd,5,42,1.2,0.8,1.5,0.8809523809523809,0.6,0.5238095238095238,1.0,0.42857142857142855,9,8,13,13,H,1,1,13,13
2015-16,2015-12-09,Group stage,Chelsea,Porto,54,35,2.0,0.8888888888888888,1.6,1.0857142857142856,0.5370370370370371,0.4857142857142857,0.7307692307692307,0.35294117647058826,10,10,15,15,H,1,1,15,15
2015-16,2015-12-09,Group stage,Dinamo Zagreb,Bayern Munich,17,63,0.4117647058823529,2.823529411764706,2.380952380952381,0.9523809523809523,0.058823529411764705,0.6825396825396826,0.125,0.5483870967741935,3,12,15,15,A,1,1,15,15
2015-16,2015-12-09,Group stage,Dynamo Kyiv,Maccabi Tel Aviv,11,5,1.1818181818181819,1.2727272727272727,0.2,3.0,0.2727272727272727,0.0,0.2,0.0,8,0,15,15,H,1,1,15,15
2015-16,2015-12-09,Group stage,Gent,Zenit,5,33,1.2,1.2,1.2424242424242424,1.2727272727272727,0.4,0.42424242424242425,0.5,0.375,7,15,15,15,H,1,1,15,15
2015-16,2015-12-09,Group stage,Leverkusen,Barcelona,29,65,1.3793103448275863,1.7241379310344827,2.292307692307692,0.8923076923076924,0.3793103448275862,0.6615384615384615,0.6428571428571429,0.53125,5,13,15,15,D,1,1,15,15
2015-16,2015-12-09,Group stage,Olympiacos,Arsenal,31,45,1.4516129032258065,1.5806451612903225,1.7777777777777777,1.3555555555555556,0.5161290322580645,0.5333333333333333,0.7333333333333333,0.4090909090909091,9,6,15,15,A,1,1,15,15
2015-16,2015-12-09,Group stage,Roma,BATE Borisov,19,23,1.631578947368421,2.473684210526316,0.782608695652174,2.8260869565217392,0.2631578947368421,0.17391304347826086,0.4444444444444444,0.09090909090909091,5,4,15,15,D,1,1,15,15
2015-16,2015-12-09,Group stage,Valencia,Lyon,27,21,1.7777777777777777,1.1111111111111112,1.1904761904761905,1.4761904761904763,0.4074074074074074,0.2857142857142857,0.5384615384615384,0.2,6,1,15,15,A,1,1,15,15
2015-16,2016-02-16,Round of 16,Benfica,Zenit,40,34,1.125,1.225,1.2352941176470589,1.2941176470588236,0.375,0.4117647058823529,0.55,0.35294117647058826,7,12,70,69,H,1,1,70,69
2015-16,2016-02-16,Round of 16,Paris SG,Chelsea,36,55,1.9722222222222223,0.9166666666666666,2.0,0.8727272727272727,0.5833333333333334,0.5454545454545454,0.6666666666666666,0.35714285714285715,10,10,70,69,H,1,1,70,69
2015-16,2016-02-17,Round of 16,Gent,Wolfsburg,6,6,1.3333333333333333,1.1666666666666667,1.5,1.0,0.5,0.6666666666666666,0.6666666666666666,0.3333333333333333,9,9,70,71,A,1,1,70,71
2015-16,2016-02-17,Round of 16,Roma,Real Madrid,20,67,1.55,2.35,2.537313432835821,0.8208955223880597,0.25,0.7164179104477612,0.4,0.5757575757575758,5,13,70,71,A,1,1,70,71
2015-16,2016-02-23,Round of 16,Arsenal,Barcelona,46,66,1.8043478260869565,1.326086956521739,2.272727272727273,0.8939393939393939,0.5434782608695652,0.6515151515151515,0.6521739130434783,0.5151515151515151,9,13,76,76,A,1,1,76,76
2015-16,2016-02-23,Round of 16,Juventus,Bayern Munich,35,64,1.4,0.8571428571428571,2.375,0.9375,0.45714285714285713,0.6875,0.6111111111111112,0.5625,8,12,77,76,D,1,1,77,76
2015-16,2016-02-24,Round of 16,Dynamo Kyiv,Manchester City,12,34,1.1666666666666667,1.1666666666666667,1.6764705882352942,1.4705882352941178,0.3333333333333333,0.4117647058823529,0.3333333333333333,0.4117647058823529,10,12,77,78,A,1,1,77,78
2015-16,2016-02-24,Round of 16,PSV,Atlético Madrid,6,29,1.3333333333333333,1.1666666666666667,1.793103448275862,0.6206896551724138,0.5,0.6206896551724138,1.0,0.4666666666666667,7,10,78,78,D,1,1,78,78
2015-16,2016-03-08,Round of 16,Real Madrid,Roma,68,21,2.5294117647058822,0.8088235294117647,1.4761904761904763,2.3333333333333335,0.7205882352941176,0.23809523809523808,0.8529411764705882,0.1,13,5,20,20,H,1,1,20,20
2015-16,2016-03-08,Round of 16,Wolfsburg,Gent,7,7,1.7142857142857142,1.1428571428571428,1.4285714285714286,1.4285714285714286,0.7142857142857143,0.42857142857142855,1.0,0.3333333333333333,12,9,20,20,H,1,1,20,20
2015-16,2016-03-09,Round of 16,Chelsea,Paris SG,56,37,1.9821428571428572,0.8928571428571429,1.972972972972973,0.918918918918919,0.5357142857142857,0.5945945945945946,0.7407407407407407,0.5,10,10,22,22,A,1,1,22,22
2015-16,2016-03-09,Round of 16,Zenit,Benfica,35,41,1.2,1.2857142857142858,1.1219512195121952,1.1951219512195121,0.4,0.3902439024390244,0.47058823529411764,0.2,9,7,22,22,A,1,1,22,22
2015-16,2016-03-15,Round of 16,Atlético Madrid,PSV,30,7,1.7333333333333334,0.6,1.1428571428571428,1.0,0.6,0.42857142857142855,0.7857142857142857,0.0,11,8,20,20,D,1,1,20,20
2015-16,2016-03-15,Round of 16,Manchester City,Dynamo Kyiv,35,13,1.7142857142857142,1.457142857142857,1.1538461538461537,1.3076923076923077,0.42857142857142855,0.3076923076923077,0.4117647058823529,0.3333333333333333,12,7,20,20,D,1,1,20,20
2015-16,2016-03-16,Round of 16,Barcelona,Arsenal,67,47,2.2686567164179103,0.8805970149253731,1.7659574468085106,1.3404255319148937,0.6567164179104478,0.5319148936170213,0.7878787878787878,0.43478260869565216,13,9,22,22,H,1,1,22,22
2015-16,2016-03-16,Round of 16,Bayern Munich,Juventus,65,36,2.3692307692307693,0.9538461538461539,1.4166666666666667,0.8888888888888888,0.676923076923077,0.4444444444444444,0.8125,0.29411764705882354,10,6,22,22,H,1,1,22,22
2015-16,2016-04-05,Quarter-finals,Barcelona,Atlético Madrid,68,31,2.2794117647058822,0.8823529411764706,1.6774193548387097,0.5806451612903226,0.6617647058823529,0.5806451612903226,0.7941176470588235,0.4375,13,9,20,21,H,1,1,20,21
2015-16,2016-04-05,Quarter-finals,Bayern Munich,Benfica,66,42,2.393939393939394,0.9696969696969697,1.1428571428571428,1.1904761904761905,0.6818181818181818,0.40476190476190477,0.8181818181818182,0.23809523809523808,13,10,20,27,H,1,1,20,27
2015-16,2016-04-06,Quarter-finals,Paris SG,Manchester City,38,36,1.9736842105263157,0.9210526315789473,1.6666666666666667,1.4166666666666667,0.6052631578947368,0.4166666666666667,0.6842105263157895,0.4444444444444444,12,10,28,22,D,1,1,28,22
2015-16,2016-04-06,Quarter-finals,Wolfsburg,Real Madrid,8,69,1.625,1.0,2.5217391304347827,0.7971014492753623,0.75,0.7246376811594203,1.0,0.5882352941176471,12,15,29,29,H,1,1,29,29
2015-16,2016-04-12,Quarter-finals,Manchester City,Paris SG,37,39,1.6756756756756757,1.4324324324324325,1.9743589743589745,0.9487179487179487,0.40540540540540543,0.5897435897435898,0.3888888888888889,0.5263157894736842,8,13,6,6,H,1,1,6,6
2015-16,2016-04-12,Quarter-finals,Real Madrid,Wolfsburg,70,9,2.4857142857142858,0.8142857142857143,1.6666666666666667,0.8888888888888888,0.7142857142857143,0.7777777777777778,0.8571428571428571,0.5,12,15,6,6,H,1,1,6,6
2015-16,2016-04-13,Quarter-finals,Atlético Madrid,Barcelona,32,69,1.65625,0.625,2.2753623188405796,0.8840579710144928,0.5625,0.6666666666666666,0.7333333333333333,0.5294117647058824,8,13,8,8,H,1,1,8,8
2015-16,2016-04-13,Quarter-finals,Benfica,Bayern Munich,43,67,1.1162790697674418,1.186046511627907,2.373134328358209,0.9552238805970149,0.3953488372093023,0.6865671641791045,0.5714285714285714,0.5454545454545454,7,13,8,8,D,1,1,8,8
2015-16,2016-04-26,Semi-finals,Manchester City,Real Madrid,38,71,1.6578947368421053,1.394736842105263,2.492957746478873,0.8028169014084507,0.42105263157894735,0.7183098591549296,0.42105263157894735,0.5714285714285714,11,12,14,14,D,1,1,14,14
2015-16,2016-04-27,Semi-finals,Atlético Madrid,Bayern Munich,33,68,1.6666666666666667,0.6060606060606061,2.3676470588235294,0.9705882352941176,0.5757575757575758,0.6764705882352942,0.75,0.5294117647058824,8,11,14,14,H,1,1,14,14
2015-16,2016-05-03,Semi-finals,Bayern Munich,Atlético Madrid,69,34,2.3333333333333335,0.9710144927536232,1.6470588235294117,0.5882352941176471,0.6666666666666666,0.5882352941176471,0.8235294117647058,0.4117647058823529,8,8,6,6,H,1,1,6,6
2015-16,2016-05-04,Semi-finals,Real Madrid,Manchester City,72,39,2.4583333333333335,0.7916666666666666,1.6153846153846154,1.358974358974359,0.7083333333333334,0.41025641025641024,0.8611111111111112,0.42105263157894735,10,9,8,8,H,1,1,8,8
2015-16,2016-05-28,Final,Real Madrid,Atlético Madrid,73,35,2.4383561643835616,0.7808219178082192,1.6285714285714286,0.6285714285714286,0.7123287671232876,0.5714285714285714,0.8648648648648649,0.3888888888888889,10,7,24,25,D,1,1,24,25
2016-17,2016-09-13,Group stage,Barcelona,Celtic,70,14,2.242857142857143,0.9,0.8571428571428571,1.9285714285714286,0.6571428571428571,0.2857142857142857,0.8,0.14285714285714285,10,3,153,1007,H,1,1,153,365
2016-17,2016-09-13,Group stage,Basel,Ludogorets,28,6,1.1785714285714286,1.6785714285714286,0.8333333333333334,2.3333333333333335,0.35714285714285715,0.16666666666666666,0.5,0.0,5,4,553,644,D,1,1,365,365
2016-17,2016-09-13,Group stage,Bayern Munich,Rostov,70,0,2.3285714285714287,0.9714285714285714,0.0,0.0,0.6714285714285714,0.0,0.8285714285714286,0.0,10,0,133,-1,H,1,0,133,0
2016-17,2016-09-13,Group stage,Benfica,Beşiktaş,44,0,1.1363636363636365,1.2045454545454546,0.0,0.0,0.38636363636363635,0.0,0.5454545454545454,0.0,7,0,153,-1,D,1,0,153,0
2016-17,2016-09-13,Group stage,Dynamo Kyiv,Napoli,14,14,1.0714285714285714,1.2142857142857142,1.7142857142857142,1.4285714285714286,0.2857142857142857,0.5714285714285714,0.2857142857142857,0.2857142857142857,7,9,182,1007,A,1,1,182,365
2016-17,2016-09-13,Group stage,PSV,Atlético Madrid,8,36,1.0,0.875,1.6111111111111112,0.6388888888888888,0.375,0.5555555555555556,0.75,0.3684210526315789,9,7,182,108,A,1,1,182,108
2016-17,2016-09-13,Group stage,Paris SG,Arsenal,40,48,1.925,0.95,1.75,1.375,0.575,0.5208333333333334,0.65,0.4166666666666667,10,6,154,181,D,1,1,154,181
2016-17,2016-09-14,Group stage,Club Brugge,Leicester City,0,0,0.0,0.0,0.0,0.0,0.0,0.0,0.0,0.0,0,0,-1,-1,A,0,0,0,0
2016-17,2016-09-14,Group stage,Juventus,Sevilla,37,6,1.4324324324324325,0.972972972972973,1.3333333333333333,1.8333333333333333,0.43243243243243246,0.3333333333333333,0.5789473684210527,0.0,5,3,182,281,D,1,1,182,281
2016-17,2016-09-14,Group stage,Legia Warsaw,Dortmund,0,37,0.0,0.0,1.7027027027027026,1.2972972972972974,0.0,0.4864864864864865,0.0,0.3333333333333333,0,4,-1,546,A,0,1,0,365
2016-17,2016-09-14,Group stage,Leverkusen,CSKA Moscow,30,26,1.3666666666666667,1.7,1.1538461538461537,2.0,0.36666666666666664,0.19230769230769232,0.6,0.15384615384615385,3,4,280,281,D,1,1,280,281
2016-17,2016-09-14,Group stage,Lyon,Dinamo Zagreb,22,18,1.2272727272727273,1.4090909090909092,0.3888888888888889,2.7777777777777777,0.3181818181818182,0.05555555555555555,0.36363636363636365,0.0,3,0,280,280,H,1,1,280,280
2016-17,2016-09-14,Group stage,Manchester City,Gladbach,40,6,1.575,1.35,1.3333333333333333,2.0,0.4,0.16666666666666666,0.4,0.0,6,5,133,281,H,1,1,133,281
2016-17,2016-09-14,Group stage,Porto,FC Copenhagen,36,14,1.5555555555555556,1.1111111111111112,0.7857142857142857,1.4285714285714286,0.4722222222222222,0.2857142857142857,0.6111111111111112,0.14285714285714285,9,3,280,1009,D,1,1,280,365
2016-17,2016-09-14,Group stage,Real Madrid,Sporting CP,74,6,2.418918918918919,0.7837837837837838,2.0,2.0,0.7027027027027027,0.3333333333333333,0.8421052631578947,0.0,8,6,109,644,H,1,1,109,365
2016-17,2016-09-14,Group stage,Tottenham,Monaco,10,10,1.9,1.6,0.7,0.5,0.4,0.4,0.6,0.4,5,7,1981,511,A,1,1,365,365
2016-17,2016-09-27,Group stage,CSKA Moscow,Tottenham,27,11,1.1851851851851851,2.0,1.8181818181818181,1.6363636363636365,0.18518518518518517,0.36363636363636365,0.23076923076923078,0.2,2,4,13,13,A,1,1,13,13
2016-17,2016-09-27,Group stage,Dinamo Zagreb,Juventus,19,38,0.3684210526315789,2.789473684210526,1.394736842105263,0.9473684210526315,0.05263157894736842,0.42105263157894735,0.1111111111111111,0.2777777777777778,0,5,13,13,A,1,1,13,13
2016-17,2016-09-27,Group stage,Dortmund,Real Madrid,38,75,1.8157894736842106,1.263157894736842,2.4133333333333336,0.7866666666666666,0.5,0.7066666666666667,0.631578947368421,0.5555555555555556,4,11,13,13,D,1,1,13,13
2016-17,2016-09-27,Group stage,FC Copenhagen,Club Brugge,15,1,0.8,1.4,0.0,3.0,0.26666666666666666,0.0,0.42857142857142855,0.0,4,0,13,13,H,1,1,13,13
2016-17,2016-09-27,Group stage,Leicester City,Porto,1,37,3.0,0.0,1.5405405405405406,1.1081081081081081,1.0,0.4594594594594595,0.0,0.3333333333333333,3,7,13,13,H,1,1,13,13
2016-17,2016-09-27,Group stage,Monaco,Leverkusen,11,31,0.8181818181818182,0.5454545454545454,1.3870967741935485,1.7096774193548387,0.45454545454545453,0.3548387096774194,0.4,0.13333333333333333,7,4,13,13,D,1,1,13,13
2016-17,2016-09-27,Group stage,Sevilla,Lyon,7,23,1.1428571428571428,1.5714285714285714,1.3043478260869565,1.3478260869565217,0.2857142857142857,0.34782608695652173,0.6666666666666666,0.2727272727272727,4,6,13,13,H,1,1,13,13
2016-17,2016-09-27,Group stage,Sporting CP,Legia Warsaw,7,1,1.8571428571428572,2.0,0.0,6.0,0.2857142857142857,0.0,0.6666666666666666,0.0,6,0,13,13,H,1,1,13,13
2016-17,2016-09-28,Group stage,Arsenal,Basel,49,29,1.7346938775510203,1.3673469387755102,1.1724137931034482,1.6551724137931034,0.5102040816326531,0.3448275862068966,0.625,0.21428571428571427,7,3,15,15,H,1,1,15,15
2016-17,2016-09-28,Group stage,Atlético Madrid,Bayern Munich,37,71,1.5945945945945945,0.6216216216216216,2.3661971830985915,0.9577464788732394,0.5675675675675675,0.676056338028169,0.7647058823529411,0.5142857142857142,10,10,15,15,H,1,1,15,15
2016-17,2016-09-28,Group stage,Beşiktaş,Dynamo Kyiv,1,15,1.0,1.0,1.0666666666666667,1.2666666666666666,0.0,0.26666666666666666,0.0,0.2857142857142857,1,7,15,15,D,1,1,15,15
2016-17,2016-09-28,Group stage,Celtic,Manchester City,15,41,0.8,2.2666666666666666,1.6341463414634145,1.3170731707317074,0.26666666666666666,0.4146341463414634,0.42857142857142855,0.4,3,8,15,14,D,1,1,15,14
2016-17,2016-09-28,Group stage,Gladbach,Barcelona,7,71,1.1428571428571428,2.2857142857142856,2.3098591549295775,0.8873239436619719,0.14285714285714285,0.6619718309859155,0.3333333333333333,0.5142857142857142,5,12,14,15,A,1,1,14,15
2016-17,2016-09-28,Group stage,Ludogorets,Paris SG,7,41,0.8571428571428571,2.142857142857143,1.9024390243902438,0.9512195121951219,0.14285714285714285,0.5609756097560976,0.3333333333333333,0.5,5,8,15,15,A,1,1,15,15
2016-17,2016-09-28,Group stage,Napoli,Benfica,15,45,1.7333333333333334,1.4,1.1333333333333333,1.2,0.6,0.37777777777777777,0.8571428571428571,0.22727272727272727,12,8,15,15,H,1,1,15,15
2016-17,2016-09-28,Group stage,Rostov,PSV,1,9,0.0,5.0,0.8888888888888888,0.8888888888888888,0.0,0.3333333333333333,0.0,0.0,0,6,15,15,D,1,1,15,15
2016-17,2016-10-18,Group stage,CSKA Moscow,Monaco,28,12,1.1428571428571428,1.9642857142857142,0.8333333333333334,0.5833333333333334,0.17857142857142858,0.4166666666666667,0.21428571428571427,0.5,1,5,21,21,D,1,1,21,21
2016-17,2016-10-18,Group stage,Club Brugge,Porto,2,38,0.0,3.5,1.5,1.105263157894737,0.0,0.4473684210526316,0.0,0.3157894736842105,0,4,21,21,A,1,1,21,21
2016-17,2016-10-18,Group stage,Dinamo Zagreb,Sevilla,20,8,0.35,2.85,1.125,1.375,0.05,0.375,0.1,0.0,0,7,21,21,A,1,1,21,21
2016-17,2016-10-18,Group stage,Leicester City,FC Copenhagen,2,16,2.0,0.0,1.0,1.3125,1.0,0.3125,1.0,0.125,6,7,21,21,H,1,1,21,21
2016-17,2016-10-18,Group stage,Leverkusen,Tottenham,32,12,1.375,1.6875,1.75,1.5,0.34375,0.4166666666666667,0.5625,0.3333333333333333,4,4,21,21,D,1,1,21,21
2016-17,2016-10-18,Group stage,Lyon,Juventus,24,39,1.25,1.3333333333333333,1.4615384615384615,0.9230769230769231,0.3333333333333333,0.4358974358974359,0.4166666666666667,0.3157894736842105,6,5,21,21,A,1,1,21,21
2016-17,2016-10-18,Group stage,Real Madrid,Legia Warsaw,76,2,2.4078947368421053,0.8026315789473685,0.0,4.0,0.6973684210526315,0.0,0.8461538461538461,0.0,9,0,21,21,H,1,1,21,21
2016-17,2016-10-18,Group stage,Sporting CP,Dortmund,8,39,1.875,1.75,1.8205128205128205,1.2820512820512822,0.375,0.48717948717948717,0.75,0.3684210526315789,9,5,21,21,A,1,1,21,21
2016-17,2016-10-19,Group stage,Arsenal,Ludogorets,50,8,1.74,1.34,0.875,2.25,0.52,0.125,0.64,0.0,7,2,21,21,H,1,1,21,21
2016-17,2016-10-19,Group stage,Barcelona,Manchester City,72,42,2.3055555555555554,0.8888888888888888,1.6666666666666667,1.3571428571428572,0.6666666666666666,0.40476190476190477,0.8055555555555556,0.38095238095238093,12,8,21,21,H,1,1,21,21
2016-17,2016-10-19,Group stage,Bayern Munich,PSV,72,10,2.3333333333333335,0.9583333333333334,1.0,1.0,0.6666666666666666,0.3,0.8333333333333334,0.0,7,6,21,21,H,1,1,21,21
2016-17,2016-10-19,Group stage,Celtic,Gladbach,16,8,0.9375,2.3125,1.125,2.25,0.25,0.125,0.375,0.0,1,4,21,21,A,1,1,21,21
2016-17,2016-10-19,Group stage,Dynamo Kyiv,Benfica,16,46,1.0625,1.25,1.1521739130434783,1.2608695652173914,0.25,0.3695652173913043,0.25,0.21739130434782608,5,5,21,21,A,1,1,21,21
2016-17,2016-10-19,Group stage,Napoli,Beşiktaş,16,2,1.875,1.4375,1.0,1.0,0.625,0.0,0.875,0.0,12,2,21,21,A,1,1,21,21
2016-17,2016-10-19,Group stage,Paris SG,Basel,42,30,1.9285714285714286,0.9523809523809523,1.1333333333333333,1.6666666666666667,0.5714285714285714,0.3333333333333333,0.6190476190476191,0.2,8,3,21,21,H,1,1,21,21
2016-17,2016-10-19,Group stage,Rostov,Atlético Madrid,2,38,1.0,3.5,1.5789473684210527,0.6052631578947368,0.0,0.5789473684210527,0.0,0.4,1,10,21,21,A,1,1,21,21
2016-17,2016-11-01,Group stage,Atlético Madrid,Rostov,39,3,1.564102564102564,0.5897435897435898,0.6666666666666666,2.6666666666666665,0.5897435897435898,0.0,0.7777777777777778,0.0,10,1,13,13,H,1,1,13,13
2016-17,2016-11-01,Group stage,Basel,Paris SG,31,43,1.096774193548387,1.7096774193548387,1.9534883720930232,0.9302325581395349,0.3225806451612903,0.5813953488372093,0.4666666666666667,0.5238095238095238,2,8,13,13,A,1,1,13,13
2016-17,2016-11-01,Group stage,Benfica,Dynamo Kyiv,47,17,1.1702127659574468,1.2340425531914894,1.0,1.2941176470588236,0.3829787234042553,0.23529411764705882,0.5217391304347826,0.25,5,2,13,13,H,1,1,13,13
2016-17,2016-11-01,Group stage,Beşiktaş,Napoli,3,17,1.6666666666666667,1.3333333333333333,1.8823529411764706,1.5294117647058822,0.3333333333333333,0.5882352941176471,0.0,0.375,5,9,13,13,D,1,1,13,13
2016-17,2016-11-01,Group stage,Gladbach,Celtic,9,17,1.2222222222222223,2.0,0.8823529411764706,2.2941176470588234,0.2222222222222222,0.23529411764705882,0.25,0.125,6,1,13,13,D,1,1,13,13
2016-17,2016-11-01,Group stage,Ludogorets,Arsenal,9,51,0.7777777777777778,2.6666666666666665,1.8235294117647058,1.3137254901960784,0.1111111111111111,0.5294117647058824,0.25,0.4,2,7,13,13,A,1,1,13,13
2016-17,2016-11-01,Group stage,Manchester City,Barcelona,43,73,1.627906976744186,1.4186046511627908,2.328767123287671,0.8767123287671232,0.3953488372093023,0.6712328767123288,0.42857142857142855,0.5277777777777778,5,12,13,13,H,1,1,13,13
2016-17,2016-11-01,Group stage,PSV,Bayern Munich,11,73,1.0,1.2727272727272727,2.356164383561644,0.958904109589041,0.2727272727272727,0.6712328767123288,0.6,0.5,3,9,13,13,A,1,1,13,13
2016-17,2016-11-02,Group stage,Dortmund,Sporting CP,40,9,1.825,1.275,1.7777777777777777,1.7777777777777777,0.5,0.3333333333333333,0.6,0.0,7,6,15,15,H,1,1,15,15
2016-17,2016-11-02,Group stage,FC Copenhagen,Leicester City,17,3,0.9411764705882353,1.2941176470588236,1.6666666666666667,0.0,0.29411764705882354,1.0,0.5,1.0,4,9,15,15,D,1,1,15,15
2016-17,2016-11-02,Group stage,Juventus,Lyon,40,25,1.45,0.9,1.2,1.32,0.45,0.32,0.55,0.25,8,6,15,15,D,1,1,15,15
2016-17,2016-11-02,Group stage,Legia Warsaw,Real Madrid,3,77,0.3333333333333333,4.333333333333333,2.4415584415584415,0.8051948051948052,0.0,0.7012987012987013,0.0,0.5405405405405406,0,11,15,15,D,1,1,15,15
2016-17,2016-11-02,Group stage,Monaco,CSKA Moscow,13,29,0.8461538461538461,0.6153846153846154,1.1379310344827587,1.9310344827586208,0.38461538461538464,0.1724137931034483,0.3333333333333333,0.14285714285714285,6,2,15,15,H,1,1,15,15
2016-17,2016-11-02,Group stage,Porto,Club Brugge,39,3,1.5128205128205128,1.1025641025641026,0.3333333333333333,3.0,0.46153846153846156,0.0,0.5789473684210527,0.0,4,0,15,15,H,1,1,15,15
2016-17,2016-11-02,Group stage,Sevilla,Dinamo Zagreb,9,21,1.1111111111111112,1.2222222222222223,0.3333333333333333,2.761904761904762,0.4444444444444444,0.047619047619047616,0.75,0.0,10,0,15,15,H,1,1,15,15
2016-17,2016-11-02,Group stage,Tottenham,Leverkusen,13,33,1.6153846153846154,1.3846153846153846,1.3333333333333333,1.6363636363636365,0.38461538461538464,0.3333333333333333,0.5,0.125,4,5,15,15,A,1,1,15,15
2016-17,2016-11-22,Group stage,CSKA Moscow,Leverkusen,30,34,1.1,1.9666666666666666,1.3235294117647058,1.588235294117647,0.16666666666666666,0.35294117647058826,0.2,0.17647058823529413,2,7,20,20,D,1,1,20,20
2016-17,2016-11-22,Group stage,Dinamo Zagreb,Lyon,22,26,0.3181818181818182,2.8181818181818183,1.1923076923076923,1.3076923076923077,0.045454545454545456,0.3076923076923077,0.09090909090909091,0.23076923076923078,0,7,20,20,A,1,1,20,20
2016-17,2016-11-22,Group stage,Dortmund,Legia Warsaw,41,4,1.8048780487804879,1.2439024390243902,1.0,4.0,0.5121951219512195,0.0,0.6190476190476191,0.0,10,1,20,20,H,1,1,20,20
2016-17,2016-11-22,Group stage,FC Copenhagen,Porto,18,40,0.8888888888888888,1.2222222222222223,1.5,1.075,0.2777777777777778,0.475,0.4444444444444444,0.35,5,7,20,20,D,1,1,20,20
2016-17,2016-11-22,Group stage,Leicester City,Club Brugge,4,4,1.25,0.0,0.25,2.5,0.75,0.0,1.0,0.0,10,0,20,20,H,1,1,20,20
2016-17,2016-11-22,Group stage,Monaco,Tottenham,14,14,1.0,0.5714285714285714,1.5,1.3571428571428572,0.42857142857142855,0.35714285714285715,0.42857142857142855,0.2857142857142857,9,4,20,20,H,1,1,20,20
2016-17,2016-11-22,Group stage,Sevilla,Juventus,10,41,1.4,1.1,1.4390243902439024,0.9024390243902439,0.5,0.43902439024390244,0.8,0.35,13,8,20,20,A,1,1,20,20
2016-17,2016-11-22,Group stage,Sporting CP,Real Madrid,10,78,1.6,1.7,2.448717948717949,0.8333333333333334,0.3,0.6923076923076923,0.6,0.5263157894736842,3,9,20,20,A,1,1,20,20
2016-17,2016-11-23,Group stage,Arsenal,Paris SG,52,44,1.8461538461538463,1.3269230769230769,1.9545454545454546,0.9318181818181818,0.5384615384615384,0.5909090909090909,0.6538461538461539,0.5454545454545454,10,10,22,22,D,1,1,22,22
2016-17,2016-11-23,Group stage,Atlético Madrid,PSV,40,12,1.575,0.6,1.0,1.3333333333333333,0.6,0.25,0.7894736842105263,0.0,13,2,22,22,H,1,1,22,22
2016-17,2016-11-23,Group stage,Beşiktaş,Benfica,4,48,1.5,1.25,1.1666666666666667,1.2083333333333333,0.25,0.3958333333333333,0.0,0.25,6,8,22,22,D,1,1,22,22
2016-17,2016-11-23,Group stage,Celtic,Barcelona,18,74,0.8888888888888888,2.2222222222222223,2.310810810810811,0.9054054054054054,0.2222222222222222,0.6621621621621622,0.3333333333333333,0.5135135135135135,2,9,22,22,A,1,1,22,22
2016-17,2016-11-23,Group stage,Gladbach,Manchester City,10,44,1.2,1.9,1.6590909090909092,1.4090909090909092,0.2,0.4090909090909091,0.2,0.36363636363636365,4,7,22,22,D,1,1,22,22
2016-17,2016-11-23,Group stage,Ludogorets,Basel,10,32,0.9,2.7,1.09375,1.71875,0.1,0.3125,0.2,0.1875,1,1,22,22,D,1,1,22,22
2016-17,2016-11-23,Group stage,Napoli,Dynamo Kyiv,18,18,1.8333333333333333,1.5,0.9444444444444444,1.2777777777777777,0.5555555555555556,0.2222222222222222,0.7777777777777778,0.2222222222222222,10,2,22,22,D,1,1,22,22
2016-17,2016-11-23,Group stage,Rostov,Bayern Munich,4,74,0.75,2.5,2.3513513513513513,0.9594594594594594,0.0,0.6756756756756757,0.0,0.5135135135135135,1,12,22,22,H,1,1,22,22
2016-17,2016-12-06,Group stage,Barcelona,Gladbach,75,11,2.3066666666666666,0.8933333333333333,1.1818181818181819,1.8181818181818181,0.6666666666666666,0.18181818181818182,0.8108108108108109,0.2,12,5,13,13,H,1,1,13,13
2016-17,2016-12-06,Group stage,Basel,Arsenal,33,53,1.0606060606060606,1.6666666666666667,1.849056603773585,1.3396226415094339,0.30303030303030304,0.5283018867924528,0.4375,0.4230769230769231,2,11,13,13,A,1,1,13,13
2016-17,2016-12-06,Group stage,Bayern Munich,Atlético Madrid,75,41,2.3466666666666667,0.9866666666666667,1.5853658536585367,0.5853658536585366,0.6666666666666666,0.6097560975609756,0.8378378378378378,0.42857142857142855,9,15,13,13,H,1,1,13,13
2016-17,2016-12-06,Group stage,Benfica,Napoli,49,19,1.2040816326530612,1.2448979591836735,1.736842105263158,1.4210526315789473,0.3877551020408163,0.5263157894736842,0.5416666666666666,0.3333333333333333,8,8,13,13,A,1,1,13,13
2016-17,2016-12-06,Group stage,Dynamo Kyiv,Beşiktaş,19,5,0.8947368421052632,1.2105263157894737,1.8,1.6,0.21052631578947367,0.2,0.2222222222222222,0.5,2,7,13,13,H,1,1,13,13
2016-17,2016-12-06,Group stage,Manchester City,Celtic,45,19,1.6444444444444444,1.4,0.8421052631578947,2.210526315789474,0.4,0.21052631578947367,0.45454545454545453,0.1111111111111111,8,2,13,13,D,1,1,13,13
2016-17,2016-12-06,Group stage,PSV,Rostov,13,5,0.9230769230769231,1.3846153846153846,1.2,2.4,0.23076923076923078,0.2,0.5,0.0,1,4,13,13,D,1,1,13,13
2016-17,2016-12-06,Group stage,Paris SG,Ludogorets,45,11,1.9555555555555555,0.9555555555555556,0.8181818181818182,2.4545454545454546,0.5777777777777777,0.09090909090909091,0.6363636363636364,0.0,11,2,13,13,D,1,1,13,13
2016-17,2016-12-07,Group stage,Club Brugge,FC Copenhagen,5,19,0.4,2.4,0.8421052631578947,1.1578947368421053,0.0,0.2631578947368421,0.0,0.1111111111111111,0,6,15,15,A,1,1,15,15
2016-17,2016-12-07,Group stage,Juventus,Dinamo Zagreb,42,23,1.4761904761904763,0.9047619047619048,0.30434782608695654,2.739130434782609,0.4523809523809524,0.043478260869565216,0.5238095238095238,0.0,11,0,15,15,H,1,1,15,15
2016-17,2016-12-07,Group stage,Legia Warsaw,Sporting CP,5,11,1.6,4.8,1.5454545454545454,1.7272727272727273,0.0,0.2727272727272727,0.0,0.0,1,3,15,15,H,1,1,15,15
2016-17,2016-12-07,Group stage,Leverkusen,Monaco,35,15,1.3142857142857143,1.5714285714285714,1.0666666666666667,0.6,0.34285714285714286,0.4666666666666667,0.5294117647058824,0.42857142857142855,7,11,15,15,H,1,1,15,15
2016-17,2016-12-07,Group stage,Lyon,Sevilla,27,11,1.1851851851851851,1.2592592592592593,1.3636363636363635,1.2727272727272727,0.3333333333333333,0.45454545454545453,0.38461538461538464,0.2,7,10,15,15,D,1,1,15,15
2016-17,2016-12-07,Group stage,Porto,Leicester City,41,5,1.4634146341463414,1.048780487804878,1.4,0.2,0.4634146341463415,0.8,0.6,0.5,8,13,15,15,H,1,1,15,15
2016-17,2016-12-07,Group stage,Real Madrid,Dortmund,79,42,2.4430379746835444,0.8354430379746836,1.9523809523809523,1.3095238095238095,0.6962025316455697,0.5238095238095238,0.85,0.4,11,13,15,15,D,1,1,15,15
2016-17,2016-12-07,Group stage,Tottenham,CSKA Moscow,15,31,1.4666666666666666,1.4,1.096774193548387,1.935483870967742,0.3333333333333333,0.16129032258064516,0.42857142857142855,0.13333333333333333,4,3,15,15,H,1,1,15,15
2016-17,2017-02-14,Round of 16,Benfica,Dortmund,50,43,1.2,1.26,1.9534883720930232,1.3255813953488371,0.38,0.5116279069767442,0.52,0.38095238095238093,7,11,70,69,H,1,1,70,69
2016-17,2017-02-14,Round of 16,Paris SG,Barcelona,46,76,1.9565217391304348,0.9782608695652174,2.3289473684210527,0.881578947368421,0.5652173913043478,0.6710526315789473,0.6086956521739131,0.5263157894736842,11,12,70,70,H,1,1,70,70
2016-17,2017-02-15,Round of 16,Bayern Munich,Arsenal,76,54,2.3289473684210527,0.9736842105263158,1.8888888888888888,1.3333333333333333,0.6710526315789473,0.5370370370370371,0.8421052631578947,0.4444444444444444,9,13,71,71,H,1,1,71,71
2016-17,2017-02-15,Round of 16,Real Madrid,Napoli,80,20,2.4375,0.85,1.75,1.4,0.6875,0.55,0.8292682926829268,0.4,9,8,70,71,H,1,1,70,71
2016-17,2017-02-21,Round of 16,Leverkusen,Atlético Madrid,36,42,1.3611111111111112,1.5277777777777777,1.5476190476190477,0.5952380952380952,0.3611111111111111,0.5952380952380952,0.5555555555555556,0.4090909090909091,9,12,76,77,A,1,1,76,77
2016-17,2017-02-21,Round of 16,Manchester City,Monaco,46,16,1.6304347826086956,1.391304347826087,1.0,0.75,0.391304347826087,0.4375,0.43478260869565216,0.375,6,8,77,76,H,1,1,77,76
2016-17,2017-02-22,Round of 16,Porto,Juventus,42,43,1.5476190476190477,1.0238095238095237,1.4883720930232558,0.8837209302325582,0.47619047619047616,0.46511627906976744,0.6190476190476191,0.38095238095238093,10,13,77,77,A,1,1,77,77
2016-17,2017-02-22,Round of 16,Sevilla,Leicester City,12,6,1.25,1.1666666666666667,1.1666666666666667,1.0,0.4166666666666667,0.6666666666666666,0.6666666666666666,0.3333333333333333,10,10,77,77,H,1,1,77,77
2016-17,2017-03-07,Round of 16,Arsenal,Bayern Munich,55,77,1.8727272727272728,1.4,2.3636363636363638,0.974025974025974,0.5272727272727272,0.6753246753246753,0.6296296296296297,0.5,10,12,20,20,A,1,1,20,20
2016-17,2017-03-07,Round of 16,Napoli,Real Madrid,21,81,1.7142857142857142,1.4761904761904763,2.4444444444444446,0.8518518518518519,0.5238095238095238,0.691358024691358,0.7,0.5384615384615384,5,11,20,20,A,1,1,20,20
2016-17,2017-03-08,Round of 16,Barcelona,Paris SG,77,47,2.2987012987012987,0.922077922077922,2.0,0.9574468085106383,0.6623376623376623,0.574468085106383,0.8157894736842105,0.5217391304347826,9,11,22,22,H,1,1,22,22
2016-17,2017-03-08,Round of 16,Dortmund,Benfica,44,51,1.9090909090909092,1.3181818181818181,1.196078431372549,1.2352941176470589,0.5,0.39215686274509803,0.6363636363636364,0.24,10,10,22,22,H,1,1,22,22
2016-17,2017-03-14,Round of 16,Juventus,Porto,44,43,1.5,0.8636363636363636,1.5116279069767442,1.0465116279069768,0.4772727272727273,0.46511627906976744,0.5454545454545454,0.3333333333333333,13,10,20,20,H,1,1,20,20
2016-17,2017-03-14,Round of 16,Leicester City,Sevilla,7,13,1.1428571428571428,1.1428571428571428,1.3076923076923077,1.1538461538461537,0.5714285714285714,0.46153846153846156,1.0,0.16666666666666666,7,10,20,20,H,1,1,20,20
2016-17,2017-03-15,Round of 16,Atlético Madrid,Leverkusen,43,37,1.6046511627906976,0.627906976744186,1.3783783783783783,1.5945945945945945,0.6046511627906976,0.35135135135135137,0.8,0.16666666666666666,12,8,22,22,D,1,1,22,22
2016-17,2017-03-15,Round of 16,Monaco,Manchester City,17,47,1.1176470588235294,1.0,1.702127659574468,1.425531914893617,0.4117647058823529,0.40425531914893614,0.5,0.34782608695652173,7,8,22,22,H,1,1,22,22
2016-17,2017-04-11,Quarter-finals,Juventus,Barcelona,45,78,1.488888888888889,0.8444444444444444,2.3461538461538463,0.9230769230769231,0.4888888888888889,0.6666666666666666,0.5652173913043478,0.5128205128205128,13,9,28,34,H,1,1,28,34
2016-17,2017-04-12,Quarter-finals,Atlético Madrid,Leicester City,44,8,1.5681818181818181,0.6136363636363636,1.25,1.0,0.5909090909090909,0.625,0.7619047619047619,0.25,10,7,28,29,H,1,1,28,29
2016-17,2017-04-12,Quarter-finals,Bayern Munich,Real Madrid,78,82,2.3974358974358974,0.9743589743589743,2.451219512195122,0.8536585365853658,0.6794871794871795,0.6951219512195121,0.8461538461538461,0.55,12,11,36,36,A,1,1,36,36
2016-17,2017-04-12,Quarter-finals,Dortmund,Monaco,45,18,1.9555555555555555,1.288888888888889,1.2222222222222223,1.0,0.5111111111111111,0.4444444444444444,0.6521739130434783,0.3333333333333333,10,9,35,28,A,1,1,35,28
2016-17,2017-04-18,Quarter-finals,Leicester City,Atlético Madrid,9,45,1.1111111111111112,1.0,1.5555555555555556,0.6,0.5555555555555556,0.6,1.0,0.43478260869565216,6,10,6,6,D,1,1,6,6
2016-17,2017-04-18,Quarter-finals,Real Madrid,Bayern Munich,83,79,2.4457831325301207,0.8554216867469879,2.3797468354430378,0.9873417721518988,0.6987951807228916,0.6708860759493671,0.8333333333333334,0.5128205128205128,13,9,6,6,H,1,1,6,6
2016-17,2017-04-19,Quarter-finals,Barcelona,Juventus,79,46,2.3164556962025316,0.9493670886075949,1.5217391304347827,0.8260869565217391,0.6582278481012658,0.5,0.8205128205128205,0.4090909090909091,9,15,8,8,D,1,1,8,8
2016-17,2017-04-19,Quarter-finals,Monaco,Dortmund,19,46,1.3157894736842106,1.0526315789473684,1.9565217391304348,1.326086956521739,0.47368421052631576,0.5,0.5555555555555556,0.36363636363636365,9,7,7,7,H,1,1,7,7
2016-17,2017-05-02,Semi-finals,Real Madrid,Atlético Madrid,84,46,2.4642857142857144,0.8690476190476191,1.5434782608695652,0.6086956521739131,0.7023809523809523,0.5869565217391305,0.8372093023255814,0.4166666666666667,13,8,14,14,H,1,1,14,14
2016-17,2017-05-03,Semi-finals,Monaco,Juventus,20,47,1.4,1.05,1.4893617021276595,0.8085106382978723,0.5,0.48936170212765956,0.6,0.391304347826087,9,13,14,14,A,1,1,14,14
2016-17,2017-05-09,Semi-finals,Juventus,Monaco,48,21,1.5,0.7916666666666666,1.3333333333333333,1.0952380952380953,0.5,0.47619047619047616,0.5833333333333334,0.4,13,9,6,6,H,1,1,6,6
2016-17,2017-05-10,Semi-finals,Atlético Madrid,Real Madrid,47,85,1.5106382978723405,0.6595744680851063,2.4705882352941178,0.8588235294117647,0.574468085106383,0.7058823529411765,0.7727272727272727,0.5609756097560976,8,15,8,8,H,1,1,8,8
2016-17,2017-06-03,Final,Juventus,Real Madrid,49,86,1.510204081632653,0.7959183673469388,2.453488372093023,0.872093023255814,0.5102040816326531,0.6976744186046512,0.6,0.5476190476190477,13,12,25,24,A,1,1,25,24
2017-18,2017-09-12,Group stage,Barcelona,Juventus,80,50,2.2875,0.9375,1.5,0.86,0.65,0.5,0.8,0.4166666666666667,7,10,146,101,H,1,1,146,101
2017-18,2017-09-12,Group stage,Bayern Munich,Anderlecht,80,18,2.375,1.025,0.8888888888888888,2.0,0.6625,0.1111111111111111,0.825,0.0,9,5,147,1008,H,1,1,147,365
2017-18,2017-09-12,Group stage,Benfica,CSKA Moscow,52,32,1.1730769230769231,1.2884615384615385,1.09375,1.96875,0.38461538461538464,0.15625,0.5384615384615384,0.125,7,2,188,279,A,1,1,188,279
2017-18,2017-09-12,Group stage,Celtic,Paris SG,20,48,0.85,2.15,1.9791666666666667,1.0625,0.2,0.5625,0.3,0.5,3,8,280,188,A,1,1,280,188
2017-18,2017-09-12,Group stage,Chelsea,Qarabağ,57,0,1.9649122807017543,0.9122807017543859,0.0,0.0,0.5263157894736842,0.0,0.7142857142857143,0.0,9,0,552,-1,H,1,0,365,0
2017-18,2017-09-12,Group stage,Manchester Utd,Basel,43,34,1.5116279069767442,0.9302325581395349,1.0588235294117647,1.7352941176470589,0.5116279069767442,0.29411764705882354,0.6190476190476191,0.17647058823529413,8,1,644,280,H,1,1,365,280
2017-18,2017-09-12,Group stage,Olympiacos,Sporting CP,32,12,1.40625,1.625,1.4166666666666667,1.6666666666666667,0.5,0.25,0.6875,0.0,9,3,643,279,A,1,1,365,279
2017-18,2017-09-12,Group stage,Roma,Atlético Madrid,22,48,1.4090909090909092,2.3181818181818183,1.5208333333333333,0.6666666666666666,0.22727272727272727,0.5833333333333334,0.36363636363636365,0.4,4,8,553,125,D,1,1,365,125
2017-18,2017-09-13,Group stage,Feyenoord,Manchester City,0,48,0.0,0.0,1.6875,1.4583333333333333,0.0,0.3958333333333333,0.0,0.3333333333333333,0,8,-1,182,A,0,1,0,182
2017-18,2017-09-13,Group stage,Liverpool,Sevilla,6,14,0.8333333333333334,1.5,1.2142857142857142,1.2142857142857142,0.16666666666666666,0.42857142857142855,0.3333333333333333,0.14285714285714285,2,7,1009,183,D,1,1,365,183
2017-18,2017-09-13,Group stage,NK Maribor,Spartak Moscow,6,12,0.6666666666666666,2.1666666666666665,1.1666666666666667,2.0,0.0,0.3333333333333333,0.0,0.3333333333333333,2,3,1008,1743,D,1,1,365,365
2017-18,2017-09-13,Group stage,Porto,Beşiktaş,44,6,1.4772727272727273,1.0454545454545454,1.5,2.3333333333333335,0.45454545454545453,0.16666666666666666,0.5909090909090909,0.3333333333333333,7,6,183,281,A,1,1,183,281
2017-18,2017-09-13,Group stage,RB Leipzig,Monaco,0,22,0.0,0.0,1.3181818181818181,1.1363636363636365,0.0,0.45454545454545453,0.0,0.36363636363636365,0,9,-1,127,D,0,1,0,127
2017-18,2017-09-13,Group stage,Real Madrid,APOEL FC,87,16,2.471264367816092,0.8735632183908046,0.625,1.6875,0.7011494252873564,0.1875,0.8409090909090909,0.0,12,1,102,1008,H,1,1,102,365
2017-18,2017-09-13,Group stage,Shakhtar D.,Napoli,44,22,1.5454545454545454,1.5,1.6818181818181819,1.5454545454545454,0.36363636363636365,0.5,0.4090909090909091,0.36363636363636365,3,5,645,190,H,1,1,365,190
2017-18,2017-09-13,Group stage,Tottenham,Dortmund,16,47,1.5625,1.375,1.9361702127659575,1.3617021276595744,0.375,0.48936170212765956,0.5,0.34782608695652173,7,4,280,147,H,1,1,280,147
2017-18,2017-09-26,Group stage,APOEL FC,Tottenham,17,17,0.5882352941176471,1.7647058823529411,1.6470588235294117,1.3529411764705883,0.17647058823529413,0.4117647058823529,0.375,0.25,0,7,13,13,A,1,1,13,13
2017-18,2017-09-26,Group stage,Beşiktaş,RB Leipzig,7,1,1.7142857142857142,2.142857142857143,1.0,1.0,0.2857142857142857,0.0,0.0,0.0,8,1,13,13,H,1,1,13,13
2017-18,2017-09-26,Group stage,Dortmund,Real Madrid,48,88,1.9166666666666667,1.3958333333333333,2.477272727272727,0.8636363636363636,0.4791666666666667,0.7045454545454546,0.625,0.5581395348837209,3,12,13,13,A,1,1,13,13
2017-18,2017-09-26,Group stage,Manchester City,Shakhtar D.,49,45,1.7346938775510203,1.4285714285714286,1.5555555555555556,1.488888888888889,0.40816326530612246,0.37777777777777777,0.4583333333333333,0.3181818181818182,8,6,13,13,H,1,1,13,13
2017-18,2017-09-26,Group stage,Monaco,Porto,23,45,1.3043478260869565,1.1304347826086956,1.4666666666666666,1.0888888888888888,0.43478260869565216,0.4444444444444444,0.5454545454545454,0.3181818181818182,7,4,13,13,A,1,1,13,13
2017-18,2017-09-26,Group stage,Napoli,Feyenoord,23,1,1.6521739130434783,1.565217391304348,0.0,4.0,0.4782608695652174,0.0,0.6363636363636364,0.0,4,0,13,13,H,1,1,13,13
2017-18,2017-09-26,Group stage,Sevilla,NK Maribor,15,7,1.2666666666666666,1.2666666666666666,0.7142857142857143,2.0,0.4,0.0,0.7142857142857143,0.0,5,2,13,13,H,1,1,13,13
2017-18,2017-09-26,Group stage,Spartak Moscow,Liverpool,13,7,1.1538461538461537,1.9230769230769231,1.0,1.5714285714285714,0.3076923076923077,0.14285714285714285,0.3333333333333333,0.0,4,3,13,13,D,1,1,13,13
2017-18,2017-09-27,Group stage,Anderlecht,Celtic,19,21,0.8421052631578947,2.0526315789473686,0.8095238095238095,2.2857142857142856,0.10526315789473684,0.19047619047619047,0.2222222222222222,0.1,5,2,15,15,A,1,1,15,15
2017-18,2017-09-27,Group stage,Atlético Madrid,Chelsea,49,58,1.489795918367347,0.6530612244897959,2.0344827586206895,0.896551724137931,0.5714285714285714,0.5344827586206896,0.782608695652174,0.3448275862068966,8,9,15,15,A,1,1,15,15
2017-18,2017-09-27,Group stage,Basel,Benfica,35,53,1.0285714285714285,1.7714285714285714,1.169811320754717,1.3018867924528301,0.2857142857142857,0.37735849056603776,0.4117647058823529,0.23076923076923078,1,4,15,15,H,1,1,15,15
2017-18,2017-09-27,Group stage,Juventus,Olympiacos,51,33,1.4705882352941178,0.9019607843137255,1.4242424242424243,1.6666666666666667,0.49019607843137253,0.48484848484848486,0.5769230769230769,0.3125,7,6,15,15,H,1,1,15,15
2017-18,2017-09-27,Group stage,Paris SG,Bayern Munich,49,81,2.0408163265306123,1.0408163265306123,2.382716049382716,1.0123456790123457,0.5714285714285714,0.6666666666666666,0.625,0.5,8,9,15,15,H,1,1,15,15
2017-18,2017-09-27,Group stage,Qarabağ,Roma,1,23,0.0,6.0,1.3478260869565217,2.217391304347826,0.0,0.21739130434782608,0.0,0.09090909090909091,0,2,15,15,A,1,1,15,15
2017-18,2017-09-27,Group stage,Sporting CP,Barcelona,13,81,1.5384615384615385,1.6923076923076923,2.2962962962962963,0.9259259259259259,0.3076923076923077,0.654320987654321,0.5,0.5,3,7,15,15,A,1,1,15,15
2017-18,2017-09-28,Group stage,CSKA Moscow,Manchester Utd,33,44,1.121212121212121,1.9393939393939394,1.5454545454545454,0.9090909090909091,0.18181818181818182,0.5227272727272727,0.1875,0.4090909090909091,5,8,16,16,A,1,1,16,16
2017-18,2017-10-17,Group stage,APOEL FC,Dortmund,18,49,0.5555555555555556,1.8333333333333333,1.8979591836734695,1.4285714285714286,0.16666666666666666,0.46938775510204084,0.3333333333333333,0.3333333333333333,0,3,21,21,D,1,1,21,21
2017-18,2017-10-17,Group stage,Feyenoord,Shakhtar D.,2,46,0.5,3.5,1.5217391304347827,1.5,0.0,0.3695652173913043,0.0,0.30434782608695654,0,6,21,21,A,1,1,21,21
2017-18,2017-10-17,Group stage,Manchester City,Napoli,50,24,1.74,1.4,1.7083333333333333,1.5416666666666667,0.42,0.5,0.48,0.3333333333333333,10,6,21,21,H,1,1,21,21
2017-18,2017-10-17,Group stage,Monaco,Beşiktaş,24,8,1.25,1.2083333333333333,1.75,1.875,0.4166666666666667,0.375,0.5,0.5,4,8,21,21,A,1,1,21,21
2017-18,2017-10-17,Group stage,NK Maribor,Liverpool,8,8,0.625,2.125,1.0,1.5,0.0,0.125,0.0,0.0,2,4,21,21,A,1,1,21,21
2017-18,2017-10-17,Group stage,RB Leipzig,Porto,2,46,0.5,1.5,1.5,1.065217391304348,0.0,0.45652173913043476,0.0,0.34782608695652173,1,6,21,21,H,1,1,21,21
2017-18,2017-10-17,Group stage,Real Madrid,Tottenham,89,18,2.4831460674157304,0.8651685393258427,1.7222222222222223,1.2777777777777777,0.7078651685393258,0.4444444444444444,0.8444444444444444,0.3333333333333333,12,9,21,21,D,1,1,21,21
2017-18,2017-10-17,Group stage,Spartak Moscow,Sevilla,14,16,1.1428571428571428,1.8571428571428572,1.375,1.1875,0.2857142857142857,0.4375,0.2857142857142857,0.125,2,8,21,21,H,1,1,21,21
2017-18,2017-10-18,Group stage,Anderlecht,Paris SG,20,50,0.8,2.1,2.06,1.02,0.1,0.58,0.2,0.52,5,10,21,21,A,1,1,21,21
2017-18,2017-10-18,Group stage,Barcelona,Olympiacos,82,34,2.2804878048780486,0.9146341463414634,1.3823529411764706,1.6764705882352942,0.6585365853658537,0.47058823529411764,0.8048780487804879,0.29411764705882354,10,3,21,21,H,1,1,21,21
2017-18,2017-10-18,Group stage,Bayern Munich,Celtic,82,22,2.3536585365853657,1.0365853658536586,0.9090909090909091,2.1818181818181817,0.6585365853658537,0.22727272727272727,0.8292682926829268,0.18181818181818182,6,5,21,21,H,1,1,21,21
2017-18,2017-10-18,Group stage,Benfica,Manchester Utd,54,45,1.1481481481481481,1.3703703703703705,1.6,0.9111111111111111,0.37037037037037035,0.5333333333333333,0.5185185185185185,0.43478260869565216,3,10,21,20,A,1,1,21,20
2017-18,2017-10-18,Group stage,CSKA Moscow,Basel,34,36,1.1176470588235294,2.0,1.1388888888888888,1.7222222222222223,0.17647058823529413,0.3055555555555556,0.17647058823529413,0.16666666666666666,4,4,20,21,A,1,1,20,21
2017-18,2017-10-18,Group stage,Chelsea,Roma,59,24,2.0338983050847457,0.8983050847457628,1.375,2.1666666666666665,0.5423728813559322,0.25,0.7241379310344828,0.16666666666666666,9,5,21,21,D,1,1,21,21
2017-18,2017-10-18,Group stage,Juventus,Sporting CP,52,14,1.4807692307692308,0.8846153846153846,1.4285714285714286,1.6428571428571428,0.5,0.2857142857142857,0.5925925925925926,0.14285714285714285,9,3,21,21,H,1,1,21,21
2017-18,2017-10-18,Group stage,Qarabağ,Atlético Madrid,2,50,0.5,4.0,1.48,0.68,0.0,0.56,0.0,0.38461538461538464,0,5,21,21,D,1,1,21,21
2017-18,2017-10-31,Group stage,Atlético Madrid,Qarabağ,51,3,1.4509803921568627,0.6666666666666666,0.3333333333333333,2.6666666666666665,0.5490196078431373,0.0,0.75,0.0,5,1,13,13,D,1,1,13,13
2017-18,2017-10-31,Group stage,Basel,CSKA Moscow,37,35,1.162162162162162,1.6756756756756757,1.0857142857142856,2.0,0.32432432432432434,0.17142857142857143,0.4444444444444444,0.17647058823529413,7,4,13,13,A,1,1,13,13
2017-18,2017-10-31,Group stage,Celtic,Bayern Munich,23,83,0.8695652173913043,2.217391304347826,2.36144578313253,1.0240963855421688,0.21739130434782608,0.6626506024096386,0.2727272727272727,0.4878048780487805,4,6,13,13,A,1,1,13,13
2017-18,2017-10-31,Group stage,Manchester Utd,Benfica,46,55,1.5869565217391304,0.8913043478260869,1.1272727272727272,1.3636363636363635,0.5434782608695652,0.36363636363636365,0.6363636363636364,0.2222222222222222,10,3,13,13,H,1,1,13,13
2017-18,2017-10-31,Group stage,Olympiacos,Barcelona,35,83,1.3714285714285714,1.7142857142857142,2.289156626506024,0.9156626506024096,0.45714285714285713,0.6626506024096386,0.6470588235294118,0.5121951219512195,0,10,13,13,D,1,1,13,13
2017-18,2017-10-31,Group stage,Paris SG,Anderlecht,51,21,2.0980392156862746,1.0,0.7619047619047619,2.1904761904761907,0.5882352941176471,0.09523809523809523,0.64,0.0,12,4,13,13,H,1,1,13,13
2017-18,2017-10-31,Group stage,Roma,Chelsea,25,60,1.44,2.2,2.05,0.9333333333333333,0.24,0.5333333333333333,0.3333333333333333,0.36666666666666664,5,7,13,13,H,1,1,13,13
2017-18,2017-10-31,Group stage,Sporting CP,Juventus,15,53,1.4,1.6666666666666667,1.490566037735849,0.8867924528301887,0.26666666666666666,0.5094339622641509,0.42857142857142855,0.4,3,9,13,13,D,1,1,13,13
2017-18,2017-11-01,Group stage,Beşiktaş,Monaco,9,25,1.7777777777777777,1.7777777777777777,1.24,1.24,0.4444444444444444,0.4,0.25,0.3333333333333333,10,1,15,15,D,1,1,15,15
2017-18,2017-11-01,Group stage,Dortmund,APOEL FC,50,19,1.88,1.42,0.5789473684210527,1.7894736842105263,0.46,0.15789473684210525,0.6,0.0,1,1,15,15,D,1,1,15,15
2017-18,2017-11-01,Group stage,Liverpool,NK Maribor,9,9,1.6666666666666667,1.3333333333333333,0.5555555555555556,2.6666666666666665,0.2222222222222222,0.0,0.25,0.0,7,1,15,15,H,1,1,15,15
2017-18,2017-11-01,Group stage,Napoli,Manchester City,25,51,1.68,1.56,1.7450980392156863,1.392156862745098,0.48,0.43137254901960786,0.6666666666666666,0.36,3,12,15,15,A,1,1,15,15
2017-18,2017-11-01,Group stage,Porto,RB Leipzig,47,3,1.5106382978723405,1.1063829787234043,1.3333333333333333,1.6666666666666667,0.44680851063829785,0.3333333333333333,0.5652173913043478,0.0,3,4,15,15,H,1,1,15,15
2017-18,2017-11-01,Group stage,Sevilla,Spartak Moscow,17,15,1.3529411764705883,1.411764705882353,1.4,1.8,0.4117647058823529,0.3333333333333333,0.75,0.2857142857142857,7,5,15,15,H,1,1,15,15
2017-18,2017-11-01,Group stage,Shakhtar D.,Feyenoord,47,3,1.5319148936170213,1.4893617021276595,0.6666666666666666,3.0,0.3829787234042553,0.0,0.43478260869565216,0.0,6,0,15,15,H,1,1,15,15
2017-18,2017-11-01,Group stage,Tottenham,Real Madrid,19,90,1.6842105263157894,1.263157894736842,2.466666666666667,0.8666666666666667,0.42105263157894735,0.7,0.5555555555555556,0.5681818181818182,10,10,15,15,H,1,1,15,15
2017-18,2017-11-21,Group stage,APOEL FC,Real Madrid,20,91,0.6,1.75,2.4505494505494507,0.8901098901098901,0.15,0.6923076923076923,0.3,0.5555555555555556,2,10,20,20,A,1,1,20,20
2017-18,2017-11-21,Group stage,Beşiktaş,Porto,10,48,1.7,1.7,1.5416666666666667,1.1041666666666667,0.4,0.4583333333333333,0.2,0.3333333333333333,10,6,20,20,D,1,1,20,20
2017-18,2017-11-21,Group stage,Dortmund,Tottenham,51,20,1.8627450980392157,1.411764705882353,1.75,1.25,0.45098039215686275,0.45,0.5769230769230769,0.3,2,13,20,20,A,1,1,20,20
2017-18,2017-11-21,Group stage,Manchester City,Feyenoord,52,4,1.7884615384615385,1.4038461538461537,0.75,3.0,0.4423076923076923,0.0,0.5,0.0,12,0,20,20,H,1,1,20,20
2017-18,2017-11-21,Group stage,Monaco,RB Leipzig,26,4,1.2307692307692308,1.2307692307692308,1.25,2.0,0.38461538461538464,0.25,0.46153846153846156,0.0,2,4,20,20,A,1,1,20,20
2017-18,2017-11-21,Group stage,Napoli,Shakhtar D.,26,48,1.6923076923076923,1.6538461538461537,1.5625,1.4791666666666667,0.46153846153846156,0.3958333333333333,0.6153846153846154,0.3333333333333333,3,9,20,20,H,1,1,20,20
2017-18,2017-11-21,Group stage,Sevilla,Liverpool,18,10,1.3888888888888888,1.3888888888888888,1.8,1.2,0.4444444444444444,0.3,0.7777777777777778,0.2,7,9,20,20,D,1,1,20,20
2017-18,2017-11-21,Group stage,Spartak Moscow,NK Maribor,16,10,1.375,1.8125,0.5,2.7,0.3125,0.0,0.375,0.0,5,1,20,20,D,1,1,20,20
2017-18,2017-11-22,Group stage,Anderlecht,Bayern Munich,22,84,0.7272727272727273,2.3181818181818183,2.357142857142857,1.0238095238095237,0.09090909090909091,0.6666666666666666,0.18181818181818182,0.5,1,9,22,22,A,1,1,22,22
2017-18,2017-11-22,Group stage,Atlético Madrid,Roma,52,26,1.4423076923076923,0.6730769230769231,1.5,2.1153846153846154,0.5384615384615384,0.2692307692307692,0.72,0.15384615384615385,6,8,22,22,H,1,1,22,22
2017-18,2017-11-22,Group stage,Basel,Manchester Utd,38,47,1.1578947368421053,1.6842105263157894,1.5957446808510638,0.8723404255319149,0.3157894736842105,0.5531914893617021,0.42105263157894735,0.4583333333333333,6,12,22,22,H,1,1,22,22
2017-18,2017-11-22,Group stage,CSKA Moscow,Benfica,36,56,1.1111111111111112,1.9722222222222223,1.1071428571428572,1.375,0.19444444444444445,0.35714285714285715,0.16666666666666666,0.21428571428571427,6,0,22,22,H,1,1,22,22
2017-18,2017-11-22,Group stage,Juventus,Barcelona,54,84,1.4814814814814814,0.8888888888888888,2.261904761904762,0.9047619047619048,0.5,0.6547619047619048,0.6071428571428571,0.5,7,11,22,22,D,1,1,22,22
2017-18,2017-11-22,Group stage,Paris SG,Celtic,52,24,2.1538461538461537,0.9807692307692307,0.875,2.2083333333333335,0.5961538461538461,0.20833333333333334,0.6538461538461539,0.16666666666666666,12,4,22,22,H,1,1,22,22
2017-18,2017-11-22,Group stage,Qarabağ,Chelsea,4,61,0.5,2.25,2.0163934426229506,0.9672131147540983,0.0,0.5245901639344263,0.0,0.3548387096774194,2,7,22,22,A,1,1,22,22
2017-18,2017-11-22,Group stage,Sporting CP,Olympiacos,16,36,1.375,1.625,1.3333333333333333,1.6666666666666667,0.25,0.4444444444444444,0.375,0.2777777777777778,4,1,22,22,H,1,1,22,22
2017-18,2017-12-05,Group stage,Barcelona,Sporting CP,85,17,2.235294117647059,0.8941176470588236,1.4705882352941178,1.588235294117647,0.6470588235294118,0.29411764705882354,0.8095238095238095,0.125,11,7,13,13,H,1,1,13,13
2017-18,2017-12-05,Group stage,Bayern Munich,Paris SG,85,53,2.3529411764705883,1.0235294117647058,2.2452830188679247,0.9811320754716981,0.6705882352941176,0.6037735849056604,0.8333333333333334,0.5384615384615384,12,15,13,13,H,1,1,13,13
2017-18,2017-12-05,Group stage,Benfica,Basel,57,39,1.087719298245614,1.3859649122807018,1.1538461538461537,1.641025641025641,0.3508771929824561,0.3333333333333333,0.5,0.21052631578947367,0,9,13,13,A,1,1,13,13
2017-18,2017-12-05,Group stage,Celtic,Anderlecht,25,23,0.88,2.4,0.7391304347826086,2.3043478260869565,0.2,0.08695652173913043,0.25,0.0,3,0,13,13,A,1,1,13,13
2017-18,2017-12-05,Group stage,Chelsea,Atlético Madrid,62,53,2.0483870967741935,0.9516129032258065,1.4528301886792452,0.660377358490566,0.532258064516129,0.5471698113207547,0.7,0.37037037037037035,10,6,13,13,D,1,1,13,13
2017-18,2017-12-05,Group stage,Manchester Utd,CSKA Moscow,48,37,1.5625,0.875,1.135135135135135,1.9189189189189189,0.5416666666666666,0.21621621621621623,0.6521739130434783,0.2222222222222222,12,9,13,13,H,1,1,13,13
2017-18,2017-12-05,Group stage,Olympiacos,Juventus,37,55,1.3243243243243243,1.7027027027027026,1.4545454545454546,0.8727272727272727,0.43243243243243246,0.4909090909090909,0.6111111111111112,0.38461538461538464,1,8,13,13,A,1,1,13,13
2017-18,2017-12-05,Group stage,Roma,Qarabağ,27,5,1.4444444444444444,2.111111111111111,0.4,2.6,0.25925925925925924,0.0,0.38461538461538464,0.0,8,2,13,13,H,1,1,13,13
2017-18,2017-12-06,Group stage,Feyenoord,Napoli,5,27,0.6,2.6,1.7407407407407407,1.5925925925925926,0.0,0.48148148148148145,0.0,0.3076923076923077,0,6,15,15,H,1,1,15,15
2017-18,2017-12-06,Group stage,Liverpool,Spartak Moscow,11,17,1.9090909090909092,1.3636363636363635,1.3529411764705883,1.7647058823529411,0.2727272727272727,0.29411764705882354,0.4,0.25,9,6,15,15,H,1,1,15,15
2017-18,2017-12-06,Group stage,NK Maribor,Sevilla,11,19,0.5454545454545454,2.5454545454545454,1.4736842105263157,1.4736842105263157,0.0,0.42105263157894735,0.0,0.1111111111111111,2,8,15,15,D,1,1,15,15
2017-18,2017-12-06,Group stage,Porto,Monaco,49,27,1.530612244897959,1.1020408163265305,1.2222222222222223,1.3333333333333333,0.4489795918367347,0.37037037037037035,0.5833333333333334,0.3076923076923077,7,2,15,15,H,1,1,15,15
2017-18,2017-12-06,Group stage,RB Leipzig,Beşiktaş,5,11,1.8,1.8,1.6363636363636365,1.6363636363636365,0.4,0.36363636363636365,0.5,0.6,7,11,15,15,A,1,1,15,15
2017-18,2017-12-06,Group stage,Real Madrid,Dortmund,92,52,2.489130434782609,0.8804347826086957,1.8461538461538463,1.4230769230769231,0.6956521739130435,0.4423076923076923,0.8260869565217391,0.32,10,2,15,15,H,1,1,15,15
2017-18,2017-12-06,Group stage,Shakhtar D.,Manchester City,49,53,1.530612244897959,1.510204081632653,1.7735849056603774,1.3773584905660377,0.3877551020408163,0.4528301886792453,0.4583333333333333,0.38461538461538464,9,15,15,15,H,1,1,15,15
2017-18,2017-12-06,Group stage,Tottenham,APOEL FC,21,21,1.7619047619047619,1.2380952380952381,0.5714285714285714,1.9523809523809523,0.47619047619047616,0.14285714285714285,0.6,0.0,13,2,15,15,H,1,1,15,15
2017-18,2018-02-13,Round of 16,Basel,Manchester City,40,54,1.175,1.6,1.7592592592592593,1.3888888888888888,0.35,0.4444444444444444,0.45,0.37037037037037035,12,12,70,69,A,1,1,70,69
2017-18,2018-02-13,Round of 16,Juventus,Tottenham,56,22,1.4642857142857142,0.8571428571428571,1.8181818181818181,1.1818181818181819,0.5,0.5,0.5862068965517241,0.36363636363636365,11,13,70,69,D,1,1,70,69
2017-18,2018-02-14,Round of 16,Porto,Liverpool,50,12,1.6,1.12,2.3333333333333335,1.25,0.46,0.3333333333333333,0.6,0.16666666666666666,10,11,70,70,A,1,1,70,70
2017-18,2018-02-14,Round of 16,Real Madrid,Paris SG,93,54,2.4946236559139785,0.8924731182795699,2.2222222222222223,1.0185185185185186,0.6989247311827957,0.5925925925925926,0.8297872340425532,0.5185185185185185,10,12,70,71,H,1,1,70,71
2017-18,2018-02-20,Round of 16,Bayern Munich,Beşiktaş,86,12,2.36046511627907,1.0232558139534884,1.6666666666666667,1.5833333333333333,0.6744186046511628,0.4166666666666667,0.8372093023255814,0.6666666666666666,12,11,77,76,H,1,1,77,76
2017-18,2018-02-20,Round of 16,Chelsea,Barcelona,63,86,2.0317460317460316,0.9523809523809523,2.2325581395348837,0.8837209302325582,0.5238095238095238,0.6511627906976745,0.6774193548387096,0.4883720930232558,8,11,77,77,D,1,1,77,77
2017-18,2018-02-21,Round of 16,Sevilla,Manchester Utd,20,49,1.45,1.45,1.5714285714285714,0.8775510204081632,0.4,0.5510204081632653,0.7,0.44,8,12,77,78,D,1,1,77,78
2017-18,2018-02-21,Round of 16,Shakhtar D.,Roma,50,28,1.54,1.5,1.4285714285714286,2.0357142857142856,0.4,0.2857142857142857,0.48,0.14285714285714285,9,10,77,78,H,1,1,77,78
2017-18,2018-03-06,Round of 16,Liverpool,Porto,13,51,2.5384615384615383,1.1538461538461537,1.5686274509803921,1.196078431372549,0.38461538461538464,0.45098039215686275,0.5,0.32,13,7,20,20,D,1,1,20,20
2017-18,2018-03-06,Round of 16,Paris SG,Real Madrid,55,94,2.2,1.0545454545454545,2.5,0.8936170212765957,0.5818181818181818,0.7021276595744681,0.6666666666666666,0.5652173913043478,9,10,20,20,A,1,1,20,20
2017-18,2018-03-07,Round of 16,Manchester City,Basel,55,41,1.8,1.3636363636363635,1.146341463414634,1.6585365853658536,0.45454545454545453,0.34146341463414637,0.5185185185185185,0.25,12,9,22,22,A,1,1,22,22
2017-18,2018-03-07,Round of 16,Tottenham,Juventus,23,57,1.826086956521739,1.2173913043478262,1.4736842105263157,0.8771929824561403,0.4782608695652174,0.49122807017543857,0.6363636363636364,0.4074074074074074,11,9,22,22,A,1,1,22,22
2017-18,2018-03-13,Round of 16,Manchester Utd,Sevilla,50,21,1.54,0.86,1.380952380952381,1.380952380952381,0.54,0.38095238095238093,0.6666666666666666,0.1,10,6,20,20,A,1,1,20,20
2017-18,2018-03-13,Round of 16,Roma,Shakhtar D.,29,51,1.4137931034482758,2.0344827586206895,1.5490196078431373,1.4901960784313726,0.27586206896551724,0.4117647058823529,0.42857142857142855,0.32,7,12,20,20,H,1,1,20,20
2017-18,2018-03-14,Round of 16,Barcelona,Chelsea,87,64,2.218390804597701,0.8850574712643678,2.015625,0.953125,0.6436781609195402,0.515625,0.813953488372093,0.375,9,6,22,22,H,1,1,22,22
2017-18,2018-03-14,Round of 16,Beşiktaş,Bayern Munich,13,87,1.5384615384615385,1.8461538461538463,2.3908045977011496,1.0114942528735633,0.38461538461538464,0.6781609195402298,0.16666666666666666,0.5116279069767442,8,15,22,22,A,1,1,22,22
2017-18,2018-04-03,Quarter-finals,Juventus,Real Madrid,58,95,1.4827586206896552,0.8793103448275862,2.4947368421052634,0.8947368421052632,0.5,0.7052631578947368,0.5666666666666667,0.574468085106383,9,12,27,28,A,1,1,27,28
2017-18,2018-04-03,Quarter-finals,Sevilla,Bayern Munich,22,88,1.4090909090909092,1.3636363636363635,2.397727272727273,1.0113636363636365,0.4090909090909091,0.6818181818181818,0.6363636363636364,0.5227272727272727,9,15,21,20,A,1,1,21,20
2017-18,2018-04-04,Quarter-finals,Barcelona,Roma,88,30,2.227272727272727,0.875,1.4,1.9666666666666666,0.6477272727272727,0.3,0.8181818181818182,0.13333333333333333,9,9,21,22,H,1,1,21,22
2017-18,2018-04-04,Quarter-finals,Liverpool,Manchester City,14,56,2.357142857142857,1.0714285714285714,1.7857142857142858,1.375,0.35714285714285715,0.44642857142857145,0.42857142857142855,0.39285714285714285,11,9,29,28,H,1,1,29,28
2017-18,2018-04-10,Quarter-finals,Manchester City,Liverpool,57,15,1.7543859649122806,1.4035087719298245,2.4,1.0,0.43859649122807015,0.4,0.5,0.2857142857142857,6,11,6,6,A,1,1,6,6
2017-18,2018-04-10,Quarter-finals,Roma,Barcelona,31,89,1.3870967741935485,2.032258064516129,2.247191011235955,0.8764044943820225,0.2903225806451613,0.651685393258427,0.4666666666666667,0.4772727272727273,6,11,6,6,H,1,1,6,6
2017-18,2018-04-11,Quarter-finals,Bayern Munich,Sevilla,89,23,2.393258426966292,1.0112359550561798,1.391304347826087,1.391304347826087,0.6853932584269663,0.391304347826087,0.8409090909090909,0.18181818181818182,15,6,8,8,D,1,1,8,8
2017-18,2018-04-11,Quarter-finals,Real Madrid,Juventus,96,59,2.5,0.8854166666666666,1.4576271186440677,0.9152542372881356,0.7083333333333334,0.4915254237288136,0.8333333333333334,0.42857142857142855,15,8,8,8,A,1,1,8,8
2017-18,2018-04-24,Semi-finals,Liverpool,Roma,16,32,2.375,1.0,1.4375,1.96875,0.4375,0.3125,0.5,0.125,13,9,14,14,H,1,1,14,14
2017-18,2018-04-25,Semi-finals,Bayern Munich,Real Madrid,90,97,2.3666666666666667,1.0,2.484536082474227,0.9072164948453608,0.6777777777777778,0.7010309278350515,0.8222222222222222,0.5833333333333334,13,12,14,14,A,1,1,14,14
2017-18,2018-05-01,Semi-finals,Real Madrid,Bayern Munich,98,91,2.479591836734694,0.9081632653061225,2.3516483516483517,1.010989010989011,0.7040816326530612,0.6703296703296703,0.8163265306122449,0.5333333333333333,12,10,6,6,D,1,1,6,6
2017-18,2018-05-02,Semi-finals,Roma,Liverpool,33,17,1.4545454545454546,2.0606060606060606,2.5294117647058822,1.0588235294117647,0.30303030303030304,0.47058823529411764,0.5,0.375,6,13,8,8,H,1,1,8,8
2017-18,2018-05-26,Final,Real Madrid,Liverpool,99,18,2.474747474747475,0.9191919191919192,2.5,1.2222222222222223,0.696969696969697,0.4444444444444444,0.8,0.3333333333333333,10,10,25,24,H,1,1,25,24
2018-19,2018-09-18,Group stage,Barcelona,PSV,90,14,2.2222222222222223,0.9,0.8571428571428571,1.2857142857142858,0.6444444444444445,0.21428571428571427,0.8222222222222222,0.0,10,2,161,651,H,1,1,161,365
2018-19,2018-09-18,Group stage,Club Brugge,Dortmund,6,53,0.3333333333333333,2.3333333333333335,1.849056603773585,1.4528301886792452,0.0,0.4339622641509434,0.0,0.3076923076923077,0,2,650,286,A,1,1,365,286
2018-19,2018-09-18,Group stage,Galatasaray,Loko Moscow,30,0,1.1,2.0,0.0,0.0,0.26666666666666666,0.0,0.3333333333333333,0.0,5,0,1015,-1,H,1,0,365,0
2018-19,2018-09-18,Group stage,Inter,Tottenham,18,24,1.5555555555555556,1.6666666666666667,1.7916666666666667,1.25,0.4444444444444444,0.4583333333333333,0.5555555555555556,0.3333333333333333,7,10,2380,195,H,1,1,365,195
2018-19,2018-09-18,Group stage,Liverpool,Paris SG,19,56,2.4210526315789473,1.3157894736842106,2.1785714285714284,1.0714285714285714,0.42105263157894735,0.5714285714285714,0.5555555555555556,0.5,9,6,115,196,H,1,1,115,196
2018-19,2018-09-18,Group stage,Monaco,Atlético Madrid,28,54,1.25,1.4642857142857142,1.4444444444444444,0.6666666666666666,0.35714285714285715,0.5370370370370371,0.42857142857142855,0.35714285714285715,1,6,286,287,A,1,1,286,287
2018-19,2018-09-18,Group stage,Red Star,Napoli,0,28,0.0,0.0,1.7142857142857142,1.6071428571428572,0.0,0.4642857142857143,0.0,0.2857142857142857,0,6,-1,286,D,0,1,0,286
2018-19,2018-09-18,Group stage,Schalke 04,Porto,36,52,1.5555555555555556,1.6111111111111112,1.5384615384615385,1.1730769230769231,0.4444444444444444,0.4423076923076923,0.5,0.3076923076923077,6,8,1288,196,D,1,1,365,196
2018-19,2018-09-19,Group stage,Ajax,AEK Athens,30,0,1.1,1.6666666666666667,0.0,0.0,0.26666666666666666,0.0,0.4,0.0,4,0,1379,-1,H,1,0,365,0
2018-19,2018-09-19,Group stage,Benfica,Bayern Munich,58,92,1.0689655172413792,1.396551724137931,2.347826086956522,1.0217391304347827,0.3448275862068966,0.6630434782608695,0.4827586206896552,0.5217391304347826,0,8,288,141,A,1,1,288,141
2018-19,2018-09-19,Group stage,Manchester City,Lyon,58,28,1.7413793103448276,1.4137931034482758,1.1428571428571428,1.2142857142857142,0.43103448275862066,0.32142857142857145,0.4827586206896552,0.2857142857142857,3,5,162,651,A,1,1,162,365
2018-19,2018-09-19,Group stage,Real Madrid,Roma,100,34,2.48,0.92,1.5294117647058822,2.0588235294117645,0.7,0.3235294117647059,0.803921568627451,0.11764705882352941,10,9,116,140,H,1,1,116,140
2018-19,2018-09-19,Group stage,Shakhtar D.,Hoffenheim,52,0,1.5192307692307692,1.4807692307692308,0.0,0.0,0.40384615384615385,0.0,0.5,0.0,9,0,190,-1,D,1,0,190,0
2018-19,2018-09-19,Group stage,Valencia,Juventus,28,60,1.7142857142857142,1.1428571428571428,1.4833333333333334,0.9166666666666666,0.39285714285714285,0.5,0.5,0.4482758620689655,6,10,1015,161,A,1,1,365,161
2018-19,2018-09-19,Group stage,Viktoria Plzeň,CSKA Moscow,12,38,0.8333333333333334,2.3333333333333335,1.131578947368421,1.9210526315789473,0.16666666666666666,0.21052631578947367,0.16666666666666666,0.21052631578947367,3,6,1744,288,D,1,1,365,288
2018-19,2018-09-19,Group stage,Young Boys,Manchester Utd,0,51,0.0,0.0,1.5294117647058822,0.8823529411764706,0.0,0.5294117647058824,0.0,0.4230769230769231,0,7,-1,190,A,0,1,0,190
2018-19,2018-10-02,Group stage,AEK Athens,Benfica,1,59,0.0,3.0,1.0508474576271187,1.4067796610169492,0.0,0.3389830508474576,0.0,0.20689655172413793,0,0,13,13,A,1,1,13,13
2018-19,2018-10-02,Group stage,Bayern Munich,Ajax,93,31,2.3440860215053765,1.010752688172043,1.1612903225806452,1.6129032258064515,0.6666666666666666,0.2903225806451613,0.8043478260869565,0.13333333333333333,8,6,13,13,D,1,1,13,13
2018-19,2018-10-02,Group stage,CSKA Moscow,Real Madrid,39,101,1.1538461538461537,1.9230769230769231,2.485148514851485,0.9108910891089109,0.20512820512820512,0.7029702970297029,0.21052631578947367,0.5918367346938775,7,10,13,13,H,1,1,13,13
2018-19,2018-10-02,Group stage,Hoffenheim,Manchester City,1,59,2.0,2.0,1.728813559322034,1.423728813559322,0.0,0.423728813559322,0.0,0.3793103448275862,1,3,13,13,A,1,1,13,13
2018-19,2018-10-02,Group stage,Juventus,Young Boys,61,1,1.4918032786885247,0.9016393442622951,0.0,3.0,0.5081967213114754,0.0,0.5483870967741935,0.0,10,0,13,13,H,1,1,13,13
2018-19,2018-10-02,Group stage,Lyon,Shakhtar D.,29,53,1.1724137931034482,1.206896551724138,1.528301886792453,1.490566037735849,0.3448275862068966,0.39622641509433965,0.35714285714285715,0.3076923076923077,8,7,13,13,D,1,1,13,13
2018-19,2018-10-02,Group stage,Manchester Utd,Valencia,52,29,1.5576923076923077,0.8653846153846154,1.6551724137931034,1.1724137931034482,0.5384615384615384,0.3793103448275862,0.64,0.2857142857142857,7,3,13,13,D,1,1,13,13
2018-19,2018-10-02,Group stage,Roma,Viktoria Plzeň,35,13,1.4857142857142858,2.085714285714286,0.9230769230769231,2.3076923076923075,0.3142857142857143,0.15384615384615385,0.5294117647058824,0.16666666666666666,6,4,13,13,H,1,1,13,13
2018-19,2018-10-03,Group stage,Atlético Madrid,Club Brugge,55,7,1.4545454545454546,0.6727272727272727,0.2857142857142857,2.142857142857143,0.5454545454545454,0.0,0.7307692307692307,0.0,9,0,15,15,H,1,1,15,15
2018-19,2018-10-03,Group stage,Dortmund,Monaco,54,29,1.8333333333333333,1.4259259259259258,1.2413793103448276,1.4827586206896552,0.4444444444444444,0.3448275862068966,0.5555555555555556,0.2857142857142857,5,1,15,15,H,1,1,15,15
2018-19,2018-10-03,Group stage,Loko Moscow,Schalke 04,1,37,0.0,3.0,1.5405405405405406,1.5945945945945945,0.0,0.43243243243243246,0.0,0.3888888888888889,0,7,15,15,A,1,1,15,15
2018-19,2018-10-03,Group stage,Napoli,Liverpool,29,20,1.6551724137931034,1.5517241379310345,2.45,1.35,0.4482758620689655,0.45,0.6428571428571429,0.3,4,9,15,15,H,1,1,15,15
2018-19,2018-10-03,Group stage,PSV,Inter,15,19,0.8,1.4666666666666666,1.5789473684210527,1.631578947368421,0.2,0.47368421052631576,0.42857142857142855,0.3333333333333333,1,7,15,15,A,1,1,15,15
2018-19,2018-10-03,Group stage,Paris SG,Red Star,57,1,2.175438596491228,1.105263157894737,0.0,0.0,0.5614035087719298,0.0,0.6428571428571429,0.0,3,1,15,15,H,1,1,15,15
2018-19,2018-10-03,Group stage,Porto,Galatasaray,53,31,1.528301886792453,1.169811320754717,1.1612903225806452,1.935483870967742,0.4339622641509434,0.2903225806451613,0.5769230769230769,0.2,6,7,15,15,H,1,1,15,15
2018-19,2018-10-03,Group stage,Tottenham,Barcelona,25,91,1.76,1.28,2.241758241758242,0.8901098901098901,0.44,0.6483516483516484,0.5833333333333334,0.4666666666666667,7,10,15,15,A,1,1,15,15
2018-19,2018-10-23,Group stage,AEK Athens,Bayern Munich,2,94,1.0,3.0,2.3297872340425534,1.0106382978723405,0.0,0.6595744680851063,0.0,0.5319148936170213,0,6,21,21,A,1,1,21,21
2018-19,2018-10-23,Group stage,Ajax,Benfica,32,60,1.15625,1.59375,1.0833333333333333,1.4166666666666667,0.28125,0.35,0.4375,0.23333333333333334,7,3,21,21,H,1,1,21,21
2018-19,2018-10-23,Group stage,Hoffenheim,Lyon,2,30,1.5,2.0,1.2,1.2333333333333334,0.0,0.3333333333333333,0.0,0.3333333333333333,1,9,21,21,D,1,1,21,21
2018-19,2018-10-23,Group stage,Manchester Utd,Juventus,53,62,1.528301886792453,0.8490566037735849,1.5161290322580645,0.8870967741935484,0.5283018867924528,0.5161290322580645,0.6153846153846154,0.4666666666666667,8,12,21,21,A,1,1,21,21
2018-19,2018-10-23,Group stage,Real Madrid,Viktoria Plzeň,102,14,2.4607843137254903,0.9117647058823529,0.8571428571428571,2.5,0.696078431372549,0.14285714285714285,0.8076923076923077,0.14285714285714285,10,4,21,21,H,1,1,21,21
2018-19,2018-10-23,Group stage,Roma,CSKA Moscow,36,40,1.5833333333333333,2.0277777777777777,1.15,1.875,0.3333333333333333,0.225,0.5555555555555556,0.2,9,10,21,21,H,1,1,21,21
2018-19,2018-10-23,Group stage,Shakhtar D.,Manchester City,54,60,1.537037037037037,1.5,1.7333333333333334,1.4166666666666667,0.3888888888888889,0.43333333333333335,0.48148148148148145,0.4,8,3,21,21,A,1,1,21,21
2018-19,2018-10-23,Group stage,Young Boys,Valencia,2,30,0.0,3.0,1.6,1.1333333333333333,0.0,0.36666666666666664,0.0,0.26666666666666666,0,1,21,21,D,1,1,21,21
2018-19,2018-10-24,Group stage,Barcelona,Inter,92,20,2.260869565217391,0.9021739130434783,1.6,1.6,0.6521739130434783,0.5,0.8260869565217391,0.4,12,9,21,21,H,1,1,21,21
2018-19,2018-10-24,Group stage,Club Brugge,Monaco,8,30,0.375,2.25,1.2,1.5333333333333334,0.0,0.3333333333333333,0.0,0.26666666666666666,0,1,21,21,D,1,1,21,21
2018-19,2018-10-24,Group stage,Dortmund,Atlético Madrid,55,56,1.8545454545454545,1.4,1.4821428571428572,0.6785714285714286,0.45454545454545453,0.5535714285714286,0.5714285714285714,0.3793103448275862,7,11,21,21,H,1,1,21,21
2018-19,2018-10-24,Group stage,Galatasaray,Schalke 04,32,38,1.125,1.90625,1.5263157894736843,1.5526315789473684,0.28125,0.4473684210526316,0.375,0.42105263157894735,4,10,21,21,D,1,1,21,21
2018-19,2018-10-24,Group stage,Liverpool,Red Star,21,2,2.3333333333333335,1.3333333333333333,0.5,3.0,0.42857142857142855,0.0,0.6,0.0,6,1,21,21,H,1,1,21,21
2018-19,2018-10-24,Group stage,Loko Moscow,Porto,2,54,0.0,2.0,1.5185185185185186,1.1481481481481481,0.0,0.4444444444444444,0.0,0.2962962962962963,0,8,21,21,A,1,1,21,21
2018-19,2018-10-24,Group stage,PSV,Tottenham,16,26,0.8125,1.5,1.7692307692307692,1.3846153846153846,0.1875,0.4230769230769231,0.375,0.3076923076923077,1,4,21,21,D,1,1,21,21
2018-19,2018-10-24,Group stage,Paris SG,Napoli,58,30,2.2413793103448274,1.103448275862069,1.6333333333333333,1.5,0.5689655172413793,0.4666666666666667,0.6551724137931034,0.26666666666666666,3,7,21,21,D,1,1,21,21
2018-19,2018-11-06,Group stage,Atlético Madrid,Dortmund,57,56,1.456140350877193,0.7368421052631579,1.8928571428571428,1.375,0.543859649122807,0.4642857142857143,0.7407407407407407,0.3333333333333333,10,9,13,13,H,1,1,13,13
2018-19,2018-11-06,Group stage,Inter,Barcelona,21,93,1.5238095238095237,1.619047619047619,2.2580645161290325,0.8924731182795699,0.47619047619047616,0.6559139784946236,0.6,0.4782608695652174,9,12,13,13,D,1,1,13,13
2018-19,2018-11-06,Group stage,Monaco,Club Brugge,31,9,1.1935483870967742,1.5161290322580645,0.4444444444444444,2.111111111111111,0.3225806451612903,0.0,0.4,0.0,1,1,13,13,A,1,1,13,13
2018-19,2018-11-06,Group stage,Napoli,Paris SG,31,59,1.6451612903225807,1.5161290322580645,2.23728813559322,1.11864406779661,0.45161290322580644,0.559322033898305,0.6666666666666666,0.4827586206896552,8,4,13,13,D,1,1,13,13
2018-19,2018-11-06,Group stage,Porto,Loko Moscow,55,3,1.5454545454545454,1.1454545454545455,0.3333333333333333,2.3333333333333335,0.45454545454545453,0.0,0.5925925925925926,0.0,8,0,13,13,H,1,1,13,13
2018-19,2018-11-06,Group stage,Red Star,Liverpool,3,22,0.3333333333333333,3.3333333333333335,2.409090909090909,1.2727272727272727,0.0,0.45454545454545453,0.0,0.2727272727272727,1,6,13,13,H,1,1,13,13
2018-19,2018-11-06,Group stage,Schalke 04,Galatasaray,39,33,1.4871794871794872,1.5128205128205128,1.0909090909090908,1.8484848484848484,0.4358974358974359,0.2727272727272727,0.47368421052631576,0.1875,8,5,13,13,H,1,1,13,13
2018-19,2018-11-06,Group stage,Tottenham,PSV,27,17,1.7777777777777777,1.4074074074074074,0.8823529411764706,1.5294117647058822,0.4074074074074074,0.17647058823529413,0.5384615384615384,0.0,2,2,13,13,H,1,1,13,13
2018-19,2018-11-07,Group stage,Bayern Munich,AEK Athens,95,3,2.3263157894736843,1.0,0.6666666666666666,2.6666666666666665,0.6631578947368421,0.0,0.7872340425531915,0.0,8,0,15,15,H,1,1,15,15
2018-19,2018-11-07,Group stage,Benfica,Ajax,61,33,1.0655737704918034,1.4098360655737705,1.1515151515151516,1.5454545454545454,0.3442622950819672,0.30303030303030304,0.4666666666666667,0.125,3,10,15,15,D,1,1,15,15
2018-19,2018-11-07,Group stage,CSKA Moscow,Roma,41,37,1.1219512195121952,1.9024390243902438,1.6216216216216217,1.972972972972973,0.21951219512195122,0.35135135135135137,0.25,0.1111111111111111,7,9,15,15,A,1,1,15,15
2018-19,2018-11-07,Group stage,Juventus,Manchester Utd,63,54,1.507936507936508,0.873015873015873,1.5,0.8518518518518519,0.5238095238095238,0.5185185185185185,0.5625,0.4444444444444444,12,5,15,15,A,1,1,15,15
2018-19,2018-11-07,Group stage,Lyon,Hoffenheim,31,3,1.2580645161290323,1.2903225806451613,2.0,2.3333333333333335,0.3225806451612903,0.0,0.3333333333333333,0.0,9,2,15,15,D,1,1,15,15
2018-19,2018-11-07,Group stage,Manchester City,Shakhtar D.,61,55,1.7540983606557377,1.3934426229508197,1.509090909090909,1.5272727272727273,0.4426229508196721,0.38181818181818183,0.4666666666666667,0.2962962962962963,6,5,15,15,H,1,1,15,15
2018-19,2018-11-07,Group stage,Valencia,Young Boys,31,3,1.5806451612903225,1.1290322580645162,0.3333333333333333,2.3333333333333335,0.3548387096774194,0.0,0.4666666666666667,0.0,2,1,15,15,H,1,1,15,15
2018-19,2018-11-07,Group stage,Viktoria Plzeň,Real Madrid,15,103,0.8666666666666667,2.466666666666667,2.4563106796116503,0.912621359223301,0.13333333333333333,0.6990291262135923,0.14285714285714285,0.58,4,10,15,15,A,1,1,15,15
2018-19,2018-11-27,Group stage,AEK Athens,Ajax,4,34,0.5,2.5,1.1470588235294117,1.5294117647058822,0.0,0.29411764705882354,0.0,0.11764705882352941,0,11,20,20,A,1,1,20,20
2018-19,2018-11-27,Group stage,Bayern Munich,Benfica,96,62,2.3229166666666665,0.9895833333333334,1.064516129032258,1.403225806451613,0.6666666666666666,0.3387096774193548,0.7916666666666666,0.22580645161290322,11,4,20,20,H,1,1,20,20
2018-19,2018-11-27,Group stage,CSKA Moscow,Viktoria Plzeň,42,16,1.119047619047619,1.9047619047619047,0.8125,2.625,0.21428571428571427,0.125,0.23809523809523808,0.125,4,4,20,20,A,1,1,20,20
2018-19,2018-11-27,Group stage,Hoffenheim,Shakhtar D.,4,56,2.0,2.25,1.4821428571428572,1.6071428571428572,0.0,0.375,0.0,0.2857142857142857,3,2,20,20,A,1,1,20,20
2018-19,2018-11-27,Group stage,Juventus,Valencia,64,32,1.5,0.890625,1.625,1.125,0.515625,0.375,0.5454545454545454,0.25,12,5,20,20,H,1,1,20,20
2018-19,2018-11-27,Group stage,Lyon,Manchester City,32,62,1.28125,1.3125,1.8225806451612903,1.3709677419354838,0.3125,0.45161290322580644,0.3125,0.41935483870967744,7,9,20,20,D,1,1,20,20
2018-19,2018-11-27,Group stage,Manchester Utd,Young Boys,55,4,1.509090909090909,0.8545454545454545,0.5,2.5,0.5272727272727272,0.0,0.5925925925925926,0.0,7,1,20,20,H,1,1,20,20
2018-19,2018-11-27,Group stage,Roma,Real Madrid,38,104,1.631578947368421,1.9473684210526316,2.480769230769231,0.9038461538461539,0.3684210526315789,0.7019230769230769,0.5789473684210527,0.5882352941176471,12,12,20,20,A,1,1,20,20
2018-19,2018-11-28,Group stage,Atlético Madrid,Monaco,58,32,1.4655172413793103,0.7241379310344828,1.15625,1.59375,0.5517241379310345,0.3125,0.75,0.25,10,1,22,22,H,1,1,22,22
2018-19,2018-11-28,Group stage,Dortmund,Club Brugge,57,10,1.8596491228070176,1.3859649122807018,0.8,1.9,0.45614035087719296,0.1,0.5862068965517241,0.2,9,4,22,22,D,1,1,22,22
2018-19,2018-11-28,Group stage,Loko Moscow,Galatasaray,4,34,0.5,2.75,1.0588235294117647,1.8529411764705883,0.0,0.2647058823529412,0.0,0.17647058823529413,0,5,22,22,H,1,1,22,22
2018-19,2018-11-28,Group stage,Napoli,Red Star,32,4,1.625,1.5,0.75,2.5,0.4375,0.25,0.625,0.0,6,4,22,22,H,1,1,22,22
2018-19,2018-11-28,Group stage,PSV,Barcelona,18,94,0.8888888888888888,1.5555555555555556,2.24468085106383,0.8936170212765957,0.16666666666666666,0.648936170212766,0.3333333333333333,0.46808510638297873,2,10,22,22,A,1,1,22,22
2018-19,2018-11-28,Group stage,Paris SG,Liverpool,60,23,2.216666666666667,1.1166666666666667,2.3043478260869565,1.3043478260869565,0.55,0.43478260869565216,0.6333333333333333,0.25,5,6,22,22,H,1,1,22,22
2018-19,2018-11-28,Group stage,Porto,Schalke 04,56,40,1.5892857142857142,1.1428571428571428,1.5,1.475,0.4642857142857143,0.45,0.6071428571428571,0.4,11,11,22,22,H,1,1,22,22
2018-19,2018-11-28,Group stage,Tottenham,Inter,28,22,1.7857142857142858,1.3928571428571428,1.5,1.5909090909090908,0.42857142857142855,0.45454545454545453,0.5714285714285714,0.36363636363636365,4,10,22,22,H,1,1,22,22
2018-19,2018-12-11,Group stage,Barcelona,Tottenham,95,29,2.2421052631578946,0.8947368421052632,1.7586206896551724,1.3448275862068966,0.6526315789473685,0.4482758620689655,0.8297872340425532,0.2857142857142857,13,7,13,13,D,1,1,13,13
2018-19,2018-12-11,Group stage,Club Brugge,Atlético Madrid,11,59,0.7272727272727273,1.7272727272727273,1.4745762711864407,0.711864406779661,0.09090909090909091,0.559322033898305,0.0,0.36666666666666664,5,12,13,13,D,1,1,13,13
2018-19,2018-12-11,Group stage,Galatasaray,Porto,35,57,1.0285714285714285,1.8571428571428572,1.6140350877192982,1.1403508771929824,0.2571428571428571,0.47368421052631576,0.35294117647058826,0.32142857142857145,4,13,13,13,A,1,1,13,13
2018-19,2018-12-11,Group stage,Inter,PSV,23,19,1.434782608695652,1.565217391304348,0.8947368421052632,1.5789473684210527,0.43478260869565216,0.15789473684210525,0.5454545454545454,0.0,7,1,13,13,D,1,1,13,13
2018-19,2018-12-11,Group stage,Liverpool,Napoli,24,33,2.25,1.3333333333333333,1.6666666666666667,1.4848484848484849,0.4166666666666667,0.45454545454545453,0.6363636363636364,0.25,6,9,13,13,H,1,1,13,13
2018-19,2018-12-11,Group stage,Monaco,Dortmund,33,58,1.121212121212121,1.606060606060606,1.8275862068965518,1.3620689655172413,0.30303030303030304,0.4482758620689655,0.375,0.32142857142857145,1,10,13,13,A,1,1,13,13
2018-19,2018-12-11,Group stage,Red Star,Paris SG,5,61,0.8,2.6,2.2131147540983607,1.1147540983606556,0.2,0.5573770491803278,0.5,0.4666666666666667,4,8,13,13,A,1,1,13,13
2018-19,2018-12-11,Group stage,Schalke 04,Loko Moscow,41,5,1.4878048780487805,1.5121951219512195,0.8,2.2,0.43902439024390244,0.2,0.5,0.0,8,3,13,13,H,1,1,13,13
2018-19,2018-12-12,Group stage,Ajax,Bayern Munich,35,97,1.1714285714285715,1.4857142857142858,2.350515463917526,0.9896907216494846,0.3142857142857143,0.6701030927835051,0.47058823529411764,0.5416666666666666,11,13,15,15,D,1,1,15,15
2018-19,2018-12-12,Group stage,Benfica,AEK Athens,63,5,1.0634920634920635,1.4603174603174602,0.4,2.4,0.3333333333333333,0.0,0.45161290322580644,0.0,4,0,15,15,H,1,1,15,15
2018-19,2018-12-12,Group stage,Manchester City,Hoffenheim,63,5,1.8253968253968254,1.380952380952381,2.0,2.4,0.4444444444444444,0.0,0.4838709677419355,0.0,10,3,15,15,H,1,1,15,15
2018-19,2018-12-12,Group stage,Real Madrid,CSKA Moscow,105,43,2.4761904761904763,0.8952380952380953,1.1162790697674418,1.9069767441860466,0.7047619047619048,0.20930232558139536,0.8113207547169812,0.19047619047619047,12,4,15,15,A,1,1,15,15
2018-19,2018-12-12,Group stage,Shakhtar D.,Lyon,57,33,1.5087719298245614,1.6140350877192982,1.303030303030303,1.3333333333333333,0.38596491228070173,0.30303030303030304,0.4642857142857143,0.3125,5,7,15,15,D,1,1,15,15
2018-19,2018-12-12,Group stage,Valencia,Manchester Utd,33,56,1.5757575757575757,1.121212121212121,1.5,0.8392857142857143,0.36363636363636365,0.5357142857142857,0.5,0.4642857142857143,5,10,15,15,H,1,1,15,15
2018-19,2018-12-12,Group stage,Viktoria Plzeň,Roma,17,39,0.8823529411764706,2.5294117647058822,1.5897435897435896,1.9487179487179487,0.17647058823529413,0.358974358974359,0.125,0.15789473684210525,4,9,15,15,H,1,1,15,15
2018-19,2018-12-12,Group stage,Young Boys,Juventus,5,65,0.4,2.2,1.4923076923076923,0.8769230769230769,0.0,0.5230769230769231,0.0,0.4838709677419355,1,12,15,15,H,1,1,15,15
2018-19,2019-02-12,Round of 16,Manchester Utd,Paris SG,57,62,1.4912280701754386,0.8596491228070176,2.2419354838709675,1.1129032258064515,0.5263157894736842,0.5645161290322581,0.6071428571428571,0.4838709677419355,7,11,62,63,A,1,1,62,63
2018-19,2019-02-12,Round of 16,Roma,Porto,40,58,1.575,1.95,1.6379310344827587,1.1551724137931034,0.35,0.4827586206896552,0.55,0.3448275862068966,9,15,62,63,H,1,1,62,63
2018-19,2019-02-13,Round of 16,Ajax,Real Madrid,36,106,1.2222222222222223,1.5277777777777777,2.452830188679245,0.9150943396226415,0.3055555555555556,0.6981132075471698,0.4444444444444444,0.5961538461538461,9,9,63,63,A,1,1,63,63
2018-19,2019-02-13,Round of 16,Tottenham,Dortmund,30,59,1.7333333333333334,1.3333333333333333,1.8305084745762712,1.3389830508474576,0.43333333333333335,0.4576271186440678,0.6,0.3448275862068966,8,10,64,64,H,1,1,64,64
2018-19,2019-02-19,Round of 16,Liverpool,Bayern Munich,25,98,2.2,1.28,2.357142857142857,1.010204081632653,0.44,0.6632653061224489,0.6666666666666666,0.5306122448979592,6,11,70,69,D,1,1,70,69
2018-19,2019-02-19,Round of 16,Lyon,Barcelona,34,96,1.2941176470588236,1.3235294117647058,2.2291666666666665,0.8958333333333334,0.29411764705882354,0.6458333333333334,0.29411764705882354,0.4791666666666667,5,11,69,70,D,1,1,69,70
2018-19,2019-02-20,Round of 16,Atlético Madrid,Juventus,60,66,1.45,0.7,1.4848484848484849,0.8939393939393939,0.55,0.5151515151515151,0.7586206896551724,0.46875,10,9,71,70,H,1,1,71,70
2018-19,2019-02-20,Round of 16,Schalke 04,Manchester City,42,64,1.4761904761904763,1.4761904761904763,1.828125,1.375,0.4523809523809524,0.453125,0.5238095238095238,0.40625,10,13,71,70,A,1,1,71,70
2018-19,2019-03-05,Round of 16,Dortmund,Tottenham,60,31,1.8,1.3666666666666667,1.7741935483870968,1.2903225806451613,0.45,0.45161290322580644,0.5666666666666667,0.26666666666666666,7,11,20,20,A,1,1,20,20
2018-19,2019-03-05,Round of 16,Real Madrid,Ajax,107,37,2.4485981308411215,0.9158878504672897,1.2162162162162162,1.5405405405405406,0.7009345794392523,0.2972972972972973,0.7962962962962963,0.16666666666666666,12,8,20,20,A,1,1,20,20
2018-19,2019-03-06,Round of 16,Paris SG,Manchester Utd,63,58,2.238095238095238,1.0952380952380953,1.4655172413793103,0.8793103448275862,0.5714285714285714,0.5172413793103449,0.6451612903225806,0.4482758620689655,11,6,22,22,A,1,1,22,22
2018-19,2019-03-06,Round of 16,Porto,Roma,59,41,1.6271186440677967,1.1694915254237288,1.5853658536585367,1.9268292682926829,0.4745762711864407,0.36585365853658536,0.6206896551724138,0.15,12,9,22,22,H,1,1,22,22
2018-19,2019-03-12,Round of 16,Juventus,Atlético Madrid,67,61,1.462686567164179,0.9104477611940298,1.459016393442623,0.6885245901639344,0.5074626865671642,0.5573770491803278,0.5588235294117647,0.3548387096774194,6,10,20,20,H,1,1,20,20
2018-19,2019-03-12,Round of 16,Manchester City,Schalke 04,65,43,1.8461538461538463,1.3846153846153846,1.4883720930232558,1.5116279069767442,0.46153846153846156,0.4418604651162791,0.5,0.38095238095238093,13,7,20,20,H,1,1,20,20
2018-19,2019-03-13,Round of 16,Barcelona,Lyon,97,35,2.2061855670103094,0.8865979381443299,1.2571428571428571,1.2857142857142858,0.6391752577319587,0.2857142857142857,0.8125,0.29411764705882354,9,5,22,22,H,1,1,22,22
2018-19,2019-03-13,Round of 16,Bayern Munich,Liverpool,99,26,2.3333333333333335,1.0,2.1153846153846154,1.2307692307692308,0.6565656565656566,0.4230769230769231,0.7959183673469388,0.23076923076923078,11,7,22,22,A,1,1,22,22
2018-19,2019-04-09,Quarter-finals,Liverpool,Porto,27,60,2.1481481481481484,1.2222222222222223,1.65,1.1666666666666667,0.4444444444444444,0.48333333333333334,0.6153846153846154,0.3333333333333333,7,12,27,34,H,1,1,27,34
2018-19,2019-04-09,Quarter-finals,Tottenham,Manchester City,32,66,1.75,1.25,1.9242424242424243,1.3636363636363635,0.46875,0.4696969696969697,0.625,0.42424242424242425,13,13,35,28,H,1,1,35,28
2018-19,2019-04-10,Quarter-finals,Ajax,Juventus,38,68,1.2894736842105263,1.5263157894736843,1.4852941176470589,0.8970588235294118,0.3157894736842105,0.5147058823529411,0.42105263157894735,0.45454545454545453,8,6,36,29,D,1,1,36,29
2018-19,2019-04-10,Quarter-finals,Manchester Utd,Barcelona,59,98,1.4915254237288136,0.8813559322033898,2.2346938775510203,0.8877551020408163,0.5254237288135594,0.6428571428571429,0.5862068965517241,0.46938775510204084,9,9,35,28,A,1,1,35,28
2018-19,2019-04-16,Quarter-finals,Barcelona,Manchester Utd,99,60,2.2222222222222223,0.8787878787878788,1.4666666666666666,0.8833333333333333,0.6464646464646465,0.5166666666666667,0.8163265306122449,0.4666666666666667,11,6,6,6,H,1,1,6,6
2018-19,2019-04-16,Quarter-finals,Juventus,Ajax,69,39,1.4782608695652173,0.8985507246376812,1.2820512820512822,1.5128205128205128,0.5072463768115942,0.3076923076923077,0.5714285714285714,0.21052631578947367,7,8,6,6,A,1,1,6,6
2018-19,2019-04-17,Quarter-finals,Manchester City,Tottenham,67,33,1.8955223880597014,1.3582089552238805,1.7272727272727273,1.2121212121212122,0.4626865671641791,0.48484848484848486,0.5151515151515151,0.3125,10,13,8,8,H,1,1,8,8
2018-19,2019-04-17,Quarter-finals,Porto,Liverpool,61,28,1.6229508196721312,1.180327868852459,2.142857142857143,1.1785714285714286,0.47540983606557374,0.4642857142857143,0.6333333333333333,0.2857142857142857,9,10,8,8,A,1,1,8,8
2018-19,2019-04-30,Semi-finals,Tottenham,Ajax,34,40,1.7647058823529411,1.2941176470588236,1.3,1.5,0.47058823529411764,0.325,0.6470588235294118,0.25,10,8,13,14,A,1,1,13,14
2018-19,2019-05-01,Semi-finals,Barcelona,Liverpool,100,29,2.23,0.87,2.206896551724138,1.1724137931034482,0.65,0.4827586206896552,0.82,0.3333333333333333,11,13,15,14,H,1,1,15,14
2018-19,2019-05-07,Semi-finals,Liverpool,Barcelona,30,101,2.1333333333333333,1.2333333333333334,2.237623762376238,0.8613861386138614,0.4666666666666667,0.6534653465346535,0.6428571428571429,0.48,10,13,6,6,H,1,1,6,6
2018-19,2019-05-08,Semi-finals,Ajax,Tottenham,41,35,1.2926829268292683,1.4634146341463414,1.7142857142857142,1.2857142857142858,0.34146341463414637,0.45714285714285713,0.4,0.29411764705882354,10,9,8,8,A,1,1,8,8
2018-19,2019-06-01,Final,Tottenham,Liverpool,36,31,1.75,1.3055555555555556,2.193548387096774,1.1935483870967742,0.4722222222222222,0.4838709677419355,0.6111111111111112,0.3125,9,12,24,25,A,1,1,24,25
2019-20,2019-09-17,Group stage,Ajax,Lille,42,12,1.3095238095238095,1.5,0.8333333333333334,1.5833333333333333,0.3333333333333333,0.16666666666666666,0.38095238095238093,0.3333333333333333,10,3,132,2477,H,1,1,132,365
2019-20,2019-09-17,Group stage,Benfica,RB Leipzig,64,6,1.0625,1.4375,1.6666666666666667,1.8333333333333333,0.34375,0.3333333333333333,0.46875,0.3333333333333333,7,6,279,650,A,1,1,279,365
2019-20,2019-09-17,Group stage,Chelsea,Valencia,65,34,1.9846153846153847,0.9846153846153847,1.588235294117647,1.1176470588235294,0.5076923076923077,0.38235294117647056,0.65625,0.23529411764705882,5,8,552,279,A,1,1,365,279
2019-20,2019-09-17,Group stage,Dortmund,Barcelona,61,102,1.7704918032786885,1.360655737704918,2.215686274509804,0.8921568627450981,0.4426229508196721,0.6470588235294118,0.5483870967741935,0.47058823529411764,4,12,196,133,D,1,1,196,133
2019-20,2019-09-17,Group stage,Inter,Slavia Prague,24,0,1.4166666666666667,1.5416666666666667,0.0,0.0,0.4166666666666667,0.0,0.5,0.0,5,0,280,-1,D,1,0,280,0
2019-20,2019-09-17,Group stage,Lyon,Zenit,36,36,1.25,1.3888888888888888,1.1944444444444444,1.3055555555555556,0.2777777777777778,0.3888888888888889,0.2777777777777778,0.3333333333333333,4,6,188,1287,D,1,1,188,365
2019-20,2019-09-17,Group stage,Napoli,Liverpool,34,32,1.6176470588235294,1.4705882352941178,2.1875,1.15625,0.4411764705882353,0.5,0.6470588235294118,0.35294117647058826,8,12,280,108,H,1,1,280,108
2019-20,2019-09-17,Group stage,RB Salzburg,Genk,0,6,0.0,0.0,0.3333333333333333,2.6666666666666665,0.0,0.0,0.0,0.0,0,2,-1,2842,H,0,1,0,365
2019-20,2019-09-18,Group stage,Atlético Madrid,Juventus,62,70,1.435483870967742,0.7258064516129032,1.4714285714285715,0.9142857142857143,0.5483870967741935,0.5,0.7666666666666667,0.4411764705882353,10,4,190,155,D,1,1,190,155
2019-20,2019-09-18,Group stage,Bayern Munich,Red Star,100,6,2.32,1.02,0.8333333333333334,2.8333333333333335,0.65,0.16666666666666666,0.78,0.0,8,3,189,281,H,1,1,189,281
2019-20,2019-09-18,Group stage,Club Brugge,Galatasaray,12,36,0.6666666666666666,1.5833333333333333,1.0555555555555556,1.8888888888888888,0.08333333333333333,0.25,0.0,0.16666666666666666,6,1,281,281,D,1,1,281,281
2019-20,2019-09-18,Group stage,Dinamo Zagreb,Atalanta,24,0,0.2916666666666667,2.7083333333333335,0.0,0.0,0.041666666666666664,0.0,0.08333333333333333,0.0,0,0,1015,-1,H,1,0,365,0
2019-20,2019-09-18,Group stage,Leverkusen,Loko Moscow,38,6,1.3421052631578947,1.5526315789473684,0.6666666666666666,2.0,0.34210526315789475,0.16666666666666666,0.5263157894736842,0.0,8,3,917,281,A,1,1,365,281
2019-20,2019-09-18,Group stage,Olympiacos,Tottenham,38,37,1.2894736842105263,1.7105263157894737,1.7027027027027026,1.3243243243243243,0.42105263157894735,0.4594594594594595,0.5789473684210527,0.3333333333333333,1,6,652,109,D,1,1,365,109
2019-20,2019-09-18,Group stage,Paris SG,Real Madrid,64,108,2.21875,1.125,2.435185185185185,0.9444444444444444,0.5625,0.6944444444444444,0.625,0.6037735849056604,10,9,196,197,H,1,1,196,197
2019-20,2019-09-18,Group stage,Shakhtar D.,Manchester City,58,68,1.5,1.603448275862069,1.9264705882352942,1.3823529411764706,0.3793103448275862,0.47058823529411764,0.4482758620689655,0.4117647058823529,5,12,280,154,A,1,1,280,154
2019-20,2019-10-01,Group stage,Atalanta,Shakhtar D.,1,59,0.0,4.0,1.4745762711864407,1.6271186440677967,0.0,0.3728813559322034,0.0,0.3103448275862069,0,4,13,13,A,1,1,13,13
2019-20,2019-10-01,Group stage,Galatasaray,Paris SG,37,65,1.027027027027027,1.837837837837838,2.230769230769231,1.1076923076923078,0.24324324324324326,0.5692307692307692,0.3333333333333333,0.5,2,12,13,13,A,1,1,13,13
2019-20,2019-10-01,Group stage,Juventus,Leverkusen,71,39,1.4788732394366197,0.9295774647887324,1.3333333333333333,1.564102564102564,0.49295774647887325,0.3333333333333333,0.5555555555555556,0.15789473684210525,5,5,13,13,H,1,1,13,13
2019-20,2019-10-01,Group stage,Loko Moscow,Atlético Madrid,7,63,0.8571428571428571,1.8571428571428572,1.4444444444444444,0.746031746031746,0.2857142857142857,0.5396825396825397,0.3333333333333333,0.34375,6,8,13,13,A,1,1,13,13
2019-20,2019-10-01,Group stage,Manchester City,Dinamo Zagreb,69,25,1.9420289855072463,1.3623188405797102,0.44,2.6,0.4782608695652174,0.08,0.5294117647058824,0.0,12,3,13,13,H,1,1,13,13
2019-20,2019-10-01,Group stage,Real Madrid,Club Brugge,109,13,2.4128440366972477,0.963302752293578,0.6153846153846154,1.4615384615384615,0.6880733944954128,0.07692307692307693,0.7818181818181819,0.16666666666666666,6,7,13,13,D,1,1,13,13
2019-20,2019-10-01,Group stage,Red Star,Olympiacos,7,39,0.7142857142857143,2.857142857142857,1.3076923076923077,1.7179487179487178,0.14285714285714285,0.41025641025641024,0.3333333333333333,0.2631578947368421,3,2,13,13,H,1,1,13,13
2019-20,2019-10-01,Group stage,Tottenham,Bayern Munich,38,101,1.7105263157894737,1.3421052631578947,2.3267326732673266,1.00990099009901,0.4473684210526316,0.6534653465346535,0.5789473684210527,0.52,4,8,13,13,A,1,1,13,13
2019-20,2019-10-02,Group stage,Barcelona,Inter,103,25,2.1941747572815533,0.883495145631068,1.4,1.52,0.6407766990291263,0.4,0.8235294117647058,0.3333333333333333,10,3,15,15,H,1,1,15,15
2019-20,2019-10-02,Group stage,Genk,Napoli,7,35,0.5714285714285714,3.142857142857143,1.6285714285714286,1.4285714285714286,0.0,0.45714285714285713,0.0,0.23529411764705882,2,8,15,15,D,1,1,15,15
2019-20,2019-10-02,Group stage,Lille,Chelsea,13,66,0.7692307692307693,1.6923076923076923,1.9545454545454546,0.9848484848484849,0.15384615384615385,0.5,0.0,0.36363636363636365,3,5,15,15,A,1,1,15,15
2019-20,2019-10-02,Group stage,Liverpool,RB Salzburg,33,1,2.121212121212121,1.1818181818181819,6.0,2.0,0.48484848484848486,1.0,0.6666666666666666,0.0,9,3,15,15,H,1,1,15,15
2019-20,2019-10-02,Group stage,RB Leipzig,Lyon,7,37,1.7142857142857142,1.7142857142857142,1.2432432432432432,1.3783783783783783,0.42857142857142855,0.2702702702702703,0.3333333333333333,0.2777777777777778,9,4,15,15,A,1,1,15,15
2019-20,2019-10-02,Group stage,Slavia Prague,Dortmund,1,62,1.0,1.0,1.7419354838709677,1.3387096774193548,0.0,0.43548387096774194,0.0,0.3333333333333333,1,5,15,15,A,1,1,15,15
2019-20,2019-10-02,Group stage,Valencia,Ajax,35,43,1.5714285714285714,1.0857142857142856,1.3488372093023255,1.4651162790697674,0.4,0.3488372093023256,0.5294117647058824,0.2857142857142857,10,10,15,15,A,1,1,15,15
2019-20,2019-10-02,Group stage,Zenit,Benfica,37,65,1.1891891891891893,1.2972972972972974,1.0615384615384615,1.4461538461538461,0.3783783783783784,0.3384615384615385,0.4444444444444444,0.21875,4,4,15,15,H,1,1,15,15
2019-20,2019-10-22,Group stage,Atlético Madrid,Leverkusen,64,40,1.453125,0.734375,1.3,1.6,0.546875,0.325,0.7419354838709677,0.15,8,4,21,21,H,1,1,21,21
2019-20,2019-10-22,Group stage,Club Brugge,Paris SG,14,66,0.7142857142857143,1.5,2.212121212121212,1.0909090909090908,0.07142857142857142,0.5757575757575758,0.0,0.5151515151515151,7,12,21,21,A,1,1,21,21
2019-20,2019-10-22,Group stage,Galatasaray,Real Madrid,38,110,1.0,1.8157894736842106,2.409090909090909,0.9727272727272728,0.23684210526315788,0.6818181818181818,0.3157894736842105,0.5925925925925926,1,4,21,21,A,1,1,21,21
2019-20,2019-10-22,Group stage,Juventus,Loko Moscow,72,8,1.5,0.9166666666666666,0.75,1.875,0.5,0.25,0.5675675675675675,0.25,8,6,21,21,H,1,1,21,21
2019-20,2019-10-22,Group stage,Manchester City,Atalanta,70,2,1.9428571428571428,1.3428571428571427,0.5,3.0,0.4857142857142857,0.0,0.5428571428571428,0.0,12,0,21,21,H,1,1,21,21
2019-20,2019-10-22,Group stage,Olympiacos,Bayern Munich,40,102,1.3,1.75,2.372549019607843,1.0196078431372548,0.4,0.6568627450980392,0.55,0.5294117647058824,2,8,21,21,A,1,1,21,21
2019-20,2019-10-22,Group stage,Shakhtar D.,Dinamo Zagreb,60,26,1.4833333333333334,1.6166666666666667,0.4230769230769231,2.576923076923077,0.38333333333333336,0.07692307692307693,0.43333333333333335,0.0,7,3,21,21,D,1,1,21,21
2019-20,2019-10-22,Group stage,Tottenham,Red Star,39,8,1.7179487179487178,1.4871794871794872,1.0,2.625,0.4358974358974359,0.25,0.55,0.0,4,6,21,21,H,1,1,21,21
2019-20,2019-10-23,Group stage,Ajax,Chelsea,44,67,1.3863636363636365,1.4318181818181819,1.955223880597015,0.9850746268656716,0.36363636363636365,0.5074626865671642,0.4090909090909091,0.38235294117647056,12,5,21,21,A,1,1,21,21
2019-20,2019-10-23,Group stage,Benfica,Lyon,66,38,1.0606060606060606,1.4696969696969697,1.263157894736842,1.3421052631578947,0.3333333333333333,0.2894736842105263,0.45454545454545453,0.3157894736842105,4,6,21,21,H,1,1,21,21
2019-20,2019-10-23,Group stage,Genk,Liverpool,8,34,0.5,2.75,2.176470588235294,1.2352941176470589,0.0,0.5,0.0,0.3333333333333333,3,9,21,21,A,1,1,21,21
2019-20,2019-10-23,Group stage,Inter,Dortmund,26,63,1.3846153846153846,1.5384615384615385,1.746031746031746,1.3174603174603174,0.38461538461538464,0.4444444444444444,0.46153846153846156,0.3548387096774194,3,7,21,21,H,1,1,21,21
2019-20,2019-10-23,Group stage,Lille,Valencia,14,36,0.7857142857142857,1.7142857142857142,1.5277777777777777,1.1388888888888888,0.14285714285714285,0.3888888888888889,0.0,0.2777777777777778,3,9,21,21,D,1,1,21,21
2019-20,2019-10-23,Group stage,RB Leipzig,Zenit,8,38,1.5,1.75,1.236842105263158,1.2894736842105263,0.375,0.39473684210526316,0.25,0.3157894736842105,6,4,21,21,H,1,1,21,21
2019-20,2019-10-23,Group stage,RB Salzburg,Napoli,2,36,4.5,3.0,1.5833333333333333,1.3888888888888888,0.5,0.4444444444444444,1.0,0.2222222222222222,3,8,21,21,A,1,1,21,21
2019-20,2019-10-23,Group stage,Slavia Prague,Barcelona,2,104,0.5,1.5,2.1923076923076925,0.8846153846153846,0.0,0.6442307692307693,0.0,0.46153846153846156,1,10,21,21,A,1,1,21,21
2019-20,2019-11-05,Group stage,Barcelona,Slavia Prague,105,3,2.1904761904761907,0.8857142857142857,0.6666666666666666,1.6666666666666667,0.6476190476190476,0.0,0.8269230769230769,0.0,10,1,13,13,D,1,1,13,13
2019-20,2019-11-05,Group stage,Chelsea,Ajax,68,45,1.9411764705882353,0.9705882352941176,1.3555555555555556,1.4222222222222223,0.5147058823529411,0.35555555555555557,0.6363636363636364,0.3181818181818182,7,9,13,13,D,1,1,13,13
2019-20,2019-11-05,Group stage,Dortmund,Inter,64,27,1.71875,1.328125,1.4074074074074074,1.4814814814814814,0.4375,0.4074074074074074,0.53125,0.3076923076923077,4,5,13,13,H,1,1,13,13
2019-20,2019-11-05,Group stage,Liverpool,Genk,35,9,2.2285714285714286,1.2285714285714286,0.5555555555555556,2.888888888888889,0.5142857142857142,0.0,0.6875,0.0,12,2,13,13,H,1,1,13,13
2019-20,2019-11-05,Group stage,Lyon,Benfica,39,67,1.2564102564102564,1.358974358974359,1.0746268656716418,1.462686567164179,0.28205128205128205,0.34328358208955223,0.2631578947368421,0.21212121212121213,5,6,13,13,H,1,1,13,13
2019-20,2019-11-05,Group stage,Napoli,RB Salzburg,37,3,1.6216216216216217,1.4054054054054055,3.6666666666666665,3.0,0.4594594594594595,0.3333333333333333,0.6666666666666666,0.0,10,3,13,13,D,1,1,13,13
2019-20,2019-11-05,Group stage,Valencia,Lille,37,15,1.5135135135135136,1.135135135135135,0.8,1.6666666666666667,0.3783783783783784,0.13333333333333333,0.5,0.2857142857142857,7,4,13,13,H,1,1,13,13
2019-20,2019-11-05,Group stage,Zenit,RB Leipzig,39,9,1.2307692307692308,1.3076923076923077,1.5555555555555556,1.6666666666666667,0.38461538461538464,0.4444444444444444,0.47368421052631576,0.5,4,9,13,13,A,1,1,13,13
2019-20,2019-11-06,Group stage,Atalanta,Manchester City,3,71,0.6666666666666666,3.6666666666666665,1.9859154929577465,1.3380281690140845,0.0,0.49295774647887325,0.0,0.42857142857142855,0,12,15,15,D,1,1,15,15
2019-20,2019-11-06,Group stage,Bayern Munich,Olympiacos,103,41,2.378640776699029,1.029126213592233,1.3170731707317074,1.7804878048780488,0.6601941747572816,0.3902439024390244,0.7843137254901961,0.25,10,1,15,15,H,1,1,15,15
2019-20,2019-11-06,Group stage,Dinamo Zagreb,Shakhtar D.,27,61,0.48148148148148145,2.5555555555555554,1.4918032786885247,1.6229508196721312,0.07407407407407407,0.3770491803278688,0.15384615384615385,0.3333333333333333,4,8,15,15,D,1,1,15,15
2019-20,2019-11-06,Group stage,Leverkusen,Atlético Madrid,41,65,1.2682926829268293,1.5853658536585367,1.4461538461538461,0.7230769230769231,0.3170731707317073,0.5538461538461539,0.5,0.36363636363636365,1,10,15,15,H,1,1,15,15
2019-20,2019-11-06,Group stage,Loko Moscow,Juventus,9,73,0.7777777777777778,1.8888888888888888,1.5068493150684932,0.9178082191780822,0.2222222222222222,0.5068493150684932,0.25,0.42857142857142855,6,8,15,15,A,1,1,15,15
2019-20,2019-11-06,Group stage,Paris SG,Club Brugge,67,15,2.253731343283582,1.0746268656716418,0.6666666666666666,1.7333333333333334,0.582089552238806,0.06666666666666667,0.6363636363636364,0.14285714285714285,12,4,15,15,H,1,1,15,15
2019-20,2019-11-06,Group stage,Real Madrid,Galatasaray,111,39,2.3963963963963963,0.963963963963964,0.9743589743589743,1.794871794871795,0.6846846846846847,0.23076923076923078,0.7678571428571429,0.15789473684210525,7,1,15,15,H,1,1,15,15
2019-20,2019-11-06,Group stage,Red Star,Tottenham,9,40,0.8888888888888888,2.888888888888889,1.8,1.45,0.2222222222222222,0.45,0.5,0.3157894736842105,3,7,15,15,A,1,1,15,15
2019-20,2019-11-26,Group stage,Atalanta,Dinamo Zagreb,4,28,0.75,3.0,0.5714285714285714,2.5714285714285716,0.0,0.07142857142857142,0.0,0.0,1,5,20,20,H,1,1,20,20
2019-20,2019-11-26,Group stage,Galatasaray,Club Brugge,40,16,0.95,1.9,0.625,1.6875,0.225,0.0625,0.3,0.125,1,3,20,20,D,1,1,20,20
2019-20,2019-11-26,Group stage,Juventus,Atlético Madrid,74,66,1.5135135135135136,0.918918918918919,1.4393939393939394,0.7424242424242424,0.5135135135135135,0.5454545454545454,0.5789473684210527,0.35294117647058826,10,7,20,20,H,1,1,20,20
2019-20,2019-11-26,Group stage,Loko Moscow,Leverkusen,10,42,0.8,1.9,1.2857142857142858,1.5714285714285714,0.2,0.3333333333333333,0.2,0.14285714285714285,3,4,20,20,A,1,1,20,20
2019-20,2019-11-26,Group stage,Manchester City,Shakhtar D.,72,62,1.9722222222222223,1.3333333333333333,1.5161290322580645,1.6451612903225807,0.4861111111111111,0.3709677419354839,0.5555555555555556,0.3225806451612903,13,6,20,20,D,1,1,20,20
2019-20,2019-11-26,Group stage,Real Madrid,Paris SG,112,68,2.4285714285714284,0.9553571428571429,2.235294117647059,1.0588235294117647,0.6875,0.5882352941176471,0.7719298245614035,0.5294117647058824,7,12,20,20,D,1,1,20,20
2019-20,2019-11-26,Group stage,Red Star,Bayern Munich,10,104,0.8,3.0,2.375,1.0192307692307692,0.2,0.6634615384615384,0.4,0.5384615384615384,3,12,20,20,A,1,1,20,20
2019-20,2019-11-26,Group stage,Tottenham,Olympiacos,41,42,1.853658536585366,1.4146341463414633,1.2857142857142858,1.7857142857142858,0.4634146341463415,0.38095238095238093,0.5714285714285714,0.23809523809523808,7,1,20,20,H,1,1,20,20
2019-20,2019-11-27,Group stage,Barcelona,Dortmund,106,65,2.169811320754717,0.8773584905660378,1.7384615384615385,1.3384615384615384,0.6415094339622641,0.4461538461538462,0.8113207547169812,0.34375,8,7,22,22,H,1,1,22,22
2019-20,2019-11-27,Group stage,Genk,RB Salzburg,10,4,0.6,2.8,3.0,2.5,0.0,0.25,0.0,0.0,2,4,22,22,A,1,1,22,22
2019-20,2019-11-27,Group stage,Lille,Ajax,16,46,0.8125,1.8125,1.4130434782608696,1.4782608695652173,0.125,0.34782608695652173,0.0,0.30434782608695654,1,7,22,22,A,1,1,22,22
2019-20,2019-11-27,Group stage,Liverpool,Napoli,36,38,2.2222222222222223,1.2222222222222223,1.605263157894737,1.394736842105263,0.5277777777777778,0.4473684210526316,0.7058823529411765,0.2631578947368421,12,8,22,22,D,1,1,22,22
2019-20,2019-11-27,Group stage,RB Leipzig,Benfica,10,68,1.6,1.5,1.0735294117647058,1.4852941176470589,0.5,0.3382352941176471,0.4,0.20588235294117646,9,6,22,22,D,1,1,22,22
2019-20,2019-11-27,Group stage,Slavia Prague,Inter,4,28,0.5,1.25,1.4285714285714286,1.5357142857142858,0.0,0.39285714285714285,0.0,0.2857142857142857,2,5,22,22,A,1,1,22,22
2019-20,2019-11-27,Group stage,Valencia,Chelsea,38,69,1.5789473684210527,1.131578947368421,1.9710144927536233,1.0144927536231885,0.39473684210526316,0.5072463768115942,0.5263157894736842,0.4,10,7,22,22,D,1,1,22,22
2019-20,2019-11-27,Group stage,Zenit,Lyon,40,40,1.2,1.325,1.3,1.35,0.375,0.3,0.45,0.3,4,7,22,22,H,1,1,22,22
2019-20,2019-12-10,Group stage,Ajax,Valencia,47,39,1.425531914893617,1.446808510638298,1.5897435897435896,1.1538461538461537,0.3617021276595745,0.38461538461538464,0.391304347826087,0.2631578947368421,10,8,13,13,A,1,1,13,13
2019-20,2019-12-10,Group stage,Benfica,Zenit,69,41,1.0869565217391304,1.4927536231884058,1.2195121951219512,1.2926829268292683,0.3333333333333333,0.3902439024390244,0.47058823529411764,0.3,4,7,13,13,H,1,1,13,13
2019-20,2019-12-10,Group stage,Chelsea,Lille,70,17,1.9714285714285715,1.0285714285714285,0.7647058823529411,1.8235294117647058,0.5,0.11764705882352941,0.6176470588235294,0.25,8,1,13,13,H,1,1,13,13
2019-20,2019-12-10,Group stage,Dortmund,Slavia Prague,66,5,1.7272727272727273,1.3636363636363635,0.6,1.6,0.4393939393939394,0.0,0.5454545454545454,0.0,7,2,13,13,H,1,1,13,13
2019-20,2019-12-10,Group stage,Inter,Barcelona,29,107,1.4827586206896552,1.5172413793103448,2.177570093457944,0.8785046728971962,0.41379310344827586,0.6448598130841121,0.5,0.4716981132075472,7,11,13,13,A,1,1,13,13
2019-20,2019-12-10,Group stage,Lyon,RB Leipzig,41,11,1.2682926829268293,1.3658536585365855,1.6363636363636365,1.5454545454545454,0.2926829268292683,0.45454545454545453,0.3,0.6,7,10,13,13,D,1,1,13,13
2019-20,2019-12-10,Group stage,Napoli,Genk,39,11,1.5897435897435896,1.3846153846153846,0.6363636363636364,2.909090909090909,0.4358974358974359,0.0,0.631578947368421,0.0,9,1,13,13,H,1,1,13,13
2019-20,2019-12-10,Group stage,RB Salzburg,Liverpool,5,37,3.2,2.2,2.189189189189189,1.2162162162162162,0.4,0.5135135135135135,0.5,0.3684210526315789,7,10,13,13,A,1,1,13,13
2019-20,2019-12-11,Group stage,Atlético Madrid,Loko Moscow,67,11,1.4179104477611941,0.746268656716418,0.7272727272727273,1.9090909090909092,0.5373134328358209,0.18181818181818182,0.75,0.2,7,3,15,15,H,1,1,15,15
2019-20,2019-12-11,Group stage,Bayern Munich,Tottenham,105,42,2.4095238095238094,1.0095238095238095,1.9047619047619047,1.4285714285714286,0.6666666666666666,0.47619047619047616,0.7884615384615384,0.35,15,10,15,15,H,1,1,15,15
2019-20,2019-12-11,Group stage,Club Brugge,Real Madrid,17,113,0.6470588235294118,1.6470588235294117,2.424778761061947,0.9646017699115044,0.058823529411764705,0.6814159292035398,0.0,0.6,3,8,15,15,A,1,1,15,15
2019-20,2019-12-11,Group stage,Dinamo Zagreb,Manchester City,29,73,0.5517241379310345,2.5517241379310347,1.9589041095890412,1.3287671232876712,0.06896551724137931,0.4794520547945205,0.14285714285714285,0.4166666666666667,5,11,15,15,A,1,1,15,15
2019-20,2019-12-11,Group stage,Leverkusen,Juventus,43,75,1.302325581395349,1.5348837209302326,1.5066666666666666,0.9066666666666666,0.3488372093023256,0.52,0.5238095238095238,0.4444444444444444,6,13,15,15,A,1,1,15,15
2019-20,2019-12-11,Group stage,Olympiacos,Red Star,43,11,1.302325581395349,1.8372093023255813,0.7272727272727273,3.272727272727273,0.37209302325581395,0.18181818181818182,0.5238095238095238,0.0,1,3,15,15,H,1,1,15,15
2019-20,2019-12-11,Group stage,Paris SG,Galatasaray,69,41,2.2318840579710146,1.0724637681159421,0.9512195121951219,1.8780487804878048,0.5797101449275363,0.21951219512195122,0.6470588235294118,0.15,13,2,15,15,H,1,1,15,15
2019-20,2019-12-11,Group stage,Shakhtar D.,Atalanta,63,5,1.507936507936508,1.6349206349206349,1.0,2.4,0.36507936507936506,0.2,0.41935483870967744,0.0,6,4,15,15,A,1,1,15,15
2019-20,2020-02-18,Round of 16,Atlético Madrid,Liverpool,68,38,1.4264705882352942,0.7352941176470589,2.1842105263157894,1.1842105263157894,0.5441176470588235,0.5263157894736842,0.7575757575757576,0.4,9,13,69,70,H,1,1,69,70
2019-20,2020-02-18,Round of 16,Dortmund,Paris SG,67,70,1.7313432835820894,1.3582089552238805,2.2714285714285714,1.0571428571428572,0.44776119402985076,0.5857142857142857,0.5588235294117647,0.5142857142857142,9,13,70,69,H,1,1,70,69
2019-20,2020-02-19,Round of 16,Atalanta,Valencia,6,40,1.3333333333333333,2.0,1.575,1.125,0.3333333333333333,0.4,0.3333333333333333,0.3,7,8,70,71,H,1,1,70,71
2019-20,2020-02-19,Round of 16,Tottenham,RB Leipzig,43,12,1.8837209302325582,1.4651162790697674,1.6666666666666667,1.5833333333333333,0.46511627906976744,0.4166666666666667,0.5909090909090909,0.5,9,8,70,71,A,1,1,70,71
2019-20,2020-02-25,Round of 16,Chelsea,Bayern Munich,71,106,1.971830985915493,1.028169014084507,2.4150943396226414,1.009433962264151,0.5070422535211268,0.6698113207547169,0.6285714285714286,0.5471698113207547,11,15,77,76,A,1,1,77,76
2019-20,2020-02-25,Round of 16,Napoli,Barcelona,40,108,1.65,1.35,2.175925925925926,0.8796296296296297,0.45,0.6481481481481481,0.65,0.48148148148148145,9,13,77,77,D,1,1,77,77
2019-20,2020-02-26,Round of 16,Lyon,Juventus,42,76,1.2857142857142858,1.380952380952381,1.513157894736842,0.8947368421052632,0.2857142857142857,0.5263157894736842,0.2857142857142857,0.4594594594594595,7,15,78,77,H,1,1,78,77
2019-20,2020-02-26,Round of 16,Real Madrid,Manchester City,114,74,2.4298245614035086,0.9649122807017544,1.9864864864864864,1.3243243243243243,0.6842105263157895,0.4864864864864865,0.7586206896551724,0.43243243243243246,11,11,77,77,A,1,1,77,77
2019-20,2020-03-10,Round of 16,RB Leipzig,Tottenham,13,44,1.6153846153846154,1.4615384615384615,1.8409090909090908,1.4545454545454546,0.46153846153846156,0.45454545454545453,0.3333333333333333,0.3333333333333333,11,9,20,20,H,1,1,20,20
2019-20,2020-03-10,Round of 16,Valencia,Atalanta,41,7,1.5609756097560976,1.1951219512195121,1.7142857142857142,1.8571428571428572,0.3902439024390244,0.42857142857142855,0.5,0.3333333333333333,8,10,20,20,A,1,1,20,20
2019-20,2020-03-11,Round of 16,Liverpool,Atlético Madrid,39,69,2.128205128205128,1.1794871794871795,1.4202898550724639,0.7246376811594203,0.5128205128205128,0.5507246376811594,0.6666666666666666,0.34285714285714286,10,9,22,22,A,1,1,22,22
2019-20,2020-03-11,Round of 16,Paris SG,Dortmund,71,68,2.2535211267605635,1.0704225352112675,1.7352941176470589,1.3529411764705883,0.5774647887323944,0.45588235294117646,0.6571428571428571,0.3333333333333333,10,9,22,22,H,1,1,22,22
2019-20,2020-08-07,Round of 16,Juventus,Lyon,77,43,1.4935064935064934,0.8961038961038961,1.2790697674418605,1.3488372093023255,0.5194805194805194,0.3023255813953488,0.5897435897435898,0.2857142857142857,12,7,163,163,H,1,1,163,163
2019-20,2020-08-07,Round of 16,Manchester City,Real Madrid,75,115,1.9866666666666666,1.32,2.417391304347826,0.9739130434782609,0.49333333333333335,0.6782608695652174,0.5405405405405406,0.6071428571428571,11,10,163,163,H,1,1,163,163
2019-20,2020-08-08,Round of 16,Barcelona,Napoli,109,41,2.165137614678899,0.8807339449541285,1.6341463414634145,1.3414634146341464,0.6422018348623854,0.43902439024390244,0.8148148148148148,0.25,11,9,165,165,H,1,1,165,165
2019-20,2020-08-08,Round of 16,Bayern Munich,Chelsea,107,72,2.4205607476635516,1.0,1.9444444444444444,1.0555555555555556,0.6728971962616822,0.5,0.7924528301886793,0.3888888888888889,15,8,165,165,H,1,1,165,165
2019-20,2020-08-12,Quarter-finals,Atalanta,Paris SG,8,72,2.0,2.0,2.25,1.0555555555555556,0.5,0.5833333333333334,0.5,0.5,13,10,155,154,A,1,1,155,154
2019-20,2020-08-13,Quarter-finals,RB Leipzig,Atlético Madrid,14,70,1.7142857142857142,1.3571428571428572,1.4428571428571428,0.7428571428571429,0.5,0.5571428571428572,0.42857142857142855,0.3611111111111111,11,9,156,155,H,1,1,156,155
2019-20,2020-08-14,Quarter-finals,Barcelona,Bayern Munich,110,108,2.172727272727273,0.8818181818181818,2.435185185185185,1.0,0.6454545454545455,0.6759259259259259,0.8181818181818182,0.5555555555555556,11,15,6,6,A,1,1,6,6
2019-20,2020-08-15,Quarter-finals,Manchester City,Lyon,76,44,1.986842105263158,1.3157894736842106,1.2727272727272727,1.3636363636363635,0.5,0.29545454545454547,0.5526315789473685,0.2727272727272727,11,7,8,8,A,1,1,8,8
2019-20,2020-08-18,Semi-finals,RB Leipzig,Paris SG,15,73,1.7333333333333334,1.3333333333333333,2.2465753424657535,1.0547945205479452,0.5333333333333333,0.589041095890411,0.5,0.5135135135135135,11,10,5,6,A,1,1,5,6
2019-20,2020-08-19,Semi-finals,Lyon,Bayern Munich,45,109,1.3111111111111111,1.3555555555555556,2.4862385321100917,1.0091743119266054,0.3111111111111111,0.6788990825688074,0.3181818181818182,0.5636363636363636,7,15,4,5,A,1,1,4,5
2019-20,2020-08-23,Final,Paris SG,Bayern Munich,74,110,2.2567567567567566,1.0405405405405406,2.4909090909090907,1.0,0.5945945945945946,0.6818181818181818,0.6666666666666666,0.5714285714285714,12,15,5,4,A,1,1,5,4
2020-21,2020-10-20,Group stage,Barcelona,Ferencváros,111,0,2.171171171171171,0.9459459459459459,0.0,0.0,0.6396396396396397,0.0,0.8035714285714286,0.0,10,0,67,-1,H,1,0,67,0
2020-21,2020-10-20,Group stage,Chelsea,Sevilla,73,24,1.9315068493150684,1.095890410958904,1.3333333333333333,1.3333333333333333,0.4931506849315068,0.375,0.6111111111111112,0.16666666666666666,5,6,73,923,D,1,1,73,365
2020-21,2020-10-20,Group stage,Dynamo Kyiv,Juventus,20,78,1.15,1.15,1.5,0.8974358974358975,0.25,0.5256410256410257,0.3,0.4473684210526316,5,12,1414,74,A,1,1,365,74
2020-21,2020-10-20,Group stage,Lazio,Dortmund,0,69,0.0,0.0,1.710144927536232,1.3623188405797102,0.0,0.4492753623188406,0.0,0.3235294117647059,0,9,-1,223,H,0,1,0,223
2020-21,2020-10-20,Group stage,Paris SG,Manchester Utd,75,61,2.2266666666666666,1.04,1.4426229508196722,0.9180327868852459,0.5866666666666667,0.5081967213114754,0.6486486486486487,0.45161290322580644,9,3,58,553,A,1,1,58,365
2020-21,2020-10-20,Group stage,RB Leipzig,Başakşehir,16,0,1.625,1.4375,0.0,0.0,0.5,0.0,0.4444444444444444,0.0,10,0,63,-1,H,1,0,63,0
2020-21,2020-10-20,Group stage,Rennes,Krasnodar,0,0,0.0,0.0,0.0,0.0,0.0,0.0,0.0,0.0,0,0,-1,-1,D,0,0,0,0
2020-21,2020-10-20,Group stage,Zenit,Club Brugge,42,18,1.1904761904761905,1.3333333333333333,0.6666666666666666,1.7222222222222223,0.38095238095238093,0.05555555555555555,0.47619047619047616,0.1111111111111111,6,2,315,314,A,1,1,315,314
2020-21,2020-10-21,Group stage,Ajax,Liverpool,48,40,1.3958333333333333,1.4375,2.125,1.225,0.3541666666666667,0.5,0.375,0.38095238095238093,7,7,316,224,A,1,1,316,224
2020-21,2020-10-21,Group stage,Bayern Munich,Atlético Madrid,111,71,2.4774774774774775,0.990990990990991,1.4366197183098592,0.7605633802816901,0.6846846846846847,0.5492957746478874,0.7962962962962963,0.35135135135135137,15,9,59,69,H,1,1,59,69
2020-21,2020-10-21,Group stage,Inter,Gladbach,30,12,1.4666666666666666,1.5333333333333334,1.0833333333333333,2.0,0.4,0.16666666666666666,0.4666666666666667,0.16666666666666666,6,5,316,1415,D,1,1,316,365
2020-21,2020-10-21,Group stage,Manchester City,Porto,77,62,1.974025974025974,1.3376623376623376,1.6129032258064515,1.2258064516129032,0.4935064935064935,0.46774193548387094,0.5384615384615384,0.3225806451612903,10,6,67,553,H,1,1,67,365
2020-21,2020-10-21,Group stage,Midtjylland,Atalanta,0,9,0.0,0.0,1.8888888888888888,2.0,0.0,0.4444444444444444,0.0,0.5,0,12,-1,70,A,0,1,0,70
2020-21,2020-10-21,Group stage,Olympiacos,Marseille,44,24,1.2954545454545454,1.7954545454545454,1.125,1.2083333333333333,0.38636363636363635,0.3333333333333333,0.5454545454545454,0.3333333333333333,3,0,315,2506,H,1,1,315,365
2020-21,2020-10-21,Group stage,RB Salzburg,Loko Moscow,6,12,2.6666666666666665,2.1666666666666665,0.6666666666666666,1.9166666666666667,0.3333333333333333,0.16666666666666666,0.3333333333333333,0.16666666666666666,4,0,316,315,D,1,1,316,315
2020-21,2020-10-21,Group stage,Real Madrid,Shakhtar D.,116,64,2.4051724137931036,0.9827586206896551,1.484375,1.65625,0.6724137931034483,0.359375,0.7457627118644068,0.3125,7,6,75,315,A,1,1,75,315
2020-21,2020-10-27,Group stage,Atalanta,Ajax,10,49,2.1,1.8,1.3673469387755102,1.4285714285714286,0.5,0.3469387755102041,0.4,0.3333333333333333,12,4,6,6,D,1,1,6,6
2020-21,2020-10-27,Group stage,Atlético Madrid,RB Salzburg,72,7,1.4166666666666667,0.8055555555555556,2.5714285714285716,2.142857142857143,0.5416666666666666,0.2857142857142857,0.7647058823529411,0.3333333333333333,9,5,6,6,H,1,1,6,6
2020-21,2020-10-27,Group stage,Gladbach,Real Madrid,13,117,1.1538461538461537,2.0,2.4017094017094016,1.0,0.15384615384615385,0.6666666666666666,0.16666666666666666,0.5964912280701754,6,4,6,6,D,1,1,6,6
2020-21,2020-10-27,Group stage,Liverpool,Midtjylland,41,1,2.097560975609756,1.1951219512195121,0.0,4.0,0.5121951219512195,0.0,0.631578947368421,0.0,7,0,6,6,H,1,1,6,6
2020-21,2020-10-27,Group stage,Loko Moscow,Bayern Munich,13,112,0.7692307692307693,1.9230769230769231,2.4910714285714284,0.9821428571428571,0.15384615384615385,0.6875,0.16666666666666666,0.5789473684210527,1,15,6,6,A,1,1,6,6
2020-21,2020-10-27,Group stage,Marseille,Manchester City,25,78,1.08,1.2,1.9871794871794872,1.3333333333333333,0.32,0.5,0.3333333333333333,0.4473684210526316,0,12,6,6,A,1,1,6,6
2020-21,2020-10-27,Group stage,Porto,Olympiacos,63,45,1.6031746031746033,1.253968253968254,1.288888888888889,1.7555555555555555,0.4603174603174603,0.4,0.6129032258064516,0.22727272727272727,3,6,6,6,H,1,1,6,6
2020-21,2020-10-27,Group stage,Shakhtar D.,Inter,65,31,1.5076923076923077,1.6615384615384616,1.4838709677419355,1.5483870967741935,0.36923076923076925,0.3870967741935484,0.40625,0.3333333333333333,6,7,6,6,D,1,1,6,6
2020-21,2020-10-28,Group stage,Başakşehir,Paris SG,1,76,0.0,2.0,2.210526315789474,1.0526315789473684,0.0,0.5789473684210527,0.0,0.5263157894736842,0,9,8,8,A,1,1,8,8
2020-21,2020-10-28,Group stage,Club Brugge,Lazio,19,1,0.7368421052631579,1.6842105263157894,3.0,1.0,0.10526315789473684,1.0,0.0,0.0,4,3,8,8,D,1,1,8,8
2020-21,2020-10-28,Group stage,Dortmund,Zenit,70,43,1.7,1.3857142857142857,1.186046511627907,1.3488372093023255,0.44285714285714284,0.37209302325581395,0.5714285714285714,0.2857142857142857,6,3,8,8,H,1,1,8,8
2020-21,2020-10-28,Group stage,Ferencváros,Dynamo Kyiv,1,21,1.0,5.0,1.0952380952380953,1.1904761904761905,0.0,0.23809523809523808,0.0,0.2,0,4,8,8,D,1,1,8,8
2020-21,2020-10-28,Group stage,Juventus,Barcelona,79,112,1.5063291139240507,0.8860759493670886,2.1964285714285716,0.9464285714285714,0.5316455696202531,0.6428571428571429,0.6,0.4727272727272727,12,10,8,8,A,1,1,8,8
2020-21,2020-10-28,Group stage,Krasnodar,Chelsea,1,74,1.0,1.0,1.9054054054054055,1.0810810810810811,0.0,0.4864864864864865,0.0,0.3783783783783784,1,5,8,8,A,1,1,8,8
2020-21,2020-10-28,Group stage,Manchester Utd,RB Leipzig,62,17,1.4516129032258065,0.9193548387096774,1.6470588235294117,1.3529411764705883,0.5161290322580645,0.5294117647058824,0.5666666666666667,0.5714285714285714,6,12,8,8,H,1,1,8,8
2020-21,2020-10-28,Group stage,Sevilla,Rennes,25,1,1.28,1.28,1.0,1.0,0.36,0.0,0.5833333333333334,0.0,6,1,8,8,H,1,1,8,8
2020-21,2020-11-03,Group stage,Atalanta,Liverpool,11,42,2.090909090909091,1.8181818181818181,2.0952380952380953,1.1666666666666667,0.45454545454545453,0.5238095238095238,0.3333333333333333,0.4090909090909091,10,9,7,7,A,1,1,7,7
2020-21,2020-11-03,Group stage,Loko Moscow,Atlético Madrid,14,73,0.7857142857142857,1.9285714285714286,1.4383561643835616,0.821917808219178,0.14285714285714285,0.547945205479452,0.14285714285714285,0.34210526315789475,1,9,7,7,D,1,1,7,7
2020-21,2020-11-03,Group stage,Manchester City,Olympiacos,79,46,2.0,1.3164556962025316,1.2608695652173914,1.7608695652173914,0.5063291139240507,0.391304347826087,0.55,0.21739130434782608,12,6,7,7,H,1,1,7,7
2020-21,2020-11-03,Group stage,Midtjylland,Ajax,2,50,0.0,3.0,1.38,1.44,0.0,0.34,0.0,0.32,0,5,7,7,A,1,1,7,7
2020-21,2020-11-03,Group stage,Porto,Marseille,64,26,1.609375,1.234375,1.0384615384615385,1.2692307692307692,0.46875,0.3076923076923077,0.625,0.3076923076923077,6,0,7,7,H,1,1,7,7
2020-21,2020-11-03,Group stage,RB Salzburg,Bayern Munich,8,113,2.5,2.25,2.4867256637168142,0.9823008849557522,0.25,0.6902654867256637,0.25,0.5862068965517241,5,15,7,7,A,1,1,7,7
2020-21,2020-11-03,Group stage,Real Madrid,Inter,118,32,2.3983050847457625,1.0084745762711864,1.4375,1.5,0.6610169491525424,0.375,0.7333333333333333,0.3125,4,5,7,7,H,1,1,7,7
2020-21,2020-11-03,Group stage,Shakhtar D.,Gladbach,66,14,1.4848484848484849,1.6363636363636365,1.2142857142857142,2.0,0.36363636363636365,0.14285714285714285,0.3939393939393939,0.14285714285714285,6,4,7,7,A,1,1,7,7
2020-21,2020-11-04,Group stage,Barcelona,Dynamo Kyiv,113,22,2.1946902654867255,0.9380530973451328,1.1363636363636365,1.2272727272727273,0.6460176991150443,0.22727272727272727,0.8070175438596491,0.18181818181818182,10,5,7,7,H,1,1,7,7
2020-21,2020-11-04,Group stage,Başakşehir,Manchester Utd,2,63,0.0,2.0,1.507936507936508,0.9047619047619048,0.0,0.5238095238095238,0.0,0.46875,0,9,7,7,H,1,1,7,7
2020-21,2020-11-04,Group stage,Chelsea,Rennes,75,2,1.9333333333333333,1.0666666666666667,0.5,1.0,0.49333333333333335,0.0,0.5945945945945946,0.0,7,1,7,7,H,1,1,7,7
2020-21,2020-11-04,Group stage,Club Brugge,Dortmund,20,71,0.75,1.65,1.704225352112676,1.3661971830985915,0.1,0.4507042253521127,0.0,0.3142857142857143,5,9,7,7,A,1,1,7,7
2020-21,2020-11-04,Group stage,Ferencváros,Juventus,2,80,1.5,3.5,1.4875,0.9,0.0,0.525,0.0,0.46153846153846156,1,9,7,7,A,1,1,7,7
2020-21,2020-11-04,Group stage,RB Leipzig,Paris SG,18,77,1.5555555555555556,1.5555555555555556,2.207792207792208,1.0389610389610389,0.5,0.5844155844155844,0.5,0.5384615384615384,9,9,7,7,H,1,1,7,7
2020-21,2020-11-04,Group stage,Sevilla,Krasnodar,26,2,1.2692307692307692,1.2307692307692308,0.5,2.5,0.38461538461538464,0.0,0.6153846153846154,0.0,8,1,7,7,H,1,1,7,7
2020-21,2020-11-04,Group stage,Zenit,Lazio,44,2,1.1590909090909092,1.3636363636363635,2.0,1.0,0.36363636363636365,0.5,0.45454545454545453,0.0,3,4,7,7,D,1,1,7,7
2020-21,2020-11-24,Group stage,Dortmund,Club Brugge,72,21,1.7222222222222223,1.3472222222222223,0.7142857142857143,1.7142857142857142,0.4583333333333333,0.09523809523809523,0.5833333333333334,0.2,9,5,20,20,H,1,1,20,20
2020-21,2020-11-24,Group stage,Dynamo Kyiv,Barcelona,23,114,1.1304347826086956,1.2608695652173914,2.192982456140351,0.9385964912280702,0.21739130434782608,0.6491228070175439,0.2727272727272727,0.48214285714285715,5,12,20,20,A,1,1,20,20
2020-21,2020-11-24,Group stage,Juventus,Ferencváros,81,3,1.5185185185185186,0.9012345679012346,1.3333333333333333,3.6666666666666665,0.5308641975308642,0.0,0.5853658536585366,0.0,9,1,20,20,H,1,1,20,20
2020-21,2020-11-24,Group stage,Krasnodar,Sevilla,3,27,1.0,2.6666666666666665,1.3333333333333333,1.2592592592592593,0.0,0.4074074074074074,0.0,0.15384615384615385,1,8,20,20,A,1,1,20,20
2020-21,2020-11-24,Group stage,Lazio,Zenit,3,45,1.6666666666666667,1.0,1.1555555555555554,1.3555555555555556,0.3333333333333333,0.35555555555555557,1.0,0.2727272727272727,5,4,20,20,H,1,1,20,20
2020-21,2020-11-24,Group stage,Manchester Utd,Başakşehir,64,3,1.5,0.921875,0.6666666666666666,1.6666666666666667,0.515625,0.3333333333333333,0.5806451612903226,0.0,6,3,20,20,H,1,1,20,20
2020-21,2020-11-24,Group stage,Paris SG,RB Leipzig,78,19,2.1923076923076925,1.0512820512820513,1.5789473684210527,1.5263157894736843,0.5769230769230769,0.5263157894736842,0.631578947368421,0.5,6,9,20,20,H,1,1,20,20
2020-21,2020-11-24,Group stage,Rennes,Chelsea,3,76,0.3333333333333333,1.6666666666666667,1.9473684210526316,1.0526315789473684,0.0,0.5,0.0,0.39473684210526316,1,7,20,20,A,1,1,20,20
2020-21,2020-11-25,Group stage,Ajax,Midtjylland,51,3,1.392156862745098,1.4313725490196079,0.3333333333333333,2.6666666666666665,0.35294117647058826,0.0,0.36,0.0,7,0,22,22,H,1,1,22,22
2020-21,2020-11-25,Group stage,Atlético Madrid,Loko Moscow,74,15,1.4324324324324325,0.8243243243243243,0.8,1.8666666666666667,0.5405405405405406,0.13333333333333333,0.7714285714285715,0.14285714285714285,7,2,22,22,D,1,1,22,22
2020-21,2020-11-25,Group stage,Bayern Munich,RB Salzburg,114,9,2.517543859649123,0.9912280701754386,2.4444444444444446,2.6666666666666665,0.6929824561403509,0.2222222222222222,0.8,0.25,15,4,22,22,H,1,1,22,22
2020-21,2020-11-25,Group stage,Gladbach,Shakhtar D.,15,67,1.5333333333333334,1.8666666666666667,1.462686567164179,1.7014925373134329,0.2,0.3582089552238806,0.14285714285714285,0.3333333333333333,6,5,22,22,H,1,1,22,22
2020-21,2020-11-25,Group stage,Inter,Real Madrid,33,119,1.4545454545454546,1.5454545454545454,2.403361344537815,1.0168067226890756,0.36363636363636365,0.6638655462184874,0.4375,0.5862068965517241,5,4,22,22,A,1,1,22,22
2020-21,2020-11-25,Group stage,Liverpool,Atalanta,43,12,2.1627906976744184,1.1395348837209303,1.9166666666666667,2.0833333333333335,0.5348837209302325,0.4166666666666667,0.65,0.6,9,7,22,22,A,1,1,22,22
2020-21,2020-11-25,Group stage,Marseille,Porto,27,65,1.0,1.3333333333333333,1.6307692307692307,1.2153846153846153,0.2962962962962963,0.47692307692307695,0.3076923076923077,0.3125,0,6,22,22,A,1,1,22,22
2020-21,2020-11-25,Group stage,Olympiacos,Manchester City,47,80,1.2340425531914894,1.7872340425531914,2.0125,1.3,0.3829787234042553,0.5125,0.5652173913043478,0.46153846153846156,6,12,22,22,A,1,1,22,22
2020-21,2020-12-01,Group stage,Atalanta,Midtjylland,13,4,1.9230769230769231,1.9230769230769231,0.5,2.75,0.46153846153846156,0.0,0.2857142857142857,0.0,7,0,6,6,D,1,1,6,6
2020-21,2020-12-01,Group stage,Atlético Madrid,Bayern Munich,75,115,1.4133333333333333,0.8133333333333334,2.5217391304347827,0.991304347826087,0.5333333333333333,0.6956521739130435,0.75,0.5932203389830508,5,15,6,6,D,1,1,6,6
2020-21,2020-12-01,Group stage,Gladbach,Inter,16,34,1.6875,1.75,1.411764705882353,1.5588235294117647,0.25,0.35294117647058826,0.25,0.29411764705882354,8,2,6,6,A,1,1,6,6
2020-21,2020-12-01,Group stage,Liverpool,Ajax,44,52,2.1136363636363638,1.1590909090909092,1.4230769230769231,1.4230769230769231,0.5227272727272727,0.36538461538461536,0.6190476190476191,0.34615384615384615,9,7,6,6,H,1,1,6,6
2020-21,2020-12-01,Group stage,Loko Moscow,RB Salzburg,16,10,0.75,1.75,2.3,2.7,0.125,0.2,0.125,0.2,3,1,6,6,A,1,1,6,6
2020-21,2020-12-01,Group stage,Marseille,Olympiacos,28,48,0.9642857142857143,1.3571428571428572,1.2083333333333333,1.7708333333333333,0.2857142857142857,0.375,0.2857142857142857,0.20833333333333334,0,6,6,6,H,1,1,6,6
2020-21,2020-12-01,Group stage,Porto,Manchester City,66,81,1.6363636363636365,1.196969696969697,2.0,1.2839506172839505,0.48484848484848486,0.5185185185185185,0.6363636363636364,0.475,9,12,6,6,D,1,1,6,6
2020-21,2020-12-01,Group stage,Shakhtar D.,Real Madrid,68,120,1.4411764705882353,1.7352941176470589,2.4,1.0083333333333333,0.35294117647058826,0.6666666666666666,0.38235294117647056,0.5932203389830508,4,7,6,6,H,1,1,6,6
2020-21,2020-12-02,Group stage,Başakşehir,RB Leipzig,4,20,0.75,2.25,1.5,1.5,0.25,0.5,0.5,0.4444444444444444,3,6,8,8,A,1,1,8,8
2020-21,2020-12-02,Group stage,Club Brugge,Zenit,22,46,0.6818181818181818,1.7727272727272727,1.1521739130434783,1.391304347826087,0.09090909090909091,0.34782608695652173,0.0,0.2608695652173913,4,1,8,8,H,1,1,8,8
2020-21,2020-12-02,Group stage,Dortmund,Lazio,73,4,1.7397260273972603,1.3287671232876712,2.0,1.0,0.4657534246575342,0.5,0.5945945945945946,0.0,9,8,8,8,D,1,1,8,8
2020-21,2020-12-02,Group stage,Ferencváros,Barcelona,4,115,1.25,3.25,2.208695652173913,0.9304347826086956,0.0,0.6521739130434783,0.0,0.49122807017543857,1,12,8,8,A,1,1,8,8
2020-21,2020-12-02,Group stage,Juventus,Dynamo Kyiv,82,24,1.524390243902439,0.9024390243902439,1.0833333333333333,1.375,0.5365853658536586,0.20833333333333334,0.5952380952380952,0.16666666666666666,12,4,8,8,H,1,1,8,8
2020-21,2020-12-02,Group stage,Krasnodar,Rennes,4,4,1.0,2.5,0.5,1.75,0.0,0.0,0.0,0.0,1,1,8,8,H,1,1,8,8
2020-21,2020-12-02,Group stage,Manchester Utd,Paris SG,65,79,1.5384615384615385,0.9230769230769231,2.1772151898734178,1.0379746835443038,0.5230769230769231,0.5822784810126582,0.59375,0.525,9,6,8,8,A,1,1,8,8
2020-21,2020-12-02,Group stage,Sevilla,Chelsea,28,77,1.3571428571428572,1.25,1.948051948051948,1.051948051948052,0.42857142857142855,0.5064935064935064,0.6428571428571429,0.41025641025641024,11,10,8,8,A,1,1,8,8
2020-21,2020-12-08,Group stage,Barcelona,Juventus,116,83,2.2155172413793105,0.9224137931034483,1.5421686746987953,0.891566265060241,0.6551724137931034,0.5421686746987951,0.8103448275862069,0.475,15,12,6,6,A,1,1,6,6
2020-21,2020-12-08,Group stage,Chelsea,Krasnodar,78,5,1.9743589743589745,1.0384615384615385,1.0,2.0,0.5128205128205128,0.2,0.6052631578947368,0.0,13,4,6,6,D,1,1,6,6
2020-21,2020-12-08,Group stage,Dynamo Kyiv,Ferencváros,25,5,1.04,1.44,1.0,3.2,0.2,0.0,0.25,0.0,1,1,6,6,H,1,1,6,6
2020-21,2020-12-08,Group stage,Lazio,Club Brugge,5,23,1.8,1.0,0.782608695652174,1.6956521739130435,0.4,0.13043478260869565,1.0,0.18181818181818182,9,7,6,6,D,1,1,6,6
2020-21,2020-12-08,Group stage,RB Leipzig,Manchester Utd,21,66,1.619047619047619,1.5714285714285714,1.5303030303030303,0.9545454545454546,0.5238095238095238,0.5151515151515151,0.5454545454545454,0.45454545454545453,9,9,6,6,H,1,1,6,6
2020-21,2020-12-08,Group stage,Rennes,Sevilla,5,29,0.4,1.6,1.3103448275862069,1.3448275862068966,0.0,0.41379310344827586,0.0,0.21428571428571427,1,10,6,6,A,1,1,6,6
2020-21,2020-12-08,Group stage,Zenit,Dortmund,47,74,1.127659574468085,1.425531914893617,1.7297297297297298,1.3243243243243243,0.3404255319148936,0.4594594594594595,0.43478260869565216,0.3333333333333333,1,10,6,6,A,1,1,6,6
2020-21,2020-12-09,Group stage,Ajax,Atalanta,53,14,1.3962264150943395,1.4150943396226414,1.8571428571428572,1.8571428571428572,0.3584905660377358,0.42857142857142855,0.38461538461538464,0.6666666666666666,7,8,8,8,A,1,1,8,8
2020-21,2020-12-09,Group stage,Bayern Munich,Loko Moscow,116,17,2.5086206896551726,0.9913793103448276,0.7647058823529411,1.8235294117647058,0.6896551724137931,0.11764705882352941,0.8035714285714286,0.125,13,3,8,8,H,1,1,8,8
2020-21,2020-12-09,Group stage,Inter,Shakhtar D.,35,69,1.457142857142857,1.5714285714285714,1.4492753623188406,1.710144927536232,0.37142857142857144,0.36231884057971014,0.4117647058823529,0.3235294117647059,5,7,8,8,D,1,1,8,8
2020-21,2020-12-09,Group stage,Manchester City,Marseille,82,29,1.975609756097561,1.2682926829268293,1.0,1.3448275862068966,0.5121951219512195,0.3103448275862069,0.5609756097560976,0.2857142857142857,13,3,8,8,H,1,1,8,8
2020-21,2020-12-09,Group stage,Midtjylland,Liverpool,5,45,0.6,2.4,2.088888888888889,1.1333333333333333,0.0,0.5333333333333333,0.0,0.43478260869565216,1,12,8,8,D,1,1,8,8
2020-21,2020-12-09,Group stage,Olympiacos,Porto,49,67,1.2040816326530612,1.7755102040816326,1.6119402985074627,1.1791044776119404,0.3673469387755102,0.47761194029850745,0.5416666666666666,0.3333333333333333,3,10,8,8,A,1,1,8,8
2020-21,2020-12-09,Group stage,Paris SG,Başakşehir,80,5,2.1875,1.0375,1.2,2.6,0.5875,0.2,0.6410256410256411,0.0,9,3,7,7,H,1,1,7,7
2020-21,2020-12-09,Group stage,RB Salzburg,Atlético Madrid,11,76,2.3636363636363638,2.5454545454545454,1.4078947368421053,0.8157894736842105,0.2727272727272727,0.5263157894736842,0.2,0.3333333333333333,4,6,8,8,A,1,1,8,8
2020-21,2020-12-09,Group stage,Real Madrid,Gladbach,121,17,2.3801652892561984,1.0165289256198347,1.7058823529411764,1.8235294117647058,0.6611570247933884,0.23529411764705882,0.7377049180327869,0.25,7,8,8,8,H,1,1,8,8
2020-21,2021-02-16,Round of 16,Barcelona,Paris SG,117,81,2.1965811965811968,0.9401709401709402,2.2222222222222223,1.037037037037037,0.6495726495726496,0.5925925925925926,0.7966101694915254,0.5365853658536586,12,12,70,69,A,1,1,70,69
2020-21,2021-02-16,Round of 16,RB Leipzig,Liverpool,22,46,1.6818181818181819,1.5909090909090908,2.0652173913043477,1.1304347826086956,0.5454545454545454,0.5217391304347826,0.5833333333333334,0.4166666666666667,9,10,70,69,A,1,1,70,69
2020-21,2021-02-17,Round of 16,Porto,Juventus,68,84,1.6176470588235294,1.161764705882353,1.5595238095238095,0.8809523809523809,0.4852941176470588,0.5476190476190477,0.6176470588235294,0.4878048780487805,13,12,70,71,H,1,1,70,71
2020-21,2021-02-17,Round of 16,Sevilla,Dortmund,30,75,1.3666666666666667,1.3333333333333333,1.7333333333333334,1.32,0.43333333333333335,0.4666666666666667,0.6,0.35135135135135137,12,13,71,71,A,1,1,71,71
2020-21,2021-02-23,Round of 16,Atlético Madrid,Chelsea,77,79,1.4155844155844155,0.8051948051948052,1.9620253164556962,1.0379746835443038,0.5324675324675324,0.5063291139240507,0.7297297297297297,0.425,9,13,76,77,A,1,1,76,77
2020-21,2021-02-23,Round of 16,Lazio,Bayern Munich,6,117,1.8333333333333333,1.1666666666666667,2.5042735042735043,0.9829059829059829,0.3333333333333333,0.6923076923076923,0.6666666666666666,0.5833333333333334,7,13,77,76,A,1,1,77,76
2020-21,2021-02-24,Round of 16,Atalanta,Real Madrid,15,122,1.8,1.7333333333333334,2.377049180327869,1.0081967213114753,0.4666666666666667,0.6639344262295082,0.25,0.5833333333333334,8,10,77,77,A,1,1,77,77
2020-21,2021-02-24,Round of 16,Gladbach,Manchester City,18,83,1.6111111111111112,1.8333333333333333,1.9879518072289157,1.2530120481927711,0.2222222222222222,0.5180722891566265,0.2222222222222222,0.4634146341463415,7,13,77,77,A,1,1,77,77
2020-21,2021-03-09,Round of 16,Dortmund,Sevilla,76,31,1.75,1.3289473684210527,1.3870967741935485,1.3870967741935485,0.47368421052631576,0.41935483870967744,0.5789473684210527,0.26666666666666666,13,9,20,20,D,1,1,20,20
2020-21,2021-03-09,Round of 16,Juventus,Porto,85,69,1.5529411764705883,0.8941176470588236,1.6231884057971016,1.1594202898550725,0.5411764705882353,0.4927536231884058,0.6046511627906976,0.35294117647058826,12,13,20,20,H,1,1,20,20
2020-21,2021-03-10,Round of 16,Liverpool,RB Leipzig,47,23,2.0638297872340425,1.1063829787234043,1.608695652173913,1.608695652173913,0.5319148936170213,0.5217391304347826,0.6363636363636364,0.5,10,9,22,22,H,1,1,22,22
2020-21,2021-03-10,Round of 16,Paris SG,Barcelona,82,118,2.2439024390243905,1.0365853658536586,2.1864406779661016,0.9661016949152542,0.5975609756097561,0.6440677966101694,0.65,0.5,12,9,22,22,D,1,1,22,22
2020-21,2021-03-16,Round of 16,Manchester City,Gladbach,84,19,1.9880952380952381,1.2380952380952381,1.5263157894736843,1.8421052631578947,0.5238095238095238,0.21052631578947367,0.5714285714285714,0.2222222222222222,13,6,20,20,H,1,1,20,20
2020-21,2021-03-16,Round of 16,Real Madrid,Atalanta,123,16,2.3658536585365852,1.0,1.6875,1.6875,0.6666666666666666,0.4375,0.7419354838709677,0.7142857142857143,12,7,20,20,H,1,1,20,20
2020-21,2021-03-17,Round of 16,Bayern Munich,Lazio,118,7,2.516949152542373,0.9830508474576272,1.7142857142857142,1.5714285714285714,0.6949152542372882,0.2857142857142857,0.8070175438596491,0.0,13,6,22,22,H,1,1,22,22
2020-21,2021-03-17,Round of 16,Chelsea,Atlético Madrid,80,78,1.95,1.025,1.3974358974358974,0.8076923076923077,0.5125,0.5256410256410257,0.5897435897435898,0.35,13,6,22,22,H,1,1,22,22
2020-21,2021-04-06,Quarter-finals,Manchester City,Dortmund,85,77,1.988235294117647,1.223529411764706,1.7532467532467533,1.3376623376623376,0.5294117647058824,0.4675324675324675,0.5813953488372093,0.3684210526315789,13,11,21,28,H,1,1,21,28
2020-21,2021-04-06,Quarter-finals,Real Madrid,Liverpool,124,48,2.370967741935484,1.0,2.0625,1.0833333333333333,0.6693548387096774,0.5416666666666666,0.746031746031746,0.44,12,10,21,27,H,1,1,21,27
2020-21,2021-04-07,Quarter-finals,Bayern Munich,Paris SG,119,83,2.5126050420168067,0.9831932773109243,2.2289156626506026,1.036144578313253,0.6974789915966386,0.5903614457831325,0.8103448275862069,0.5476190476190477,13,13,21,28,A,1,1,21,28
2020-21,2021-04-07,Quarter-finals,Porto,Chelsea,70,81,1.6285714285714286,1.1857142857142857,1.9506172839506173,1.0123456790123457,0.4857142857142857,0.5185185185185185,0.6285714285714286,0.43902439024390244,10,13,29,21,A,1,1,29,21
2020-21,2021-04-13,Quarter-finals,Chelsea,Porto,82,71,1.951219512195122,1.0,1.6056338028169015,1.1971830985915493,0.524390243902439,0.4788732394366197,0.6,0.34285714285714286,13,7,6,6,A,1,1,6,6
2020-21,2021-04-13,Quarter-finals,Paris SG,Bayern Munich,84,120,2.238095238095238,1.0476190476190477,2.5083333333333333,1.0,0.5952380952380952,0.6916666666666667,0.6341463414634146,0.5901639344262295,13,10,6,6,A,1,1,6,6
2020-21,2021-04-14,Quarter-finals,Dortmund,Manchester City,78,86,1.7435897435897436,1.3461538461538463,1.9883720930232558,1.2209302325581395,0.46153846153846156,0.5348837209302325,0.5641025641025641,0.47619047619047616,8,13,8,8,A,1,1,8,8
2020-21,2021-04-14,Quarter-finals,Liverpool,Real Madrid,49,125,2.0408163265306123,1.1224489795918366,2.376,1.0,0.5306122448979592,0.672,0.6521739130434783,0.5901639344262295,10,12,8,8,D,1,1,8,8
2020-21,2021-04-27,Semi-finals,Real Madrid,Chelsea,126,83,2.357142857142857,0.9920634920634921,1.927710843373494,1.0,0.6666666666666666,0.5180722891566265,0.75,0.4523809523809524,13,10,13,14,D,1,1,13,14
2020-21,2021-04-28,Semi-finals,Paris SG,Manchester City,85,87,2.211764705882353,1.0470588235294118,1.9885057471264367,1.2183908045977012,0.5882352941176471,0.5402298850574713,0.6190476190476191,0.4883720930232558,10,15,15,14,A,1,1,15,14
2020-21,2021-05-04,Semi-finals,Manchester City,Paris SG,88,86,1.9886363636363635,1.2159090909090908,2.197674418604651,1.058139534883721,0.5454545454545454,0.5813953488372093,0.5909090909090909,0.5581395348837209,15,7,6,6,H,1,1,6,6
2020-21,2021-05-05,Semi-finals,Chelsea,Real Madrid,84,127,1.9166666666666667,1.0,2.3464566929133857,0.9921259842519685,0.5119047619047619,0.6614173228346457,0.5853658536585366,0.5806451612903226,10,11,8,8,H,1,1,8,8
2020-21,2021-05-29,Final,Manchester City,Chelsea,89,85,1.9887640449438202,1.202247191011236,1.9176470588235295,0.9882352941176471,0.550561797752809,0.5176470588235295,0.6,0.4418604651162791,15,10,25,24,A,1,1,25,24
2021-22,2021-09-14,Group stage,Barcelona,Bayern Munich,119,121,2.176470588235294,0.9663865546218487,2.4958677685950414,0.9917355371900827,0.6386554621848739,0.6942148760330579,0.7833333333333333,0.5967741935483871,7,12,188,154,A,1,1,188,154
2021-22,2021-09-14,Group stage,Chelsea,Zenit,86,48,1.9069767441860466,0.9767441860465116,1.125,1.4375,0.5232558139534884,0.3333333333333333,0.5952380952380952,0.25,10,1,108,280,H,1,1,108,280
2021-22,2021-09-14,Group stage,Dynamo Kyiv,Benfica,26,70,1.0384615384615385,1.3846153846153846,1.1142857142857143,1.4714285714285715,0.23076923076923078,0.34285714285714286,0.3076923076923077,0.2,4,7,280,644,D,1,1,280,365
2021-22,2021-09-14,Group stage,Lille,Wolfsburg,18,10,0.7777777777777778,1.8333333333333333,1.5,1.1,0.1111111111111111,0.7,0.0,0.4,1,12,644,1981,D,1,1,365,365
2021-22,2021-09-14,Group stage,Malmö,Juventus,12,86,0.4166666666666667,3.0,1.569767441860465,0.9069767441860465,0.16666666666666666,0.5465116279069767,0.3333333333333333,0.47619047619047616,3,12,2107,189,A,1,1,365,189
2021-22,2021-09-14,Group stage,Sevilla,RB Salzburg,32,12,1.40625,1.40625,2.1666666666666665,2.5,0.40625,0.25,0.5625,0.3333333333333333,7,3,189,279,D,1,1,189,279
2021-22,2021-09-14,Group stage,Villarreal,Atalanta,6,17,0.3333333333333333,2.3333333333333335,1.6470588235294117,1.7647058823529411,0.0,0.4117647058823529,0.0,0.625,0,7,3569,182,D,1,1,365,182
2021-22,2021-09-14,Group stage,Young Boys,Manchester Utd,6,67,0.6666666666666666,2.0,1.537313432835821,0.9850746268656716,0.16666666666666666,0.5074626865671642,0.3333333333333333,0.4411764705882353,4,6,1007,280,H,1,1,365,280
2021-22,2021-09-15,Group stage,Atlético Madrid,Porto,79,72,1.379746835443038,0.8227848101265823,1.5972222222222223,1.1805555555555556,0.5189873417721519,0.4861111111111111,0.7105263157894737,0.3611111111111111,5,9,182,155,D,1,1,182,155
2021-22,2021-09-15,Group stage,Beşiktaş,Dortmund,14,79,1.5,1.9285714285714286,1.7341772151898733,1.3544303797468353,0.35714285714285715,0.45569620253164556,0.14285714285714285,0.358974358974359,5,7,1281,154,A,1,1,365,154
2021-22,2021-09-15,Group stage,Club Brugge,Paris SG,24,87,0.8333333333333334,1.7083333333333333,2.1724137931034484,1.0689655172413792,0.125,0.5747126436781609,0.08333333333333333,0.5454545454545454,5,4,281,134,D,1,1,281,134
2021-22,2021-09-15,Group stage,Inter,Real Madrid,36,128,1.4166666666666667,1.5277777777777777,2.328125,1.0,0.3611111111111111,0.65625,0.3888888888888889,0.5714285714285714,5,8,280,133,A,1,1,280,133
2021-22,2021-09-15,Group stage,Liverpool,Milan,50,34,2.0,1.1,1.2058823529411764,1.2352941176470589,0.52,0.29411764705882354,0.625,0.23529411764705882,8,4,154,2745,H,1,1,154,365
2021-22,2021-09-15,Group stage,Manchester City,RB Leipzig,90,24,1.9666666666666666,1.2,1.5416666666666667,1.625,0.5444444444444444,0.5,0.5869565217391305,0.45454545454545453,12,6,109,189,H,1,1,109,189
2021-22,2021-09-15,Group stage,Sheriff Tiraspol,Shakhtar D.,0,70,0.0,0.0,1.4285714285714286,1.6857142857142857,0.0,0.35714285714285715,0.0,0.3142857142857143,0,5,-1,280,H,0,1,0,280
2021-22,2021-09-15,Group stage,Sporting CP,Ajax,18,54,1.3888888888888888,1.6111111111111112,1.3703703703703705,1.4074074074074074,0.2777777777777778,0.35185185185185186,0.4444444444444444,0.3333333333333333,4,7,1380,280,A,1,1,365,280
2021-22,2021-09-28,Group stage,Ajax,Beşiktaş,55,15,1.4363636363636363,1.4,1.4666666666666666,1.9333333333333333,0.36363636363636365,0.3333333333333333,0.37037037037037035,0.5714285714285714,9,4,13,13,H,1,1,13,13
2021-22,2021-09-28,Group stage,Dortmund,Sporting CP,80,19,1.7375,1.35,1.368421052631579,1.7894736842105263,0.4625,0.2631578947368421,0.55,0.1111111111111111,7,4,13,13,H,1,1,13,13
2021-22,2021-09-28,Group stage,Milan,Atlético Madrid,35,80,1.2285714285714286,1.2857142857142858,1.3625,0.8125,0.2857142857142857,0.5125,0.35294117647058826,0.34146341463414637,4,5,13,13,A,1,1,13,13
2021-22,2021-09-28,Group stage,Paris SG,Manchester City,88,91,2.159090909090909,1.0681818181818181,2.010989010989011,1.2197802197802199,0.5681818181818182,0.5494505494505495,0.6046511627906976,0.5,4,12,13,13,H,1,1,13,13
2021-22,2021-09-28,Group stage,Porto,Liverpool,73,51,1.5753424657534247,1.1643835616438356,2.019607843137255,1.1176470588235294,0.4794520547945205,0.5294117647058824,0.6111111111111112,0.4230769230769231,7,10,13,13,A,1,1,13,13
2021-22,2021-09-28,Group stage,RB Leipzig,Club Brugge,25,25,1.6,1.8,0.84,1.68,0.48,0.12,0.5384615384615384,0.16666666666666666,6,5,13,13,A,1,1,13,13
2021-22,2021-09-28,Group stage,Real Madrid,Sheriff Tiraspol,129,1,2.317829457364341,0.9922480620155039,2.0,0.0,0.6589147286821705,1.0,0.7384615384615385,0.0,8,3,13,13,A,1,1,13,13
2021-22,2021-09-28,Group stage,Shakhtar D.,Inter,71,37,1.408450704225352,1.6901408450704225,1.3783783783783783,1.5135135135135136,0.352112676056338,0.35135135135135137,0.4,0.3333333333333333,4,4,13,13,D,1,1,13,13
2021-22,2021-09-29,Group stage,Atalanta,Young Boys,18,7,1.6666666666666667,1.7777777777777777,0.8571428571428571,1.8571428571428572,0.3888888888888889,0.2857142857142857,0.2222222222222222,0.0,5,7,15,15,H,1,1,15,15
2021-22,2021-09-29,Group stage,Bayern Munich,Dynamo Kyiv,122,27,2.5,0.9836065573770492,1.0,1.3333333333333333,0.6967213114754098,0.2222222222222222,0.7966101694915254,0.15384615384615385,12,4,15,15,H,1,1,15,15
2021-22,2021-09-29,Group stage,Benfica,Barcelona,71,120,1.0985915492957747,1.4507042253521127,2.158333333333333,0.9833333333333333,0.3380281690140845,0.6333333333333333,0.4857142857142857,0.4915254237288136,8,4,15,15,H,1,1,15,15
2021-22,2021-09-29,Group stage,Juventus,Chelsea,87,87,1.5862068965517242,0.896551724137931,1.896551724137931,0.9655172413793104,0.5517241379310345,0.5287356321839081,0.6136363636363636,0.45454545454545453,12,10,15,15,H,1,1,15,15
2021-22,2021-09-29,Group stage,Manchester Utd,Villarreal,68,7,1.5294117647058822,1.0,0.5714285714285714,2.2857142857142856,0.5,0.0,0.5757575757575758,0.0,3,1,15,15,H,1,1,15,15
2021-22,2021-09-29,Group stage,RB Salzburg,Lille,13,19,2.076923076923077,2.3846153846153846,0.7368421052631579,1.736842105263158,0.23076923076923078,0.10526315789473684,0.16666666666666666,0.2222222222222222,4,2,15,15,H,1,1,15,15
2021-22,2021-09-29,Group stage,Wolfsburg,Sevilla,11,33,1.3636363636363635,1.0,1.393939393939394,1.393939393939394,0.6363636363636364,0.3939393939393939,1.0,0.25,10,5,15,15,D,1,1,15,15
2021-22,2021-09-29,Group stage,Zenit,Malmö,49,13,1.1020408163265305,1.4285714285714286,0.38461538461538464,3.0,0.32653061224489793,0.15384615384615385,0.4166666666666667,0.0,1,3,15,15,H,1,1,15,15
2021-22,2021-10-19,Group stage,Ajax,Dortmund,56,81,1.4464285714285714,1.375,1.728395061728395,1.3333333333333333,0.375,0.4691358024691358,0.39285714285714285,0.375,9,7,21,21,H,1,1,21,21
2021-22,2021-10-19,Group stage,Atlético Madrid,Liverpool,81,52,1.3703703703703705,0.8148148148148148,2.076923076923077,1.1153846153846154,0.5185185185185185,0.5384615384615384,0.6923076923076923,0.4444444444444444,7,10,21,21,A,1,1,21,21
2021-22,2021-10-19,Group stage,Beşiktaş,Sporting CP,16,20,1.375,1.9375,1.3,1.75,0.3125,0.25,0.125,0.1,3,4,21,21,A,1,1,21,21
2021-22,2021-10-19,Group stage,Club Brugge,Manchester City,26,92,0.8846153846153846,1.6538461538461537,1.9891304347826086,1.2282608695652173,0.15384615384615385,0.5434782608695652,0.07692307692307693,0.4888888888888889,8,9,21,21,A,1,1,21,21
2021-22,2021-10-19,Group stage,Inter,Sheriff Tiraspol,38,2,1.3421052631578947,1.4736842105263157,2.0,0.5,0.34210526315789475,1.0,0.3684210526315789,1.0,5,6,21,21,H,1,1,21,21
2021-22,2021-10-19,Group stage,Paris SG,RB Leipzig,89,26,2.157303370786517,1.0561797752808988,1.5769230769230769,1.8076923076923077,0.5730337078651685,0.46153846153846156,0.6136363636363636,0.4166666666666667,4,3,21,21,H,1,1,21,21
2021-22,2021-10-19,Group stage,Porto,Milan,74,36,1.5675675675675675,1.2162162162162162,1.2222222222222223,1.3055555555555556,0.47297297297297297,0.2777777777777778,0.5945945945945946,0.2222222222222222,4,1,21,21,H,1,1,21,21
2021-22,2021-10-19,Group stage,Shakhtar D.,Real Madrid,72,130,1.3888888888888888,1.6666666666666667,2.3076923076923075,1.0,0.3472222222222222,0.6538461538461539,0.3888888888888889,0.578125,5,5,21,21,A,1,1,21,21
2021-22,2021-10-20,Group stage,Barcelona,Dynamo Kyiv,121,28,2.1404958677685952,1.0,0.9642857142857143,1.4642857142857142,0.628099173553719,0.21428571428571427,0.7704918032786885,0.14285714285714285,1,4,21,21,H,1,1,21,21
2021-22,2021-10-20,Group stage,Benfica,Bayern Munich,72,123,1.125,1.4305555555555556,2.5203252032520327,0.975609756097561,0.3472222222222222,0.6991869918699187,0.5,0.6031746031746031,8,12,21,21,A,1,1,21,21
2021-22,2021-10-20,Group stage,Chelsea,Malmö,88,14,1.875,0.9659090909090909,0.35714285714285715,3.0714285714285716,0.5227272727272727,0.14285714285714285,0.6046511627906976,0.0,10,0,21,21,H,1,1,21,21
2021-22,2021-10-20,Group stage,Lille,Sevilla,20,34,0.75,1.75,1.3823529411764706,1.3823529411764706,0.1,0.38235294117647056,0.0,0.23529411764705882,1,6,21,21,D,1,1,21,21
2021-22,2021-10-20,Group stage,Manchester Utd,Atalanta,69,19,1.536231884057971,1.0,1.631578947368421,1.6842105263157894,0.5072463768115942,0.42105263157894735,0.5882352941176471,0.5555555555555556,6,7,21,21,H,1,1,21,21
2021-22,2021-10-20,Group stage,RB Salzburg,Wolfsburg,14,12,2.0714285714285716,2.2857142857142856,1.3333333333333333,1.0,0.2857142857142857,0.5833333333333334,0.2857142857142857,0.3333333333333333,7,8,21,21,H,1,1,21,21
2021-22,2021-10-20,Group stage,Young Boys,Villarreal,8,8,0.75,1.75,0.625,2.25,0.25,0.0,0.5,0.0,6,1,21,21,A,1,1,21,21
2021-22,2021-10-20,Group stage,Zenit,Juventus,50,88,1.16,1.4,1.5795454545454546,0.8863636363636364,0.34,0.5568181818181818,0.44,0.4883720930232558,3,12,21,21,A,1,1,21,21
2021-22,2021-11-02,Group stage,Atalanta,Manchester Utd,20,70,1.65,1.75,1.5571428571428572,1.0142857142857142,0.4,0.5142857142857142,0.3,0.42857142857142855,4,6,13,13,D,1,1,13,13
2021-22,2021-11-02,Group stage,Bayern Munich,Benfica,124,73,2.532258064516129,0.967741935483871,1.1095890410958904,1.4657534246575343,0.7016129032258065,0.3424657534246575,0.8,0.19444444444444445,12,8,13,13,H,1,1,13,13
2021-22,2021-11-02,Group stage,Dynamo Kyiv,Barcelona,29,122,0.9310344827586207,1.4482758620689655,2.1311475409836067,0.9918032786885246,0.20689655172413793,0.6311475409836066,0.2857142857142857,0.48333333333333334,4,4,13,13,A,1,1,13,13
2021-22,2021-11-02,Group stage,Juventus,Zenit,89,51,1.5730337078651686,0.8764044943820225,1.1372549019607843,1.392156862745098,0.5617977528089888,0.3333333333333333,0.6222222222222222,0.24,12,3,13,13,H,1,1,13,13
2021-22,2021-11-02,Group stage,Malmö,Chelsea,15,89,0.3333333333333333,3.1333333333333333,1.898876404494382,0.9550561797752809,0.13333333333333333,0.5280898876404494,0.2857142857142857,0.4444444444444444,0,12,13,13,A,1,1,13,13
2021-22,2021-11-02,Group stage,Sevilla,Lille,35,21,1.3428571428571427,1.3428571428571427,0.7142857142857143,1.6666666666666667,0.37142857142857144,0.09523809523809523,0.5294117647058824,0.2,4,2,13,13,A,1,1,13,13
2021-22,2021-11-02,Group stage,Villarreal,Young Boys,9,9,1.0,2.111111111111111,0.7777777777777778,2.0,0.1111111111111111,0.2222222222222222,0.0,0.0,4,6,13,13,H,1,1,13,13
2021-22,2021-11-02,Group stage,Wolfsburg,RB Salzburg,13,15,1.3076923076923077,1.1538461538461537,2.1333333333333333,2.2,0.5384615384615384,0.3333333333333333,0.8333333333333334,0.2857142857142857,5,10,13,13,H,1,1,13,13
2021-22,2021-11-03,Group stage,Dortmund,Ajax,82,57,1.7073170731707317,1.3658536585365855,1.4912280701754386,1.3508771929824561,0.4634146341463415,0.38596491228070173,0.5609756097560976,0.35714285714285715,6,9,15,15,A,1,1,15,15
2021-22,2021-11-03,Group stage,Liverpool,Atlético Madrid,53,82,2.0943396226415096,1.1320754716981132,1.3780487804878048,0.8414634146341463,0.5471698113207547,0.5121951219512195,0.64,0.35714285714285715,10,4,15,15,H,1,1,15,15
2021-22,2021-11-03,Group stage,Manchester City,Club Brugge,93,27,2.021505376344086,1.2258064516129032,0.8888888888888888,1.7777777777777777,0.5483870967741935,0.14814814814814814,0.5957446808510638,0.23076923076923078,9,8,15,15,H,1,1,15,15
2021-22,2021-11-03,Group stage,Milan,Porto,37,75,1.1891891891891893,1.2972972972972974,1.56,1.2,0.2702702702702703,0.48,0.3333333333333333,0.35135135135135137,0,7,15,15,D,1,1,15,15
2021-22,2021-11-03,Group stage,RB Leipzig,Paris SG,27,90,1.5925925925925926,1.8518518518518519,2.1666666666666665,1.0666666666666667,0.4444444444444444,0.5777777777777777,0.5,0.5333333333333333,0,7,15,15,D,1,1,15,15
2021-22,2021-11-03,Group stage,Real Madrid,Shakhtar D.,131,73,2.3282442748091605,0.9923664122137404,1.36986301369863,1.7123287671232876,0.6564885496183206,0.3424657534246575,0.7272727272727273,0.3055555555555556,7,5,15,15,H,1,1,15,15
2021-22,2021-11-03,Group stage,Sheriff Tiraspol,Inter,3,39,1.6666666666666667,1.3333333333333333,1.3846153846153846,1.4615384615384615,0.6666666666666666,0.358974358974359,1.0,0.3157894736842105,6,8,15,15,A,1,1,15,15
2021-22,2021-11-03,Group stage,Sporting CP,Beşiktaş,21,17,1.4285714285714286,1.7142857142857142,1.3529411764705883,2.0588235294117645,0.2857142857142857,0.29411764705882354,0.4,0.5,6,0,15,15,H,1,1,15,15
2021-22,2021-11-23,Group stage,Barcelona,Benfica,123,74,2.1219512195121952,0.983739837398374,1.1216216216216217,1.5135135135135136,0.6341463414634146,0.33783783783783783,0.7741935483870968,0.1891891891891892,7,7,21,21,D,1,1,21,21
2021-22,2021-11-23,Group stage,Chelsea,Juventus,90,90,1.8888888888888888,0.9444444444444444,1.6,0.8888888888888888,0.5333333333333333,0.5666666666666667,0.6136363636363636,0.5,12,15,21,21,H,1,1,21,21
2021-22,2021-11-23,Group stage,Dynamo Kyiv,Bayern Munich,30,125,0.9,1.4333333333333333,2.552,0.976,0.2,0.704,0.26666666666666666,0.609375,4,15,21,21,A,1,1,21,21
2021-22,2021-11-23,Group stage,Lille,RB Salzburg,22,16,0.7727272727272727,1.6363636363636365,2.0625,2.1875,0.13636363636363635,0.3125,0.0,0.25,5,7,21,21,H,1,1,21,21
2021-22,2021-11-23,Group stage,Malmö,Zenit,16,52,0.3125,3.0,1.1538461538461537,1.4423076923076923,0.125,0.3269230769230769,0.25,0.23076923076923078,0,3,21,21,D,1,1,21,21
2021-22,2021-11-23,Group stage,Sevilla,Wolfsburg,36,14,1.3333333333333333,1.3611111111111112,1.3571428571428572,1.1428571428571428,0.3611111111111111,0.5714285714285714,0.5,0.2857142857142857,4,5,21,21,H,1,1,21,21
2021-22,2021-11-23,Group stage,Villarreal,Manchester Utd,10,71,1.1,1.9,1.5633802816901408,1.028169014084507,0.2,0.5070422535211268,0.2,0.4166666666666667,7,7,21,21,A,1,1,21,21
2021-22,2021-11-23,Group stage,Young Boys,Atalanta,10,21,0.7,2.0,1.6666666666666667,1.7619047619047619,0.2,0.38095238095238093,0.4,0.5,6,5,21,21,D,1,1,21,21
2021-22,2021-11-24,Group stage,Atlético Madrid,Milan,83,38,1.3614457831325302,0.8554216867469879,1.1842105263157894,1.2894736842105263,0.5060240963855421,0.2631578947368421,0.675,0.21052631578947367,4,1,21,21,A,1,1,21,21
2021-22,2021-11-24,Group stage,Beşiktaş,Ajax,18,58,1.2777777777777777,2.1666666666666665,1.5172413793103448,1.3448275862068966,0.2777777777777778,0.39655172413793105,0.1111111111111111,0.3793103448275862,0,12,21,21,A,1,1,21,21
2021-22,2021-11-24,Group stage,Club Brugge,RB Leipzig,28,28,0.8928571428571429,1.8571428571428572,1.6071428571428572,1.8571428571428572,0.14285714285714285,0.42857142857142855,0.07142857142857142,0.38461538461538464,5,1,21,21,A,1,1,21,21
2021-22,2021-11-24,Group stage,Inter,Shakhtar D.,40,74,1.425,1.45,1.364864864864865,1.7162162162162162,0.375,0.33783783783783783,0.4,0.2972972972972973,8,2,21,21,H,1,1,21,21
2021-22,2021-11-24,Group stage,Liverpool,Porto,54,76,2.0925925925925926,1.1111111111111112,1.5526315789473684,1.1973684210526316,0.5555555555555556,0.47368421052631576,0.6538461538461539,0.34210526315789475,13,8,21,21,H,1,1,21,21
2021-22,2021-11-24,Group stage,Manchester City,Paris SG,94,91,2.0425531914893615,1.2234042553191489,2.1648351648351647,1.0769230769230769,0.5531914893617021,0.5714285714285714,0.6041666666666666,0.5217391304347826,9,8,21,21,H,1,1,21,21
2021-22,2021-11-24,Group stage,Sheriff Tiraspol,Real Madrid,4,132,1.5,1.75,2.3257575757575757,0.9924242424242424,0.5,0.6590909090909091,0.5,0.5846153846153846,6,9,21,21,A,1,1,21,21
2021-22,2021-11-24,Group stage,Sporting CP,Dortmund,22,83,1.5454545454545454,1.6363636363636365,1.6987951807228916,1.3855421686746987,0.3181818181818182,0.4578313253012048,0.45454545454545453,0.36585365853658536,6,6,21,21,H,1,1,21,21
2021-22,2021-12-07,Group stage,Ajax,Sporting CP,59,23,1.5254237288135593,1.3389830508474576,1.608695652173913,1.608695652173913,0.4067796610169492,0.34782608695652173,0.41379310344827586,0.18181818181818182,15,9,13,13,H,1,1,13,13
2021-22,2021-12-07,Group stage,Dortmund,Beşiktaş,84,19,1.6904761904761905,1.4047619047619047,1.263157894736842,2.1578947368421053,0.4523809523809524,0.2631578947368421,0.5476190476190477,0.4444444444444444,6,0,13,13,H,1,1,13,13
2021-22,2021-12-07,Group stage,Milan,Liverpool,39,55,1.1794871794871795,1.2564102564102564,2.090909090909091,1.0909090909090908,0.28205128205128205,0.5636363636363636,0.3157894736842105,0.4642857142857143,4,15,13,13,A,1,1,13,13
2021-22,2021-12-07,Group stage,Paris SG,Club Brugge,92,29,2.152173913043478,1.0869565217391304,0.8620689655172413,1.9655172413793103,0.5652173913043478,0.13793103448275862,0.6222222222222222,0.21428571428571427,8,4,13,13,H,1,1,13,13
2021-22,2021-12-07,Group stage,Porto,Atlético Madrid,77,84,1.5324675324675325,1.2077922077922079,1.3452380952380953,0.8571428571428571,0.4675324675324675,0.5,0.6052631578947368,0.3488372093023256,5,4,13,13,A,1,1,13,13
2021-22,2021-12-07,Group stage,RB Leipzig,Manchester City,29,95,1.7241379310344827,1.793103448275862,2.042105263157895,1.2210526315789474,0.4482758620689655,0.5578947368421052,0.4666666666666667,0.5,4,12,13,13,H,1,1,13,13
2021-22,2021-12-07,Group stage,Real Madrid,Inter,133,41,2.330827067669173,0.9849624060150376,1.4390243902439024,1.4146341463414633,0.6616541353383458,0.3902439024390244,0.7313432835820896,0.35,12,10,13,13,H,1,1,13,13
2021-22,2021-12-07,Group stage,Shakhtar D.,Sheriff Tiraspol,75,5,1.3466666666666667,1.72,1.2,2.0,0.3333333333333333,0.4,0.3783783783783784,0.5,1,6,13,13,D,1,1,13,13
2021-22,2021-12-08,Group stage,Bayern Munich,Barcelona,126,124,2.5476190476190474,0.9761904761904762,2.1048387096774195,0.9758064516129032,0.7063492063492064,0.6290322580645161,0.8032786885245902,0.4918032786885246,15,7,15,15,H,1,1,15,15
2021-22,2021-12-08,Group stage,Benfica,Dynamo Kyiv,75,31,1.1066666666666667,1.4933333333333334,0.9032258064516129,1.4516129032258065,0.3333333333333333,0.1935483870967742,0.4864864864864865,0.13333333333333333,5,1,15,15,H,1,1,15,15
2021-22,2021-12-08,Group stage,Juventus,Malmö,91,17,1.5824175824175823,0.9230769230769231,0.35294117647058826,2.8823529411764706,0.5604395604395604,0.11764705882352941,0.6304347826086957,0.0,12,1,15,15,H,1,1,15,15
2021-22,2021-12-08,Group stage,Manchester Utd,Young Boys,72,11,1.5694444444444444,1.0138888888888888,0.9090909090909091,2.090909090909091,0.5138888888888888,0.18181818181818182,0.6,0.0,10,4,15,15,D,1,1,15,15
2021-22,2021-12-08,Group stage,RB Salzburg,Sevilla,17,37,1.9411764705882353,2.1176470588235294,1.3513513513513513,1.3243243243243243,0.29411764705882354,0.3783783783783784,0.375,0.2222222222222222,7,6,15,15,H,1,1,15,15
2021-22,2021-12-08,Group stage,Wolfsburg,Lille,15,23,1.2666666666666666,1.2,0.782608695652174,1.565217391304348,0.5333333333333333,0.17391304347826086,0.8571428571428571,0.2727272727272727,5,8,15,15,A,1,1,15,15
2021-22,2021-12-08,Group stage,Zenit,Chelsea,53,91,1.150943396226415,1.4339622641509433,1.9120879120879122,0.9340659340659341,0.32075471698113206,0.5384615384615384,0.4230769230769231,0.45652173913043476,4,12,15,15,D,1,1,15,15
2021-22,2021-12-09,Group stage,Atalanta,Villarreal,22,11,1.7272727272727273,1.8181818181818181,1.0,1.9090909090909092,0.36363636363636365,0.18181818181818182,0.2727272727272727,0.2,6,7,16,16,A,1,1,16,16
2021-22,2022-02-15,Round of 16,Paris SG,Real Madrid,93,134,2.172043010752688,1.086021505376344,2.328358208955224,0.9776119402985075,0.5698924731182796,0.664179104477612,0.6304347826086957,0.5909090909090909,10,12,70,70,H,1,1,70,70
2021-22,2022-02-15,Round of 16,Sporting CP,Manchester City,24,96,1.625,1.7083333333333333,2.03125,1.2291666666666667,0.3333333333333333,0.5520833333333334,0.5,0.48936170212765956,9,9,70,70,A,1,1,70,70
2021-22,2022-02-16,Round of 16,Inter,Liverpool,42,56,1.4047619047619047,1.4285714285714286,2.0892857142857144,1.0892857142857142,0.38095238095238093,0.5714285714285714,0.42857142857142855,0.4827586206896552,10,15,71,71,A,1,1,71,71
2021-22,2022-02-16,Round of 16,RB Salzburg,Bayern Munich,18,127,1.8888888888888888,2.0,2.5511811023622046,0.968503937007874,0.3333333333333333,0.7086614173228346,0.4444444444444444,0.6153846153846154,9,15,70,70,D,1,1,70,70
2021-22,2022-02-22,Round of 16,Chelsea,Lille,92,24,1.923913043478261,0.9565217391304348,0.875,1.5416666666666667,0.532608695652174,0.20833333333333334,0.6222222222222222,0.3333333333333333,10,10,76,76,H,1,1,76,76
2021-22,2022-02-22,Round of 16,Villarreal,Juventus,12,92,1.1666666666666667,1.9166666666666667,1.576086956521739,0.9130434782608695,0.25,0.5652173913043478,0.16666666666666666,0.4888888888888889,9,12,75,76,D,1,1,75,76
2021-22,2022-02-23,Round of 16,Atlético Madrid,Manchester Utd,85,73,1.3647058823529412,0.8588235294117647,1.5616438356164384,1.0136986301369864,0.5058823529411764,0.5068493150684932,0.6585365853658537,0.43243243243243246,6,11,78,77,D,1,1,78,77
2021-22,2022-02-23,Round of 16,Benfica,Ajax,76,60,1.118421052631579,1.4736842105263157,1.5666666666666667,1.35,0.34210526315789475,0.4166666666666667,0.5,0.4,7,15,77,78,D,1,1,77,78
2021-22,2022-03-08,Round of 16,Bayern Munich,RB Salzburg,128,19,2.5390625,0.96875,1.8421052631578947,1.9473684210526316,0.703125,0.3157894736842105,0.8064516129032258,0.2222222222222222,13,7,20,20,H,1,1,20,20
2021-22,2022-03-08,Round of 16,Liverpool,Inter,57,43,2.087719298245614,1.0701754385964912,1.372093023255814,1.441860465116279,0.5789473684210527,0.37209302325581395,0.6666666666666666,0.3333333333333333,15,9,20,20,A,1,1,20,20
2021-22,2022-03-09,Round of 16,Manchester City,Sporting CP,97,25,2.0618556701030926,1.2164948453608246,1.56,1.84,0.5567010309278351,0.32,0.6122448979591837,0.16666666666666666,12,9,22,22,D,1,1,22,22
2021-22,2022-03-09,Round of 16,Real Madrid,Paris SG,135,94,2.311111111111111,0.9777777777777777,2.1595744680851063,1.074468085106383,0.6592592592592592,0.574468085106383,0.7352941176470589,0.5106382978723404,12,10,22,22,H,1,1,22,22
2021-22,2022-03-15,Round of 16,Ajax,Benfica,61,77,1.5737704918032787,1.360655737704918,1.12987012987013,1.4805194805194806,0.4098360655737705,0.33766233766233766,0.43333333333333335,0.18421052631578946,13,5,20,20,A,1,1,20,20
2021-22,2022-03-15,Round of 16,Manchester Utd,Atlético Madrid,74,86,1.554054054054054,1.0135135135135136,1.3604651162790697,0.8604651162790697,0.5,0.5,0.5833333333333334,0.36363636363636365,9,4,20,20,A,1,1,20,20
2021-22,2022-03-16,Round of 16,Juventus,Villarreal,93,13,1.5698924731182795,0.9139784946236559,1.1538461538461537,1.8461538461538463,0.5591397849462365,0.23076923076923078,0.6382978723404256,0.3333333333333333,10,10,22,22,A,1,1,22,22
2021-22,2022-03-16,Round of 16,Lille,Chelsea,25,93,0.84,1.56,1.924731182795699,0.946236559139785,0.2,0.5376344086021505,0.08333333333333333,0.44680851063829785,10,13,22,22,A,1,1,22,22
2021-22,2022-04-05,Quarter-finals,Benfica,Liverpool,78,58,1.1282051282051282,1.4615384615384615,2.0517241379310347,1.0689655172413792,0.34615384615384615,0.5689655172413793,0.48717948717948717,0.5,8,12,21,28,A,1,1,21,28
2021-22,2022-04-05,Quarter-finals,Manchester City,Atlético Madrid,98,87,2.0408163265306123,1.2040816326530612,1.3563218390804597,0.8505747126436781,0.5510204081632653,0.5057471264367817,0.6,0.37777777777777777,10,7,27,21,H,1,1,27,21
2021-22,2022-04-06,Quarter-finals,Chelsea,Real Madrid,94,136,1.925531914893617,0.9468085106382979,2.3161764705882355,0.9779411764705882,0.5425531914893617,0.6617647058823529,0.6304347826086957,0.582089552238806,13,12,21,28,A,1,1,21,28
2021-22,2022-04-06,Quarter-finals,Villarreal,Bayern Munich,14,129,1.2857142857142858,1.7142857142857142,2.5736434108527133,0.9689922480620154,0.2857142857142857,0.7054263565891473,0.14285714285714285,0.6060606060606061,10,13,21,29,H,1,1,21,29
2021-22,2022-04-12,Quarter-finals,Bayern Munich,Villarreal,130,15,2.5538461538461537,0.9692307692307692,1.2666666666666666,1.6,0.7,0.3333333333333333,0.8095238095238095,0.42857142857142855,10,10,6,6,D,1,1,6,6
2021-22,2022-04-12,Quarter-finals,Real Madrid,Chelsea,137,95,2.321167883211679,0.9781021897810219,1.9157894736842105,0.968421052631579,0.6642335766423357,0.5368421052631579,0.7391304347826086,0.4583333333333333,12,10,6,6,A,1,1,6,6
2021-22,2022-04-13,Quarter-finals,Atlético Madrid,Manchester City,88,99,1.3409090909090908,0.8522727272727273,2.0303030303030303,1.1919191919191918,0.5,0.5555555555555556,0.6428571428571429,0.5,7,10,8,8,D,1,1,8,8
2021-22,2022-04-13,Quarter-finals,Liverpool,Benfica,59,79,2.0677966101694913,1.0677966101694916,1.1265822784810127,1.481012658227848,0.576271186440678,0.34177215189873417,0.6428571428571429,0.20512820512820512,12,8,8,8,D,1,1,8,8
2021-22,2022-04-26,Semi-finals,Manchester City,Real Madrid,100,138,2.01,1.18,2.318840579710145,0.9927536231884058,0.55,0.6594202898550725,0.6078431372549019,0.5882352941176471,8,9,13,14,H,1,1,13,14
2021-22,2022-04-27,Semi-finals,Liverpool,Villarreal,60,16,2.0833333333333335,1.1,1.25,1.5625,0.5666666666666667,0.3125,0.6206896551724138,0.375,10,11,14,15,H,1,1,14,15
2021-22,2022-05-03,Semi-finals,Villarreal,Liverpool,17,61,1.1764705882352942,1.588235294117647,2.081967213114754,1.0819672131147542,0.29411764705882354,0.5737704918032787,0.25,0.5161290322580645,8,10,6,6,A,1,1,6,6
2021-22,2022-05-04,Semi-finals,Real Madrid,Manchester City,139,101,2.323741007194245,1.014388489208633,2.0297029702970297,1.198019801980198,0.6546762589928058,0.5544554455445545,0.7285714285714285,0.4897959183673469,6,11,8,8,H,1,1,8,8
2021-22,2022-05-28,Final,Liverpool,Real Madrid,62,140,2.096774193548387,1.096774193548387,2.3285714285714287,1.0142857142857142,0.5806451612903226,0.6571428571428571,0.6333333333333333,0.5797101449275363,10,9,25,24,A,1,1,25,24
2022-23,2022-09-06,Group stage,Benfica,Maccabi Haifa,80,0,1.15,1.5,0.0,0.0,0.3375,0.0,0.475,0.0,8,0,146,-1,H,1,0,146,0
2022-23,2022-09-06,Group stage,Celtic,Real Madrid,26,141,0.8461538461538461,2.3461538461538463,2.3191489361702127,1.0070921985815602,0.19230769230769232,0.6595744680851063,0.23076923076923078,0.5857142857142857,3,9,1736,101,A,1,1,365,101
2022-23,2022-09-06,Group stage,Dinamo Zagreb,Chelsea,30,96,0.5666666666666667,2.6,1.9270833333333333,0.9791666666666666,0.06666666666666667,0.5416666666666666,0.13333333333333333,0.46938775510204084,2,10,1000,147,H,1,1,365,147
2022-23,2022-09-06,Group stage,Dortmund,FC Copenhagen,85,20,1.7294117647058824,1.388235294117647,0.9,1.1,0.4588235294117647,0.3,0.5581395348837209,0.2,6,8,273,2099,H,1,1,273,365
2022-23,2022-09-06,Group stage,Paris SG,Juventus,95,94,2.1473684210526316,1.0947368421052632,1.553191489361702,0.9361702127659575,0.5684210526315789,0.5531914893617021,0.6382978723404256,0.4782608695652174,7,7,181,174,H,1,1,181,174
2022-23,2022-09-06,Group stage,RB Leipzig,Shakhtar D.,30,76,1.7333333333333334,1.7666666666666666,1.3421052631578947,1.7105263157894737,0.4666666666666667,0.32894736842105265,0.5,0.2894736842105263,7,2,273,273,A,1,1,273,273
2022-23,2022-09-06,Group stage,RB Salzburg,Milan,20,40,1.8,2.2,1.175,1.275,0.3,0.275,0.4,0.25,4,4,182,273,D,1,1,182,273
2022-23,2022-09-06,Group stage,Sevilla,Manchester City,38,102,1.3157894736842106,1.3157894736842106,2.019607843137255,1.2156862745098038,0.3684210526315789,0.5490196078431373,0.5263157894736842,0.48,5,8,272,125,A,1,1,272,125
2022-23,2022-09-07,Group stage,Ajax,Rangers,62,6,1.5483870967741935,1.3548387096774193,0.5,1.0,0.4032258064516129,0.16666666666666666,0.41935483870967744,0.0,10,5,176,4292,H,1,1,176,365
2022-23,2022-09-07,Group stage,Atlético Madrid,Porto,89,78,1.3258426966292134,0.8426966292134831,1.5256410256410255,1.2307692307692308,0.4943820224719101,0.46153846153846156,0.627906976744186,0.3333333333333333,8,4,147,274,H,1,1,147,274
2022-23,2022-09-07,Group stage,Barcelona,Viktoria Plzeň,125,18,2.088,0.992,0.9444444444444444,2.4444444444444446,0.624,0.2222222222222222,0.7619047619047619,0.2222222222222222,7,6,273,1365,H,1,1,273,365
2022-23,2022-09-07,Group stage,Club Brugge,Leverkusen,30,44,0.8666666666666667,2.033333333333333,1.2727272727272727,1.5454545454545454,0.13333333333333333,0.3409090909090909,0.06666666666666667,0.18181818181818182,3,6,274,1001,H,1,1,274,365
2022-23,2022-09-07,Group stage,Frankfurt,Sporting CP,0,26,0.0,0.0,1.5,1.7692307692307692,0.0,0.3076923076923077,0.0,0.15384615384615385,0,7,-1,182,A,0,1,0,182
2022-23,2022-09-07,Group stage,Inter,Bayern Munich,44,131,1.3636363636363635,1.4090909090909092,2.5419847328244276,0.9694656488549618,0.38636363636363635,0.6946564885496184,0.4090909090909091,0.5970149253731343,9,8,183,148,A,1,1,183,148
2022-23,2022-09-07,Group stage,Napoli,Liverpool,42,63,1.619047619047619,1.380952380952381,2.0634920634920637,1.0952380952380953,0.42857142857142855,0.5714285714285714,0.6190476190476191,0.53125,6,10,760,102,H,1,1,365,102
2022-23,2022-09-07,Group stage,Tottenham,Marseille,45,30,1.8,1.488888888888889,0.9666666666666667,1.4,0.4444444444444444,0.3,0.5652173913043478,0.26666666666666666,6,3,911,637,H,1,1,365,365
2022-23,2022-09-13,Group stage,Bayern Munich,Barcelona,132,126,2.537878787878788,0.9621212121212122,2.111111111111111,0.9920634920634921,0.696969696969697,0.626984126984127,0.796875,0.4838709677419355,8,10,6,6,H,1,1,6,6
2022-23,2022-09-13,Group stage,Leverkusen,Atlético Madrid,45,90,1.2444444444444445,1.5333333333333334,1.3333333333333333,0.8444444444444444,0.3333333333333333,0.5,0.5,0.3695652173913043,6,8,6,6,H,1,1,6,6
2022-23,2022-09-13,Group stage,Liverpool,Ajax,64,63,2.046875,1.140625,1.5873015873015872,1.3333333333333333,0.5625,0.4126984126984127,0.6129032258064516,0.3870967741935484,7,10,6,6,H,1,1,6,6
2022-23,2022-09-13,Group stage,Marseille,Frankfurt,31,1,0.9354838709677419,1.4193548387096775,0.0,3.0,0.2903225806451613,0.0,0.3333333333333333,0.0,3,0,6,6,A,1,1,6,6
2022-23,2022-09-13,Group stage,Porto,Club Brugge,79,31,1.518987341772152,1.240506329113924,0.8709677419354839,1.967741935483871,0.45569620253164556,0.16129032258064516,0.5897435897435898,0.2,4,3,6,6,A,1,1,6,6
2022-23,2022-09-13,Group stage,Sporting CP,Tottenham,27,46,1.5555555555555556,1.7037037037037037,1.8043478260869565,1.4565217391304348,0.3333333333333333,0.45652173913043476,0.46153846153846156,0.3181818181818182,7,6,6,6,H,1,1,6,6
2022-23,2022-09-13,Group stage,Viktoria Plzeň,Inter,19,45,0.9473684210526315,2.5789473684210527,1.3333333333333333,1.4222222222222223,0.21052631578947367,0.37777777777777777,0.2222222222222222,0.36363636363636365,6,6,6,6,A,1,1,6,6
2022-23,2022-09-14,Group stage,Chelsea,RB Salzburg,97,21,1.907216494845361,0.979381443298969,1.7619047619047619,2.142857142857143,0.5360824742268041,0.2857142857142857,0.6170212765957447,0.2,9,5,8,8,D,1,1,8,8
2022-23,2022-09-14,Group stage,FC Copenhagen,Sevilla,21,39,0.8571428571428571,1.1904761904761905,1.2820512820512822,1.3846153846153846,0.2857142857142857,0.358974358974359,0.4,0.21052631578947367,5,4,8,8,D,1,1,8,8
2022-23,2022-09-14,Group stage,Juventus,Benfica,95,81,1.5473684210526315,0.9473684210526315,1.1604938271604939,1.4814814814814814,0.5473684210526316,0.345679012345679,0.625,0.2,4,8,8,8,A,1,1,8,8
2022-23,2022-09-14,Group stage,Maccabi Haifa,Paris SG,1,96,0.0,2.0,2.1458333333333335,1.09375,0.0,0.5729166666666666,0.0,0.5,0,9,8,8,A,1,1,8,8
2022-23,2022-09-14,Group stage,Manchester City,Dortmund,103,86,2.0388349514563107,1.203883495145631,1.744186046511628,1.372093023255814,0.5533980582524272,0.46511627906976744,0.6153846153846154,0.35714285714285715,10,6,8,8,H,1,1,8,8
2022-23,2022-09-14,Group stage,Milan,Dinamo Zagreb,41,31,1.170731707317073,1.2682926829268293,0.5806451612903226,2.5161290322580645,0.2682926829268293,0.0967741935483871,0.3,0.0,5,5,8,8,H,1,1,8,8
2022-23,2022-09-14,Group stage,Rangers,Napoli,7,43,0.42857142857142855,1.4285714285714286,1.6744186046511629,1.372093023255814,0.14285714285714285,0.4418604651162791,0.3333333333333333,0.23809523809523808,2,8,7,7,A,1,1,7,7
2022-23,2022-09-14,Group stage,Real Madrid,RB Leipzig,142,31,2.323943661971831,1.0,1.7096774193548387,1.8387096774193548,0.6619718309859155,0.45161290322580644,0.7323943661971831,0.42857142857142855,9,7,8,8,H,1,1,8,8
2022-23,2022-09-14,Group stage,Shakhtar D.,Celtic,77,27,1.3766233766233766,1.7012987012987013,0.8148148148148148,2.3703703703703702,0.33766233766233766,0.18518518518518517,0.3684210526315789,0.15384615384615385,4,0,8,8,D,1,1,8,8
2022-23,2022-10-04,Group stage,Ajax,Napoli,64,44,1.578125,1.34375,1.7045454545454546,1.3409090909090908,0.40625,0.45454545454545453,0.4375,0.2727272727272727,7,10,21,20,A,1,1,21,20
2022-23,2022-10-04,Group stage,Bayern Munich,Viktoria Plzeň,133,20,2.5338345864661656,0.9548872180451128,0.9,2.55,0.6992481203007519,0.2,0.8,0.2,10,6,21,21,H,1,1,21,21
2022-23,2022-10-04,Group stage,Club Brugge,Atlético Madrid,32,91,0.96875,1.90625,1.3186813186813187,0.8571428571428571,0.1875,0.4945054945054945,0.125,0.3617021276595745,6,7,21,21,H,1,1,21,21
2022-23,2022-10-04,Group stage,Frankfurt,Tottenham,2,47,0.5,1.5,1.7659574468085106,1.4680851063829787,0.5,0.44680851063829785,0.0,0.30434782608695654,3,3,21,21,D,1,1,21,21
2022-23,2022-10-04,Group stage,Inter,Barcelona,46,127,1.3478260869565217,1.391304347826087,2.094488188976378,1.0,0.391304347826087,0.6220472440944882,0.391304347826087,0.47619047619047616,6,7,21,21,H,1,1,21,21
2022-23,2022-10-04,Group stage,Liverpool,Rangers,65,8,2.046153846153846,1.1384615384615384,0.375,1.625,0.5692307692307692,0.125,0.625,0.0,9,1,21,20,H,1,1,21,20
2022-23,2022-10-04,Group stage,Marseille,Sporting CP,32,28,0.90625,1.40625,1.5714285714285714,1.6428571428571428,0.28125,0.35714285714285715,0.3125,0.21428571428571427,3,7,21,21,H,1,1,21,21
2022-23,2022-10-04,Group stage,Porto,Leverkusen,80,46,1.5,1.275,1.2608695652173914,1.5,0.45,0.34782608695652173,0.575,0.17391304347826086,1,9,21,21,H,1,1,21,21
2022-23,2022-10-05,Group stage,Benfica,Paris SG,82,97,1.170731707317073,1.475609756097561,2.154639175257732,1.092783505154639,0.35365853658536583,0.5773195876288659,0.4878048780487805,0.5102040816326531,10,12,21,21,D,1,1,21,21
2022-23,2022-10-05,Group stage,Chelsea,Milan,98,42,1.8979591836734695,0.9795918367346939,1.2142857142857142,1.2619047619047619,0.5306122448979592,0.2857142857142857,0.6041666666666666,0.23809523809523808,7,8,21,21,H,1,1,21,21
2022-23,2022-10-05,Group stage,Juventus,Maccabi Haifa,96,2,1.5416666666666667,0.9583333333333334,0.5,2.5,0.5416666666666666,0.0,0.6122448979591837,0.0,4,0,21,21,H,1,1,21,21
2022-23,2022-10-05,Group stage,Manchester City,FC Copenhagen,104,22,2.0384615384615383,1.2019230769230769,0.8181818181818182,1.1363636363636365,0.5576923076923077,0.2727272727272727,0.6226415094339622,0.18181818181818182,10,6,21,21,H,1,1,21,21
2022-23,2022-10-05,Group stage,RB Leipzig,Celtic,32,28,1.65625,1.84375,0.8214285714285714,2.3214285714285716,0.4375,0.17857142857142858,0.47058823529411764,0.14285714285714285,7,1,21,21,H,1,1,21,21
2022-23,2022-10-05,Group stage,RB Salzburg,Dinamo Zagreb,22,32,1.7272727272727273,2.090909090909091,0.59375,2.53125,0.2727272727272727,0.09375,0.36363636363636365,0.0,6,4,21,21,H,1,1,21,21
2022-23,2022-10-05,Group stage,Real Madrid,Shakhtar D.,143,78,2.3216783216783217,0.993006993006993,1.3717948717948718,1.6923076923076923,0.6643356643356644,0.3333333333333333,0.7361111111111112,0.3076923076923077,12,5,21,21,H,1,1,21,21
2022-23,2022-10-05,Group stage,Sevilla,Dortmund,40,87,1.25,1.35,1.735632183908046,1.3793103448275863,0.35,0.45977011494252873,0.5,0.3488372093023256,4,6,21,21,A,1,1,21,21
2022-23,2022-10-11,Group stage,Celtic,RB Leipzig,29,33,0.8275862068965517,2.3448275862068964,1.696969696969697,1.8181818181818181,0.1724137931034483,0.45454545454545453,0.21428571428571427,0.4,1,9,6,6,A,1,1,6,6
2022-23,2022-10-11,Group stage,Dinamo Zagreb,RB Salzburg,33,23,0.5757575757575758,2.484848484848485,1.6956521739130435,2.0,0.09090909090909091,0.30434782608695654,0.1875,0.18181818181818182,3,6,6,6,D,1,1,6,6
2022-23,2022-10-11,Group stage,Dortmund,Sevilla,88,41,1.7613636363636365,1.375,1.2439024390243902,1.4146341463414633,0.4659090909090909,0.34146341463414637,0.5681818181818182,0.2,9,4,6,6,D,1,1,6,6
2022-23,2022-10-11,Group stage,FC Copenhagen,Manchester City,23,105,0.782608695652174,1.3043478260869565,2.066666666666667,1.1904761904761905,0.2608695652173913,0.5619047619047619,0.36363636363636365,0.49019607843137253,5,12,6,6,D,1,1,6,6
2022-23,2022-10-11,Group stage,Maccabi Haifa,Juventus,3,97,0.6666666666666666,2.6666666666666665,1.556701030927835,0.9587628865979382,0.0,0.5463917525773195,0.0,0.46808510638297873,0,4,6,6,H,1,1,6,6
2022-23,2022-10-11,Group stage,Milan,Chelsea,43,99,1.186046511627907,1.302325581395349,1.9090909090909092,0.9696969696969697,0.27906976744186046,0.5353535353535354,0.3333333333333333,0.46,7,7,6,6,A,1,1,6,6
2022-23,2022-10-11,Group stage,Paris SG,Benfica,98,83,2.142857142857143,1.0918367346938775,1.1686746987951808,1.4698795180722892,0.5714285714285714,0.3493975903614458,0.6458333333333334,0.21951219512195122,10,8,6,6,D,1,1,6,6
2022-23,2022-10-11,Group stage,Shakhtar D.,Real Madrid,79,144,1.3670886075949367,1.6962025316455696,2.3194444444444446,0.9930555555555556,0.3291139240506329,0.6666666666666666,0.358974358974359,0.5915492957746479,5,15,6,6,D,1,1,6,6
2022-23,2022-10-12,Group stage,Atlético Madrid,Club Brugge,92,33,1.3043478260869565,0.8695652173913043,1.0,1.8484848484848484,0.4891304347826087,0.21212121212121213,0.6363636363636364,0.25,4,9,8,8,D,1,1,8,8
2022-23,2022-10-12,Group stage,Barcelona,Inter,128,47,2.078125,1.0,1.3404255319148937,1.3617021276595744,0.6171875,0.40425531914893614,0.765625,0.391304347826087,4,9,8,8,D,1,1,8,8
2022-23,2022-10-12,Group stage,Leverkusen,Porto,47,81,1.2340425531914894,1.5106382978723405,1.5061728395061729,1.2592592592592593,0.3404255319148936,0.4567901234567901,0.5217391304347826,0.325,6,3,8,8,A,1,1,8,8
2022-23,2022-10-12,Group stage,Napoli,Ajax,45,65,1.8,1.3333333333333333,1.5692307692307692,1.4153846153846155,0.4666666666666667,0.4,0.6363636363636364,0.375,10,4,8,8,H,1,1,8,8
2022-23,2022-10-12,Group stage,Rangers,Liverpool,9,66,0.3333333333333333,1.6666666666666667,2.0454545454545454,1.121212121212121,0.1111111111111111,0.5757575757575758,0.25,0.5151515151515151,1,9,8,8,A,1,1,8,8
2022-23,2022-10-12,Group stage,Sporting CP,Marseille,29,33,1.5517241379310345,1.7241379310344827,1.0,1.393939393939394,0.3448275862068966,0.30303030303030304,0.5,0.25,7,6,8,8,A,1,1,8,8
2022-23,2022-10-12,Group stage,Tottenham,Frankfurt,48,3,1.7291666666666667,1.4375,0.3333333333333333,1.0,0.4375,0.3333333333333333,0.5833333333333334,1.0,4,4,8,8,H,1,1,8,8
2022-23,2022-10-12,Group stage,Viktoria Plzeň,Bayern Munich,21,134,0.8571428571428571,2.6666666666666665,2.5522388059701493,0.9477611940298507,0.19047619047619047,0.7014925373134329,0.2,0.6029411764705882,6,10,8,8,A,1,1,8,8
2022-23,2022-10-25,Group stage,Benfica,Juventus,84,98,1.1666666666666667,1.4642857142857142,1.5408163265306123,0.9693877551020408,0.34523809523809523,0.5408163265306123,0.47619047619047616,0.4583333333333333,9,3,14,14,H,1,1,14,14
2022-23,2022-10-25,Group stage,Celtic,Shakhtar D.,30,80,0.8,2.3333333333333335,1.3625,1.6875,0.16666666666666666,0.325,0.2,0.3,1,6,14,14,D,1,1,14,14
2022-23,2022-10-25,Group stage,Dinamo Zagreb,Milan,34,44,0.5882352941176471,2.4411764705882355,1.1590909090909092,1.3181818181818181,0.08823529411764706,0.2727272727272727,0.17647058823529413,0.22727272727272727,4,4,14,14,A,1,1,14,14
2022-23,2022-10-25,Group stage,Dortmund,Manchester City,89,106,1.752808988764045,1.3707865168539326,2.047169811320755,1.179245283018868,0.4606741573033708,0.5566037735849056,0.5555555555555556,0.4807692307692308,10,10,14,14,D,1,1,14,14
2022-23,2022-10-25,Group stage,Paris SG,Maccabi Haifa,99,4,2.1313131313131315,1.0909090909090908,1.0,2.0,0.5656565656565656,0.25,0.6326530612244898,0.0,8,3,14,14,H,1,1,14,14
2022-23,2022-10-25,Group stage,RB Leipzig,Real Madrid,34,145,1.7058823529411764,1.7647058823529411,2.310344827586207,0.993103448275862,0.47058823529411764,0.6620689655172414,0.5,0.5833333333333334,9,13,14,14,H,1,1,14,14
2022-23,2022-10-25,Group stage,RB Salzburg,Chelsea,24,100,1.6666666666666667,1.9583333333333333,1.91,0.96,0.2916666666666667,0.54,0.4166666666666667,0.47058823529411764,6,10,14,14,A,1,1,14,14
2022-23,2022-10-25,Group stage,Sevilla,FC Copenhagen,42,24,1.2380952380952381,1.4047619047619047,0.75,1.25,0.3333333333333333,0.25,0.47619047619047616,0.16666666666666666,2,5,14,14,H,1,1,14,14
2022-23,2022-10-26,Group stage,Ajax,Liverpool,66,67,1.5757575757575757,1.4545454545454546,2.1194029850746268,1.1194029850746268,0.3939393939393939,0.582089552238806,0.42424242424242425,0.5294117647058824,3,9,14,14,A,1,1,14,14
2022-23,2022-10-26,Group stage,Atlético Madrid,Leverkusen,93,48,1.2903225806451613,0.8602150537634409,1.2083333333333333,1.5416666666666667,0.4838709677419355,0.3333333333333333,0.6222222222222222,0.16666666666666666,5,3,14,14,D,1,1,14,14
2022-23,2022-10-26,Group stage,Barcelona,Bayern Munich,129,135,2.0852713178294575,1.0155038759689923,2.562962962962963,0.9555555555555556,0.6124031007751938,0.7037037037037037,0.7538461538461538,0.6086956521739131,4,13,14,14,A,1,1,14,14
2022-23,2022-10-26,Group stage,Club Brugge,Porto,34,82,0.9705882352941176,1.7941176470588236,1.524390243902439,1.2439024390243902,0.20588235294117646,0.4634146341463415,0.17647058823529413,0.34146341463414637,10,6,14,14,A,1,1,14,14
2022-23,2022-10-26,Group stage,Frankfurt,Marseille,4,34,0.75,1.5,1.0294117647058822,1.3529411764705883,0.25,0.3235294117647059,0.0,0.29411764705882354,4,6,14,14,H,1,1,14,14
2022-23,2022-10-26,Group stage,Inter,Viktoria Plzeň,48,22,1.375,1.3958333333333333,0.9090909090909091,2.727272727272727,0.3958333333333333,0.18181818181818182,0.4166666666666667,0.18181818181818182,10,3,14,14,H,1,1,14,14
2022-23,2022-10-26,Group stage,Napoli,Rangers,46,10,1.8478260869565217,1.3478260869565217,0.4,2.2,0.4782608695652174,0.1,0.6521739130434783,0.0,12,1,14,14,H,1,1,14,14
2022-23,2022-10-26,Group stage,Tottenham,Sporting CP,49,30,1.7551020408163265,1.4489795918367347,1.5,1.7333333333333334,0.4489795918367347,0.3333333333333333,0.6,0.2,7,7,14,14,D,1,1,14,14
2022-23,2022-11-01,Group stage,Bayern Munich,Inter,136,49,2.5661764705882355,0.9485294117647058,1.4285714285714286,1.3673469387755102,0.7058823529411765,0.40816326530612246,0.803030303030303,0.375,15,10,6,6,H,1,1,6,6
2022-23,2022-11-01,Group stage,Leverkusen,Club Brugge,49,35,1.2244897959183674,1.5510204081632653,0.9428571428571428,1.8571428571428572,0.32653061224489793,0.2,0.5,0.23529411764705882,4,10,6,6,D,1,1,6,6
2022-23,2022-11-01,Group stage,Liverpool,Napoli,68,47,2.1323529411764706,1.1029411764705883,1.872340425531915,1.3191489361702127,0.5882352941176471,0.48936170212765956,0.6363636363636364,0.30434782608695654,12,15,6,6,H,1,1,6,6
2022-23,2022-11-01,Group stage,Marseille,Tottenham,35,50,1.0285714285714285,1.3714285714285714,1.74,1.44,0.3142857142857143,0.44,0.35294117647058826,0.2916666666666667,6,8,6,6,A,1,1,6,6
2022-23,2022-11-01,Group stage,Porto,Atlético Madrid,83,94,1.5542168674698795,1.2289156626506024,1.297872340425532,0.8723404255319149,0.46987951807228917,0.4787234042553192,0.5853658536585366,0.3541666666666667,9,5,6,6,H,1,1,6,6
2022-23,2022-11-01,Group stage,Rangers,Ajax,11,67,0.36363636363636365,2.272727272727273,1.5522388059701493,1.4776119402985075,0.09090909090909091,0.3880597014925373,0.2,0.36363636363636365,0,3,6,6,A,1,1,6,6
2022-23,2022-11-01,Group stage,Sporting CP,Frankfurt,31,5,1.4838709677419355,1.7096774193548387,1.0,1.4,0.3225806451612903,0.4,0.4666666666666667,0.5,7,7,6,6,A,1,1,6,6
2022-23,2022-11-01,Group stage,Viktoria Plzeň,Barcelona,23,130,0.8695652173913043,2.782608695652174,2.0692307692307694,1.0307692307692307,0.17391304347826086,0.6076923076923076,0.18181818181818182,0.46875,0,4,6,6,A,1,1,6,6
2022-23,2022-11-02,Group stage,Chelsea,Dinamo Zagreb,101,35,1.9108910891089108,0.9603960396039604,0.5714285714285714,2.4857142857142858,0.5445544554455446,0.08571428571428572,0.6122448979591837,0.0,10,4,8,8,H,1,1,8,8
2022-23,2022-11-02,Group stage,FC Copenhagen,Dortmund,25,90,0.72,1.32,1.7333333333333334,1.3555555555555556,0.24,0.45555555555555555,0.3333333333333333,0.36363636363636365,2,8,8,8,D,1,1,8,8
2022-23,2022-11-02,Group stage,Juventus,Paris SG,99,100,1.5555555555555556,1.0,2.18,1.1,0.5353535353535354,0.57,0.62,0.5,3,11,8,8,A,1,1,8,8
2022-23,2022-11-02,Group stage,Maccabi Haifa,Benfica,5,85,1.2,3.0,1.2,1.4823529411764707,0.2,0.35294117647058826,0.5,0.21428571428571427,3,11,8,8,A,1,1,8,8
2022-23,2022-11-02,Group stage,Manchester City,Sevilla,107,43,2.02803738317757,1.1682242990654206,1.2790697674418605,1.372093023255814,0.5514018691588785,0.3488372093023256,0.6296296296296297,0.19047619047619047,11,5,8,8,H,1,1,8,8
2022-23,2022-11-02,Group stage,Milan,RB Salzburg,45,25,1.2222222222222223,1.288888888888889,1.64,1.96,0.28888888888888886,0.28,0.3181818181818182,0.16666666666666666,7,6,8,8,H,1,1,8,8
2022-23,2022-11-02,Group stage,Real Madrid,Celtic,146,31,2.308219178082192,1.0068493150684932,0.8064516129032258,2.2903225806451615,0.6575342465753424,0.16129032258064516,0.7397260273972602,0.13333333333333333,10,2,8,8,H,1,1,8,8
2022-23,2022-11-02,Group stage,Shakhtar D.,RB Leipzig,81,35,1.3580246913580247,1.6790123456790123,1.7428571428571429,1.7714285714285714,0.32098765432098764,0.4857142857142857,0.35,0.4375,6,9,8,8,A,1,1,8,8
2022-23,2023-02-14,Round of 16,Milan,Tottenham,46,51,1.2826086956521738,1.2608695652173914,1.7450980392156863,1.4313725490196079,0.30434782608695654,0.45098039215686275,0.34782608695652173,0.32,9,8,104,105,H,1,1,104,105
2022-23,2023-02-14,Round of 16,Paris SG,Bayern Munich,101,137,2.1782178217821784,1.099009900990099,2.562043795620438,0.9416058394160584,0.5742574257425742,0.708029197080292,0.64,0.6142857142857143,11,15,104,105,A,1,1,104,105
2022-23,2023-02-15,Round of 16,Club Brugge,Benfica,36,86,0.9166666666666666,1.8055555555555556,1.255813953488372,1.4767441860465116,0.19444444444444445,0.36046511627906974,0.16666666666666666,0.23255813953488372,8,11,106,105,A,1,1,106,105
2022-23,2023-02-15,Round of 16,Dortmund,Chelsea,91,102,1.7252747252747254,1.3516483516483517,1.911764705882353,0.9607843137254902,0.45054945054945056,0.5490196078431373,0.5434782608695652,0.4807692307692308,6,13,105,105,H,1,1,105,105
2022-23,2023-02-21,Round of 16,Frankfurt,Napoli,6,48,1.1666666666666667,1.3333333333333333,1.8333333333333333,1.3333333333333333,0.5,0.4791666666666667,0.3333333333333333,0.2916666666666667,10,12,112,112,A,1,1,112,112
2022-23,2023-02-21,Round of 16,Liverpool,Real Madrid,69,147,2.130434782608696,1.0869565217391304,2.326530612244898,1.0068027210884354,0.5942028985507246,0.6598639455782312,0.6470588235294118,0.5753424657534246,15,10,112,111,A,1,1,112,111
2022-23,2023-02-22,Round of 16,Inter,Porto,50,84,1.4,1.38,1.5595238095238095,1.2261904761904763,0.4,0.47619047619047616,0.44,0.35714285714285715,10,12,113,113,H,1,1,113,113
2022-23,2023-02-22,Round of 16,RB Leipzig,Manchester City,36,108,1.8055555555555556,1.7222222222222223,2.037037037037037,1.1666666666666667,0.5,0.5555555555555556,0.5263157894736842,0.4716981132075472,12,11,112,112,D,1,1,112,112
2022-23,2023-03-07,Round of 16,Benfica,Club Brugge,87,37,1.264367816091954,1.4597701149425288,0.8918918918918919,1.8108108108108107,0.367816091954023,0.1891891891891892,0.4883720930232558,0.2222222222222222,11,5,20,20,H,1,1,20,20
2022-23,2023-03-07,Round of 16,Chelsea,Dortmund,103,92,1.8932038834951457,0.9611650485436893,1.7173913043478262,1.3369565217391304,0.5436893203883495,0.45652173913043476,0.62,0.35555555555555557,12,9,20,20,H,1,1,20,20
2022-23,2023-03-08,Round of 16,Bayern Munich,Paris SG,138,102,2.550724637681159,0.9347826086956522,2.156862745098039,1.0980392156862746,0.7101449275362319,0.5686274509803921,0.8059701492537313,0.5098039215686274,15,8,22,22,H,1,1,22,22
2022-23,2023-03-08,Round of 16,Tottenham,Milan,52,47,1.7115384615384615,1.4230769230769231,1.2765957446808511,1.2340425531914894,0.4423076923076923,0.3191489361702128,0.5769230769230769,0.2608695652173913,8,9,22,22,D,1,1,22,22
2022-23,2023-03-14,Round of 16,Manchester City,RB Leipzig,109,37,2.0275229357798166,1.165137614678899,1.7837837837837838,1.7027027027027026,0.5504587155963303,0.4864864864864865,0.6363636363636364,0.47058823529411764,9,13,20,20,H,1,1,20,20
2022-23,2023-03-14,Round of 16,Porto,Inter,85,51,1.5411764705882354,1.223529411764706,1.392156862745098,1.3529411764705883,0.47058823529411764,0.4117647058823529,0.5952380952380952,0.36,12,10,20,20,D,1,1,20,20
2022-23,2023-03-15,Round of 16,Napoli,Frankfurt,49,7,1.836734693877551,1.3061224489795917,1.0,1.4285714285714286,0.4897959183673469,0.42857142857142855,0.6666666666666666,0.6666666666666666,12,7,22,22,H,1,1,22,22
2022-23,2023-03-15,Round of 16,Real Madrid,Liverpool,148,70,2.3445945945945947,1.0135135135135136,2.1285714285714286,1.1428571428571428,0.6621621621621622,0.5857142857142857,0.7432432432432432,0.5428571428571428,10,12,22,22,H,1,1,22,22
2022-23,2023-04-11,Quarter-finals,Benfica,Inter,88,52,1.3068181818181819,1.4545454545454546,1.3653846153846154,1.3269230769230769,0.375,0.40384615384615385,0.5,0.34615384615384615,13,8,35,28,A,1,1,35,28
2022-23,2023-04-11,Quarter-finals,Manchester City,Bayern Munich,110,139,2.0727272727272728,1.1545454545454545,2.5467625899280577,0.9280575539568345,0.5545454545454546,0.7122302158273381,0.6428571428571429,0.6197183098591549,9,15,28,34,H,1,1,28,34
2022-23,2023-04-12,Quarter-finals,Milan,Napoli,48,50,1.25,1.2083333333333333,1.86,1.28,0.3125,0.5,0.375,0.32,10,12,35,28,H,1,1,35,28
2022-23,2023-04-12,Quarter-finals,Real Madrid,Chelsea,149,104,2.335570469798658,1.0067114093959733,1.8942307692307692,0.9519230769230769,0.6644295302013423,0.5480769230769231,0.7466666666666667,0.4716981132075472,10,12,28,36,H,1,1,28,36
2022-23,2023-04-18,Quarter-finals,Chelsea,Real Madrid,105,150,1.8761904761904762,0.9619047619047619,2.3333333333333335,1.0,0.5428571428571428,0.6666666666666666,0.6274509803921569,0.581081081081081,9,12,6,6,A,1,1,6,6
2022-23,2023-04-18,Quarter-finals,Napoli,Milan,51,49,1.8235294117647058,1.2745098039215685,1.2448979591836735,1.183673469387755,0.49019607843137253,0.32653061224489793,0.68,0.25,9,13,6,6,D,1,1,6,6
2022-23,2023-04-19,Quarter-finals,Bayern Munich,Manchester City,140,111,2.5285714285714285,0.9428571428571428,2.081081081081081,1.1441441441441442,0.7071428571428572,0.5585585585585585,0.8088235294117647,0.46296296296296297,12,11,8,8,D,1,1,8,8
2022-23,2023-04-19,Quarter-finals,Inter,Benfica,53,89,1.3773584905660377,1.3018867924528301,1.2921348314606742,1.4606741573033708,0.41509433962264153,0.3707865168539326,0.46153846153846156,0.25,10,12,8,8,D,1,1,8,8
2022-23,2023-05-09,Semi-finals,Real Madrid,Manchester City,151,112,2.3311258278145695,0.9933774834437086,2.0714285714285716,1.1428571428571428,0.6688741721854304,0.5535714285714286,0.75,0.45454545454545453,15,11,21,20,D,1,1,21,20
2022-23,2023-05-10,Semi-finals,Milan,Inter,50,54,1.24,1.18,1.4074074074074074,1.3333333333333333,0.32,0.4074074074074074,0.4,0.37037037037037035,11,8,22,21,A,1,1,22,21
2022-23,2023-05-16,Semi-finals,Inter,Milan,55,51,1.4181818181818182,1.309090909090909,1.2156862745098038,1.196078431372549,0.41818181818181815,0.3137254901960784,0.4444444444444444,0.24,11,8,6,6,H,1,1,6,6
2022-23,2023-05-17,Semi-finals,Manchester City,Real Madrid,113,152,2.061946902654867,1.1415929203539823,2.3223684210526314,0.993421052631579,0.5486725663716814,0.6644736842105263,0.6491228070175439,0.5866666666666667,9,13,8,8,H,1,1,8,8
2022-23,2023-06-10,Final,Manchester City,Inter,114,56,2.0789473684210527,1.131578947368421,1.4107142857142858,1.2857142857142858,0.5526315789473685,0.42857142857142855,0.6551724137931034,0.39285714285714285,11,11,24,25,H,1,1,24,25
2023-24,2023-09-19,Group stage,Barcelona,Antwerp,131,0,2.0839694656488548,1.0381679389312977,0.0,0.0,0.6106870229007634,0.0,0.7424242424242424,0.0,4,0,322,-1,H,1,0,322,0
2023-24,2023-09-19,Group stage,Feyenoord,Celtic,6,32,0.8333333333333334,2.3333333333333335,0.8125,2.375,0.16666666666666666,0.15625,0.3333333333333333,0.125,3,2,2113,321,H,1,1,365,321
2023-24,2023-09-19,Group stage,Lazio,Atlético Madrid,8,95,1.625,1.625,1.2947368421052632,0.8842105263157894,0.25,0.47368421052631576,0.5,0.3469387755102041,5,2,916,322,D,1,1,365,322
2023-24,2023-09-19,Group stage,Manchester City,Red Star,115,12,2.0695652173913044,1.1217391304347826,0.6666666666666666,3.0833333333333335,0.5565217391304348,0.16666666666666666,0.6610169491525424,0.0,11,3,101,1378,H,1,1,101,365
2023-24,2023-09-19,Group stage,Milan,Newcastle,52,0,1.1923076923076923,1.1923076923076923,0.0,0.0,0.3076923076923077,0.0,0.38461538461538464,0.0,5,0,126,-1,D,1,0,126,0
2023-24,2023-09-19,Group stage,Paris SG,Dortmund,103,93,2.1359223300970873,1.1067961165048543,1.6989247311827957,1.3440860215053763,0.5631067961165048,0.45161290322580644,0.6274509803921569,0.34782608695652173,7,6,195,196,H,1,1,195,196
2023-24,2023-09-19,Group stage,Shakhtar D.,Porto,82,86,1.3414634146341464,1.7073170731707317,1.5232558139534884,1.2093023255813953,0.3170731707317073,0.46511627906976744,0.34146341463414637,0.3488372093023256,3,10,321,189,A,1,1,321,189
2023-24,2023-09-19,Group stage,Young Boys,RB Leipzig,12,38,0.9166666666666666,2.0,1.736842105263158,1.8421052631578947,0.16666666666666666,0.47368421052631576,0.3333333333333333,0.4444444444444444,2,10,650,189,A,1,1,365,189
2023-24,2023-09-20,Group stage,Arsenal,PSV,56,20,1.8571428571428572,1.4642857142857142,0.9,1.55,0.5178571428571429,0.15,0.6071428571428571,0.0,7,2,2388,1744,H,1,1,365,365
2023-24,2023-09-20,Group stage,Bayern Munich,Manchester Utd,141,75,2.517730496453901,0.9432624113475178,1.5333333333333334,1.0133333333333334,0.7021276595744681,0.49333333333333335,0.7971014492753623,0.42105263157894735,10,6,154,554,H,1,1,154,365
2023-24,2023-09-20,Group stage,Benfica,RB Salzburg,90,26,1.3111111111111111,1.4777777777777779,1.5769230769230769,2.0384615384615383,0.36666666666666664,0.2692307692307692,0.4888888888888889,0.15384615384615385,10,5,154,322,A,1,1,154,322
2023-24,2023-09-20,Group stage,Braga,Napoli,12,52,1.0,2.0,1.8076923076923077,1.2692307692307692,0.3333333333333333,0.4807692307692308,0.3333333333333333,0.3076923076923077,3,7,3941,155,A,1,1,365,155
2023-24,2023-09-20,Group stage,Galatasaray,FC Copenhagen,42,26,0.9285714285714286,1.9523809523809523,0.7307692307692307,1.3076923076923077,0.21428571428571427,0.23076923076923078,0.2857142857142857,0.15384615384615385,1,3,1379,322,D,1,1,365,322
2023-24,2023-09-20,Group stage,Real Madrid,Union Berlin,153,0,2.30718954248366,1.0130718954248366,0.0,0.0,0.6601307189542484,0.0,0.7402597402597403,0.0,10,0,126,-1,H,1,0,126,0
2023-24,2023-09-20,Group stage,Real Sociedad,Inter,6,57,0.16666666666666666,1.6666666666666667,1.3859649122807018,1.280701754385965,0.0,0.42105263157894735,0.0,0.3793103448275862,1,10,3571,102,D,1,1,365,102
2023-24,2023-09-20,Group stage,Sevilla,Lens,44,0,1.2727272727272727,1.4090909090909092,0.0,0.0,0.3409090909090909,0.0,0.5,0.0,5,0,322,-1,D,1,0,322,0
2023-24,2023-10-03,Group stage,FC Copenhagen,Bayern Munich,27,142,0.7777777777777778,1.3333333333333333,2.528169014084507,0.9577464788732394,0.2222222222222222,0.704225352112676,0.3076923076923077,0.6111111111111112,3,10,13,13,A,1,1,13,13
2023-24,2023-10-03,Group stage,Inter,Benfica,58,91,1.3793103448275863,1.2758620689655173,1.2967032967032968,1.4835164835164836,0.41379310344827586,0.3626373626373626,0.4642857142857143,0.24444444444444444,8,7,13,13,H,1,1,13,13
2023-24,2023-10-03,Group stage,Lens,Arsenal,1,57,1.0,1.0,1.894736842105263,1.4385964912280702,0.0,0.5263157894736842,0.0,0.42857142857142855,1,7,13,13,H,1,1,13,13
2023-24,2023-10-03,Group stage,Manchester Utd,Galatasaray,76,43,1.5526315789473684,1.0526315789473684,0.9534883720930233,1.9534883720930232,0.4868421052631579,0.20930232558139536,0.5675675675675675,0.14285714285714285,5,2,13,13,A,1,1,13,13
2023-24,2023-10-03,Group stage,Napoli,Real Madrid,53,154,1.8113207547169812,1.2641509433962264,2.2987012987012987,1.0064935064935066,0.49056603773584906,0.6623376623376623,0.6538461538461539,0.5789473684210527,10,10,13,13,A,1,1,13,13
2023-24,2023-10-03,Group stage,PSV,Sevilla,21,45,0.8571428571428571,1.6666666666666667,1.2666666666666666,1.4,0.14285714285714285,0.3333333333333333,0.3,0.18181818181818182,2,5,13,13,D,1,1,13,13
2023-24,2023-10-03,Group stage,RB Salzburg,Real Sociedad,27,7,1.5925925925925926,1.962962962962963,0.2857142857142857,1.5714285714285714,0.2962962962962963,0.0,0.38461538461538464,0.0,7,2,13,13,A,1,1,13,13
2023-24,2023-10-03,Group stage,Union Berlin,Braga,1,13,0.0,1.0,1.0,2.0,0.0,0.3076923076923077,0.0,0.3333333333333333,0,0,13,13,A,1,1,13,13
2023-24,2023-10-04,Group stage,Antwerp,Shakhtar D.,1,83,0.0,5.0,1.3373493975903614,1.7228915662650603,0.0,0.3132530120481928,0.0,0.2926829268292683,0,2,15,15,A,1,1,15,15
2023-24,2023-10-04,Group stage,Atlético Madrid,Feyenoord,96,7,1.2916666666666667,0.8854166666666666,1.0,2.0,0.46875,0.2857142857142857,0.6086956521739131,0.0,3,6,15,15,H,1,1,15,15
2023-24,2023-10-04,Group stage,Celtic,Lazio,33,9,0.7878787878787878,2.3636363636363638,1.5555555555555556,1.5555555555555556,0.15151515151515152,0.2222222222222222,0.1875,0.0,1,3,15,15,A,1,1,15,15
2023-24,2023-10-04,Group stage,Dortmund,Milan,94,53,1.6808510638297873,1.351063829787234,1.169811320754717,1.169811320754717,0.44680851063829785,0.3018867924528302,0.5531914893617021,0.23076923076923078,5,5,15,15,D,1,1,15,15
2023-24,2023-10-04,Group stage,Newcastle,Paris SG,1,104,0.0,0.0,2.1346153846153846,1.0961538461538463,0.0,0.5673076923076923,0.0,0.5,1,9,15,15,H,1,1,15,15
2023-24,2023-10-04,Group stage,Porto,Barcelona,87,132,1.5402298850574712,1.206896551724138,2.106060606060606,1.0303030303030303,0.47126436781609193,0.6136363636363636,0.5813953488372093,0.47692307692307695,10,7,15,15,A,1,1,15,15
2023-24,2023-10-04,Group stage,RB Leipzig,Manchester City,39,116,1.7692307692307692,1.8205128205128205,2.0775862068965516,1.1206896551724137,0.48717948717948717,0.5603448275862069,0.5,0.44642857142857145,10,11,15,15,A,1,1,15,15
2023-24,2023-10-04,Group stage,Red Star,Young Boys,13,13,0.6923076923076923,3.076923076923077,0.9230769230769231,2.076923076923077,0.15384615384615385,0.15384615384615385,0.3333333333333333,0.0,0,2,15,15,D,1,1,15,15
2023-24,2023-10-24,Group stage,Benfica,Real Sociedad,92,8,1.2826086956521738,1.4782608695652173,0.5,1.375,0.358695652173913,0.125,0.4782608695652174,0.25,4,5,21,21,A,1,1,21,21
2023-24,2023-10-24,Group stage,Braga,Real Madrid,14,155,1.1428571428571428,2.0,2.303225806451613,1.0129032258064516,0.35714285714285715,0.6645161290322581,0.2857142857142857,0.5844155844155844,3,10,21,21,A,1,1,21,21
2023-24,2023-10-24,Group stage,Galatasaray,Bayern Munich,44,143,1.0,1.9545454545454546,2.5244755244755246,0.958041958041958,0.22727272727272727,0.7062937062937062,0.2727272727272727,0.6164383561643836,5,10,21,21,A,1,1,21,21
2023-24,2023-10-24,Group stage,Inter,RB Salzburg,59,28,1.3728813559322033,1.2542372881355932,1.5357142857142858,1.9642857142857142,0.423728813559322,0.2857142857142857,0.4827586206896552,0.21428571428571427,10,4,21,21,H,1,1,21,21
2023-24,2023-10-24,Group stage,Lens,PSV,2,22,1.5,1.0,0.9090909090909091,1.6818181818181819,0.5,0.13636363636363635,1.0,0.0,4,2,21,21,D,1,1,21,21
2023-24,2023-10-24,Group stage,Manchester Utd,FC Copenhagen,77,28,1.5584415584415585,1.077922077922078,0.7857142857142857,1.3571428571428572,0.4805194805194805,0.21428571428571427,0.5526315789473685,0.14285714285714285,2,3,21,21,H,1,1,21,21
2023-24,2023-10-24,Group stage,Sevilla,Arsenal,46,58,1.2826086956521738,1.4130434782608696,1.8793103448275863,1.4482758620689655,0.32608695652173914,0.5172413793103449,0.4782608695652174,0.41379310344827586,6,6,21,21,A,1,1,21,21
2023-24,2023-10-24,Group stage,Union Berlin,Napoli,2,54,1.0,2.0,1.8148148148148149,1.2962962962962963,0.0,0.48148148148148145,0.0,0.3333333333333333,0,7,21,21,A,1,1,21,21
2023-24,2023-10-25,Group stage,Antwerp,Porto,2,88,1.0,4.0,1.5227272727272727,1.2045454545454546,0.0,0.4659090909090909,0.0,0.36363636363636365,0,7,21,21,A,1,1,21,21
2023-24,2023-10-25,Group stage,Barcelona,Shakhtar D.,133,84,2.0977443609022557,1.0225563909774436,1.3571428571428572,1.7261904761904763,0.6165413533834586,0.32142857142857145,0.746268656716418,0.30952380952380953,10,5,21,21,H,1,1,21,21
2023-24,2023-10-25,Group stage,Celtic,Atlético Madrid,34,97,0.7941176470588235,2.3529411764705883,1.309278350515464,0.8969072164948454,0.14705882352941177,0.4742268041237113,0.17647058823529413,0.34,1,6,21,21,D,1,1,21,21
2023-24,2023-10-25,Group stage,Feyenoord,Lazio,8,10,1.125,2.125,1.6,1.5,0.25,0.3,0.5,0.2,6,5,21,21,H,1,1,21,21
2023-24,2023-10-25,Group stage,Newcastle,Dortmund,2,95,2.0,0.5,1.6631578947368422,1.3368421052631578,0.5,0.4421052631578947,1.0,0.3404255319148936,4,5,21,21,A,1,1,21,21
2023-24,2023-10-25,Group stage,Paris SG,Milan,105,54,2.123809523809524,1.1238095238095238,1.1481481481481481,1.1481481481481481,0.5619047619047619,0.2962962962962963,0.6346153846153846,0.2222222222222222,6,3,21,21,H,1,1,21,21
2023-24,2023-10-25,Group stage,RB Leipzig,Red Star,40,14,1.75,1.85,0.7857142857142857,3.0,0.475,0.14285714285714285,0.47619047619047616,0.0,7,1,21,21,H,1,1,21,21
2023-24,2023-10-25,Group stage,Young Boys,Manchester City,14,117,1.0,2.0714285714285716,2.0854700854700856,1.1196581196581197,0.14285714285714285,0.5641025641025641,0.2857142857142857,0.45614035087719296,3,13,21,21,A,1,1,21,21
2023-24,2023-11-07,Group stage,Atlético Madrid,Celtic,98,35,1.316326530612245,0.9081632653061225,0.8285714285714286,2.342857142857143,0.46938775510204084,0.14285714285714285,0.6170212765957447,0.11764705882352941,6,2,13,13,H,1,1,13,13
2023-24,2023-11-07,Group stage,Dortmund,Newcastle,96,3,1.65625,1.3229166666666667,1.3333333333333333,0.6666666666666666,0.4479166666666667,0.3333333333333333,0.5416666666666666,0.0,7,4,13,13,H,1,1,13,13
2023-24,2023-11-07,Group stage,Lazio,Feyenoord,11,9,1.5454545454545454,1.6363636363636365,1.3333333333333333,2.0,0.2727272727272727,0.3333333333333333,0.4,0.0,4,9,13,13,H,1,1,13,13
2023-24,2023-11-07,Group stage,Manchester City,Young Boys,118,15,2.093220338983051,1.11864406779661,1.0,2.1333333333333333,0.5677966101694916,0.13333333333333333,0.6666666666666666,0.0,15,3,13,13,H,1,1,13,13
2023-24,2023-11-07,Group stage,Milan,Paris SG,55,106,1.1272727272727272,1.1818181818181819,2.1320754716981134,1.1132075471698113,0.2909090909090909,0.5660377358490566,0.37037037037037035,0.49056603773584906,2,6,13,13,H,1,1,13,13
2023-24,2023-11-07,Group stage,Porto,Antwerp,89,3,1.550561797752809,1.202247191011236,1.0,4.0,0.47191011235955055,0.0,0.5681818181818182,0.0,7,0,13,13,H,1,1,13,13
2023-24,2023-11-07,Group stage,Red Star,RB Leipzig,15,41,0.8,3.0,1.7804878048780488,1.829268292682927,0.13333333333333333,0.4878048780487805,0.2857142857142857,0.47368421052631576,1,7,13,13,A,1,1,13,13
2023-24,2023-11-07,Group stage,Shakhtar D.,Barcelona,85,134,1.3529411764705883,1.7294117647058824,2.0970149253731343,1.0223880597014925,0.3176470588235294,0.6194029850746269,0.3333333333333333,0.48484848484848486,4,12,13,13,H,1,1,13,13
2023-24,2023-11-08,Group stage,Arsenal,Sevilla,59,47,1.88135593220339,1.4406779661016949,1.2765957446808511,1.425531914893617,0.5254237288135594,0.3191489361702128,0.6206896551724138,0.17391304347826086,6,5,15,15,H,1,1,15,15
2023-24,2023-11-08,Group stage,Bayern Munich,Galatasaray,144,45,2.5277777777777777,0.9583333333333334,1.0,1.9777777777777779,0.7083333333333334,0.2222222222222222,0.8,0.18181818181818182,10,5,15,15,H,1,1,15,15
2023-24,2023-11-08,Group stage,FC Copenhagen,Manchester Utd,29,78,0.7586206896551724,1.3448275862068966,1.5512820512820513,1.064102564102564,0.20689655172413793,0.48717948717948717,0.2857142857142857,0.41025641025641024,2,4,15,15,H,1,1,15,15
2023-24,2023-11-08,Group stage,Napoli,Union Berlin,55,3,1.8,1.2727272727272727,0.6666666666666666,1.6666666666666667,0.4909090909090909,0.0,0.6296296296296297,0.0,7,0,15,15,D,1,1,15,15
2023-24,2023-11-08,Group stage,PSV,Lens,23,3,0.9130434782608695,1.6521739130434783,1.3333333333333333,1.0,0.13043478260869565,0.3333333333333333,0.2727272727272727,0.0,3,5,15,15,H,1,1,15,15
2023-24,2023-11-08,Group stage,RB Salzburg,Inter,29,60,1.5172413793103448,1.9655172413793103,1.3833333333333333,1.25,0.27586206896551724,0.43333333333333335,0.35714285714285715,0.36666666666666664,3,10,15,15,A,1,1,15,15
2023-24,2023-11-08,Group stage,Real Madrid,Braga,156,15,2.301282051282051,1.0128205128205128,1.1333333333333333,2.0,0.6666666666666666,0.3333333333333333,0.7435897435897436,0.42857142857142855,10,3,15,15,H,1,1,15,15
2023-24,2023-11-08,Group stage,Real Sociedad,Benfica,9,93,0.5555555555555556,1.2222222222222223,1.2688172043010753,1.4731182795698925,0.2222222222222222,0.3548387096774194,0.0,0.2391304347826087,7,1,15,15,H,1,1,15,15
2023-24,2023-11-28,Group stage,Barcelona,Porto,135,90,2.0814814814814815,1.0222222222222221,1.5555555555555556,1.1888888888888889,0.6148148148148148,0.4777777777777778,0.75,0.37777777777777777,12,10,21,21,H,1,1,21,21
2023-24,2023-11-28,Group stage,Feyenoord,Atlético Madrid,10,99,1.2,1.9,1.3636363636363635,0.898989898989899,0.3,0.47474747474747475,0.6,0.3333333333333333,9,8,21,21,A,1,1,21,21
2023-24,2023-11-28,Group stage,Lazio,Celtic,12,36,1.5,1.5,0.8055555555555556,2.4444444444444446,0.3333333333333333,0.1388888888888889,0.5,0.1111111111111111,7,1,21,21,H,1,1,21,21
2023-24,2023-11-28,Group stage,Manchester City,RB Leipzig,119,42,2.100840336134454,1.1092436974789917,1.7857142857142858,1.8095238095238095,0.5714285714285714,0.5,0.6721311475409836,0.5,15,9,21,21,H,1,1,21,21
2023-24,2023-11-28,Group stage,Milan,Dortmund,56,97,1.1428571428571428,1.1785714285714286,1.6597938144329898,1.309278350515464,0.30357142857142855,0.4536082474226804,0.39285714285714285,0.3541666666666667,5,7,21,21,A,1,1,21,21
2023-24,2023-11-28,Group stage,Paris SG,Newcastle,107,4,2.121495327102804,1.1214953271028036,1.0,1.0,0.5607476635514018,0.25,0.6415094339622641,0.0,6,4,21,21,D,1,1,21,21
2023-24,2023-11-28,Group stage,Shakhtar D.,Antwerp,86,4,1.3488372093023255,1.7093023255813953,0.75,3.5,0.32558139534883723,0.0,0.3488372093023256,0.0,6,0,21,21,H,1,1,21,21
2023-24,2023-11-28,Group stage,Young Boys,Red Star,16,16,0.9375,2.1875,0.8125,2.9375,0.125,0.125,0.25,0.0,2,1,21,21,H,1,1,21,21
2023-24,2023-11-29,Group stage,Arsenal,Lens,60,4,1.8833333333333333,1.4166666666666667,1.0,1.0,0.5333333333333333,0.25,0.6333333333333333,0.0,9,5,21,21,H,1,1,21,21
2023-24,2023-11-29,Group stage,Bayern Munich,FC Copenhagen,145,30,2.524137931034483,0.9586206896551724,0.8666666666666667,1.4,0.7103448275862069,0.23333333333333334,0.8028169014084507,0.13333333333333333,13,5,21,21,D,1,1,21,21
2023-24,2023-11-29,Group stage,Benfica,Inter,94,61,1.2659574468085106,1.4893617021276595,1.3770491803278688,1.2295081967213115,0.35106382978723405,0.4426229508196721,0.46808510638297873,0.3870967741935484,1,10,21,21,D,1,1,21,21
2023-24,2023-11-29,Group stage,Braga,Union Berlin,16,4,1.0625,2.0625,0.75,1.5,0.3125,0.0,0.25,0.0,3,1,21,21,D,1,1,21,21
2023-24,2023-11-29,Group stage,Galatasaray,Manchester Utd,46,79,1.0,1.9782608695652173,1.5696202531645569,1.1012658227848102,0.21739130434782608,0.4810126582278481,0.2608695652173913,0.4,4,3,21,21,D,1,1,21,21
2023-24,2023-11-29,Group stage,Real Madrid,Napoli,157,56,2.305732484076433,1.0063694267515924,1.7857142857142858,1.2678571428571428,0.6687898089171974,0.48214285714285715,0.7468354430379747,0.35714285714285715,12,8,21,21,H,1,1,21,21
2023-24,2023-11-29,Group stage,Real Sociedad,RB Salzburg,10,30,0.8,1.2,1.4666666666666666,1.9333333333333333,0.3,0.26666666666666666,0.2,0.2,10,3,21,21,D,1,1,21,21
2023-24,2023-11-29,Group stage,Sevilla,PSV,48,24,1.25,1.4375,0.9166666666666666,1.5833333333333333,0.3125,0.16666666666666666,0.4583333333333333,0.0,2,6,21,21,A,1,1,21,21
2023-24,2023-12-12,Group stage,FC Copenhagen,Galatasaray,31,47,0.8387096774193549,1.3548387096774193,1.0425531914893618,2.0,0.22580645161290322,0.2127659574468085,0.3333333333333333,0.17391304347826086,5,5,13,13,H,1,1,13,13
2023-24,2023-12-12,Group stage,Inter,Real Sociedad,62,11,1.403225806451613,1.2580645161290323,0.7272727272727273,1.0909090909090908,0.43548387096774194,0.2727272727272727,0.5,0.4,11,11,13,13,D,1,1,13,13
2023-24,2023-12-12,Group stage,Lens,Sevilla,5,49,0.8,2.0,1.2653061224489797,1.469387755102041,0.2,0.30612244897959184,0.5,0.16666666666666666,5,2,13,13,H,1,1,13,13
2023-24,2023-12-12,Group stage,Manchester Utd,Bayern Munich,80,146,1.5875,1.125,2.506849315068493,0.952054794520548,0.475,0.7054794520547946,0.5641025641025641,0.6216216216216216,4,13,13,13,A,1,1,13,13
2023-24,2023-12-12,Group stage,Napoli,Braga,57,17,1.7894736842105263,1.3157894736842106,1.0588235294117647,2.0,0.47368421052631576,0.29411764705882354,0.6071428571428571,0.375,7,4,13,13,H,1,1,13,13
2023-24,2023-12-12,Group stage,PSV,Arsenal,25,61,1.0,1.6,1.9508196721311475,1.3934426229508197,0.2,0.5409836065573771,0.3333333333333333,0.43333333333333335,8,12,13,13,D,1,1,13,13
2023-24,2023-12-12,Group stage,RB Salzburg,Benfica,31,95,1.4193548387096775,1.8709677419354838,1.2842105263157895,1.5052631578947369,0.25806451612903225,0.3473684210526316,0.3333333333333333,0.23404255319148937,4,1,13,13,A,1,1,13,13
2023-24,2023-12-12,Group stage,Union Berlin,Real Madrid,5,158,0.8,1.4,2.3164556962025316,1.0126582278481013,0.0,0.6708860759493671,0.0,0.5897435897435898,2,15,13,13,A,1,1,13,13
2023-24,2023-12-13,Group stage,Antwerp,Barcelona,5,136,0.6,3.0,2.0808823529411766,1.0220588235294117,0.0,0.6176470588235294,0.0,0.47761194029850745,0,12,15,15,H,1,1,15,15
2023-24,2023-12-13,Group stage,Atlético Madrid,Lazio,100,13,1.38,0.9,1.5384615384615385,1.3846153846153846,0.48,0.38461538461538464,0.625,0.16666666666666666,11,10,15,15,H,1,1,15,15
2023-24,2023-12-13,Group stage,Celtic,Feyenoord,37,11,0.7837837837837838,2.4324324324324325,1.1818181818181819,2.0,0.13513513513513514,0.2727272727272727,0.16666666666666666,0.0,1,6,15,15,H,1,1,15,15
2023-24,2023-12-13,Group stage,Dortmund,Paris SG,98,108,1.6734693877551021,1.3061224489795917,2.111111111111111,1.1203703703703705,0.45918367346938777,0.5555555555555556,0.5510204081632653,0.48148148148148145,10,7,15,15,D,1,1,15,15
2023-24,2023-12-13,Group stage,Newcastle,Milan,5,57,1.0,1.0,1.1403508771929824,1.2105263157894737,0.2,0.2982456140350877,0.5,0.21428571428571427,5,5,15,15,A,1,1,15,15
2023-24,2023-12-13,Group stage,Porto,Shakhtar D.,91,87,1.5494505494505495,1.1978021978021978,1.3448275862068966,1.6896551724137931,0.4725274725274725,0.3333333333333333,0.5777777777777777,0.3023255813953488,9,9,15,15,H,1,1,15,15
2023-24,2023-12-13,Group stage,RB Leipzig,Young Boys,43,17,1.7906976744186047,1.8372093023255813,1.0,2.0588235294117645,0.4883720930232558,0.17647058823529413,0.5,0.0,9,4,15,15,H,1,1,15,15
2023-24,2023-12-13,Group stage,Red Star,Manchester City,17,120,0.7647058823529411,2.8823529411764706,2.1083333333333334,1.1166666666666667,0.11764705882352941,0.575,0.25,0.46551724137931033,1,15,15,15,A,1,1,15,15
2023-24,2024-02-13,Round of 16,FC Copenhagen,Manchester City,32,121,0.84375,1.3125,2.115702479338843,1.1239669421487604,0.25,0.5785123966942148,0.375,0.4745762711864407,7,15,63,62,A,1,1,63,62
2023-24,2024-02-13,Round of 16,RB Leipzig,Real Madrid,44,159,1.7954545454545454,1.8181818181818181,2.3207547169811322,1.0188679245283019,0.5,0.6729559748427673,0.5217391304347826,0.5949367088607594,9,15,62,63,A,1,1,62,63
2023-24,2024-02-14,Round of 16,Lazio,Bayern Munich,14,147,1.4285714285714286,1.4285714285714286,2.496598639455782,0.9455782312925171,0.35714285714285715,0.7074829931972789,0.5714285714285714,0.6266666666666667,9,13,63,64,H,1,1,63,64
2023-24,2024-02-14,Round of 16,Paris SG,Real Sociedad,109,12,2.1009174311926606,1.1192660550458715,0.6666666666666666,1.0,0.5504587155963303,0.25,0.6296296296296297,0.3333333333333333,5,11,63,64,H,1,1,63,64
2023-24,2024-02-20,Round of 16,Inter,Atlético Madrid,63,101,1.380952380952381,1.2380952380952381,1.386138613861386,0.8910891089108911,0.42857142857142855,0.48514851485148514,0.4838709677419355,0.34615384615384615,11,13,70,69,H,1,1,70,69
2023-24,2024-02-20,Round of 16,PSV,Dortmund,26,99,1.0,1.5769230769230769,1.6666666666666667,1.303030303030303,0.19230769230769232,0.45454545454545453,0.3076923076923077,0.3673469387755102,9,11,70,69,D,1,1,70,69
2023-24,2024-02-21,Round of 16,Napoli,Barcelona,58,137,1.793103448275862,1.293103448275862,2.0802919708029197,1.0364963503649636,0.4827586206896552,0.6131386861313869,0.6206896551724138,0.47058823529411764,7,9,71,70,D,1,1,71,70
2023-24,2024-02-21,Round of 16,Porto,Arsenal,92,62,1.5869565217391304,1.2173913043478262,1.935483870967742,1.3870967741935485,0.4782608695652174,0.532258064516129,0.5869565217391305,0.41935483870967744,9,10,70,71,H,1,1,70,71
2023-24,2024-03-05,Round of 16,Bayern Munich,Lazio,148,15,2.47972972972973,0.9459459459459459,1.4,1.3333333333333333,0.7027027027027027,0.4,0.7916666666666666,0.14285714285714285,10,9,20,20,H,1,1,20,20
2023-24,2024-03-05,Round of 16,Real Sociedad,Paris SG,13,110,0.6153846153846154,1.0769230769230769,2.1,1.1090909090909091,0.23076923076923078,0.5545454545454546,0.16666666666666666,0.4727272727272727,8,8,20,20,A,1,1,20,20
2023-24,2024-03-06,Round of 16,Manchester City,FC Copenhagen,122,33,2.122950819672131,1.1229508196721312,0.8484848484848485,1.3636363636363635,0.5819672131147541,0.24242424242424243,0.6774193548387096,0.125,15,7,22,22,H,1,1,22,22
2023-24,2024-03-06,Round of 16,Real Madrid,RB Leipzig,160,45,2.3125,1.0125,1.7555555555555555,1.8,0.675,0.4888888888888889,0.75,0.47619047619047616,15,9,22,22,D,1,1,22,22
2023-24,2024-03-12,Round of 16,Arsenal,Porto,63,93,1.9047619047619047,1.380952380952381,1.5806451612903225,1.2043010752688172,0.5238095238095238,0.4838709677419355,0.6451612903225806,0.3695652173913043,10,12,20,20,H,1,1,20,20
2023-24,2024-03-12,Round of 16,Barcelona,Napoli,138,59,2.072463768115942,1.036231884057971,1.7796610169491525,1.2881355932203389,0.6086956521739131,0.4745762711864407,0.7536231884057971,0.3448275862068966,7,8,20,20,H,1,1,20,20
2023-24,2024-03-13,Round of 16,Atlético Madrid,Inter,102,64,1.3725490196078431,0.8921568627450981,1.375,1.21875,0.4803921568627451,0.4375,0.6326530612244898,0.375,10,11,22,22,H,1,1,22,22
2023-24,2024-03-13,Round of 16,Dortmund,PSV,100,27,1.66,1.3,1.0,1.5555555555555556,0.45,0.18518518518518517,0.54,0.07692307692307693,11,9,22,22,H,1,1,22,22
2023-24,2024-04-09,Quarter-finals,Arsenal,Bayern Munich,64,149,1.890625,1.359375,2.4832214765100673,0.9395973154362416,0.53125,0.7046979865771812,0.65625,0.618421052631579,10,10,28,35,D,1,1,28,35
2023-24,2024-04-09,Quarter-finals,Real Madrid,Manchester City,161,123,2.3043478260869565,1.0124223602484472,2.130081300813008,1.1219512195121952,0.6708074534161491,0.5853658536585366,0.7407407407407407,0.48333333333333334,13,15,34,34,D,1,1,34,34
2023-24,2024-04-10,Quarter-finals,Atlético Madrid,Dortmund,103,101,1.3786407766990292,0.8932038834951457,1.6633663366336633,1.2871287128712872,0.4854368932038835,0.45544554455445546,0.64,0.36,12,11,28,28,H,1,1,28,28
2023-24,2024-04-10,Quarter-finals,Paris SG,Barcelona,111,139,2.099099099099099,1.1081081081081081,2.079136690647482,1.0359712230215827,0.5585585585585585,0.6115107913669064,0.6363636363636364,0.463768115942029,8,7,36,29,A,1,1,36,29
2023-24,2024-04-16,Quarter-finals,Barcelona,Paris SG,140,112,2.085714285714286,1.042857142857143,2.0982142857142856,1.125,0.6142857142857143,0.5535714285714286,0.7571428571428571,0.48214285714285715,10,8,6,6,A,1,1,6,6
2023-24,2024-04-16,Quarter-finals,Dortmund,Atlético Madrid,102,104,1.6568627450980393,1.2941176470588236,1.3846153846153846,0.8942307692307693,0.45098039215686275,0.49038461538461536,0.5490196078431373,0.33962264150943394,8,12,6,6,H,1,1,6,6
2023-24,2024-04-17,Quarter-finals,Bayern Munich,Arsenal,150,65,2.48,0.9466666666666667,1.8923076923076922,1.3692307692307693,0.7,0.5230769230769231,0.7945205479452054,0.40625,8,8,8,8,H,1,1,8,8
2023-24,2024-04-17,Quarter-finals,Manchester City,Real Madrid,124,162,2.1370967741935485,1.1370967741935485,2.308641975308642,1.0246913580246915,0.5806451612903226,0.6666666666666666,0.6825396825396826,0.6,13,11,8,8,D,1,1,8,8
2023-24,2024-04-30,Semi-finals,Bayern Munich,Real Madrid,151,163,2.4701986754966887,0.9403973509933775,2.3006134969325154,1.0245398773006136,0.7019867549668874,0.6625766871165644,0.7972972972972973,0.5925925925925926,10,9,13,13,D,1,1,13,13
2023-24,2024-05-01,Semi-finals,Dortmund,Paris SG,103,113,1.6796116504854368,1.3009708737864079,2.1150442477876106,1.1238938053097345,0.4563106796116505,0.5575221238938053,0.5576923076923077,0.49122807017543857,8,10,15,15,H,1,1,15,15
2023-24,2024-05-07,Semi-finals,Paris SG,Dortmund,114,104,2.0964912280701755,1.1228070175438596,1.6730769230769231,1.2884615384615385,0.5526315789473685,0.46153846153846156,0.625,0.35294117647058826,9,10,6,6,A,1,1,6,6
2023-24,2024-05-08,Semi-finals,Real Madrid,Bayern Munich,164,152,2.298780487804878,1.0304878048780488,2.4671052631578947,0.9473684210526315,0.6585365853658537,0.6973684210526315,0.7317073170731707,0.6103896103896104,7,8,8,8,H,1,1,8,8
2023-24,2024-06-01,Final,Dortmund,Real Madrid,105,165,1.6666666666666667,1.276190476190476,2.296969696969697,1.0303030303030303,0.4666666666666667,0.6606060606060606,0.5660377358490566,0.5853658536585366,12,7,25,24,A,1,1,25,24
2024-25,2024-09-17,League phase,Bayern Munich,Dinamo Zagreb,153,36,2.457516339869281,0.954248366013072,0.5833333333333334,2.4722222222222223,0.6928104575163399,0.08333333333333333,0.7866666666666666,0.0,8,1,132,685,H,1,1,132,365
2024-25,2024-09-17,League phase,Juventus,PSV,100,28,1.55,1.01,0.9642857142857143,1.5714285714285714,0.53,0.17857142857142858,0.6078431372549019,0.07142857142857142,3,8,685,188,H,1,1,365,188
2024-25,2024-09-17,League phase,Milan,Liverpool,58,71,1.1551724137931034,1.206896551724138,2.0985915492957745,1.1408450704225352,0.3103448275862069,0.5774647887323944,0.3793103448275862,0.5277777777777778,7,9,279,552,A,1,1,279,365
2024-25,2024-09-17,League phase,Real Madrid,Stuttgart,166,0,2.2951807228915664,1.0240963855421688,0.0,0.0,0.6626506024096386,0.0,0.7349397590361446,0.0,9,0,108,-1,H,1,0,108,0
2024-25,2024-09-17,League phase,Sporting CP,Lille,32,26,1.46875,1.71875,0.8461538461538461,1.5769230769230769,0.3125,0.19230769230769232,0.4375,0.3076923076923077,4,9,686,916,H,1,1,365,365
2024-25,2024-09-17,League phase,Young Boys,Aston Villa,18,0,1.0,2.0555555555555554,0.0,0.0,0.16666666666666666,0.0,0.3333333333333333,0.0,4,0,279,-1,A,1,0,279,0
2024-25,2024-09-18,League phase,Bologna,Shakhtar D.,0,88,0.0,0.0,1.3636363636363635,1.7272727272727273,0.0,0.32954545454545453,0.0,0.29545454545454547,0,9,-1,280,D,0,1,0,280
2024-25,2024-09-18,League phase,Celtic,Slovan Bratislava,38,0,0.8157894736842105,2.3947368421052633,0.0,0.0,0.15789473684210525,0.0,0.21052631578947367,0.0,4,0,280,-1,H,1,0,280,0
2024-25,2024-09-18,League phase,Club Brugge,Dortmund,38,106,0.8947368421052632,1.894736842105263,1.650943396226415,1.2830188679245282,0.18421052631578946,0.46226415094339623,0.15789473684210525,0.36538461538461536,2,9,561,109,A,1,1,365,109
2024-25,2024-09-18,League phase,Manchester City,Inter,125,65,2.128,1.136,1.3692307692307693,1.2307692307692308,0.576,0.4307692307692308,0.671875,0.36363636363636365,11,8,154,189,D,1,1,154,189
2024-25,2024-09-18,League phase,Paris SG,Girona,115,0,2.0782608695652174,1.1217391304347826,0.0,0.0,0.5478260869565217,0.0,0.6140350877192983,0.0,6,0,134,-1,H,1,0,134,0
2024-25,2024-09-18,League phase,Sparta Prague,RB Salzburg,0,32,0.0,0.0,1.40625,1.90625,0.0,0.25,0.0,0.1875,0,1,-1,281,H,0,1,0,281
2024-25,2024-09-19,League phase,Atalanta,Arsenal,23,66,1.7391304347826086,1.8695652173913044,1.8636363636363635,1.3636363636363635,0.34782608695652173,0.5151515151515151,0.25,0.3939393939393939,5,5,1015,155,D,1,1,365,155
2024-25,2024-09-19,League phase,Atlético Madrid,RB Leipzig,105,46,1.3904761904761904,0.9238095238095239,1.7391304347826086,1.7826086956521738,0.4857142857142857,0.4782608695652174,0.6470588235294118,0.45454545454545453,9,7,156,197,H,1,1,156,197
2024-25,2024-09-19,League phase,Brest,Sturm Graz,0,0,0.0,0.0,0.0,0.0,0.0,0.0,0.0,0.0,0,0,-1,-1,H,0,0,0,0
2024-25,2024-09-19,League phase,Feyenoord,Leverkusen,12,50,1.1666666666666667,2.0,1.2,1.52,0.25,0.32,0.5,0.16,3,5,281,688,A,1,1,281,365
2024-25,2024-09-19,League phase,Monaco,Barcelona,34,141,1.088235294117647,1.6176470588235294,2.078014184397163,1.0638297872340425,0.29411764705882354,0.6099290780141844,0.35294117647058826,0.4714285714285714,1,7,2109,156,H,1,1,365,156
2024-25,2024-09-19,League phase,Red Star,Benfica,18,96,0.8333333333333334,2.888888888888889,1.3020833333333333,1.5,0.1111111111111111,0.3541666666666667,0.2222222222222222,0.25,1,4,281,282,A,1,1,281,282
2024-25,2024-10-01,League phase,Arsenal,Paris SG,67,116,1.835820895522388,1.3432835820895523,2.0689655172413794,1.1120689655172413,0.5074626865671642,0.5517241379310345,0.6363636363636364,0.4827586206896552,5,6,12,13,H,1,1,12,13
2024-25,2024-10-01,League phase,Barcelona,Young Boys,142,19,2.0704225352112675,1.0704225352112675,0.9473684210526315,2.1052631578947367,0.6056338028169014,0.15789473684210525,0.7464788732394366,0.0,7,3,12,14,H,1,1,12,14
2024-25,2024-10-01,League phase,Dortmund,Celtic,107,39,1.6635514018691588,1.2710280373831775,0.9230769230769231,2.358974358974359,0.4672897196261682,0.1794871794871795,0.5555555555555556,0.10526315789473684,12,7,13,13,H,1,1,13,13
2024-25,2024-10-01,League phase,Inter,Red Star,66,19,1.3484848484848484,1.2121212121212122,0.8421052631578947,2.8421052631578947,0.42424242424242425,0.10526315789473684,0.5,0.0,6,0,13,12,H,1,1,13,12
2024-25,2024-10-01,League phase,Leverkusen,Milan,51,59,1.2549019607843137,1.4901960784313726,1.152542372881356,1.2372881355932204,0.3333333333333333,0.3050847457627119,0.48,0.2413793103448276,5,6,12,14,H,1,1,12,14
2024-25,2024-10-01,League phase,PSV,Sporting CP,29,33,0.9655172413793104,1.6206896551724137,1.4848484848484849,1.6666666666666667,0.1724137931034483,0.3333333333333333,0.2857142857142857,0.1875,5,4,14,14,D,1,1,14,14
2024-25,2024-10-01,League phase,RB Salzburg,Brest,33,1,1.3636363636363635,1.9393939393939394,2.0,1.0,0.24242424242424243,1.0,0.3125,0.0,1,3,13,12,A,1,1,13,12
2024-25,2024-10-01,League phase,Slovan Bratislava,Manchester City,1,126,1.0,5.0,2.111111111111111,1.126984126984127,0.0,0.5714285714285714,0.0,0.47540983606557374,0,9,13,13,A,1,1,13,13
2024-25,2024-10-01,League phase,Stuttgart,Sparta Prague,1,1,1.0,3.0,3.0,0.0,0.0,1.0,0.0,0.0,0,3,14,13,D,1,1,14,13
2024-25,2024-10-02,League phase,Aston Villa,Bayern Munich,1,154,3.0,0.0,2.5,0.961038961038961,1.0,0.6948051948051948,0.0,0.6025641025641025,3,8,15,15,H,1,1,15,15
2024-25,2024-10-02,League phase,Benfica,Atlético Madrid,97,106,1.309278350515464,1.4948453608247423,1.3962264150943395,0.9245283018867925,0.36082474226804123,0.49056603773584906,0.4583333333333333,0.3333333333333333,7,9,13,13,H,1,1,13,13
2024-25,2024-10-02,League phase,Dinamo Zagreb,Monaco,37,35,0.6216216216216216,2.6486486486486487,1.1142857142857143,1.6,0.08108108108108109,0.3142857142857143,0.16666666666666666,0.23529411764705882,1,4,15,13,D,1,1,15,13
2024-25,2024-10-02,League phase,Girona,Feyenoord,1,13,0.0,1.0,1.0769230769230769,2.1538461538461537,0.0,0.23076923076923078,0.0,0.0,0,3,14,13,A,1,1,14,13
2024-25,2024-10-02,League phase,Lille,Real Madrid,27,167,0.8148148148148148,1.5925925925925926,2.2994011976047903,1.0239520958083832,0.18518518518518517,0.6646706586826348,0.07692307692307693,0.5903614457831325,6,11,15,15,H,1,1,15,15
2024-25,2024-10-02,League phase,Liverpool,Bologna,72,1,2.111111111111111,1.1388888888888888,0.0,0.0,0.5833333333333334,0.0,0.6285714285714286,0.0,9,1,15,14,H,1,1,15,14
2024-25,2024-10-02,League phase,RB Leipzig,Juventus,47,101,1.7234042553191489,1.7872340425531914,1.5643564356435644,1.00990099009901,0.46808510638297873,0.5346534653465347,0.5,0.4489795918367347,4,6,13,15,A,1,1,13,15
2024-25,2024-10-02,League phase,Shakhtar D.,Atalanta,89,24,1.348314606741573,1.7078651685393258,1.6666666666666667,1.7916666666666667,0.3258426966292135,0.3333333333333333,0.36363636363636365,0.45454545454545453,7,3,14,13,A,1,1,14,13
2024-25,2024-10-02,League phase,Sturm Graz,Club Brugge,1,39,1.0,2.0,0.8717948717948718,1.9230769230769231,0.0,0.1794871794871795,0.0,0.21052631578947367,0,1,13,14,A,1,1,13,14
2024-25,2024-10-22,League phase,Arsenal,Shakhtar D.,68,90,1.838235294117647,1.3235294117647058,1.3333333333333333,1.7222222222222223,0.5147058823529411,0.32222222222222224,0.6470588235294118,0.28888888888888886,8,7,21,20,H,1,1,21,20
2024-25,2024-10-22,League phase,Aston Villa,Bologna,2,2,2.0,0.0,0.0,1.0,1.0,0.0,1.0,0.0,6,1,20,20,H,1,1,20,20
2024-25,2024-10-22,League phase,Girona,Slovan Bratislava,2,2,1.0,2.0,0.5,4.5,0.0,0.0,0.0,0.0,0,0,20,21,H,1,1,20,21
2024-25,2024-10-22,League phase,Juventus,Stuttgart,102,2,1.5784313725490196,1.0196078431372548,1.0,2.0,0.5392156862745098,0.0,0.6153846153846154,0.0,6,1,20,21,A,1,1,20,21
2024-25,2024-10-22,League phase,Milan,Club Brugge,60,40,1.1333333333333333,1.2333333333333334,0.875,1.875,0.3,0.2,0.36666666666666664,0.25,6,4,21,20,H,1,1,21,20
2024-25,2024-10-22,League phase,Monaco,Red Star,36,20,1.1388888888888888,1.6111111111111112,0.8,2.9,0.3055555555555556,0.1,0.3888888888888889,0.0,4,0,20,21,H,1,1,20,21
2024-25,2024-10-22,League phase,Paris SG,PSV,117,30,2.051282051282051,1.1196581196581197,0.9666666666666667,1.6,0.5470085470085471,0.16666666666666666,0.6206896551724138,0.06666666666666667,6,3,21,21,D,1,1,21,21
2024-25,2024-10-22,League phase,Real Madrid,Dortmund,168,108,2.2857142857142856,1.0238095238095237,1.712962962962963,1.2685185185185186,0.6607142857142857,0.4722222222222222,0.7380952380952381,0.37735849056603776,10,12,20,21,H,1,1,20,21
2024-25,2024-10-22,League phase,Sturm Graz,Sporting CP,2,34,0.5,1.5,1.4705882352941178,1.6470588235294117,0.0,0.3235294117647059,0.0,0.17647058823529413,0,5,20,21,A,1,1,20,21
2024-25,2024-10-23,League phase,Atalanta,Celtic,25,40,1.72,1.72,0.925,2.475,0.36,0.175,0.23076923076923078,0.1,6,6,21,22,D,1,1,21,22
2024-25,2024-10-23,League phase,Atlético Madrid,Lille,107,28,1.3831775700934579,0.9532710280373832,0.8214285714285714,1.5357142857142858,0.48598130841121495,0.21428571428571427,0.6538461538461539,0.2857142857142857,9,6,21,21,A,1,1,21,21
2024-25,2024-10-23,League phase,Barcelona,Bayern Munich,143,155,2.090909090909091,1.062937062937063,2.4838709677419355,0.9612903225806452,0.6083916083916084,0.6903225806451613,0.75,0.5949367088607594,9,7,22,21,H,1,1,22,21
2024-25,2024-10-23,League phase,Benfica,Feyenoord,98,14,1.336734693877551,1.4795918367346939,1.2142857142857142,2.142857142857143,0.3673469387755102,0.2857142857142857,0.46938775510204084,0.14285714285714285,10,3,21,21,A,1,1,21,21
2024-25,2024-10-23,League phase,Brest,Leverkusen,2,52,3.0,0.5,1.25,1.4615384615384615,1.0,0.34615384615384615,1.0,0.19230769230769232,6,8,22,22,D,1,1,22,22
2024-25,2024-10-23,League phase,Manchester City,Sparta Prague,127,2,2.125984251968504,1.1181102362204725,2.0,0.5,0.5748031496062992,0.5,0.6615384615384615,0.0,9,4,22,22,H,1,1,22,22
2024-25,2024-10-23,League phase,RB Leipzig,Liverpool,48,73,1.7291666666666667,1.8125,2.1095890410958904,1.1232876712328768,0.4583333333333333,0.589041095890411,0.48,0.5405405405405406,4,9,21,21,A,1,1,21,21
2024-25,2024-10-23,League phase,RB Salzburg,Dinamo Zagreb,34,38,1.3235294117647058,2.0,0.6578947368421053,2.6315789473684212,0.23529411764705882,0.07894736842105263,0.29411764705882354,0.0,1,2,22,21,A,1,1,22,21
2024-25,2024-10-23,League phase,Young Boys,Inter,20,67,0.9,2.25,1.3880597014925373,1.1940298507462686,0.15,0.43283582089552236,0.3,0.35294117647058826,3,8,22,22,A,1,1,22,22
2024-25,2024-11-05,League phase,Bologna,Monaco,3,37,0.0,1.3333333333333333,1.2432432432432432,1.5945945945945945,0.0,0.32432432432432434,0.0,0.2222222222222222,1,7,14,14,A,1,1,14,14
2024-25,2024-11-05,League phase,Celtic,RB Leipzig,41,49,0.9024390243902439,2.4146341463414633,1.6938775510204083,1.7959183673469388,0.17073170731707318,0.4489795918367347,0.25,0.43478260869565216,7,1,13,13,H,1,1,13,13
2024-25,2024-11-05,League phase,Dortmund,Sturm Graz,109,3,1.7155963302752293,1.3027522935779816,0.3333333333333333,1.6666666666666667,0.46788990825688076,0.0,0.5636363636363636,0.0,9,0,14,14,H,1,1,14,14
2024-25,2024-11-05,League phase,Lille,Juventus,29,103,0.896551724137931,1.5172413793103448,1.5631067961165048,1.0194174757281553,0.2413793103448276,0.5339805825242718,0.14285714285714285,0.46,6,6,13,14,D,1,1,13,14
2024-25,2024-11-05,League phase,Liverpool,Leverkusen,74,53,2.0945945945945947,1.1081081081081081,1.2452830188679245,1.4528301886792452,0.5945945945945946,0.33962264150943394,0.6388888888888888,0.18518518518518517,9,9,13,13,H,1,1,13,13
2024-25,2024-11-05,League phase,PSV,Girona,31,3,0.967741935483871,1.5806451612903225,1.3333333333333333,1.3333333333333333,0.16129032258064516,0.3333333333333333,0.26666666666666666,0.0,3,3,14,14,H,1,1,14,14
2024-25,2024-11-05,League phase,Real Madrid,Milan,169,61,2.301775147928994,1.029585798816568,1.1639344262295082,1.2295081967213115,0.6627218934911243,0.3114754098360656,0.7411764705882353,0.23333333333333334,12,6,14,14,A,1,1,14,14
2024-25,2024-11-05,League phase,Slovan Bratislava,Dinamo Zagreb,3,39,0.3333333333333333,3.6666666666666665,0.6923076923076923,2.5641025641025643,0.0,0.10256410256410256,0.0,0.05,0,4,14,13,A,1,1,14,13
2024-25,2024-11-05,League phase,Sporting CP,Manchester City,35,128,1.4857142857142858,1.6,2.1484375,1.109375,0.34285714285714286,0.578125,0.47058823529411764,0.4838709677419355,8,9,14,13,H,1,1,14,13
2024-25,2024-11-06,League phase,Bayern Munich,Benfica,156,99,2.4743589743589745,0.9807692307692307,1.3333333333333333,1.494949494949495,0.6858974358974359,0.36363636363636365,0.7894736842105263,0.2653061224489796,4,10,14,14,H,1,1,14,14
2024-25,2024-11-06,League phase,Club Brugge,Aston Villa,41,3,0.8780487804878049,1.9024390243902438,2.0,0.0,0.1951219512195122,1.0,0.15,1.0,3,9,15,15,H,1,1,15,15
2024-25,2024-11-06,League phase,Feyenoord,RB Salzburg,15,35,1.3333333333333333,2.066666666666667,1.2857142857142858,2.0,0.3333333333333333,0.22857142857142856,0.42857142857142855,0.17647058823529413,6,1,14,14,A,1,1,14,14
2024-25,2024-11-06,League phase,Inter,Arsenal,68,69,1.3823529411764706,1.1764705882352942,1.826086956521739,1.3043478260869565,0.4411764705882353,0.5217391304347826,0.5151515151515151,0.38235294117647056,10,8,14,15,H,1,1,14,15
2024-25,2024-11-06,League phase,Paris SG,Atlético Madrid,118,108,2.042372881355932,1.11864406779661,1.3796296296296295,0.9722222222222222,0.5423728813559322,0.48148148148148145,0.6101694915254238,0.32727272727272727,4,6,15,14,A,1,1,15,14
2024-25,2024-11-06,League phase,Red Star,Barcelona,21,144,0.8095238095238095,3.0,2.1041666666666665,1.0625,0.09523809523809523,0.6111111111111112,0.2,0.4647887323943662,0,9,15,14,A,1,1,15,14
2024-25,2024-11-06,League phase,Shakhtar D.,Young Boys,91,21,1.3186813186813187,1.7142857142857142,0.8571428571428571,2.1904761904761907,0.31868131868131866,0.14285714285714285,0.35555555555555557,0.0,4,3,15,14,H,1,1,15,14
2024-25,2024-11-06,League phase,Sparta Prague,Brest,3,3,1.3333333333333333,2.0,2.3333333333333335,0.6666666666666666,0.3333333333333333,0.6666666666666666,1.0,1.0,4,7,14,14,A,1,1,14,14
2024-25,2024-11-06,League phase,Stuttgart,Atalanta,3,26,1.0,1.3333333333333333,1.6538461538461537,1.6538461538461537,0.3333333333333333,0.34615384615384615,0.0,0.5,4,6,15,14,A,1,1,15,14
2024-25,2024-11-26,League phase,Barcelona,Brest,145,4,2.1241379310344826,1.0689655172413792,2.25,0.75,0.6137931034482759,0.75,0.7534246575342466,1.0,9,10,20,20,H,1,1,20,20
2024-25,2024-11-26,League phase,Bayern Munich,Paris SG,157,119,2.464968152866242,0.9745222929936306,2.033613445378151,1.1260504201680672,0.6878980891719745,0.5378151260504201,0.7922077922077922,0.4745762711864407,6,4,20,20,H,1,1,20,20
2024-25,2024-11-26,League phase,Inter,RB Leipzig,69,50,1.3768115942028984,1.1594202898550725,1.68,1.82,0.4492753623188406,0.44,0.5294117647058824,0.4166666666666667,10,1,20,21,H,1,1,20,21
2024-25,2024-11-26,League phase,Leverkusen,RB Salzburg,54,36,1.2222222222222223,1.5,1.3333333333333333,1.9722222222222223,0.3333333333333333,0.25,0.5,0.2222222222222222,8,3,21,20,H,1,1,21,20
2024-25,2024-11-26,League phase,Manchester City,Feyenoord,129,16,2.13953488372093,1.1317829457364341,1.3125,2.125,0.5736434108527132,0.3125,0.6666666666666666,0.25,8,6,21,20,D,1,1,21,20
2024-25,2024-11-26,League phase,Slovan Bratislava,Milan,4,62,0.5,3.75,1.1935483870967742,1.2258064516129032,0.0,0.3225806451612903,0.0,0.25806451612903225,0,9,21,21,A,1,1,21,21
2024-25,2024-11-26,League phase,Sparta Prague,Atlético Madrid,4,109,1.25,2.0,1.385321100917431,0.9724770642201835,0.25,0.48623853211009177,0.5,0.3392857142857143,4,6,20,20,A,1,1,20,20
2024-25,2024-11-26,League phase,Sporting CP,Arsenal,36,70,1.5555555555555556,1.5833333333333333,1.8,1.3,0.3611111111111111,0.5142857142857142,0.5,0.37142857142857144,10,7,21,20,A,1,1,21,20
2024-25,2024-11-26,League phase,Young Boys,Atalanta,22,27,0.8636363636363636,2.1818181818181817,1.6666666666666667,1.5925925925925926,0.13636363636363635,0.37037037037037035,0.2727272727272727,0.5384615384615384,0,8,20,20,A,1,1,20,20
2024-25,2024-11-27,League phase,Aston Villa,Juventus,4,104,1.5,0.25,1.5576923076923077,1.0192307692307692,0.75,0.5288461538461539,1.0,0.45098039215686275,9,7,21,22,D,1,1,21,22
2024-25,2024-11-27,League phase,Bologna,Lille,4,30,0.0,1.25,0.9,1.5,0.0,0.23333333333333334,0.0,0.3333333333333333,1,7,22,22,A,1,1,22,22
2024-25,2024-11-27,League phase,Celtic,Club Brugge,42,42,0.9523809523809523,2.380952380952381,0.8809523809523809,1.8571428571428572,0.19047619047619047,0.21428571428571427,0.2857142857142857,0.23809523809523808,10,6,22,21,D,1,1,22,21
2024-25,2024-11-27,League phase,Dinamo Zagreb,Dortmund,40,110,0.775,2.525,1.709090909090909,1.290909090909091,0.125,0.4727272727272727,0.15789473684210525,0.37037037037037035,7,9,22,22,A,1,1,22,22
2024-25,2024-11-27,League phase,Liverpool,Real Madrid,75,170,2.12,1.0933333333333333,2.2941176470588234,1.0411764705882354,0.6,0.6588235294117647,0.6486486486486487,0.5833333333333334,12,9,22,22,H,1,1,22,22
2024-25,2024-11-27,League phase,Monaco,Benfica,38,100,1.236842105263158,1.5526315789473684,1.32,1.49,0.34210526315789475,0.36,0.42105263157894735,0.26,10,9,22,21,A,1,1,22,21
2024-25,2024-11-27,League phase,PSV,Shakhtar D.,32,92,1.0625,1.53125,1.326086956521739,1.7065217391304348,0.1875,0.32608695652173914,0.3125,0.2826086956521739,5,4,22,21,H,1,1,22,21
2024-25,2024-11-27,League phase,Red Star,Stuttgart,22,4,0.8636363636363636,3.090909090909091,0.75,1.5,0.09090909090909091,0.25,0.18181818181818182,0.5,0,4,21,21,H,1,1,21,21
2024-25,2024-11-27,League phase,Sturm Graz,Girona,4,4,0.25,1.5,1.0,2.0,0.0,0.25,0.0,0.0,0,3,22,22,H,1,1,22,22
2024-25,2024-12-10,League phase,Atalanta,Real Madrid,28,171,1.8214285714285714,1.5714285714285714,2.280701754385965,1.0467836257309941,0.39285714285714285,0.6549707602339181,0.21428571428571427,0.5764705882352941,11,6,14,13,A,1,1,14,13
2024-25,2024-12-10,League phase,Brest,PSV,5,33,1.8,1.2,1.121212121212121,1.5454545454545454,0.6,0.21212121212121213,0.5,0.0625,10,8,14,13,H,1,1,14,13
2024-25,2024-12-10,League phase,Club Brugge,Sporting CP,43,37,0.8837209302325582,1.8372093023255813,1.5405405405405406,1.6756756756756757,0.20930232558139536,0.35135135135135137,0.19047619047619047,0.2222222222222222,7,10,13,14,H,1,1,13,14
2024-25,2024-12-10,League phase,Dinamo Zagreb,Celtic,41,43,0.7560975609756098,2.5365853658536586,0.9534883720930233,2.3488372093023258,0.12195121951219512,0.18604651162790697,0.15,0.09523809523809523,7,8,13,13,D,1,1,13,13
2024-25,2024-12-10,League phase,Girona,Liverpool,5,76,0.8,1.8,2.1184210526315788,1.0789473684210527,0.2,0.6052631578947368,0.5,0.5526315789473685,3,15,13,13,A,1,1,13,13
2024-25,2024-12-10,League phase,Leverkusen,Inter,55,70,1.290909090909091,1.4727272727272727,1.3714285714285714,1.1428571428571428,0.34545454545454546,0.45714285714285713,0.5185185185185185,0.37142857142857144,10,13,14,14,H,1,1,14,14
2024-25,2024-12-10,League phase,RB Leipzig,Aston Villa,51,5,1.6470588235294117,1.803921568627451,1.2,0.2,0.43137254901960786,0.6,0.46153846153846156,0.5,0,10,14,13,A,1,1,14,13
2024-25,2024-12-10,League phase,RB Salzburg,Paris SG,37,120,1.2972972972972974,2.054054054054054,2.0166666666666666,1.125,0.24324324324324326,0.5333333333333333,0.2777777777777778,0.4666666666666667,3,4,14,14,A,1,1,14,14
2024-25,2024-12-10,League phase,Shakhtar D.,Bayern Munich,93,158,1.3333333333333333,1.7204301075268817,2.4556962025316458,0.9683544303797469,0.3225806451612903,0.689873417721519,0.3695652173913043,0.5875,4,9,13,14,A,1,1,13,14
2024-25,2024-12-11,League phase,Arsenal,Monaco,71,39,1.8450704225352113,1.295774647887324,1.2564102564102564,1.5897435897435896,0.5211267605633803,0.3333333333333333,0.6571428571428571,0.2631578947368421,10,10,15,14,H,1,1,15,14
2024-25,2024-12-11,League phase,Atlético Madrid,Slovan Bratislava,110,5,1.4272727272727272,0.9636363636363636,0.8,3.6,0.4909090909090909,0.0,0.6415094339622641,0.0,9,0,15,15,H,1,1,15,15
2024-25,2024-12-11,League phase,Benfica,Bologna,101,5,1.3366336633663367,1.495049504950495,0.2,1.4,0.36633663366336633,0.0,0.46,0.0,9,1,14,14,D,1,1,14,14
2024-25,2024-12-11,League phase,Dortmund,Barcelona,111,146,1.7207207207207207,1.2792792792792793,2.1301369863013697,1.0616438356164384,0.4774774774774775,0.6164383561643836,0.5714285714285714,0.4722222222222222,12,12,14,15,A,1,1,14,15
2024-25,2024-12-11,League phase,Feyenoord,Sparta Prague,17,5,1.411764705882353,2.176470588235294,1.0,2.8,0.29411764705882354,0.2,0.375,0.0,7,4,15,15,H,1,1,15,15
2024-25,2024-12-11,League phase,Juventus,Manchester City,105,130,1.542857142857143,1.0095238095238095,2.146153846153846,1.146153846153846,0.5238095238095238,0.5692307692307692,0.6037735849056604,0.47619047619047616,8,8,14,15,H,1,1,14,15
2024-25,2024-12-11,League phase,Lille,Sturm Graz,31,5,0.9354838709677419,1.4838709677419355,0.4,1.2,0.25806451612903225,0.2,0.13333333333333333,0.0,10,3,14,14,H,1,1,14,14
2024-25,2024-12-11,League phase,Milan,Red Star,63,23,1.2222222222222223,1.2380952380952381,1.0434782608695652,3.0,0.3333333333333333,0.13043478260869565,0.3870967741935484,0.0,9,3,15,14,H,1,1,15,14
2024-25,2024-12-11,League phase,Stuttgart,Young Boys,5,23,0.8,2.2,0.8695652173913043,2.347826086956522,0.2,0.13043478260869565,0.0,0.0,4,0,14,15,H,1,1,14,15
2024-25,2025-01-21,League phase,Atalanta,Sturm Graz,29,6,1.8275862068965518,1.6206896551724137,0.6666666666666666,1.5,0.3793103448275862,0.16666666666666666,0.2,0.0,10,3,42,41,H,1,1,42,41
2024-25,2025-01-21,League phase,Atlético Madrid,Leverkusen,111,56,1.4414414414414414,0.963963963963964,1.2857142857142858,1.4464285714285714,0.4954954954954955,0.35714285714285715,0.6481481481481481,0.17857142857142858,9,10,41,42,H,1,1,41,42
2024-25,2025-01-21,League phase,Benfica,Barcelona,102,147,1.3235294117647058,1.4803921568627452,2.1360544217687076,1.0680272108843538,0.3627450980392157,0.6190476190476191,0.45098039215686275,0.4794520547945205,7,15,41,41,A,1,1,41,41
2024-25,2025-01-21,League phase,Bologna,Dortmund,6,112,0.16666666666666666,1.1666666666666667,1.7232142857142858,1.2946428571428572,0.0,0.4732142857142857,0.0,0.38181818181818183,1,9,41,41,H,1,1,41,41
2024-25,2025-01-21,League phase,Club Brugge,Juventus,44,106,0.9090909090909091,1.8181818181818181,1.5471698113207548,1.0,0.22727272727272727,0.5283018867924528,0.22727272727272727,0.4423076923076923,10,8,42,41,D,1,1,42,41
2024-25,2025-01-21,League phase,Liverpool,Lille,77,32,2.103896103896104,1.0649350649350648,1.0,1.5,0.6103896103896104,0.28125,0.6578947368421053,0.375,15,13,42,41,H,1,1,42,41
2024-25,2025-01-21,League phase,Monaco,Aston Villa,40,6,1.225,1.625,1.5,0.5,0.325,0.6666666666666666,0.4,0.6666666666666666,7,10,41,42,H,1,1,41,42
2024-25,2025-01-21,League phase,Red Star,PSV,24,34,1.0416666666666667,2.9583333333333335,1.088235294117647,1.5294117647058822,0.125,0.20588235294117646,0.25,0.058823529411764705,3,8,41,42,A,1,1,41,42
2024-25,2025-01-21,League phase,Slovan Bratislava,Stuttgart,6,6,0.8333333333333334,3.5,1.5,2.0,0.0,0.3333333333333333,0.0,0.3333333333333333,0,7,41,41,A,1,1,41,41
2024-25,2025-01-22,League phase,Arsenal,Dinamo Zagreb,72,42,1.8611111111111112,1.2777777777777777,0.7380952380952381,2.4761904761904763,0.5277777777777778,0.11904761904761904,0.6666666666666666,0.09523809523809523,12,8,42,43,H,1,1,42,43
2024-25,2025-01-22,League phase,Celtic,Young Boys,44,24,0.9318181818181818,2.2954545454545454,0.875,2.4583333333333335,0.18181818181818182,0.125,0.2727272727272727,0.0,6,0,43,42,H,1,1,43,42
2024-25,2025-01-22,League phase,Feyenoord,Bayern Munich,18,159,1.5555555555555556,2.1666666666666665,2.4716981132075473,0.9685534591194969,0.3333333333333333,0.6918238993710691,0.4444444444444444,0.5925925925925926,10,9,42,43,H,1,1,42,43
2024-25,2025-01-22,League phase,Milan,Girona,64,6,1.234375,1.234375,0.6666666666666666,1.6666666666666667,0.34375,0.16666666666666666,0.40625,0.0,12,3,42,43,H,1,1,42,43
2024-25,2025-01-22,League phase,Paris SG,Manchester City,121,131,2.024793388429752,1.115702479338843,2.1297709923664123,1.1526717557251909,0.5371900826446281,0.5648854961832062,0.6,0.46875,4,7,43,42,H,1,1,43,42
2024-25,2025-01-22,League phase,RB Leipzig,Sporting CP,52,38,1.6538461538461537,1.8269230769230769,1.5263157894736843,1.6842105263157894,0.4230769230769231,0.34210526315789475,0.4444444444444444,0.21052631578947367,0,7,43,43,H,1,1,43,43
2024-25,2025-01-22,League phase,Real Madrid,RB Salzburg,172,38,2.2848837209302326,1.052325581395349,1.263157894736842,2.0789473684210527,0.6569767441860465,0.23684210526315788,0.7325581395348837,0.21052631578947367,6,3,43,43,H,1,1,43,43
2024-25,2025-01-22,League phase,Shakhtar D.,Brest,94,6,1.3297872340425532,1.7553191489361701,1.6666666666666667,1.0,0.3191489361702128,0.6666666666666666,0.3617021276595745,0.6666666666666666,3,10,43,43,H,1,1,43,43
2024-25,2025-01-22,League phase,Sparta Prague,Inter,6,71,1.1666666666666667,3.0,1.352112676056338,1.1408450704225352,0.16666666666666666,0.4507042253521127,0.3333333333333333,0.3611111111111111,1,12,42,43,A,1,1,42,43
2024-25,2025-01-29,League phase,Aston Villa,Celtic,7,45,1.2857142857142858,0.5714285714285714,0.9333333333333333,2.2444444444444445,0.5714285714285714,0.2,0.6666666666666666,0.09090909090909091,7,9,8,7,H,1,1,8,7
2024-25,2025-01-29,League phase,Barcelona,Atalanta,148,30,2.1554054054054053,1.087837837837838,1.9333333333333333,1.5666666666666667,0.6216216216216216,0.4,0.7567567567567568,0.5714285714285714,15,10,8,8,D,1,1,8,8
2024-25,2025-01-29,League phase,Bayern Munich,Slovan Bratislava,160,7,2.45625,0.98125,0.8571428571428571,3.4285714285714284,0.6875,0.0,0.7948717948717948,0.0,9,0,7,8,H,1,1,7,8
2024-25,2025-01-29,League phase,Brest,Real Madrid,7,173,1.4285714285714286,1.1428571428571428,2.300578034682081,1.0520231213872833,0.5714285714285714,0.6589595375722543,0.6666666666666666,0.5813953488372093,7,9,7,7,A,1,1,7,7
2024-25,2025-01-29,League phase,Dinamo Zagreb,Milan,43,65,0.7209302325581395,2.488372093023256,1.2307692307692308,1.2153846153846153,0.11627906976744186,0.35384615384615387,0.14285714285714285,0.28125,7,15,7,7,H,1,1,7,7
2024-25,2025-01-29,League phase,Dortmund,Shakhtar D.,113,95,1.7168141592920354,1.3008849557522124,1.3368421052631578,1.736842105263158,0.4690265486725664,0.3263157894736842,0.5614035087719298,0.2765957446808511,6,6,8,7,H,1,1,8,7
2024-25,2025-01-29,League phase,Girona,Arsenal,7,73,0.5714285714285714,1.5714285714285714,1.8767123287671232,1.2602739726027397,0.14285714285714285,0.5342465753424658,0.3333333333333333,0.3888888888888889,3,12,7,7,A,1,1,7,7
2024-25,2025-01-29,League phase,Inter,Monaco,72,41,1.3472222222222223,1.125,1.2195121951219512,1.5853658536585367,0.4583333333333333,0.34146341463414637,0.5428571428571428,0.25,12,9,7,8,H,1,1,7,8
2024-25,2025-01-29,League phase,Juventus,Benfica,107,103,1.5327102803738317,0.9906542056074766,1.3495145631067962,1.5145631067961165,0.5233644859813084,0.3592233009708738,0.6111111111111112,0.27450980392156865,6,4,8,8,A,1,1,8,8
2024-25,2025-01-29,League phase,Leverkusen,Sparta Prague,57,7,1.280701754385965,1.456140350877193,1.0,2.7142857142857144,0.3508771929824561,0.14285714285714285,0.5357142857142857,0.0,7,0,8,7,H,1,1,8,7
2024-25,2025-01-29,League phase,Lille,Feyenoord,33,19,1.0,1.5151515151515151,1.631578947368421,2.0526315789473686,0.2727272727272727,0.3684210526315789,0.1875,0.2222222222222222,10,10,8,7,H,1,1,8,7
2024-25,2025-01-29,League phase,Manchester City,Club Brugge,132,45,2.128787878787879,1.1742424242424243,0.8888888888888888,1.7777777777777777,0.5606060606060606,0.2222222222222222,0.6567164179104478,0.22727272727272727,4,8,7,8,H,1,1,7,8
2024-25,2025-01-29,League phase,PSV,Liverpool,35,78,1.1428571428571428,1.542857142857143,2.1025641025641026,1.064102564102564,0.22857142857142856,0.6153846153846154,0.35294117647058826,0.5641025641025641,10,15,8,8,H,1,1,8,8
2024-25,2025-01-29,League phase,RB Salzburg,Atlético Madrid,39,112,1.2564102564102564,2.1538461538461537,1.4464285714285714,0.9642857142857143,0.23076923076923078,0.5,0.2631578947368421,0.3508771929824561,3,12,7,8,A,1,1,7,8
2024-25,2025-01-29,League phase,Sporting CP,Bologna,39,7,1.5128205128205128,1.6923076923076923,0.42857142857142855,1.1428571428571428,0.3333333333333333,0.14285714285714285,0.47368421052631576,0.0,6,4,7,8,D,1,1,7,8
2024-25,2025-01-29,League phase,Sturm Graz,RB Leipzig,7,53,0.5714285714285714,2.0,1.6603773584905661,1.8113207547169812,0.14285714285714285,0.4339622641509434,0.3333333333333333,0.4,3,3,8,7,H,1,1,8,7
2024-25,2025-01-29,League phase,Stuttgart,Paris SG,7,122,1.7142857142857142,1.8571428571428572,2.040983606557377,1.1229508196721312,0.42857142857142855,0.5409836065573771,0.3333333333333333,0.47540983606557374,9,7,8,7,A,1,1,8,7
2024-25,2025-01-29,League phase,Young Boys,Red Star,25,25,0.84,2.4,1.08,2.96,0.12,0.12,0.25,0.0,0,3,7,8,A,1,1,7,8
2024-25,2025-02-11,Knockout phase play-offs,Brest,Paris SG,8,123,1.25,1.375,2.0569105691056913,1.1219512195121952,0.5,0.5447154471544715,0.5,0.4838709677419355,6,9,13,13,A,1,1,13,13
2024-25,2025-02-11,Knockout phase play-offs,Juventus,PSV,108,36,1.5185185185185186,1.0,1.1944444444444444,1.5555555555555556,0.5185185185185185,0.25,0.6,0.1111111111111111,6,12,13,13,H,1,1,13,13
2024-25,2025-02-11,Knockout phase play-offs,Manchester City,Real Madrid,133,174,2.1353383458646618,1.1729323308270676,2.3045977011494254,1.0459770114942528,0.5639097744360902,0.6609195402298851,0.6617647058823529,0.5862068965517241,4,9,13,13,A,1,1,13,13
2024-25,2025-02-11,Knockout phase play-offs,Sporting CP,Dortmund,40,114,1.5,1.675,1.7280701754385965,1.2982456140350878,0.325,0.47368421052631576,0.45,0.375,4,9,13,13,A,1,1,13,13
2024-25,2025-02-12,Knockout phase play-offs,Celtic,Bayern Munich,46,161,0.9565217391304348,2.282608695652174,2.459627329192547,0.9813664596273292,0.1956521739130435,0.6894409937888198,0.30434782608695654,0.5853658536585366,8,12,14,14,A,1,1,14,14
2024-25,2025-02-12,Knockout phase play-offs,Club Brugge,Atalanta,46,31,0.8913043478260869,1.8043478260869565,1.935483870967742,1.5806451612903225,0.21739130434782608,0.3870967741935484,0.21739130434782608,0.5333333333333333,8,10,14,14,H,1,1,14,14
2024-25,2025-02-12,Knockout phase play-offs,Feyenoord,Milan,20,66,1.6,2.25,1.2272727272727273,1.2272727272727273,0.35,0.3484848484848485,0.5,0.2727272727272727,7,12,14,14,H,1,1,14,14
2024-25,2025-02-12,Knockout phase play-offs,Monaco,Benfica,42,104,1.1904761904761905,1.619047619047619,1.3557692307692308,1.5,0.3333333333333333,0.36538461538461536,0.42857142857142855,0.28846153846153844,6,7,14,14,A,1,1,14,14
2024-25,2025-02-18,Knockout phase play-offs,Atalanta,Club Brugge,32,47,1.90625,1.59375,0.9148936170212766,1.7872340425531914,0.375,0.23404255319148937,0.25,0.21739130434782608,7,8,6,6,A,1,1,6,6
2024-25,2025-02-18,Knockout phase play-offs,Bayern Munich,Celtic,162,47,2.45679012345679,0.9814814814814815,0.9574468085106383,2.276595744680851,0.691358024691358,0.19148936170212766,0.7974683544303798,0.08695652173913043,12,5,6,6,D,1,1,6,6
2024-25,2025-02-18,Knockout phase play-offs,Benfica,Monaco,105,43,1.3523809523809525,1.4857142857142858,1.1627906976744187,1.6046511627906976,0.37142857142857144,0.32558139534883723,0.4423076923076923,0.23809523809523808,10,3,6,6,D,1,1,6,6
2024-25,2025-02-18,Knockout phase play-offs,Milan,Feyenoord,67,21,1.208955223880597,1.2238805970149254,1.5714285714285714,2.142857142857143,0.34328358208955223,0.38095238095238093,0.42424242424242425,0.2,9,10,6,6,D,1,1,6,6
2024-25,2025-02-19,Knockout phase play-offs,Dortmund,Sporting CP,115,41,1.7391304347826086,1.2869565217391303,1.4634146341463414,1.7073170731707317,0.4782608695652174,0.3170731707317073,0.5689655172413793,0.2,9,1,8,8,D,1,1,8,8
2024-25,2025-02-19,Knockout phase play-offs,PSV,Juventus,37,109,1.1891891891891893,1.5675675675675675,1.5229357798165137,1.0,0.24324324324324326,0.5229357798165137,0.3888888888888889,0.4339622641509434,9,8,8,8,H,1,1,8,8
2024-25,2025-02-19,Knockout phase play-offs,Paris SG,Brest,124,9,2.064516129032258,1.1129032258064515,1.1111111111111112,1.5555555555555556,0.5483870967741935,0.4444444444444444,0.6065573770491803,0.5,12,3,8,8,H,1,1,8,8
2024-25,2025-02-19,Knockout phase play-offs,Real Madrid,Manchester City,175,134,2.3085714285714287,1.0514285714285714,2.1343283582089554,1.1865671641791045,0.6628571428571428,0.5597014925373134,0.735632183908046,0.46153846153846156,12,4,8,8,H,1,1,8,8
2024-25,2025-03-04,Round of 16,Club Brugge,Aston Villa,48,8,0.9583333333333334,1.7708333333333333,1.625,0.75,0.25,0.625,0.25,0.5,10,7,14,34,A,1,1,14,34
2024-25,2025-03-04,Round of 16,Dortmund,Lille,116,34,1.7241379310344827,1.2758620689655173,1.1470588235294117,1.5,0.47413793103448276,0.29411764705882354,0.559322033898305,0.35294117647058826,7,10,13,34,D,1,1,13,34
2024-25,2025-03-04,Round of 16,PSV,Arsenal,38,74,1.236842105263158,1.5526315789473684,1.8783783783783783,1.2567567567567568,0.2631578947368421,0.5405405405405406,0.42105263157894735,0.40540540540540543,9,12,13,34,A,1,1,13,34
2024-25,2025-03-04,Round of 16,Real Madrid,Atlético Madrid,176,113,2.3125,1.0511363636363635,1.4690265486725664,0.9646017699115044,0.6647727272727273,0.504424778761062,0.7386363636363636,0.3620689655172414,15,15,13,34,H,1,1,13,34
2024-25,2025-03-05,Round of 16,Bayern Munich,Leverkusen,163,58,2.4478527607361964,0.9815950920245399,1.293103448275862,1.4310344827586208,0.6871165644171779,0.3620689655172414,0.7875,0.1724137931034483,10,9,15,35,H,1,1,15,35
2024-25,2025-03-05,Round of 16,Benfica,Barcelona,106,149,1.3679245283018868,1.5,2.1543624161073827,1.0939597315436242,0.36792452830188677,0.6174496644295302,0.4339622641509434,0.4864864864864865,8,13,15,35,A,1,1,15,35
2024-25,2025-03-05,Round of 16,Feyenoord,Inter,22,73,1.5454545454545454,2.090909090909091,1.36986301369863,1.1095890410958904,0.36363636363636365,0.4657534246575342,0.5454545454545454,0.3783783783783784,10,12,15,35,A,1,1,15,35
2024-25,2025-03-05,Round of 16,Paris SG,Liverpool,125,79,2.104,1.104,2.1012658227848102,1.0886075949367089,0.552,0.6075949367088608,0.6129032258064516,0.55,15,12,14,35,A,1,1,14,35
2024-25,2025-03-11,Round of 16,Barcelona,Benfica,150,107,2.1466666666666665,1.0866666666666667,1.355140186915888,1.4953271028037383,0.62,0.3644859813084112,0.7466666666666667,0.3018867924528302,13,7,6,6,H,1,1,6,6
2024-25,2025-03-11,Round of 16,Inter,Feyenoord,74,23,1.3783783783783783,1.0945945945945945,1.4782608695652173,2.0869565217391304,0.47297297297297297,0.34782608695652173,0.5555555555555556,0.18181818181818182,12,7,6,6,H,1,1,6,6
2024-25,2025-03-11,Round of 16,Leverkusen,Bayern Munich,59,164,1.271186440677966,1.4576271186440677,2.451219512195122,0.975609756097561,0.3559322033898305,0.6890243902439024,0.5517241379310345,0.5903614457831325,9,10,6,6,A,1,1,6,6
2024-25,2025-03-11,Round of 16,Liverpool,Paris SG,80,126,2.0875,1.075,2.0873015873015874,1.1031746031746033,0.6125,0.5476190476190477,0.6666666666666666,0.49206349206349204,12,12,6,6,A,1,1,6,6
2024-25,2025-03-12,Round of 16,Arsenal,PSV,75,39,1.9466666666666668,1.2533333333333334,1.2307692307692308,1.6923076923076923,0.5466666666666666,0.2564102564102564,0.6756756756756757,0.10526315789473684,15,9,8,8,D,1,1,8,8
2024-25,2025-03-12,Round of 16,Aston Villa,Club Brugge,9,49,1.7777777777777777,0.7777777777777778,0.9591836734693877,1.7959183673469388,0.6666666666666666,0.24489795918367346,0.75,0.25,10,7,8,8,H,1,1,8,8
2024-25,2025-03-12,Round of 16,Atlético Madrid,Real Madrid,114,177,1.4649122807017543,0.9736842105263158,2.310734463276836,1.0508474576271187,0.5,0.6666666666666666,0.6545454545454545,0.5909090909090909,12,15,8,8,H,1,1,8,8
2024-25,2025-03-12,Round of 16,Lille,Dortmund,35,117,1.1428571428571428,1.4857142857142858,1.7179487179487178,1.2735042735042734,0.2857142857142857,0.4700854700854701,0.23529411764705882,0.38596491228070173,10,8,8,8,A,1,1,8,8
2024-25,2025-04-08,Quarter-finals,Arsenal,Real Madrid,76,178,1.9473684210526316,1.263157894736842,2.297752808988764,1.050561797752809,0.5394736842105263,0.6629213483146067,0.6578947368421053,0.5842696629213483,13,12,27,27,H,1,1,27,27
2024-25,2025-04-08,Quarter-finals,Bayern Munich,Inter,165,75,2.4484848484848483,0.9696969696969697,1.3866666666666667,1.0933333333333333,0.6909090909090909,0.48,0.7901234567901234,0.39473684210526316,13,12,28,28,A,1,1,28,28
2024-25,2025-04-09,Quarter-finals,Barcelona,Dortmund,151,118,2.152317880794702,1.086092715231788,1.7203389830508475,1.271186440677966,0.6225165562913907,0.4745762711864407,0.75,0.39655172413793105,13,11,29,28,H,1,1,29,28
2024-25,2025-04-09,Quarter-finals,Paris SG,Aston Villa,127,10,2.078740157480315,1.094488188976378,1.9,0.7,0.5511811023622047,0.7,0.6031746031746031,0.6,12,12,29,28,H,1,1,29,28
2024-25,2025-04-15,Quarter-finals,Aston Villa,Paris SG,11,128,1.8181818181818181,0.9090909090909091,2.0859375,1.09375,0.6363636363636364,0.5546875,0.8,0.5,9,12,6,6,H,1,1,6,6
2024-25,2025-04-15,Quarter-finals,Dortmund,Barcelona,119,152,1.7058823529411764,1.2941176470588236,2.164473684210526,1.0789473684210527,0.47058823529411764,0.625,0.55,0.49333333333333335,8,13,6,6,H,1,1,6,6
2024-25,2025-04-16,Quarter-finals,Inter,Bayern Munich,76,166,1.394736842105263,1.0921052631578947,2.4397590361445785,0.9759036144578314,0.4868421052631579,0.6867469879518072,0.5675675675675675,0.5952380952380952,15,10,8,8,D,1,1,8,8
2024-25,2025-04-16,Quarter-finals,Real Madrid,Arsenal,179,77,2.2849162011173183,1.0614525139664805,1.9610389610389611,1.2467532467532467,0.659217877094972,0.5454545454545454,0.7415730337078652,0.42105263157894735,9,13,8,8,A,1,1,8,8
2024-25,2025-04-29,Semi-finals,Arsenal,Paris SG,78,129,1.9615384615384615,1.2435897435897436,2.0852713178294575,1.1085271317829457,0.5512820512820513,0.5503875968992248,0.6666666666666666,0.49230769230769234,13,9,13,14,A,1,1,13,14
2024-25,2025-04-30,Semi-finals,Barcelona,Inter,153,77,2.156862745098039,1.091503267973856,1.4025974025974026,1.103896103896104,0.6209150326797386,0.4805194805194805,0.7532467532467533,0.41025641025641024,10,13,15,14,D,1,1,15,14
2024-25,2025-05-06,Semi-finals,Inter,Barcelona,78,154,1.4230769230769231,1.1282051282051282,2.1623376623376624,1.103896103896104,0.47435897435897434,0.6168831168831169,0.5526315789473685,0.4868421052631579,11,10,6,6,H,1,1,6,6
2024-25,2025-05-07,Semi-finals,Paris SG,Arsenal,130,79,2.076923076923077,1.1,1.9367088607594938,1.240506329113924,0.5538461538461539,0.5443037974683544,0.609375,0.4358974358974359,9,10,8,8,H,1,1,8,8
2024-25,2025-05-31,Final,Paris SG,Inter,131,79,2.0763358778625953,1.099236641221374,1.4556962025316456,1.1518987341772151,0.5572519083969466,0.4810126582278481,0.6153846153846154,0.4,12,11,24,25,H,1,1,24,25
2025-26,2025-09-16,League phase,Athletic Club,Arsenal,6,80,0.8333333333333334,1.0,1.925,1.25,0.3333333333333333,0.5375,0.3333333333333333,0.425,6,7,3933,132,A,1,1,365,132
2025-26,2025-09-16,League phase,Benfica,Qarabağ,108,6,1.3518518518518519,1.5092592592592593,0.3333333333333333,2.3333333333333335,0.3611111111111111,0.0,0.42592592592592593,0.0,7,2,189,2842,A,1,1,189,365
2025-26,2025-09-16,League phase,Juventus,Dortmund,110,120,1.518181818181818,1.018181818181818,1.7166666666666666,1.2916666666666667,0.5181818181818182,0.475,0.6071428571428571,0.3898305084745763,7,8,209,154,D,1,1,209,154
2025-26,2025-09-16,League phase,PSV,Union SG,40,0,1.25,1.7,0.0,0.0,0.25,0.0,0.4,0.0,7,0,188,-1,A,1,0,188,0
2025-26,2025-09-16,League phase,Real Madrid,Marseille,180,36,2.2777777777777777,1.0666666666666667,1.0277777777777777,1.3888888888888888,0.6555555555555556,0.3055555555555556,0.7333333333333333,0.2777777777777778,6,6,153,1050,H,1,1,153,365
2025-26,2025-09-16,League phase,Tottenham,Villarreal,53,18,1.679245283018868,1.3962264150943395,1.2222222222222223,1.6666666666666667,0.4339622641509434,0.2777777777777778,0.5555555555555556,0.3333333333333333,8,7,923,1232,H,1,1,365,365
2025-26,2025-09-17,League phase,Ajax,Inter,68,80,1.5735294117647058,1.4705882352941178,1.4375,1.2,0.39705882352941174,0.475,0.4117647058823529,0.3902439024390244,3,8,1051,109,A,1,1,365,109
2025-26,2025-09-17,League phase,Bayern Munich,Chelsea,167,106,2.437125748502994,0.9820359281437125,1.8584905660377358,0.9716981132075472,0.6826347305389222,0.5377358490566038,0.7804878048780488,0.46296296296296297,8,6,154,883,H,1,1,154,365
2025-26,2025-09-17,League phase,Liverpool,Atlético Madrid,81,115,2.0617283950617282,1.0740740740740742,1.4608695652173913,0.9652173913043478,0.6049382716049383,0.5043478260869565,0.65,0.3559322033898305,9,12,190,189,H,1,1,190,189
2025-26,2025-09-17,League phase,Olympiacos,Pafos FC,50,0,1.18,1.78,0.0,0.0,0.36,0.0,0.52,0.0,0,0,1743,-1,D,1,0,365,0
2025-26,2025-09-17,League phase,Paris SG,Atalanta,132,33,2.0984848484848486,1.0909090909090908,1.878787878787879,1.6363636363636365,0.5606060606060606,0.36363636363636365,0.6212121212121212,0.5,12,4,109,211,H,1,1,109,211
2025-26,2025-09-17,League phase,Slavia Prague,Bodø/Glimt,6,0,0.6666666666666666,1.6666666666666667,0.0,0.0,0.0,0.0,0.0,0.0,1,0,2108,-1,D,1,0,365,0
2025-26,2025-09-18,League phase,Club Brugge,Monaco,50,44,0.94,1.82,1.2045454545454546,1.6363636363636365,0.24,0.3181818181818182,0.24,0.22727272727272727,6,4,190,212,H,1,1,190,212
2025-26,2025-09-18,League phase,FC Copenhagen,Leverkusen,34,60,0.8529411764705882,1.411764705882353,1.25,1.4666666666666666,0.23529411764705882,0.35,0.35294117647058826,0.16666666666666666,7,6,561,191,D,1,1,365,191
2025-26,2025-09-18,League phase,Frankfurt,Galatasaray,8,48,0.875,1.625,1.0208333333333333,1.9791666666666667,0.375,0.20833333333333334,0.25,0.16666666666666666,6,4,918,646,H,1,1,365,365
2025-26,2025-09-18,League phase,Manchester City,Napoli,135,60,2.1259259259259258,1.2,1.7666666666666666,1.3166666666666667,0.5555555555555556,0.4666666666666667,0.6521739130434783,0.3333333333333333,3,5,211,555,H,1,1,211,365
2025-26,2025-09-18,League phase,Newcastle,Barcelona,6,155,1.0,1.1666666666666667,2.167741935483871,1.1225806451612903,0.16666666666666666,0.6129032258064516,0.3333333333333333,0.4805194805194805,4,7,645,135,A,1,1,365,135
2025-26,2025-09-18,League phase,Sporting CP,FC Kairat,42,0,1.4285714285714286,1.6666666666666667,0.0,0.0,0.30952380952380953,0.0,0.42857142857142855,0.0,2,0,211,-1,H,1,0,211,0
2025-26,2025-09-30,League phase,Atalanta,Club Brugge,34,51,1.8235294117647058,1.7058823529411764,1.0,1.803921568627451,0.35294117647058826,0.2549019607843137,0.23529411764705882,0.24,4,9,13,12,H,1,1,13,12
2025-26,2025-09-30,League phase,Atlético Madrid,Frankfurt,116,9,1.4655172413793103,0.9827586206896551,1.3333333333333333,1.5555555555555556,0.5,0.4444444444444444,0.6607142857142857,0.5,9,9,13,12,H,1,1,13,12
2025-26,2025-09-30,League phase,Bodø/Glimt,Tottenham,1,54,2.0,2.0,1.6666666666666667,1.3703703703703705,0.0,0.4444444444444444,0.0,0.3076923076923077,1,8,13,14,D,1,1,13,14
2025-26,2025-09-30,League phase,Chelsea,Benfica,107,109,1.8504672897196262,0.9906542056074766,1.3577981651376148,1.5229357798165137,0.5327102803738317,0.3577981651376147,0.6153846153846154,0.2962962962962963,3,4,13,14,H,1,1,13,14
2025-26,2025-09-30,League phase,FC Kairat,Real Madrid,1,181,1.0,4.0,2.276243093922652,1.0662983425414365,0.0,0.6574585635359116,0.0,0.5777777777777777,0,6,12,14,A,1,1,12,14
2025-26,2025-09-30,League phase,Galatasaray,Liverpool,49,82,1.0204081632653061,2.0408163265306123,2.073170731707317,1.0853658536585367,0.20408163265306123,0.6097560975609756,0.25,0.5609756097560976,1,9,12,13,H,1,1,12,13
2025-26,2025-09-30,League phase,Inter,Slavia Prague,81,7,1.4444444444444444,1.1851851851851851,0.8571428571428571,1.7142857142857142,0.48148148148148145,0.0,0.5641025641025641,0.0,8,2,13,13,H,1,1,13,13
2025-26,2025-09-30,League phase,Marseille,Ajax,37,69,1.027027027027027,1.4054054054054055,1.5507246376811594,1.4782608695652173,0.2972972972972973,0.391304347826087,0.3333333333333333,0.38235294117647056,6,3,14,13,H,1,1,14,13
2025-26,2025-09-30,League phase,Pafos FC,Bayern Munich,1,168,0.0,0.0,2.4404761904761907,0.9821428571428571,0.0,0.6845238095238095,0.0,0.5882352941176471,1,10,13,13,A,1,1,13,13
2025-26,2025-10-01,League phase,Arsenal,Olympiacos,81,51,1.9259259259259258,1.2345679012345678,1.1568627450980393,1.7450980392156863,0.5432098765432098,0.35294117647058826,0.65,0.2,9,1,15,14,H,1,1,15,14
2025-26,2025-10-01,League phase,Barcelona,Paris SG,156,133,2.1666666666666665,1.1217948717948718,2.112781954887218,1.0827067669172932,0.6153846153846154,0.5639097744360902,0.7435897435897436,0.5,7,12,13,14,A,1,1,13,14
2025-26,2025-10-01,League phase,Dortmund,Athletic Club,121,7,1.7355371900826446,1.3140495867768596,0.7142857142857143,1.1428571428571428,0.47107438016528924,0.2857142857142857,0.5573770491803278,0.3333333333333333,8,6,15,15,H,1,1,15,15
2025-26,2025-10-01,League phase,Leverkusen,PSV,61,41,1.2622950819672132,1.4754098360655739,1.2439024390243902,1.7317073170731707,0.3442622950819672,0.24390243902439024,0.5333333333333333,0.1,4,4,13,15,D,1,1,13,15
2025-26,2025-10-01,League phase,Monaco,Manchester City,45,136,1.2,1.6888888888888889,2.125,1.1911764705882353,0.3111111111111111,0.5588235294117647,0.4090909090909091,0.45454545454545453,4,6,13,13,D,1,1,13,13
2025-26,2025-10-01,League phase,Napoli,Sporting CP,61,43,1.7377049180327868,1.3278688524590163,1.4883720930232558,1.6511627906976745,0.45901639344262296,0.32558139534883723,0.6,0.19047619047619047,4,5,13,13,H,1,1,13,13
2025-26,2025-10-01,League phase,Qarabağ,FC Copenhagen,7,35,0.7142857142857143,2.2857142857142856,0.8857142857142857,1.4285714285714286,0.14285714285714285,0.22857142857142856,0.0,0.11764705882352941,5,5,15,13,H,1,1,15,13
2025-26,2025-10-01,League phase,Union SG,Newcastle,1,7,3.0,1.0,1.0,1.2857142857142858,1.0,0.14285714285714285,0.0,0.0,3,1,15,13,A,1,1,15,13
2025-26,2025-10-01,League phase,Villarreal,Juventus,19,111,1.1578947368421053,1.631578947368421,1.5405405405405406,1.045045045045045,0.2631578947368421,0.5135135135135135,0.2222222222222222,0.42592592592592593,4,5,15,15,D,1,1,15,15
2025-26,2025-10-21,League phase,Arsenal,Atlético Madrid,82,117,1.9268292682926829,1.2195121951219512,1.4957264957264957,0.9829059829059829,0.5487804878048781,0.5042735042735043,0.6585365853658537,0.35,9,9,20,21,H,1,1,20,21
2025-26,2025-10-21,League phase,Barcelona,Olympiacos,157,52,2.159235668789809,1.127388535031847,1.1346153846153846,1.75,0.6114649681528662,0.34615384615384615,0.7341772151898734,0.19230769230769232,4,1,20,20,H,1,1,20,20
2025-26,2025-10-21,League phase,FC Copenhagen,Dortmund,36,122,0.8611111111111112,1.4444444444444444,1.7540983606557377,1.3114754098360655,0.2222222222222222,0.47540983606557374,0.3333333333333333,0.38333333333333336,4,10,20,20,A,1,1,20,20
2025-26,2025-10-21,League phase,FC Kairat,Pafos FC,2,2,0.5,4.5,0.5,2.5,0.0,0.0,0.0,0.0,0,1,21,21,D,1,1,21,21
2025-26,2025-10-21,League phase,Leverkusen,Paris SG,62,134,1.2580645161290323,1.467741935483871,2.111940298507463,1.0820895522388059,0.3387096774193548,0.5671641791044776,0.5161290322580645,0.5074626865671642,5,15,20,20,A,1,1,20,20
2025-26,2025-10-21,League phase,Newcastle,Benfica,8,110,1.375,1.125,1.3454545454545455,1.518181818181818,0.25,0.35454545454545455,0.25,0.2909090909090909,4,1,20,21,H,1,1,20,21
2025-26,2025-10-21,League phase,PSV,Napoli,42,62,1.2380952380952381,1.7142857142857142,1.7419354838709677,1.3225806451612903,0.23809523809523808,0.46774193548387094,0.38095238095238093,0.3225806451612903,5,7,20,20,H,1,1,20,20
2025-26,2025-10-21,League phase,Union SG,Inter,2,82,1.5,2.5,1.4634146341463414,1.170731707317073,0.5,0.4878048780487805,0.0,0.40476190476190477,3,10,20,21,A,1,1,20,21
2025-26,2025-10-21,League phase,Villarreal,Manchester City,20,137,1.2,1.65,2.124087591240876,1.197080291970803,0.25,0.5547445255474452,0.2,0.44776119402985076,2,7,20,20,A,1,1,20,20
2025-26,2025-10-22,League phase,Atalanta,Slavia Prague,35,8,1.8285714285714285,1.6857142857142857,0.75,1.875,0.37142857142857144,0.0,0.2777777777777778,0.0,4,2,22,22,D,1,1,22,22
2025-26,2025-10-22,League phase,Athletic Club,Qarabağ,8,8,0.75,1.5,0.875,2.0,0.25,0.25,0.25,0.25,6,7,21,21,H,1,1,21,21
2025-26,2025-10-22,League phase,Bayern Munich,Club Brugge,169,52,2.455621301775148,0.9822485207100592,1.0,1.8076923076923077,0.6863905325443787,0.25,0.7831325301204819,0.23076923076923078,10,6,22,22,H,1,1,22,22
2025-26,2025-10-22,League phase,Chelsea,Ajax,108,70,1.8425925925925926,0.9814814814814815,1.5285714285714285,1.5142857142857142,0.5370370370370371,0.38571428571428573,0.6226415094339622,0.37142857142857144,6,3,22,22,H,1,1,22,22
2025-26,2025-10-22,League phase,Frankfurt,Liverpool,10,83,1.3,1.9,2.0481927710843375,1.0843373493975903,0.4,0.6024096385542169,0.4,0.5476190476190477,6,6,22,22,A,1,1,22,22
2025-26,2025-10-22,League phase,Galatasaray,Bodø/Glimt,50,2,1.02,2.0,2.0,2.0,0.22,0.0,0.28,0.0,4,2,22,22,H,1,1,22,22
2025-26,2025-10-22,League phase,Monaco,Tottenham,46,55,1.2173913043478262,1.6956521739130435,1.6727272727272726,1.3818181818181818,0.30434782608695654,0.43636363636363634,0.391304347826087,0.2962962962962963,2,8,21,22,D,1,1,21,22
2025-26,2025-10-22,League phase,Real Madrid,Juventus,182,112,2.291208791208791,1.0604395604395604,1.5446428571428572,1.0535714285714286,0.6593406593406593,0.5089285714285714,0.7362637362637363,0.41818181818181815,6,5,22,21,H,1,1,22,21
2025-26,2025-10-22,League phase,Sporting CP,Marseille,44,38,1.4772727272727273,1.6590909090909092,1.105263157894737,1.368421052631579,0.3181818181818182,0.3157894736842105,0.45454545454545453,0.2631578947368421,5,6,21,22,H,1,1,21,22
2025-26,2025-11-04,League phase,Atlético Madrid,Union SG,118,3,1.4830508474576272,1.0084745762711864,1.0,3.0,0.5,0.3333333333333333,0.6666666666666666,1.0,6,3,14,14,H,1,1,14,14
2025-26,2025-11-04,League phase,Bodø/Glimt,Monaco,3,47,1.6666666666666667,2.3333333333333335,1.1914893617021276,1.6595744680851063,0.0,0.2978723404255319,0.0,0.21739130434782608,2,3,13,13,A,1,1,13,13
2025-26,2025-11-04,League phase,Juventus,Sporting CP,113,45,1.5309734513274336,1.0530973451327434,1.488888888888889,1.6444444444444444,0.504424778761062,0.3333333333333333,0.5964912280701754,0.18181818181818182,5,7,13,13,D,1,1,13,13
2025-26,2025-11-04,League phase,Liverpool,Real Madrid,84,183,2.0833333333333335,1.0833333333333333,2.2841530054644807,1.0546448087431695,0.6071428571428571,0.6612021857923497,0.6585365853658537,0.5824175824175825,9,9,13,13,H,1,1,13,13
2025-26,2025-11-04,League phase,Napoli,Frankfurt,63,11,1.746031746031746,1.3968253968253967,1.2727272727272727,2.1818181818181817,0.4603174603174603,0.36363636363636365,0.6129032258064516,0.4,4,3,14,13,D,1,1,14,13
2025-26,2025-11-04,League phase,Olympiacos,PSV,53,43,1.1320754716981132,1.830188679245283,1.3488372093023255,1.7209302325581395,0.33962264150943394,0.2558139534883721,0.5,0.09523809523809523,1,5,14,14,D,1,1,14,14
2025-26,2025-11-04,League phase,Paris SG,Bayern Munich,135,170,2.1481481481481484,1.0888888888888888,2.4647058823529413,0.9764705882352941,0.5703703703703704,0.6882352941176471,0.6268656716417911,0.5930232558139535,15,10,14,13,A,1,1,14,13
2025-26,2025-11-04,League phase,Slavia Prague,Arsenal,9,83,0.6666666666666666,1.6666666666666667,1.9518072289156627,1.2048192771084338,0.0,0.5542168674698795,0.0,0.43902439024390244,2,9,13,14,A,1,1,13,14
2025-26,2025-11-04,League phase,Tottenham,FC Copenhagen,56,37,1.6428571428571428,1.3571428571428572,0.8918918918918919,1.5135135135135136,0.42857142857142855,0.21621621621621623,0.5714285714285714,0.1111111111111111,6,1,13,14,H,1,1,13,14
2025-26,2025-11-05,League phase,Ajax,Galatasaray,71,51,1.5211267605633803,1.5633802816901408,1.0588235294117647,1.9803921568627452,0.38028169014084506,0.23529411764705882,0.4,0.16,3,7,14,14,A,1,1,14,14
2025-26,2025-11-05,League phase,Benfica,Leverkusen,111,63,1.3333333333333333,1.5315315315315314,1.2698412698412698,1.5555555555555556,0.35135135135135137,0.3333333333333333,0.41818181818181815,0.16129032258064516,0,2,15,15,A,1,1,15,15
2025-26,2025-11-05,League phase,Club Brugge,Barcelona,53,158,0.9811320754716981,1.849056603773585,2.1835443037974684,1.1265822784810127,0.24528301886792453,0.6139240506329114,0.2692307692307692,0.48717948717948717,3,7,14,15,D,1,1,14,15
2025-26,2025-11-05,League phase,Inter,FC Kairat,83,3,1.4939759036144578,1.1566265060240963,0.3333333333333333,3.0,0.4939759036144578,0.0,0.575,0.0,12,1,15,15,H,1,1,15,15
2025-26,2025-11-05,League phase,Manchester City,Dortmund,138,123,2.1231884057971016,1.1884057971014492,1.7723577235772359,1.3170731707317074,0.5579710144927537,0.4796747967479675,0.6571428571428571,0.39344262295081966,7,10,15,15,H,1,1,15,15
2025-26,2025-11-05,League phase,Marseille,Atalanta,39,36,1.1025641025641026,1.3846153846153846,1.7777777777777777,1.6388888888888888,0.3076923076923077,0.3611111111111111,0.3684210526315789,0.47058823529411764,3,4,14,14,A,1,1,14,14
2025-26,2025-11-05,League phase,Newcastle,Athletic Club,9,9,1.5555555555555556,1.0,1.0,1.4444444444444444,0.3333333333333333,0.3333333333333333,0.4,0.25,7,9,15,14,H,1,1,15,14
2025-26,2025-11-05,League phase,Pafos FC,Villarreal,3,21,0.3333333333333333,1.6666666666666667,1.1428571428571428,1.6666666666666667,0.0,0.23809523809523808,0.0,0.3,2,1,15,15,H,1,1,15,15
2025-26,2025-11-05,League phase,Qarabağ,Chelsea,9,109,0.8888888888888888,2.111111111111111,1.871559633027523,0.981651376146789,0.2222222222222222,0.5412844036697247,0.25,0.45454545454545453,6,6,14,14,D,1,1,14,14
2025-26,2025-11-25,League phase,Ajax,Benfica,72,112,1.5,1.5833333333333333,1.3214285714285714,1.5267857142857142,0.375,0.3482142857142857,0.3888888888888889,0.2857142857142857,3,0,20,20,A,1,1,20,20
2025-26,2025-11-25,League phase,Bodø/Glimt,Juventus,4,114,1.25,2.0,1.5263157894736843,1.0526315789473684,0.0,0.5,0.0,0.4107142857142857,2,3,21,21,A,1,1,21,21
2025-26,2025-11-25,League phase,Chelsea,Barcelona,110,159,1.8727272727272728,0.990909090909091,2.188679245283019,1.1383647798742138,0.5363636363636364,0.610062893081761,0.6296296296296297,0.4810126582278481,7,7,20,20,H,1,1,20,20
2025-26,2025-11-25,League phase,Dortmund,Villarreal,124,22,1.7661290322580645,1.3387096774193548,1.0909090909090908,1.6363636363636365,0.47580645161290325,0.22727272727272727,0.5645161290322581,0.2727272727272727,10,1,20,20,H,1,1,20,20
2025-26,2025-11-25,League phase,Galatasaray,Union SG,52,4,1.0961538461538463,1.9423076923076923,1.0,3.0,0.25,0.25,0.3076923076923077,0.5,9,3,20,21,A,1,1,20,21
2025-26,2025-11-25,League phase,Manchester City,Leverkusen,139,64,2.1366906474820144,1.1870503597122302,1.265625,1.53125,0.5611510791366906,0.34375,0.6619718309859155,0.1875,10,5,20,20,A,1,1,20,20
2025-26,2025-11-25,League phase,Marseille,Newcastle,40,10,1.075,1.375,1.6,0.9,0.3,0.4,0.35,0.25,3,9,20,20,H,1,1,20,20
2025-26,2025-11-25,League phase,Napoli,Qarabağ,64,10,1.71875,1.375,1.0,2.1,0.453125,0.2,0.59375,0.2,4,7,21,20,H,1,1,21,20
2025-26,2025-11-25,League phase,Slavia Prague,Athletic Club,10,10,0.6,1.8,0.9,1.5,0.0,0.3,0.0,0.2,2,6,21,20,D,1,1,21,20
2025-26,2025-11-26,League phase,Arsenal,Bayern Munich,84,171,1.9642857142857142,1.1904761904761905,2.461988304093567,0.9766081871345029,0.5595238095238095,0.6900584795321637,0.6666666666666666,0.5977011494252874,12,13,22,22,H,1,1,22,22
2025-26,2025-11-26,League phase,Atlético Madrid,Inter,119,84,1.495798319327731,1.0084033613445378,1.5,1.1547619047619047,0.5042016806722689,0.5,0.6724137931034483,0.4186046511627907,9,12,22,21,H,1,1,22,21
2025-26,2025-11-26,League phase,FC Copenhagen,FC Kairat,38,4,0.868421052631579,1.5789473684210527,0.5,2.75,0.21052631578947367,0.0,0.3157894736842105,0.0,1,1,22,21,H,1,1,22,21
2025-26,2025-11-26,League phase,Frankfurt,Atalanta,12,37,1.1666666666666667,2.0,1.7567567567567568,1.5945945945945945,0.3333333333333333,0.3783783783783784,0.3333333333333333,0.5,4,7,22,21,A,1,1,22,21
2025-26,2025-11-26,League phase,Liverpool,PSV,85,44,2.070588235294118,1.0705882352941176,1.3409090909090908,1.7045454545454546,0.611764705882353,0.25,0.6666666666666666,0.09090909090909091,9,6,22,22,A,1,1,22,22
2025-26,2025-11-26,League phase,Olympiacos,Real Madrid,54,184,1.1296296296296295,1.8148148148148149,2.2717391304347827,1.0543478260869565,0.3333333333333333,0.657608695652174,0.48148148148148145,0.5760869565217391,2,9,22,22,A,1,1,22,22
2025-26,2025-11-26,League phase,Pafos FC,Monaco,4,48,0.5,1.25,1.1875,1.625,0.25,0.3125,0.5,0.25,5,6,21,22,D,1,1,21,22
2025-26,2025-11-26,League phase,Paris SG,Tottenham,136,57,2.139705882352941,1.0955882352941178,1.6842105263157894,1.3333333333333333,0.5661764705882353,0.43859649122807015,0.6176470588235294,0.2857142857142857,12,9,22,22,H,1,1,22,22
2025-26,2025-11-26,League phase,Sporting CP,Club Brugge,46,54,1.4782608695652173,1.6304347826086956,1.0185185185185186,1.8703703703703705,0.32608695652173914,0.24074074074074073,0.4782608695652174,0.2222222222222222,8,4,22,21,H,1,1,22,21
2025-26,2025-12-09,League phase,Atalanta,Chelsea,38,111,1.7894736842105263,1.5526315789473684,1.882882882882883,0.9819819819819819,0.39473684210526316,0.5405405405405406,0.2631578947368421,0.44642857142857145,10,10,13,14,H,1,1,13,14
2025-26,2025-12-09,League phase,Barcelona,Frankfurt,160,13,2.175,1.15,1.0769230769230769,2.076923076923077,0.60625,0.3076923076923077,0.7375,0.3333333333333333,7,4,14,13,H,1,1,14,13
2025-26,2025-12-09,League phase,Bayern Munich,Sporting CP,172,47,2.453488372093023,0.9883720930232558,1.5106382978723405,1.5957446808510638,0.686046511627907,0.3404255319148936,0.7857142857142857,0.17391304347826086,12,10,13,13,H,1,1,13,13
2025-26,2025-12-09,League phase,FC Kairat,Olympiacos,5,55,0.8,2.8,1.1636363636363636,1.8545454545454545,0.0,0.32727272727272727,0.0,0.18518518518518517,1,2,13,13,A,1,1,13,13
2025-26,2025-12-09,League phase,Inter,Liverpool,85,86,1.4941176470588236,1.1647058823529413,2.058139534883721,1.1046511627906976,0.49411764705882355,0.6046511627906976,0.5853658536585366,0.5581395348837209,12,9,13,13,A,1,1,13,13
2025-26,2025-12-09,League phase,Monaco,Galatasaray,49,53,1.2040816326530612,1.6326530612244898,1.0754716981132075,1.9245283018867925,0.30612244897959184,0.24528301886792453,0.375,0.19230769230769232,6,9,13,14,H,1,1,13,14
2025-26,2025-12-09,League phase,PSV,Atlético Madrid,45,120,1.4,1.6888888888888889,1.5,1.0083333333333333,0.26666666666666666,0.5083333333333333,0.4090909090909091,0.3442622950819672,8,9,13,13,A,1,1,13,13
2025-26,2025-12-09,League phase,Tottenham,Slavia Prague,58,11,1.706896551724138,1.396551724137931,0.5454545454545454,1.6363636363636365,0.43103448275862066,0.0,0.5862068965517241,0.0,8,3,13,14,H,1,1,13,14
2025-26,2025-12-09,League phase,Union SG,Marseille,5,41,1.0,2.4,1.0975609756097562,1.3658536585365855,0.4,0.3170731707317073,0.0,0.25,6,6,14,14,A,1,1,14,14
2025-26,2025-12-10,League phase,Athletic Club,Paris SG,11,137,0.8181818181818182,1.3636363636363635,2.1605839416058394,1.1094890510948905,0.2727272727272727,0.5693430656934306,0.4,0.5147058823529411,4,12,15,14,D,1,1,15,14
2025-26,2025-12-10,League phase,Benfica,Napoli,113,65,1.3274336283185841,1.5132743362831858,1.7230769230769232,1.353846153846154,0.35398230088495575,0.46153846153846156,0.4107142857142857,0.3125,3,7,15,15,H,1,1,15,15
2025-26,2025-12-10,League phase,Club Brugge,Arsenal,55,85,1.0,1.8909090909090909,1.9764705882352942,1.188235294117647,0.23636363636363636,0.5647058823529412,0.25925925925925924,0.4523809523809524,4,15,14,14,A,1,1,14,14
2025-26,2025-12-10,League phase,Dortmund,Bodø/Glimt,125,5,1.784,1.328,1.4,2.2,0.48,0.0,0.5714285714285714,0.0,10,2,15,15,D,1,1,15,15
2025-26,2025-12-10,League phase,Juventus,Pafos FC,115,5,1.5391304347826087,1.0608695652173914,0.8,1.4,0.5043478260869565,0.2,0.5862068965517241,0.0,6,6,15,14,H,1,1,15,14
2025-26,2025-12-10,League phase,Leverkusen,Newcastle,65,11,1.2769230769230768,1.5076923076923077,1.5454545454545454,1.0,0.35384615384615387,0.36363636363636365,0.5,0.2,8,9,15,15,D,1,1,15,15
2025-26,2025-12-10,League phase,Qarabağ,Ajax,11,73,0.9090909090909091,2.090909090909091,1.4794520547945205,1.5890410958904109,0.18181818181818182,0.3698630136986301,0.2,0.3611111111111111,7,0,15,15,A,1,1,15,15
2025-26,2025-12-10,League phase,Real Madrid,Manchester City,185,140,2.281081081081081,1.0648648648648649,2.1214285714285714,1.1928571428571428,0.6594594594594595,0.5571428571428572,0.7391304347826086,0.45588235294117646,12,10,14,15,A,1,1,14,15
2025-26,2025-12-10,League phase,Villarreal,FC Copenhagen,23,39,1.0434782608695652,1.7391304347826086,0.9230769230769231,1.5897435897435896,0.21739130434782608,0.23076923076923078,0.18181818181818182,0.10526315789473684,1,4,15,14,A,1,1,15,14
2025-26,2026-01-20,League phase,Bodø/Glimt,Manchester City,6,141,1.5,2.1666666666666665,2.120567375886525,1.1914893617021276,0.0,0.5602836879432624,0.0,0.463768115942029,2,10,41,41,H,1,1,41,41
2025-26,2026-01-20,League phase,FC Copenhagen,Napoli,40,66,0.975,1.6,1.696969696969697,1.3636363636363635,0.25,0.45454545454545453,0.35,0.30303030303030304,6,7,41,41,D,1,1,41,41
2025-26,2026-01-20,League phase,FC Kairat,Club Brugge,6,56,0.6666666666666666,2.5,0.9821428571428571,1.9107142857142858,0.0,0.23214285714285715,0.0,0.21428571428571427,1,1,42,41,A,1,1,42,41
2025-26,2026-01-20,League phase,Inter,Arsenal,86,86,1.4767441860465116,1.1627906976744187,1.9883720930232558,1.1744186046511629,0.4883720930232558,0.5697674418604651,0.5714285714285714,0.46511627906976744,9,15,42,41,A,1,1,42,41
2025-26,2026-01-20,League phase,Olympiacos,Leverkusen,56,66,1.1607142857142858,1.8214285714285714,1.2878787878787878,1.5151515151515151,0.3392857142857143,0.3484848484848485,0.4642857142857143,0.21212121212121213,4,8,42,41,H,1,1,42,41
2025-26,2026-01-20,League phase,Real Madrid,Monaco,186,50,2.274193548387097,1.0698924731182795,1.2,1.6,0.6559139784946236,0.32,0.7311827956989247,0.24,9,9,41,42,H,1,1,41,42
2025-26,2026-01-20,League phase,Sporting CP,Paris SG,48,138,1.5,1.625,2.1449275362318843,1.1014492753623188,0.3333333333333333,0.5652173913043478,0.5,0.5072463768115942,7,10,42,41,H,1,1,42,41
2025-26,2026-01-20,League phase,Tottenham,Dortmund,59,126,1.728813559322034,1.3728813559322033,1.7857142857142858,1.3333333333333333,0.4406779661016949,0.47619047619047616,0.6,0.3870967741935484,8,10,42,41,H,1,1,42,41
2025-26,2026-01-20,League phase,Villarreal,Ajax,24,74,1.0833333333333333,1.7916666666666667,1.5135135135135136,1.5945945945945945,0.20833333333333334,0.3783783783783784,0.16666666666666666,0.3783783783783784,1,3,41,41,A,1,1,41,41
2025-26,2026-01-21,League phase,Atalanta,Athletic Club,39,12,1.794871794871795,1.5384615384615385,0.75,1.25,0.41025641025641024,0.25,0.3,0.16666666666666666,13,5,43,42,A,1,1,43,42
2025-26,2026-01-21,League phase,Bayern Munich,Union SG,173,6,2.4566473988439306,0.9884393063583815,1.1666666666666667,2.5,0.6878612716763006,0.3333333333333333,0.788235294117647,0.6666666666666666,12,3,43,43,H,1,1,43,43
2025-26,2026-01-21,League phase,Chelsea,Pafos FC,112,6,1.875,0.9910714285714286,0.6666666666666666,1.5,0.5357142857142857,0.16666666666666666,0.6363636363636364,0.0,10,5,43,42,H,1,1,43,42
2025-26,2026-01-21,League phase,Galatasaray,Atlético Madrid,54,121,1.0555555555555556,1.9074074074074074,1.512396694214876,1.0165289256198347,0.24074074074074073,0.512396694214876,0.2962962962962963,0.3548387096774194,9,12,43,43,D,1,1,43,43
2025-26,2026-01-21,League phase,Juventus,Benfica,116,114,1.543103448275862,1.0517241379310345,1.3333333333333333,1.5,0.5086206896551724,0.35964912280701755,0.5932203389830508,0.2982456140350877,8,6,42,42,H,1,1,42,42
2025-26,2026-01-21,League phase,Marseille,Liverpool,42,87,1.1428571428571428,1.380952380952381,2.045977011494253,1.0919540229885059,0.3333333333333333,0.6091954022988506,0.38095238095238093,0.5681818181818182,9,9,43,43,A,1,1,43,43
2025-26,2026-01-21,League phase,Newcastle,PSV,12,46,1.5833333333333333,1.0833333333333333,1.4130434782608696,1.7173913043478262,0.3333333333333333,0.2608695652173913,0.5,0.13043478260869565,10,8,42,43,H,1,1,42,43
2025-26,2026-01-21,League phase,Qarabağ,Frankfurt,12,14,1.0,2.25,1.0714285714285714,2.0714285714285716,0.16666666666666666,0.2857142857142857,0.16666666666666666,0.2857142857142857,4,1,42,43,H,1,1,42,43
2025-26,2026-01-21,League phase,Slavia Prague,Barcelona,12,161,0.5,1.75,2.1739130434782608,1.1490683229813665,0.0,0.6086956521739131,0.0,0.475,2,7,43,43,A,1,1,43,43
2025-26,2026-01-28,League phase,Ajax,Olympiacos,75,57,1.52,1.5866666666666667,1.1754385964912282,1.7894736842105263,0.38666666666666666,0.3508771929824561,0.3783783783783784,0.21428571428571427,6,7,8,8,A,1,1,8,8
2025-26,2026-01-28,League phase,Arsenal,FC Kairat,87,7,2.0,1.1724137931034482,0.7142857142857143,2.7142857142857144,0.5747126436781609,0.0,0.6744186046511628,0.0,15,1,8,8,H,1,1,8,8
2025-26,2026-01-28,League phase,Athletic Club,Sporting CP,13,49,0.9230769230769231,1.3076923076923077,1.510204081632653,1.6122448979591837,0.3076923076923077,0.3469387755102041,0.3333333333333333,0.16666666666666666,8,10,7,8,A,1,1,7,8
2025-26,2026-01-28,League phase,Atlético Madrid,Bodø/Glimt,122,7,1.5081967213114753,1.0163934426229508,1.7142857142857142,2.0,0.5081967213114754,0.14285714285714285,0.6779661016949152,0.0,10,4,7,8,A,1,1,7,8
2025-26,2026-01-28,League phase,Barcelona,FC Copenhagen,162,41,2.185185185185185,1.154320987654321,0.975609756097561,1.5853658536585367,0.6111111111111112,0.24390243902439024,0.7407407407407407,0.15,10,7,7,8,H,1,1,7,8
2025-26,2026-01-28,League phase,Benfica,Real Madrid,115,187,1.3217391304347825,1.5043478260869565,2.2941176470588234,1.0695187165775402,0.3565217391304348,0.6577540106951871,0.42105263157894735,0.5806451612903226,6,9,7,8,H,1,1,7,8
2025-26,2026-01-28,League phase,Club Brugge,Marseille,57,43,1.0350877192982457,1.894736842105263,1.1162790697674418,1.4186046511627908,0.24561403508771928,0.32558139534883723,0.25,0.2857142857142857,4,6,8,7,H,1,1,8,7
2025-26,2026-01-28,League phase,Dortmund,Inter,127,87,1.7716535433070866,1.3385826771653544,1.471264367816092,1.1839080459770115,0.47244094488188976,0.4827586206896552,0.5625,0.4090909090909091,7,6,8,8,A,1,1,8,8
2025-26,2026-01-28,League phase,Frankfurt,Tottenham,15,60,1.1333333333333333,2.1333333333333333,1.7333333333333334,1.35,0.26666666666666666,0.45,0.2857142857142857,0.27586206896551724,1,10,7,8,A,1,1,7,8
2025-26,2026-01-28,League phase,Leverkusen,Villarreal,67,25,1.2686567164179106,1.5223880597014925,1.08,1.8,0.34328358208955223,0.2,0.48484848484848486,0.25,7,0,8,8,H,1,1,8,8
2025-26,2026-01-28,League phase,Liverpool,Qarabağ,88,13,2.0568181818181817,1.0795454545454546,1.1538461538461537,2.230769230769231,0.6136363636363636,0.23076923076923078,0.6511627906976745,0.16666666666666666,12,4,7,7,H,1,1,7,7
2025-26,2026-01-28,League phase,Manchester City,Galatasaray,142,55,2.112676056338028,1.204225352112676,1.0545454545454545,1.8909090909090909,0.5563380281690141,0.23636363636363636,0.6527777777777778,0.18518518518518517,9,7,8,7,H,1,1,8,7
2025-26,2026-01-28,League phase,Monaco,Juventus,51,117,1.196078431372549,1.6862745098039216,1.547008547008547,1.0427350427350428,0.3137254901960784,0.5128205128205128,0.4,0.42105263157894735,8,10,8,7,D,1,1,8,7
2025-26,2026-01-28,League phase,Napoli,Chelsea,67,113,1.6865671641791045,1.3582089552238805,1.8672566371681416,0.9823008849557522,0.44776119402985076,0.5398230088495575,0.6060606060606061,0.43859649122807015,5,10,8,7,A,1,1,8,7
2025-26,2026-01-28,League phase,PSV,Bayern Munich,47,174,1.3829787234042554,1.7446808510638299,2.454022988505747,0.9827586206896551,0.2553191489361702,0.6896551724137931,0.391304347826087,0.5909090909090909,7,12,7,7,A,1,1,7,7
2025-26,2026-01-28,League phase,Pafos FC,Slavia Prague,7,13,0.5714285714285714,1.4285714285714286,0.6153846153846154,1.9230769230769231,0.14285714285714285,0.0,0.3333333333333333,0.0,5,2,7,7,H,1,1,7,7
2025-26,2026-01-28,League phase,Paris SG,Newcastle,139,13,2.1366906474820144,1.1079136690647482,1.6923076923076923,1.0,0.5611510791366906,0.38461538461538464,0.6231884057971014,0.16666666666666666,7,10,8,7,D,1,1,8,7
2025-26,2026-01-28,League phase,Union SG,Atalanta,7,40,1.0,2.4285714285714284,1.8,1.575,0.2857142857142857,0.4,0.0,0.5263157894736842,3,10,7,7,H,1,1,7,7
2025-26,2026-02-17,Knockout phase play-offs,Benfica,Real Madrid,116,188,1.3448275862068966,1.5086206896551724,2.2925531914893615,1.0851063829787233,0.3620689655172414,0.6542553191489362,0.43103448275862066,0.574468085106383,9,6,20,20,A,1,1,20,20
2025-26,2026-02-17,Knockout phase play-offs,Dortmund,Atalanta,128,41,1.7578125,1.34375,1.7560975609756098,1.5609756097560976,0.46875,0.3902439024390244,0.5538461538461539,0.5,4,9,20,20,H,1,1,20,20
2025-26,2026-02-17,Knockout phase play-offs,Galatasaray,Juventus,56,118,1.0357142857142858,1.8928571428571428,1.5338983050847457,1.0338983050847457,0.23214285714285715,0.5084745762711864,0.2857142857142857,0.41379310344827586,4,11,20,20,H,1,1,20,20
2025-26,2026-02-17,Knockout phase play-offs,Monaco,Paris SG,52,140,1.1730769230769231,1.6538461538461537,2.1285714285714286,1.1071428571428572,0.3076923076923077,0.5571428571428572,0.38461538461538464,0.5,8,5,20,20,A,1,1,20,20
2025-26,2026-02-18,Knockout phase play-offs,Bodø/Glimt,Inter,8,88,1.75,1.875,1.4772727272727273,1.1704545454545454,0.25,0.48863636363636365,0.25,0.4222222222222222,7,6,21,21,H,1,1,21,21
2025-26,2026-02-18,Knockout phase play-offs,Club Brugge,Atlético Madrid,58,123,1.0689655172413792,1.8620689655172413,1.5040650406504066,1.024390243902439,0.25862068965517243,0.5040650406504065,0.27586206896551724,0.3492063492063492,7,10,21,21,D,1,1,21,21
2025-26,2026-02-18,Knockout phase play-offs,Olympiacos,Leverkusen,58,68,1.1896551724137931,1.7758620689655173,1.2941176470588236,1.5,0.3620689655172414,0.35294117647058826,0.4827586206896552,0.20588235294117646,10,10,21,21,A,1,1,21,21
2025-26,2026-02-18,Knockout phase play-offs,Qarabağ,Newcastle,14,14,1.0714285714285714,2.5,1.6428571428571428,1.0,0.21428571428571427,0.35714285714285715,0.2857142857142857,0.14285714285714285,4,8,21,21,A,1,1,21,21
2025-26,2026-02-24,Knockout phase play-offs,Atlético Madrid,Club Brugge,124,59,1.5161290322580645,1.0403225806451613,1.1016949152542372,1.88135593220339,0.5,0.2542372881355932,0.6666666666666666,0.2413793103448276,8,7,6,6,H,1,1,6,6
2025-26,2026-02-24,Knockout phase play-offs,Inter,Bodø/Glimt,89,9,1.4719101123595506,1.1910112359550562,1.8888888888888888,1.7777777777777777,0.48314606741573035,0.3333333333333333,0.5581395348837209,0.25,3,10,6,6,A,1,1,6,6
2025-26,2026-02-24,Knockout phase play-offs,Leverkusen,Olympiacos,69,59,1.3043478260869565,1.4782608695652173,1.1694915254237288,1.7796610169491525,0.36231884057971014,0.3559322033898305,0.5,0.2413793103448276,10,9,6,6,D,1,1,6,6
2025-26,2026-02-24,Knockout phase play-offs,Newcastle,Qarabağ,15,15,1.9333333333333333,1.0,1.0666666666666667,2.7333333333333334,0.4,0.2,0.5714285714285714,0.14285714285714285,8,3,6,6,H,1,1,6,6
2025-26,2026-02-25,Knockout phase play-offs,Atalanta,Dortmund,42,129,1.7142857142857142,1.5714285714285714,1.7596899224806202,1.3333333333333333,0.38095238095238093,0.4728682170542636,0.2857142857142857,0.38095238095238093,6,7,8,8,H,1,1,8,8
2025-26,2026-02-25,Knockout phase play-offs,Juventus,Galatasaray,119,57,1.5378151260504203,1.0672268907563025,1.105263157894737,1.894736842105263,0.5042016806722689,0.24561403508771928,0.6,0.17857142857142858,10,4,8,8,H,1,1,8,8
2025-26,2026-02-25,Knockout phase play-offs,Paris SG,Monaco,141,53,2.1347517730496453,1.1134751773049645,1.1886792452830188,1.679245283018868,0.5602836879432624,0.3018867924528302,0.6142857142857143,0.23076923076923078,8,5,8,8,D,1,1,8,8
2025-26,2026-02-25,Knockout phase play-offs,Real Madrid,Benfica,189,117,2.2857142857142856,1.0793650793650793,1.3333333333333333,1.5042735042735043,0.656084656084656,0.358974358974359,0.7340425531914894,0.29310344827586204,9,9,8,8,H,1,1,8,8
2025-26,2026-03-10,Round of 16,Atalanta,Bayern Munich,43,175,1.7674418604651163,1.558139534883721,2.4514285714285715,0.9828571428571429,0.3953488372093023,0.6914285714285714,0.3181818181818182,0.5955056179775281,6,12,13,41,A,1,1,13,41
2025-26,2026-03-10,Round of 16,Atlético Madrid,Tottenham,125,61,1.536,1.04,1.7377049180327868,1.3278688524590163,0.504,0.45901639344262296,0.6721311475409836,0.3,8,12,14,41,H,1,1,14,41
2025-26,2026-03-10,Round of 16,Galatasaray,Liverpool,58,89,1.1206896551724137,1.9137931034482758,2.101123595505618,1.0674157303370786,0.2413793103448276,0.6179775280898876,0.3103448275862069,0.5777777777777777,4,12,13,41,H,1,1,13,41
2025-26,2026-03-10,Round of 16,Newcastle,Barcelona,16,163,2.0,1.0625,2.196319018404908,1.1533742331288344,0.4375,0.6134969325153374,0.625,0.48148148148148145,11,10,14,41,D,1,1,14,41
2025-26,2026-03-11,Round of 16,Bodø/Glimt,Sporting CP,10,50,1.9,1.7,1.54,1.62,0.4,0.36,0.4,0.2,13,10,15,42,H,1,1,15,42
2025-26,2026-03-11,Round of 16,Leverkusen,Arsenal,70,88,1.2857142857142858,1.457142857142857,2.0113636363636362,1.1818181818181819,0.35714285714285715,0.5795454545454546,0.4857142857142857,0.4772727272727273,8,15,15,42,D,1,1,15,42
2025-26,2026-03-11,Round of 16,Paris SG,Chelsea,142,114,2.1338028169014085,1.119718309859155,1.8771929824561404,0.9912280701754386,0.5563380281690141,0.543859649122807,0.6056338028169014,0.4482758620689655,6,10,14,42,H,1,1,14,42
2025-26,2026-03-11,Round of 16,Real Madrid,Manchester City,190,143,2.2842105263157895,1.0789473684210527,2.111888111888112,1.1958041958041958,0.6578947368421053,0.5594405594405595,0.7368421052631579,0.45714285714285713,9,9,14,42,H,1,1,14,42
2025-26,2026-03-17,Round of 16,Arsenal,Leverkusen,89,71,2.0,1.1797752808988764,1.2816901408450705,1.4507042253521127,0.5730337078651685,0.352112676056338,0.6818181818181818,0.22857142857142856,13,8,6,6,H,1,1,6,6
2025-26,2026-03-17,Round of 16,Chelsea,Paris SG,115,143,1.8782608695652174,1.0260869565217392,2.1538461538461537,1.1258741258741258,0.5391304347826087,0.5594405594405595,0.6428571428571429,0.5070422535211268,9,8,6,6,A,1,1,6,6
2025-26,2026-03-17,Round of 16,Manchester City,Real Madrid,144,191,2.0972222222222223,1.2083333333333333,2.287958115183246,1.0732984293193717,0.5555555555555556,0.6596858638743456,0.6575342465753424,0.5789473684210527,6,12,6,6,A,1,1,6,6
2025-26,2026-03-17,Round of 16,Sporting CP,Bodø/Glimt,51,11,1.5098039215686274,1.6470588235294117,2.0,1.5454545454545454,0.35294117647058826,0.45454545454545453,0.52,0.4,9,15,6,6,H,1,1,6,6
2025-26,2026-03-18,Round of 16,Barcelona,Newcastle,164,17,2.1890243902439024,1.1524390243902438,1.9411764705882353,1.0588235294117647,0.6097560975609756,0.4117647058823529,0.7439024390243902,0.25,10,11,8,8,H,1,1,8,8
2025-26,2026-03-18,Round of 16,Bayern Munich,Atalanta,176,44,2.471590909090909,0.9829545454545454,1.75,1.6590909090909092,0.6931818181818182,0.38636363636363635,0.7906976744186046,0.47619047619047616,12,3,8,8,H,1,1,8,8
2025-26,2026-03-18,Round of 16,Liverpool,Galatasaray,90,59,2.077777777777778,1.0666666666666667,1.11864406779661,1.88135593220339,0.6111111111111112,0.2542372881355932,0.6590909090909091,0.1724137931034483,9,7,8,8,H,1,1,8,8
2025-26,2026-03-18,Round of 16,Tottenham,Atlético Madrid,62,126,1.7419354838709677,1.3870967741935485,1.5634920634920635,1.0476190476190477,0.45161290322580644,0.5079365079365079,0.6129032258064516,0.34375,9,8,8,8,H,1,1,8,8
2025-26,2026-04-07,Quarter-finals,Real Madrid,Bayern Munich,192,177,2.2864583333333335,1.0729166666666667,2.480225988700565,0.9830508474576272,0.6614583333333334,0.6949152542372882,0.7395833333333334,0.6,12,15,21,20,A,1,1,21,20
2025-26,2026-04-07,Quarter-finals,Sporting CP,Arsenal,52,90,1.5769230769230769,1.6153846153846154,2.0,1.1666666666666667,0.36538461538461536,0.5777777777777777,0.5384615384615384,0.4666666666666667,9,13,21,21,A,1,1,21,21
2025-26,2026-04-08,Quarter-finals,Barcelona,Atlético Madrid,165,127,2.2181818181818183,1.1575757575757575,1.5669291338582678,1.062992125984252,0.6121212121212121,0.5039370078740157,0.7469879518072289,0.3384615384615385,13,7,21,21,A,1,1,21,21
2025-26,2026-04-08,Quarter-finals,Paris SG,Liverpool,144,91,2.1597222222222223,1.1180555555555556,2.098901098901099,1.054945054945055,0.5625,0.6153846153846154,0.6111111111111112,0.5652173913043478,11,12,22,21,H,1,1,22,21
2025-26,2026-04-14,Quarter-finals,Atlético Madrid,Barcelona,128,166,1.5703125,1.0546875,2.2048192771084336,1.1626506024096386,0.5078125,0.608433734939759,0.6774193548387096,0.47560975609756095,10,10,6,6,A,1,1,6,6
2025-26,2026-04-14,Quarter-finals,Liverpool,Paris SG,92,145,2.0760869565217392,1.065217391304348,2.1586206896551725,1.110344827586207,0.6086956521739131,0.5655172413793104,0.6666666666666666,0.5138888888888888,9,13,6,6,A,1,1,6,6
2025-26,2026-04-15,Quarter-finals,Arsenal,Sporting CP,91,53,1.989010989010989,1.1538461538461537,1.5471698113207548,1.6037735849056605,0.5824175824175825,0.3584905660377358,0.6888888888888889,0.19230769230769232,13,9,8,8,D,1,1,8,8
2025-26,2026-04-15,Quarter-finals,Bayern Munich,Real Madrid,178,193,2.4775280898876404,0.9831460674157303,2.2797927461139897,1.077720207253886,0.6966292134831461,0.6580310880829016,0.7931034482758621,0.5833333333333334,15,12,8,8,H,1,1,8,8
2025-26,2026-04-28,Semi-finals,Paris SG,Bayern Munich,146,179,2.1575342465753424,1.1027397260273972,2.4860335195530725,0.994413407821229,0.5684931506849316,0.6983240223463687,0.6164383561643836,0.6043956043956044,13,15,14,13,H,1,1,14,13
2025-26,2026-04-29,Semi-finals,Atlético Madrid,Arsenal,129,92,1.565891472868217,1.062015503875969,1.9673913043478262,1.141304347826087,0.5038759689922481,0.5760869565217391,0.6666666666666666,0.4782608695652174,9,11,15,14,D,1,1,15,14
2025-26,2026-05-05,Semi-finals,Arsenal,Atlético Madrid,93,130,1.956989247311828,1.1397849462365592,1.5615384615384615,1.0615384615384615,0.5698924731182796,0.5,0.6739130434782609,0.3484848484848485,9,7,6,6,H,1,1,6,6
2025-26,2026-05-06,Semi-finals,Bayern Munich,Paris SG,180,147,2.4944444444444445,1.0166666666666666,2.17687074829932,1.1224489795918366,0.6944444444444444,0.5714285714285714,0.7954545454545454,0.5205479452054794,12,15,8,8,D,1,1,8,8
2025-26,2026-05-30,Final,Paris SG,Arsenal,148,94,2.168918918918919,1.1216216216216217,1.946808510638298,1.127659574468085,0.5675675675675675,0.574468085106383,0.6216216216216216,0.46808510638297873,13,11,24,25,D,1,1,24,25
