season,round,date,home_team,home_goals,away_goals,away_team,result
2010-11,Group stage,2010-09-14,Manchester Utd,0,0,Rangers,D
2010-11,Group stage,2010-09-14,Benfica,2,0,Hapoel Tel Aviv,H
2010-11,Group stage,2010-09-14,Lyon,1,0,Schalke 04,H
2010-11,Group stage,2010-09-14,FC Copenhagen,1,0,Rubin Kazan,H
2010-11,Group stage,2010-09-14,Barcelona,5,1,Panathinaikos,H
2010-11,Group stage,2010-09-14,Twente,2,2,Inter,D
2010-11,Group stage,2010-09-14,Werder Bremen,2,2,Tottenham,D
2010-11,Group stage,2010-09-14,Bursaspor,0,4,Valencia,A
2010-11,Group stage,2010-09-15,Arsenal,6,0,Braga,H
2010-11,Group stage,2010-09-15,Real Madrid,2,0,Ajax,H
2010-11,Group stage,2010-09-15,MŠK Žilina,1,4,Chelsea,A
2010-11,Group stage,2010-09-15,Marseille,0,1,Spartak Moscow,A
2010-11,Group stage,2010-09-15,Bayern Munich,2,0,Roma,H
2010-11,Group stage,2010-09-15,Milan,2,0,Auxerre,H
2010-11,Group stage,2010-09-15,Shakhtar D.,1,0,Partizan,H
2010-11,Group stage,2010-09-15,CFR Cluj,2,1,Basel,H
2010-11,Group stage,2010-09-28,Chelsea,2,0,Marseille,H
2010-11,Group stage,2010-09-28,Braga,0,3,Shakhtar D.,A
2010-11,Group stage,2010-09-28,Spartak Moscow,3,0,MŠK Žilina,H
2010-11,Group stage,2010-09-28,Basel,1,2,Bayern Munich,A
2010-11,Group stage,2010-09-28,Ajax,1,1,Milan,D
2010-11,Group stage,2010-09-28,Auxerre,0,1,Real Madrid,A
2010-11,Group stage,2010-09-28,Partizan,1,3,Arsenal,A
2010-11,Group stage,2010-09-28,Roma,2,1,CFR Cluj,H
2010-11,Group stage,2010-09-29,Rangers,1,0,Bursaspor,H
2010-11,Group stage,2010-09-29,Tottenham,4,1,Twente,H
2010-11,Group stage,2010-09-29,Rubin Kazan,1,1,Barcelona,D
2010-11,Group stage,2010-09-29,Hapoel Tel Aviv,1,3,Lyon,A
2010-11,Group stage,2010-09-29,Inter,4,0,Werder Bremen,H
2010-11,Group stage,2010-09-29,Schalke 04,2,0,Benfica,H
2010-11,Group stage,2010-09-29,Valencia,0,1,Manchester Utd,A
2010-11,Group stage,2010-09-29,Panathinaikos,0,2,FC Copenhagen,A
2010-11,Group stage,2010-10-19,Arsenal,5,1,Shakhtar D.,H
2010-11,Group stage,2010-10-19,Braga,2,0,Partizan,H
2010-11,Group stage,2010-10-19,Spartak Moscow,0,2,Chelsea,A
2010-11,Group stage,2010-10-19,Marseille,1,0,MŠK Žilina,H
2010-11,Group stage,2010-10-19,Real Madrid,2,0,Milan,H
2010-11,Group stage,2010-10-19,Ajax,2,1,Auxerre,H
2010-11,Group stage,2010-10-19,Roma,1,3,Basel,A
2010-11,Group stage,2010-10-19,Bayern Munich,3,2,CFR Cluj,H
2010-11,Group stage,2010-10-20,Manchester Utd,1,0,Bursaspor,H
2010-11,Group stage,2010-10-20,Rangers,1,1,Valencia,D
2010-11,Group stage,2010-10-20,Barcelona,2,0,FC Copenhagen,H
2010-11,Group stage,2010-10-20,Lyon,2,0,Benfica,H
2010-11,Group stage,2010-10-20,Schalke 04,3,1,Hapoel Tel Aviv,H
2010-11,Group stage,2010-10-20,Inter,4,3,Tottenham,H
2010-11,Group stage,2010-10-20,Twente,1,1,Werder Bremen,D
2010-11,Group stage,2010-10-20,Panathinaikos,0,0,Rubin Kazan,D
2010-11,Group stage,2010-11-02,Tottenham,3,1,Inter,H
2010-11,Group stage,2010-11-02,Benfica,4,3,Lyon,H
2010-11,Group stage,2010-11-02,Rubin Kazan,0,0,Panathinaikos,D
2010-11,Group stage,2010-11-02,Werder Bremen,0,2,Twente,A
2010-11,Group stage,2010-11-02,FC Copenhagen,1,1,Barcelona,D
2010-11,Group stage,2010-11-02,Valencia,3,0,Rangers,H
2010-11,Group stage,2010-11-02,Bursaspor,0,3,Manchester Utd,A
2010-11,Group stage,2010-11-02,Hapoel Tel Aviv,0,0,Schalke 04,D
2010-11,Group stage,2010-11-03,Chelsea,4,1,Spartak Moscow,H
2010-11,Group stage,2010-11-03,MŠK Žilina,0,7,Marseille,A
2010-11,Group stage,2010-11-03,Milan,2,2,Real Madrid,D
2010-11,Group stage,2010-11-03,Partizan,0,1,Braga,A
2010-11,Group stage,2010-11-03,Auxerre,2,1,Ajax,H
2010-11,Group stage,2010-11-03,Basel,2,3,Roma,A
2010-11,Group stage,2010-11-03,Shakhtar D.,2,1,Arsenal,H
2010-11,Group stage,2010-11-03,CFR Cluj,0,4,Bayern Munich,A
2010-11,Group stage,2010-11-23,Chelsea,2,1,MŠK Žilina,H
2010-11,Group stage,2010-11-23,Braga,2,0,Arsenal,H
2010-11,Group stage,2010-11-23,Spartak Moscow,0,3,Marseille,A
2010-11,Group stage,2010-11-23,Auxerre,0,2,Milan,A
2010-11,Group stage,2010-11-23,Roma,3,2,Bayern Munich,H
2010-11,Group stage,2010-11-23,Partizan,0,3,Shakhtar D.,A
2010-11,Group stage,2010-11-23,Basel,1,0,CFR Cluj,H
2010-11,Group stage,2010-11-23,Ajax,0,4,Real Madrid,A
2010-11,Group stage,2010-11-24,Rangers,0,1,Manchester Utd,A
2010-11,Group stage,2010-11-24,Tottenham,3,0,Werder Bremen,H
2010-11,Group stage,2010-11-24,Rubin Kazan,1,0,FC Copenhagen,H
2010-11,Group stage,2010-11-24,Valencia,6,1,Bursaspor,H
2010-11,Group stage,2010-11-24,Inter,1,0,Twente,H
2010-11,Group stage,2010-11-24,Schalke 04,3,0,Lyon,H
2010-11,Group stage,2010-11-24,Panathinaikos,0,3,Barcelona,A
2010-11,Group stage,2010-11-24,Hapoel Tel Aviv,3,0,Benfica,H
2010-11,Group stage,2010-12-07,Benfica,1,2,Schalke 04,A
2010-11,Group stage,2010-12-07,Manchester Utd,1,1,Valencia,D
2010-11,Group stage,2010-12-07,Twente,3,3,Tottenham,D
2010-11,Group stage,2010-12-07,FC Copenhagen,3,1,Panathinaikos,H
2010-11,Group stage,2010-12-07,Barcelona,2,0,Rubin Kazan,H
2010-11,Group stage,2010-12-07,Werder Bremen,3,0,Inter,H
2010-11,Group stage,2010-12-07,Lyon,2,2,Hapoel Tel Aviv,D
2010-11,Group stage,2010-12-07,Bursaspor,1,1,Rangers,D
2010-11,Group stage,2010-12-08,Arsenal,3,1,Partizan,H
2010-11,Group stage,2010-12-08,Marseille,1,0,Chelsea,H
2010-11,Group stage,2010-12-08,MŠK Žilina,1,2,Spartak Moscow,A
2010-11,Group stage,2010-12-08,Milan,0,2,Ajax,A
2010-11,Group stage,2010-12-08,Bayern Munich,3,0,Basel,H
2010-11,Group stage,2010-12-08,Real Madrid,4,0,Auxerre,H
2010-11,Group stage,2010-12-08,Shakhtar D.,2,0,Braga,H
2010-11,Group stage,2010-12-08,CFR Cluj,1,1,Roma,D
2010-11,Round of 16,2011-02-15,Valencia,1,1,Schalke 04,D
2010-11,Round of 16,2011-02-15,Milan,0,1,Tottenham,A
2010-11,Round of 16,2011-02-16,Arsenal,2,1,Barcelona,H
2010-11,Round of 16,2011-02-16,Roma,2,3,Shakhtar D.,A
2010-11,Round of 16,2011-02-22,FC Copenhagen,0,2,Chelsea,A
2010-11,Round of 16,2011-02-22,Lyon,1,1,Real Madrid,D
2010-11,Round of 16,2011-02-23,Marseille,0,0,Manchester Utd,D
2010-11,Round of 16,2011-02-23,Inter,0,1,Bayern Munich,A
2010-11,Round of 16,2011-03-08,Barcelona,3,1,Arsenal,H
2010-11,Round of 16,2011-03-08,Shakhtar D.,3,0,Roma,H
2010-11,Round of 16,2011-03-09,Tottenham,0,0,Milan,D
2010-11,Round of 16,2011-03-09,Schalke 04,3,1,Valencia,H
2010-11,Round of 16,2011-03-15,Manchester Utd,2,1,Marseille,H
2010-11,Round of 16,2011-03-15,Bayern Munich,2,3,Inter,A
2010-11,Round of 16,2011-03-16,Chelsea,0,0,FC Copenhagen,D
2010-11,Round of 16,2011-03-16,Real Madrid,3,0,Lyon,H
2010-11,Quarter-finals,2011-04-05,Inter,2,5,Schalke 04,A
2010-11,Quarter-finals,2011-04-05,Real Madrid,4,0,Tottenham,H
2010-11,Quarter-finals,2011-04-06,Chelsea,0,1,Manchester Utd,A
2010-11,Quarter-finals,2011-04-06,Barcelona,5,1,Shakhtar D.,H
2010-11,Quarter-finals,2011-04-12,Manchester Utd,2,1,Chelsea,H
2010-11,Quarter-finals,2011-04-12,Shakhtar D.,0,1,Barcelona,A
2010-11,Quarter-finals,2011-04-13,Tottenham,0,1,Real Madrid,A
2010-11,Quarter-finals,2011-04-13,Schalke 04,2,1,Inter,H
2010-11,Semi-finals,2011-04-26,Schalke 04,0,2,Manchester Utd,A
2010-11,Semi-finals,2011-04-27,Real Madrid,0,2,Barcelona,A
2010-11,Semi-finals,2011-05-03,Barcelona,1,1,Real Madrid,D
2010-11,Semi-finals,2011-05-04,Manchester Utd,4,1,Schalke 04,H
2010-11,Final,2011-05-28,Barcelona,3,1,Manchester Utd,H
2011-12,Group stage,2011-09-13,Porto,2,1,Shakhtar D.,H
2011-12,Group stage,2011-09-13,Chelsea,2,0,Leverkusen,H
2011-12,Group stage,2011-09-13,Barcelona,2,2,Milan,D
2011-12,Group stage,2011-09-13,Viktoria Plzeň,1,1,BATE Borisov,D
2011-12,Group stage,2011-09-13,Genk,0,0,Valencia,D
2011-12,Group stage,2011-09-13,Dortmund,1,1,Arsenal,D
2011-12,Group stage,2011-09-13,Olympiacos,0,1,Marseille,A
2011-12,Group stage,2011-09-13,APOEL FC,2,1,Zenit,H
2011-12,Group stage,2011-09-14,Manchester City,1,1,Napoli,D
2011-12,Group stage,2011-09-14,Benfica,1,1,Manchester Utd,D
2011-12,Group stage,2011-09-14,Dinamo Zagreb,0,1,Real Madrid,A
2011-12,Group stage,2011-09-14,Lille,2,2,CSKA Moscow,D
2011-12,Group stage,2011-09-14,Inter,0,1,Trabzonspor,A
2011-12,Group stage,2011-09-14,Basel,2,1,Oțelul Galați,H
2011-12,Group stage,2011-09-14,Ajax,0,0,Lyon,D
2011-12,Group stage,2011-09-14,Villarreal,0,2,Bayern Munich,A
2011-12,Group stage,2011-09-27,Manchester Utd,3,3,Basel,D
2011-12,Group stage,2011-09-27,CSKA Moscow,2,3,Inter,A
2011-12,Group stage,2011-09-27,Napoli,2,0,Villarreal,H
2011-12,Group stage,2011-09-27,Lyon,2,0,Dinamo Zagreb,H
2011-12,Group stage,2011-09-27,Bayern Munich,2,0,Manchester City,H
2011-12,Group stage,2011-09-27,Real Madrid,3,0,Ajax,H
2011-12,Group stage,2011-09-27,Oțelul Galați,0,1,Benfica,A
2011-12,Group stage,2011-09-27,Trabzonspor,1,1,Lille,D
2011-12,Group stage,2011-09-28,Arsenal,2,1,Olympiacos,H
2011-12,Group stage,2011-09-28,Zenit,3,1,Porto,H
2011-12,Group stage,2011-09-28,Milan,2,0,Viktoria Plzeň,H
2011-12,Group stage,2011-09-28,Leverkusen,2,0,Genk,H
2011-12,Group stage,2011-09-28,Valencia,1,1,Chelsea,D
2011-12,Group stage,2011-09-28,Marseille,3,0,Dortmund,H
2011-12,Group stage,2011-09-28,BATE Borisov,0,5,Barcelona,A
2011-12,Group stage,2011-09-28,Shakhtar D.,1,1,APOEL FC,D
2011-12,Group stage,2011-10-18,Manchester City,2,1,Villarreal,H
2011-12,Group stage,2011-10-18,CSKA Moscow,3,0,Trabzonspor,H
2011-12,Group stage,2011-10-18,Napoli,1,1,Bayern Munich,D
2011-12,Group stage,2011-10-18,Basel,0,2,Benfica,A
2011-12,Group stage,2011-10-18,Lille,0,1,Inter,A
2011-12,Group stage,2011-10-18,Real Madrid,4,0,Lyon,H
2011-12,Group stage,2011-10-18,Dinamo Zagreb,0,2,Ajax,A
2011-12,Group stage,2011-10-18,Oțelul Galați,0,2,Manchester Utd,A
2011-12,Group stage,2011-10-19,Chelsea,5,0,Genk,H
2011-12,Group stage,2011-10-19,Porto,1,1,APOEL FC,D
2011-12,Group stage,2011-10-19,Marseille,0,1,Arsenal,A
2011-12,Group stage,2011-10-19,Barcelona,2,0,Viktoria Plzeň,H
2011-12,Group stage,2011-10-19,Milan,2,0,BATE Borisov,H
2011-12,Group stage,2011-10-19,Leverkusen,2,1,Valencia,H
2011-12,Group stage,2011-10-19,Shakhtar D.,2,2,Zenit,D
2011-12,Group stage,2011-10-19,Olympiacos,3,1,Dortmund,H
2011-12,Group stage,2011-11-01,Arsenal,0,0,Marseille,D
2011-12,Group stage,2011-11-01,BATE Borisov,1,1,Milan,D
2011-12,Group stage,2011-11-01,Valencia,3,1,Leverkusen,H
2011-12,Group stage,2011-11-01,Viktoria Plzeň,0,4,Barcelona,A
2011-12,Group stage,2011-11-01,Genk,1,1,Chelsea,D
2011-12,Group stage,2011-11-01,Dortmund,1,0,Olympiacos,H
2011-12,Group stage,2011-11-01,Zenit,1,0,Shakhtar D.,H
2011-12,Group stage,2011-11-01,APOEL FC,2,1,Porto,H
2011-12,Group stage,2011-11-02,Manchester Utd,2,0,Oțelul Galați,H
2011-12,Group stage,2011-11-02,Benfica,1,1,Basel,D
2011-12,Group stage,2011-11-02,Lyon,0,2,Real Madrid,A
2011-12,Group stage,2011-11-02,Bayern Munich,3,2,Napoli,H
2011-12,Group stage,2011-11-02,Villarreal,0,3,Manchester City,A
2011-12,Group stage,2011-11-02,Ajax,4,0,Dinamo Zagreb,H
2011-12,Group stage,2011-11-02,Inter,2,1,Lille,H
2011-12,Group stage,2011-11-02,Trabzonspor,0,0,CSKA Moscow,D
2011-12,Group stage,2011-11-22,Manchester Utd,2,2,Benfica,D
2011-12,Group stage,2011-11-22,Real Madrid,6,2,Dinamo Zagreb,H
2011-12,Group stage,2011-11-22,Bayern Munich,3,1,Villarreal,H
2011-12,Group stage,2011-11-22,Napoli,2,1,Manchester City,H
2011-12,Group stage,2011-11-22,Lyon,0,0,Ajax,D
2011-12,Group stage,2011-11-22,CSKA Moscow,0,2,Lille,A
2011-12,Group stage,2011-11-22,Oțelul Galați,2,3,Basel,A
2011-12,Group stage,2011-11-22,Trabzonspor,1,1,Inter,D
2011-12,Group stage,2011-11-23,Arsenal,2,1,Dortmund,H
2011-12,Group stage,2011-11-23,Leverkusen,2,1,Chelsea,H
2011-12,Group stage,2011-11-23,Milan,2,3,Barcelona,A
2011-12,Group stage,2011-11-23,Marseille,0,1,Olympiacos,A
2011-12,Group stage,2011-11-23,Valencia,7,0,Genk,H
2011-12,Group stage,2011-11-23,BATE Borisov,0,1,Viktoria Plzeň,A
2011-12,Group stage,2011-11-23,Zenit,0,0,APOEL FC,D
2011-12,Group stage,2011-11-23,Shakhtar D.,0,2,Porto,A
2011-12,Group stage,2011-12-06,Chelsea,3,0,Valencia,H
2011-12,Group stage,2011-12-06,Porto,0,0,Zenit,D
2011-12,Group stage,2011-12-06,Genk,1,1,Leverkusen,D
2011-12,Group stage,2011-12-06,Barcelona,4,0,BATE Borisov,H
2011-12,Group stage,2011-12-06,Viktoria Plzeň,2,2,Milan,D
2011-12,Group stage,2011-12-06,Dortmund,2,3,Marseille,A
2011-12,Group stage,2011-12-06,Olympiacos,3,1,Arsenal,H
2011-12,Group stage,2011-12-06,APOEL FC,0,2,Shakhtar D.,A
2011-12,Group stage,2011-12-07,Manchester City,2,0,Bayern Munich,H
2011-12,Group stage,2011-12-07,Benfica,1,0,Oțelul Galați,H
2011-12,Group stage,2011-12-07,Dinamo Zagreb,1,7,Lyon,A
2011-12,Group stage,2011-12-07,Basel,2,1,Manchester Utd,H
2011-12,Group stage,2011-12-07,Villarreal,0,2,Napoli,A
2011-12,Group stage,2011-12-07,Lille,0,0,Trabzonspor,D
2011-12,Group stage,2011-12-07,Inter,1,2,CSKA Moscow,A
2011-12,Group stage,2011-12-07,Ajax,0,3,Real Madrid,A
2011-12,Round of 16,2012-02-14,Leverkusen,1,3,Barcelona,A
2011-12,Round of 16,2012-02-14,Lyon,1,0,APOEL FC,H
2011-12,Round of 16,2012-02-15,Milan,4,0,Arsenal,H
2011-12,Round of 16,2012-02-15,Zenit,3,2,Benfica,H
2011-12,Round of 16,2012-02-21,Napoli,3,1,Chelsea,H
2011-12,Round of 16,2012-02-21,CSKA Moscow,1,1,Real Madrid,D
2011-12,Round of 16,2012-02-22,Basel,1,0,Bayern Munich,H
2011-12,Round of 16,2012-02-22,Marseille,1,0,Inter,H
2011-12,Round of 16,2012-03-06,Arsenal,3,0,Milan,H
2011-12,Round of 16,2012-03-06,Benfica,2,0,Zenit,H
2011-12,Round of 16,2012-03-07,Barcelona,7,1,Leverkusen,H
2011-12,Round of 16,2012-03-07,APOEL FC,1,0,Lyon,H
2011-12,Round of 16,2012-03-13,Bayern Munich,7,0,Basel,H
2011-12,Round of 16,2012-03-13,Inter,2,1,Marseille,H
2011-12,Round of 16,2012-03-14,Chelsea,4,1,Napoli,H
2011-12,Round of 16,2012-03-14,Real Madrid,4,1,CSKA Moscow,H
2011-12,Quarter-finals,2012-03-27,Benfica,0,1,Chelsea,A
2011-12,Quarter-finals,2012-03-27,APOEL FC,0,3,Real Madrid,A
2011-12,Quarter-finals,2012-03-28,Milan,0,0,Barcelona,D
2011-12,Quarter-finals,2012-03-28,Marseille,0,2,Bayern Munich,A
2011-12,Quarter-finals,2012-04-03,Barcelona,3,1,Milan,H
2011-12,Quarter-finals,2012-04-03,Bayern Munich,2,0,Marseille,H
2011-12,Quarter-finals,2012-04-04,Chelsea,2,1,Benfica,H
2011-12,Quarter-finals,2012-04-04,Real Madrid,5,2,APOEL FC,H
2011-12,Semi-finals,2012-04-17,Bayern Munich,2,1,Real Madrid,H
2011-12,Semi-finals,2012-04-18,Chelsea,1,0,Barcelona,H
2011-12,Semi-finals,2012-04-24,Barcelona,2,2,Chelsea,D
2011-12,Semi-finals,2012-04-25,Real Madrid,2,1,Bayern Munich,H
2011-12,Final,2012-05-19,Bayern Munich,1,1,Chelsea,D
2012-13,Group stage,2012-09-18,Málaga,3,0,Zenit,H
2012-13,Group stage,2012-09-18,Dinamo Zagreb,0,2,Porto,A
2012-13,Group stage,2012-09-18,Montpellier,1,2,Arsenal,A
2012-13,Group stage,2012-09-18,Real Madrid,3,2,Manchester City,H
2012-13,Group stage,2012-09-18,Paris SG,4,1,Dynamo Kyiv,H
2012-13,Group stage,2012-09-18,Dortmund,1,0,Ajax,H
2012-13,Group stage,2012-09-18,Milan,0,0,Anderlecht,D
2012-13,Group stage,2012-09-18,Olympiacos,1,2,Schalke 04,A
2012-13,Group stage,2012-09-19,Celtic,0,0,Benfica,D
2012-13,Group stage,2012-09-19,Chelsea,2,2,Juventus,D
2012-13,Group stage,2012-09-19,Manchester Utd,1,0,Galatasaray,H
2012-13,Group stage,2012-09-19,Braga,0,2,CFR Cluj,A
2012-13,Group stage,2012-09-19,Bayern Munich,2,1,Valencia,H
2012-13,Group stage,2012-09-19,Barcelona,3,2,Spartak Moscow,H
2012-13,Group stage,2012-09-19,Lille,1,3,BATE Borisov,A
2012-13,Group stage,2012-09-19,Shakhtar D.,2,0,Nordsjælland,H
2012-13,Group stage,2012-10-02,Benfica,0,2,Barcelona,A
2012-13,Group stage,2012-10-02,Spartak Moscow,2,3,Celtic,A
2012-13,Group stage,2012-10-02,Nordsjælland,0,4,Chelsea,A
2012-13,Group stage,2012-10-02,Juventus,1,1,Shakhtar D.,D
2012-13,Group stage,2012-10-02,Valencia,2,0,Lille,H
2012-13,Group stage,2012-10-02,BATE Borisov,3,1,Bayern Munich,H
2012-13,Group stage,2012-10-02,Galatasaray,0,2,Braga,A
2012-13,Group stage,2012-10-02,CFR Cluj,1,2,Manchester Utd,A
2012-13,Group stage,2012-10-03,Porto,1,0,Paris SG,H
2012-13,Group stage,2012-10-03,Manchester City,1,1,Dortmund,D
2012-13,Group stage,2012-10-03,Arsenal,3,1,Olympiacos,H
2012-13,Group stage,2012-10-03,Zenit,2,3,Milan,A
2012-13,Group stage,2012-10-03,Ajax,1,4,Real Madrid,A
2012-13,Group stage,2012-10-03,Anderlecht,0,3,Málaga,A
2012-13,Group stage,2012-10-03,Schalke 04,2,2,Montpellier,D
2012-13,Group stage,2012-10-03,Dynamo Kyiv,2,0,Dinamo Zagreb,H
2012-13,Group stage,2012-10-23,Manchester Utd,3,2,Braga,H
2012-13,Group stage,2012-10-23,Spartak Moscow,2,1,Benfica,H
2012-13,Group stage,2012-10-23,Nordsjælland,1,1,Juventus,D
2012-13,Group stage,2012-10-23,Barcelona,2,1,Celtic,H
2012-13,Group stage,2012-10-23,Lille,0,1,Bayern Munich,A
2012-13,Group stage,2012-10-23,Shakhtar D.,2,1,Chelsea,H
2012-13,Group stage,2012-10-23,BATE Borisov,0,3,Valencia,A
2012-13,Group stage,2012-10-23,Galatasaray,1,1,CFR Cluj,D
2012-13,Group stage,2012-10-24,Arsenal,0,2,Schalke 04,A
2012-13,Group stage,2012-10-24,Porto,3,2,Dynamo Kyiv,H
2012-13,Group stage,2012-10-24,Zenit,1,0,Anderlecht,H
2012-13,Group stage,2012-10-24,Málaga,1,0,Milan,H
2012-13,Group stage,2012-10-24,Dortmund,2,1,Real Madrid,H
2012-13,Group stage,2012-10-24,Montpellier,1,2,Olympiacos,A
2012-13,Group stage,2012-10-24,Dinamo Zagreb,0,2,Paris SG,A
2012-13,Group stage,2012-10-24,Ajax,3,1,Manchester City,H
2012-13,Group stage,2012-11-06,Manchester City,2,2,Ajax,D
2012-13,Group stage,2012-11-06,Schalke 04,2,2,Arsenal,D
2012-13,Group stage,2012-11-06,Real Madrid,2,2,Dortmund,D
2012-13,Group stage,2012-11-06,Paris SG,4,0,Dinamo Zagreb,H
2012-13,Group stage,2012-11-06,Milan,1,1,Málaga,D
2012-13,Group stage,2012-11-06,Anderlecht,1,0,Zenit,H
2012-13,Group stage,2012-11-06,Olympiacos,3,1,Montpellier,H
2012-13,Group stage,2012-11-06,Dynamo Kyiv,0,0,Porto,D
2012-13,Group stage,2012-11-07,Benfica,2,0,Spartak Moscow,H
2012-13,Group stage,2012-11-07,Celtic,2,1,Barcelona,H
2012-13,Group stage,2012-11-07,Chelsea,3,2,Shakhtar D.,H
2012-13,Group stage,2012-11-07,Braga,1,3,Manchester Utd,A
2012-13,Group stage,2012-11-07,Bayern Munich,6,1,Lille,H
2012-13,Group stage,2012-11-07,Juventus,4,0,Nordsjælland,H
2012-13,Group stage,2012-11-07,Valencia,4,2,BATE Borisov,H
2012-13,Group stage,2012-11-07,CFR Cluj,1,3,Galatasaray,A
2012-13,Group stage,2012-11-20,Benfica,2,1,Celtic,H
2012-13,Group stage,2012-11-20,BATE Borisov,0,2,Lille,A
2012-13,Group stage,2012-11-20,Juventus,3,0,Chelsea,H
2012-13,Group stage,2012-11-20,Nordsjælland,2,5,Shakhtar D.,A
2012-13,Group stage,2012-11-20,Valencia,1,1,Bayern Munich,D
2012-13,Group stage,2012-11-20,Spartak Moscow,0,3,Barcelona,A
2012-13,Group stage,2012-11-20,CFR Cluj,3,1,Braga,H
2012-13,Group stage,2012-11-20,Galatasaray,1,0,Manchester Utd,H
2012-13,Group stage,2012-11-21,Porto,3,0,Dinamo Zagreb,H
2012-13,Group stage,2012-11-21,Arsenal,2,0,Montpellier,H
2012-13,Group stage,2012-11-21,Manchester City,1,1,Real Madrid,D
2012-13,Group stage,2012-11-21,Schalke 04,1,0,Olympiacos,H
2012-13,Group stage,2012-11-21,Ajax,1,4,Dortmund,A
2012-13,Group stage,2012-11-21,Anderlecht,1,3,Milan,A
2012-13,Group stage,2012-11-21,Zenit,2,2,Málaga,D
2012-13,Group stage,2012-11-21,Dynamo Kyiv,0,2,Paris SG,A
2012-13,Group stage,2012-12-04,Paris SG,2,1,Porto,H
2012-13,Group stage,2012-12-04,Dinamo Zagreb,1,1,Dynamo Kyiv,D
2012-13,Group stage,2012-12-04,Málaga,2,2,Anderlecht,D
2012-13,Group stage,2012-12-04,Milan,0,1,Zenit,A
2012-13,Group stage,2012-12-04,Dortmund,1,0,Manchester City,H
2012-13,Group stage,2012-12-04,Montpellier,1,1,Schalke 04,D
2012-13,Group stage,2012-12-04,Real Madrid,4,1,Ajax,H
2012-13,Group stage,2012-12-04,Olympiacos,2,1,Arsenal,H
2012-13,Group stage,2012-12-05,Braga,1,2,Galatasaray,A
2012-13,Group stage,2012-12-05,Celtic,2,1,Spartak Moscow,H
2012-13,Group stage,2012-12-05,Chelsea,6,1,Nordsjælland,H
2012-13,Group stage,2012-12-05,Manchester Utd,0,1,CFR Cluj,A
2012-13,Group stage,2012-12-05,Lille,0,1,Valencia,A
2012-13,Group stage,2012-12-05,Bayern Munich,4,1,BATE Borisov,H
2012-13,Group stage,2012-12-05,Barcelona,0,0,Benfica,D
2012-13,Group stage,2012-12-05,Shakhtar D.,0,1,Juventus,A
2012-13,Round of 16,2013-02-12,Celtic,0,3,Juventus,A
2012-13,Round of 16,2013-02-12,Valencia,1,2,Paris SG,A
2012-13,Round of 16,2013-02-13,Real Madrid,1,1,Manchester Utd,D
2012-13,Round of 16,2013-02-13,Shakhtar D.,2,2,Dortmund,D
2012-13,Round of 16,2013-02-19,Arsenal,1,3,Bayern Munich,A
2012-13,Round of 16,2013-02-19,Porto,1,0,Málaga,H
2012-13,Round of 16,2013-02-20,Milan,2,0,Barcelona,H
2012-13,Round of 16,2013-02-20,Galatasaray,1,1,Schalke 04,D
2012-13,Round of 16,2013-03-05,Manchester Utd,1,2,Real Madrid,A
2012-13,Round of 16,2013-03-05,Dortmund,3,0,Shakhtar D.,H
2012-13,Round of 16,2013-03-06,Paris SG,1,1,Valencia,D
2012-13,Round of 16,2013-03-06,Juventus,2,0,Celtic,H
2012-13,Round of 16,2013-03-12,Schalke 04,2,3,Galatasaray,A
2012-13,Round of 16,2013-03-12,Barcelona,4,0,Milan,H
2012-13,Round of 16,2013-03-13,Málaga,2,0,Porto,H
2012-13,Round of 16,2013-03-13,Bayern Munich,0,2,Arsenal,A
2012-13,Quarter-finals,2013-04-02,Paris SG,2,2,Barcelona,D
2012-13,Quarter-finals,2013-04-02,Bayern Munich,2,0,Juventus,H
2012-13,Quarter-finals,2013-04-03,Málaga,0,0,Dortmund,D
2012-13,Quarter-finals,2013-04-03,Real Madrid,3,0,Galatasaray,H
2012-13,Quarter-finals,2013-04-09,Dortmund,3,2,Málaga,H
2012-13,Quarter-finals,2013-04-09,Galatasaray,3,2,Real Madrid,H
2012-13,Quarter-finals,2013-04-10,Barcelona,1,1,Paris SG,D
2012-13,Quarter-finals,2013-04-10,Juventus,0,2,Bayern Munich,A
2012-13,Semi-finals,2013-04-23,Bayern Munich,4,0,Barcelona,H
2012-13,Semi-finals,2013-04-24,Dortmund,4,1,Real Madrid,H
2012-13,Semi-finals,2013-04-30,Real Madrid,2,0,Dortmund,H
2012-13,Semi-finals,2013-05-01,Barcelona,0,3,Bayern Munich,A
2012-13,Final,2013-05-25,Dortmund,1,2,Bayern Munich,A
2013-14,Group stage,2013-09-17,Benfica,2,0,Anderlecht,H
2013-14,Group stage,2013-09-17,Manchester Utd,4,2,Leverkusen,H
2013-14,Group stage,2013-09-17,Real Sociedad,0,2,Shakhtar D.,A
2013-14,Group stage,2013-09-17,Bayern Munich,3,0,CSKA Moscow,H
2013-14,Group stage,2013-09-17,Viktoria Plzeň,0,3,Manchester City,A
2013-14,Group stage,2013-09-17,FC Copenhagen,1,1,Juventus,D
2013-14,Group stage,2013-09-17,Galatasaray,1,6,Real Madrid,A
2013-14,Group stage,2013-09-17,Olympiacos,1,4,Paris SG,A
2013-14,Group stage,2013-09-18,Chelsea,1,2,Basel,A
2013-14,Group stage,2013-09-18,Napoli,2,1,Dortmund,H
2013-14,Group stage,2013-09-18,Austria Wien,0,1,Porto,A
2013-14,Group stage,2013-09-18,Milan,2,0,Celtic,H
2013-14,Group stage,2013-09-18,Atlético Madrid,3,1,Zenit,H
2013-14,Group stage,2013-09-18,Barcelona,4,0,Ajax,H
2013-14,Group stage,2013-09-18,Schalke 04,3,0,Steaua,H
2013-14,Group stage,2013-09-18,Marseille,1,2,Arsenal,A
2013-14,Group stage,2013-10-01,Arsenal,2,0,Napoli,H
2013-14,Group stage,2013-10-01,Celtic,0,1,Barcelona,A
2013-14,Group stage,2013-10-01,Porto,1,2,Atlético Madrid,A
2013-14,Group stage,2013-10-01,Zenit,0,0,Austria Wien,D
2013-14,Group stage,2013-10-01,Ajax,1,1,Milan,D
2013-14,Group stage,2013-10-01,Basel,0,1,Schalke 04,A
2013-14,Group stage,2013-10-01,Dortmund,3,0,Marseille,H
2013-14,Group stage,2013-10-01,Steaua,0,4,Chelsea,A
2013-14,Group stage,2013-10-02,Manchester City,1,3,Bayern Munich,A
2013-14,Group stage,2013-10-02,CSKA Moscow,3,2,Viktoria Plzeň,H
2013-14,Group stage,2013-10-02,Paris SG,3,0,Benfica,H
2013-14,Group stage,2013-10-02,Juventus,2,2,Galatasaray,D
2013-14,Group stage,2013-10-02,Leverkusen,2,1,Real Sociedad,H
2013-14,Group stage,2013-10-02,Anderlecht,0,3,Olympiacos,A
2013-14,Group stage,2013-10-02,Real Madrid,4,0,FC Copenhagen,H
2013-14,Group stage,2013-10-02,Shakhtar D.,1,1,Manchester Utd,D
2013-14,Group stage,2013-10-22,Celtic,2,1,Ajax,H
2013-14,Group stage,2013-10-22,Arsenal,1,2,Dortmund,A
2013-14,Group stage,2013-10-22,Porto,0,1,Zenit,A
2013-14,Group stage,2013-10-22,Schalke 04,0,3,Chelsea,A
2013-14,Group stage,2013-10-22,Milan,1,1,Barcelona,D
2013-14,Group stage,2013-10-22,Marseille,1,2,Napoli,A
2013-14,Group stage,2013-10-22,Austria Wien,0,3,Atlético Madrid,A
2013-14,Group stage,2013-10-22,Steaua,1,1,Basel,D
2013-14,Group stage,2013-10-23,Manchester Utd,1,0,Real Sociedad,H
2013-14,Group stage,2013-10-23,Benfica,1,1,Olympiacos,D
2013-14,Group stage,2013-10-23,CSKA Moscow,1,2,Manchester City,A
2013-14,Group stage,2013-10-23,Bayern Munich,5,0,Viktoria Plzeň,H
2013-14,Group stage,2013-10-23,Real Madrid,2,1,Juventus,H
2013-14,Group stage,2013-10-23,Leverkusen,4,0,Shakhtar D.,H
2013-14,Group stage,2013-10-23,Anderlecht,0,5,Paris SG,A
2013-14,Group stage,2013-10-23,Galatasaray,3,1,FC Copenhagen,H
2013-14,Group stage,2013-11-05,Manchester City,5,2,CSKA Moscow,H
2013-14,Group stage,2013-11-05,Real Sociedad,0,0,Manchester Utd,D
2013-14,Group stage,2013-11-05,Paris SG,1,1,Anderlecht,D
2013-14,Group stage,2013-11-05,Juventus,2,2,Real Madrid,D
2013-14,Group stage,2013-11-05,FC Copenhagen,1,0,Galatasaray,H
2013-14,Group stage,2013-11-05,Viktoria Plzeň,0,1,Bayern Munich,A
2013-14,Group stage,2013-11-05,Shakhtar D.,0,0,Leverkusen,D
2013-14,Group stage,2013-11-05,Olympiacos,1,0,Benfica,H
2013-14,Group stage,2013-11-06,Chelsea,3,0,Schalke 04,H
2013-14,Group stage,2013-11-06,Barcelona,3,1,Milan,H
2013-14,Group stage,2013-11-06,Atlético Madrid,4,0,Austria Wien,H
2013-14,Group stage,2013-11-06,Ajax,1,0,Celtic,H
2013-14,Group stage,2013-11-06,Dortmund,0,1,Arsenal,A
2013-14,Group stage,2013-11-06,Napoli,3,2,Marseille,H
2013-14,Group stage,2013-11-06,Basel,1,1,Steaua,D
2013-14,Group stage,2013-11-06,Zenit,1,1,Porto,D
2013-14,Group stage,2013-11-26,Porto,1,1,Austria Wien,D
2013-14,Group stage,2013-11-26,Celtic,0,3,Milan,A
2013-14,Group stage,2013-11-26,Arsenal,2,0,Marseille,H
2013-14,Group stage,2013-11-26,Basel,1,0,Chelsea,H
2013-14,Group stage,2013-11-26,Dortmund,3,1,Napoli,H
2013-14,Group stage,2013-11-26,Ajax,2,1,Barcelona,H
2013-14,Group stage,2013-11-26,Zenit,1,1,Atlético Madrid,D
2013-14,Group stage,2013-11-26,Steaua,0,0,Schalke 04,D
2013-14,Group stage,2013-11-27,Manchester City,4,2,Viktoria Plzeň,H
2013-14,Group stage,2013-11-27,Leverkusen,0,5,Manchester Utd,A
2013-14,Group stage,2013-11-27,Real Madrid,4,1,Galatasaray,H
2013-14,Group stage,2013-11-27,Anderlecht,2,3,Benfica,A
2013-14,Group stage,2013-11-27,Juventus,3,1,FC Copenhagen,H
2013-14,Group stage,2013-11-27,Paris SG,2,1,Olympiacos,H
2013-14,Group stage,2013-11-27,CSKA Moscow,1,3,Bayern Munich,A
2013-14,Group stage,2013-11-27,Shakhtar D.,4,0,Real Sociedad,H
2013-14,Group stage,2013-12-10,Benfica,2,1,Paris SG,H
2013-14,Group stage,2013-12-10,Manchester Utd,1,0,Shakhtar D.,H
2013-14,Group stage,2013-12-10,Viktoria Plzeň,2,1,CSKA Moscow,H
2013-14,Group stage,2013-12-10,FC Copenhagen,0,2,Real Madrid,A
2013-14,Group stage,2013-12-10,Real Sociedad,0,1,Leverkusen,A
2013-14,Group stage,2013-12-10,Bayern Munich,2,3,Manchester City,A
2013-14,Group stage,2013-12-10,Olympiacos,3,1,Anderlecht,H
2013-14,Group stage,2013-12-11,Galatasaray,1,0,Juventus,H
2013-14,Group stage,2013-12-11,Chelsea,1,0,Steaua,H
2013-14,Group stage,2013-12-11,Schalke 04,2,0,Basel,H
2013-14,Group stage,2013-12-11,Austria Wien,4,1,Zenit,H
2013-14,Group stage,2013-12-11,Milan,0,0,Ajax,D
2013-14,Group stage,2013-12-11,Barcelona,6,1,Celtic,H
2013-14,Group stage,2013-12-11,Marseille,1,2,Dortmund,A
2013-14,Group stage,2013-12-11,Atlético Madrid,2,0,Porto,H
2013-14,Group stage,2013-12-11,Napoli,2,0,Arsenal,H
2013-14,Round of 16,2014-02-18,Manchester City,0,2,Barcelona,A
2013-14,Round of 16,2014-02-18,Leverkusen,0,4,Paris SG,A
2013-14,Round of 16,2014-02-19,Arsenal,0,2,Bayern Munich,A
2013-14,Round of 16,2014-02-19,Milan,0,1,Atlético Madrid,A
2013-14,Round of 16,2014-02-25,Zenit,2,4,Dortmund,A
2013-14,Round of 16,2014-02-25,Olympiacos,2,0,Manchester Utd,H
2013-14,Round of 16,2014-02-26,Schalke 04,1,6,Real Madrid,A
2013-14,Round of 16,2014-02-26,Galatasaray,1,1,Chelsea,D
2013-14,Round of 16,2014-03-11,Atlético Madrid,4,1,Milan,H
2013-14,Round of 16,2014-03-11,Bayern Munich,1,1,Arsenal,D
2013-14,Round of 16,2014-03-12,Paris SG,2,1,Leverkusen,H
2013-14,Round of 16,2014-03-12,Barcelona,2,1,Manchester City,H
2013-14,Round of 16,2014-03-18,Chelsea,2,0,Galatasaray,H
2013-14,Round of 16,2014-03-18,Real Madrid,3,1,Schalke 04,H
2013-14,Round of 16,2014-03-19,Manchester Utd,3,0,Olympiacos,H
2013-14,Round of 16,2014-03-19,Dortmund,1,2,Zenit,A
2013-14,Quarter-finals,2014-04-01,Manchester Utd,1,1,Bayern Munich,D
2013-14,Quarter-finals,2014-04-01,Barcelona,1,1,Atlético Madrid,D
2013-14,Quarter-finals,2014-04-02,Real Madrid,3,0,Dortmund,H
2013-14,Quarter-finals,2014-04-02,Paris SG,3,1,Chelsea,H
2013-14,Quarter-finals,2014-04-08,Chelsea,2,0,Paris SG,H
2013-14,Quarter-finals,2014-04-08,Dortmund,2,0,Real Madrid,H
2013-14,Quarter-finals,2014-04-09,Bayern Munich,3,1,Manchester Utd,H
2013-14,Quarter-finals,2014-04-09,Atlético Madrid,1,0,Barcelona,H
2013-14,Semi-finals,2014-04-22,Atlético Madrid,0,0,Chelsea,D
2013-14,Semi-finals,2014-04-23,Real Madrid,1,0,Bayern Munich,H
2013-14,Semi-finals,2014-04-29,Bayern Munich,0,4,Real Madrid,A
2013-14,Semi-finals,2014-04-30,Chelsea,1,3,Atlético Madrid,A
2013-14,Final,2014-05-24,Real Madrid,4,1,Atlético Madrid,H
2014-15,Group stage,2014-09-16,Benfica,0,2,Zenit,A
2014-15,Group stage,2014-09-16,Liverpool,2,1,Ludogorets,H
2014-15,Group stage,2014-09-16,Dortmund,2,0,Arsenal,H
2014-15,Group stage,2014-09-16,Monaco,1,0,Leverkusen,H
2014-15,Group stage,2014-09-16,Real Madrid,5,1,Basel,H
2014-15,Group stage,2014-09-16,Juventus,2,0,Malmö,H
2014-15,Group stage,2014-09-16,Galatasaray,1,1,Anderlecht,D
2014-15,Group stage,2014-09-16,Olympiacos,3,2,Atlético Madrid,H
2014-15,Group stage,2014-09-17,Chelsea,1,1,Schalke 04,D
2014-15,Group stage,2014-09-17,Porto,6,0,BATE Borisov,H
2014-15,Group stage,2014-09-17,Roma,5,1,CSKA Moscow,H
2014-15,Group stage,2014-09-17,Barcelona,1,0,APOEL FC,H
2014-15,Group stage,2014-09-17,Ajax,1,1,Paris SG,D
2014-15,Group stage,2014-09-17,NK Maribor,1,1,Sporting CP,D
2014-15,Group stage,2014-09-17,Athletic Club,0,0,Shakhtar D.,D
2014-15,Group stage,2014-09-17,Bayern Munich,1,0,Manchester City,H
2014-15,Group stage,2014-09-30,Sporting CP,0,1,Chelsea,A
2014-15,Group stage,2014-09-30,Manchester City,1,1,Roma,D
2014-15,Group stage,2014-09-30,CSKA Moscow,0,1,Bayern Munich,A
2014-15,Group stage,2014-09-30,Schalke 04,1,1,NK Maribor,D
2014-15,Group stage,2014-09-30,Paris SG,3,2,Barcelona,H
2014-15,Group stage,2014-09-30,Shakhtar D.,2,2,Porto,D
2014-15,Group stage,2014-09-30,APOEL FC,1,1,Ajax,D
2014-15,Group stage,2014-09-30,BATE Borisov,2,1,Athletic Club,H
2014-15,Group stage,2014-10-01,Arsenal,4,1,Galatasaray,H
2014-15,Group stage,2014-10-01,Zenit,0,0,Monaco,D
2014-15,Group stage,2014-10-01,Leverkusen,3,1,Benfica,H
2014-15,Group stage,2014-10-01,Malmö,2,0,Olympiacos,H
2014-15,Group stage,2014-10-01,Atlético Madrid,1,0,Juventus,H
2014-15,Group stage,2014-10-01,Basel,1,0,Liverpool,H
2014-15,Group stage,2014-10-01,Anderlecht,0,3,Dortmund,A
2014-15,Group stage,2014-10-01,Ludogorets,1,2,Real Madrid,A
2014-15,Group stage,2014-10-21,Chelsea,6,0,NK Maribor,H
2014-15,Group stage,2014-10-21,Porto,2,1,Athletic Club,H
2014-15,Group stage,2014-10-21,CSKA Moscow,2,2,Manchester City,D
2014-15,Group stage,2014-10-21,Roma,1,7,Bayern Munich,A
2014-15,Group stage,2014-10-21,Schalke 04,4,3,Sporting CP,H
2014-15,Group stage,2014-10-21,Barcelona,3,1,Ajax,H
2014-15,Group stage,2014-10-21,APOEL FC,0,1,Paris SG,A
2014-15,Group stage,2014-10-21,BATE Borisov,0,7,Shakhtar D.,A
2014-15,Group stage,2014-10-22,Liverpool,0,3,Real Madrid,A
2014-15,Group stage,2014-10-22,Monaco,0,0,Benfica,D
2014-15,Group stage,2014-10-22,Atlético Madrid,5,0,Malmö,H
2014-15,Group stage,2014-10-22,Leverkusen,2,0,Zenit,H
2014-15,Group stage,2014-10-22,Anderlecht,1,2,Arsenal,A
2014-15,Group stage,2014-10-22,Olympiacos,1,0,Juventus,H
2014-15,Group stage,2014-10-22,Ludogorets,1,0,Basel,H
2014-15,Group stage,2014-10-22,Galatasaray,0,4,Dortmund,A
2014-15,Group stage,2014-11-04,Arsenal,3,3,Anderlecht,D
2014-15,Group stage,2014-11-04,Benfica,1,0,Monaco,H
2014-15,Group stage,2014-11-04,Zenit,1,2,Leverkusen,A
2014-15,Group stage,2014-11-04,Dortmund,4,1,Galatasaray,H
2014-15,Group stage,2014-11-04,Basel,4,0,Ludogorets,H
2014-15,Group stage,2014-11-04,Real Madrid,1,0,Liverpool,H
2014-15,Group stage,2014-11-04,Malmö,0,2,Atlético Madrid,A
2014-15,Group stage,2014-11-04,Juventus,3,2,Olympiacos,H
2014-15,Group stage,2014-11-05,Sporting CP,4,2,Schalke 04,H
2014-15,Group stage,2014-11-05,Manchester City,1,2,CSKA Moscow,A
2014-15,Group stage,2014-11-05,Athletic Club,0,2,Porto,A
2014-15,Group stage,2014-11-05,Paris SG,1,0,APOEL FC,H
2014-15,Group stage,2014-11-05,Bayern Munich,2,0,Roma,H
2014-15,Group stage,2014-11-05,NK Maribor,1,1,Chelsea,D
2014-15,Group stage,2014-11-05,Ajax,0,2,Barcelona,A
2014-15,Group stage,2014-11-05,Shakhtar D.,5,0,BATE Borisov,H
2014-15,Group stage,2014-11-25,Manchester City,3,2,Bayern Munich,H
2014-15,Group stage,2014-11-25,Sporting CP,3,1,NK Maribor,H
2014-15,Group stage,2014-11-25,BATE Borisov,0,3,Porto,A
2014-15,Group stage,2014-11-25,CSKA Moscow,1,1,Roma,D
2014-15,Group stage,2014-11-25,Schalke 04,0,5,Chelsea,A
2014-15,Group stage,2014-11-25,Paris SG,3,1,Ajax,H
2014-15,Group stage,2014-11-25,APOEL FC,0,4,Barcelona,A
2014-15,Group stage,2014-11-25,Shakhtar D.,0,1,Athletic Club,A
2014-15,Group stage,2014-11-26,Arsenal,2,0,Dortmund,H
2014-15,Group stage,2014-11-26,Zenit,1,0,Benfica,H
2014-15,Group stage,2014-11-26,Leverkusen,0,1,Monaco,A
2014-15,Group stage,2014-11-26,Malmö,0,2,Juventus,A
2014-15,Group stage,2014-11-26,Atlético Madrid,4,0,Olympiacos,H
2014-15,Group stage,2014-11-26,Basel,0,1,Real Madrid,A
2014-15,Group stage,2014-11-26,Anderlecht,2,0,Galatasaray,H
2014-15,Group stage,2014-11-26,Ludogorets,2,2,Liverpool,D
2014-15,Group stage,2014-12-09,Liverpool,1,1,Basel,D
2014-15,Group stage,2014-12-09,Benfica,0,0,Leverkusen,D
2014-15,Group stage,2014-12-09,Juventus,0,0,Atlético Madrid,D
2014-15,Group stage,2014-12-09,Dortmund,1,1,Anderlecht,D
2014-15,Group stage,2014-12-09,Real Madrid,4,0,Ludogorets,H
2014-15,Group stage,2014-12-09,Monaco,2,0,Zenit,H
2014-15,Group stage,2014-12-09,Olympiacos,4,2,Malmö,H
2014-15,Group stage,2014-12-09,Galatasaray,1,4,Arsenal,A
2014-15,Group stage,2014-12-10,Chelsea,3,1,Sporting CP,H
2014-15,Group stage,2014-12-10,Porto,1,1,Shakhtar D.,D
2014-15,Group stage,2014-12-10,Bayern Munich,3,0,CSKA Moscow,H
2014-15,Group stage,2014-12-10,Barcelona,3,1,Paris SG,H
2014-15,Group stage,2014-12-10,NK Maribor,0,1,Schalke 04,A
2014-15,Group stage,2014-12-10,Roma,0,2,Manchester City,A
2014-15,Group stage,2014-12-10,Athletic Club,2,0,BATE Borisov,H
2014-15,Group stage,2014-12-10,Ajax,4,0,APOEL FC,H
2014-15,Round of 16,2015-02-17,Paris SG,1,1,Chelsea,D
2014-15,Round of 16,2015-02-17,Shakhtar D.,0,0,Bayern Munich,D
2014-15,Round of 16,2015-02-18,Basel,1,1,Porto,D
2014-15,Round of 16,2015-02-18,Schalke 04,0,2,Real Madrid,A
2014-15,Round of 16,2015-02-24,Manchester City,1,2,Barcelona,A
2014-15,Round of 16,2015-02-24,Juventus,2,1,Dortmund,H
2014-15,Round of 16,2015-02-25,Arsenal,1,3,Monaco,A
2014-15,Round of 16,2015-02-25,Leverkusen,1,0,Atlético Madrid,H
2014-15,Round of 16,2015-03-10,Porto,4,0,Basel,H
2014-15,Round of 16,2015-03-10,Real Madrid,3,4,Schalke 04,A
2014-15,Round of 16,2015-03-11,Chelsea,2,2,Paris SG,D
2014-15,Round of 16,2015-03-11,Bayern Munich,7,0,Shakhtar D.,H
2014-15,Round of 16,2015-03-17,Atlético Madrid,1,0,Leverkusen,H
2014-15,Round of 16,2015-03-17,Monaco,0,2,Arsenal,A
2014-15,Round of 16,2015-03-18,Barcelona,1,0,Manchester City,H
2014-15,Round of 16,2015-03-18,Dortmund,0,3,Juventus,A
2014-15,Quarter-finals,2015-04-14,Atlético Madrid,0,0,Real Madrid,D
2014-15,Quarter-finals,2015-04-14,Juventus,1,0,Monaco,H
2014-15,Quarter-finals,2015-04-15,Porto,3,1,Bayern Munich,H
2014-15,Quarter-finals,2015-04-15,Paris SG,1,3,Barcelona,A
2014-15,Quarter-finals,2015-04-21,Barcelona,2,0,Paris SG,H
2014-15,Quarter-finals,2015-04-21,Bayern Munich,6,1,Porto,H
2014-15,Quarter-finals,2015-04-22,Real Madrid,1,0,Atlético Madrid,H
2014-15,Quarter-finals,2015-04-22,Monaco,0,0,Juventus,D
2014-15,Semi-finals,2015-05-05,Juventus,2,1,Real Madrid,H
2014-15,Semi-finals,2015-05-06,Barcelona,3,0,Bayern Munich,H
2014-15,Semi-finals,2015-05-12,Bayern Munich,3,2,Barcelona,H
2014-15,Semi-finals,2015-05-13,Real Madrid,1,1,Juventus,D
2014-15,Final,2015-06-06,Juventus,1,3,Barcelona,A
2015-16,Group stage,2015-09-15,Manchester City,1,2,Juventus,A
2015-16,Group stage,2015-09-15,Benfica,2,0,FC Astana,H
2015-16,Group stage,2015-09-15,Sevilla,3,0,Gladbach,H
2015-16,Group stage,2015-09-15,Wolfsburg,1,0,CSKA Moscow,H
2015-16,Group stage,2015-09-15,PSV,2,1,Manchester Utd,H
2015-16,Group stage,2015-09-15,Paris SG,2,0,Malmö,H
2015-16,Group stage,2015-09-15,Real Madrid,4,0,Shakhtar D.,H
2015-16,Group stage,2015-09-15,Galatasaray,0,2,Atlético Madrid,A
2015-16,Group stage,2015-09-16,Chelsea,4,0,Maccabi Tel Aviv,H
2015-16,Group stage,2015-09-16,Gent,1,1,Lyon,D
2015-16,Group stage,2015-09-16,Leverkusen,4,1,BATE Borisov,H
2015-16,Group stage,2015-09-16,Roma,1,1,Barcelona,D
2015-16,Group stage,2015-09-16,Dinamo Zagreb,2,1,Arsenal,H
2015-16,Group stage,2015-09-16,Valencia,2,3,Zenit,A
2015-16,Group stage,2015-09-16,Dynamo Kyiv,2,2,Porto,D
2015-16,Group stage,2015-09-16,Olympiacos,0,3,Bayern Munich,A
2015-16,Group stage,2015-09-29,Porto,2,1,Chelsea,H
2015-16,Group stage,2015-09-29,Arsenal,2,3,Olympiacos,A
2015-16,Group stage,2015-09-29,Barcelona,2,1,Leverkusen,H
2015-16,Group stage,2015-09-29,Bayern Munich,5,0,Dinamo Zagreb,H
2015-16,Group stage,2015-09-29,Lyon,0,1,Valencia,A
2015-16,Group stage,2015-09-29,Maccabi Tel Aviv,0,2,Dynamo Kyiv,A
2015-16,Group stage,2015-09-29,Zenit,2,1,Gent,H
2015-16,Group stage,2015-09-29,BATE Borisov,3,2,Roma,H
2015-16,Group stage,2015-09-30,Manchester Utd,2,1,Wolfsburg,H
2015-16,Group stage,2015-09-30,Gladbach,1,2,Manchester City,A
2015-16,Group stage,2015-09-30,Atlético Madrid,1,2,Benfica,A
2015-16,Group stage,2015-09-30,Malmö,0,2,Real Madrid,A
2015-16,Group stage,2015-09-30,Juventus,2,0,Sevilla,H
2015-16,Group stage,2015-09-30,CSKA Moscow,3,2,PSV,H
2015-16,Group stage,2015-09-30,Shakhtar D.,0,3,Paris SG,A
2015-16,Group stage,2015-09-30,FC Astana,2,2,Galatasaray,D
2015-16,Group stage,2015-10-20,Arsenal,2,0,Bayern Munich,H
2015-16,Group stage,2015-10-20,Porto,2,0,Maccabi Tel Aviv,H
2015-16,Group stage,2015-10-20,Leverkusen,4,4,Roma,D
2015-16,Group stage,2015-10-20,Dinamo Zagreb,0,1,Olympiacos,A
2015-16,Group stage,2015-10-20,Valencia,2,1,Gent,H
2015-16,Group stage,2015-10-20,BATE Borisov,0,2,Barcelona,A
2015-16,Group stage,2015-10-20,Dynamo Kyiv,0,0,Chelsea,D
2015-16,Group stage,2015-10-20,Zenit,3,1,Lyon,H
2015-16,Group stage,2015-10-21,Manchester City,2,1,Sevilla,H
2015-16,Group stage,2015-10-21,Atlético Madrid,4,0,FC Astana,H
2015-16,Group stage,2015-10-21,Paris SG,0,0,Real Madrid,D
2015-16,Group stage,2015-10-21,Juventus,0,0,Gladbach,D
2015-16,Group stage,2015-10-21,Malmö,1,0,Shakhtar D.,H
2015-16,Group stage,2015-10-21,Wolfsburg,2,0,PSV,H
2015-16,Group stage,2015-10-21,Galatasaray,2,1,Benfica,H
2015-16,Group stage,2015-10-21,CSKA Moscow,1,1,Manchester Utd,D
2015-16,Group stage,2015-11-03,Benfica,2,1,Galatasaray,H
2015-16,Group stage,2015-11-03,Manchester Utd,1,0,CSKA Moscow,H
2015-16,Group stage,2015-11-03,Sevilla,1,3,Manchester City,A
2015-16,Group stage,2015-11-03,Real Madrid,1,0,Paris SG,H
2015-16,Group stage,2015-11-03,Gladbach,1,1,Juventus,D
2015-16,Group stage,2015-11-03,PSV,2,0,Wolfsburg,H
2015-16,Group stage,2015-11-03,FC Astana,0,0,Atlético Madrid,D
2015-16,Group stage,2015-11-03,Shakhtar D.,4,0,Malmö,H
2015-16,Group stage,2015-11-04,Chelsea,2,1,Dynamo Kyiv,H
2015-16,Group stage,2015-11-04,Barcelona,3,0,BATE Borisov,H
2015-16,Group stage,2015-11-04,Roma,3,2,Leverkusen,H
2015-16,Group stage,2015-11-04,Lyon,0,2,Zenit,A
2015-16,Group stage,2015-11-04,Gent,1,0,Valencia,H
2015-16,Group stage,2015-11-04,Bayern Munich,5,1,Arsenal,H
2015-16,Group stage,2015-11-04,Maccabi Tel Aviv,1,3,Porto,A
2015-16,Group stage,2015-11-04,Olympiacos,2,1,Dinamo Zagreb,H
2015-16,Group stage,2015-11-24,Arsenal,3,0,Dinamo Zagreb,H
2015-16,Group stage,2015-11-24,Porto,0,2,Dynamo Kyiv,A
2015-16,Group stage,2015-11-24,BATE Borisov,1,1,Leverkusen,D
2015-16,Group stage,2015-11-24,Zenit,2,0,Valencia,H
2015-16,Group stage,2015-11-24,Barcelona,6,1,Roma,H
2015-16,Group stage,2015-11-24,Lyon,1,2,Gent,A
2015-16,Group stage,2015-11-24,Bayern Munich,4,0,Olympiacos,H
2015-16,Group stage,2015-11-24,Maccabi Tel Aviv,0,4,Chelsea,A
2015-16,Group stage,2015-11-25,Manchester Utd,0,0,PSV,D
2015-16,Group stage,2015-11-25,CSKA Moscow,0,2,Wolfsburg,A
2015-16,Group stage,2015-11-25,Juventus,1,0,Manchester City,H
2015-16,Group stage,2015-11-25,Gladbach,4,2,Sevilla,H
2015-16,Group stage,2015-11-25,Malmö,0,5,Paris SG,A
2015-16,Group stage,2015-11-25,Atlético Madrid,2,0,Galatasaray,H
2015-16,Group stage,2015-11-25,FC Astana,2,2,Benfica,D
2015-16,Group stage,2015-11-25,Shakhtar D.,3,4,Real Madrid,A
2015-16,Group stage,2015-12-08,Manchester City,4,2,Gladbach,H
2015-16,Group stage,2015-12-08,Benfica,1,2,Atlético Madrid,A
2015-16,Group stage,2015-12-08,Real Madrid,8,0,Malmö,H
2015-16,Group stage,2015-12-08,PSV,2,1,CSKA Moscow,H
2015-16,Group stage,2015-12-08,Wolfsburg,3,2,Manchester Utd,H
2015-16,Group stage,2015-12-08,Paris SG,2,0,Shakhtar D.,H
2015-16,Group stage,2015-12-08,Sevilla,1,0,Juventus,H
2015-16,Group stage,2015-12-08,Galatasaray,1,1,FC Astana,D
2015-16,Group stage,2015-12-09,Chelsea,2,0,Porto,H
2015-16,Group stage,2015-12-09,Dinamo Zagreb,0,2,Bayern Munich,A
2015-16,Group stage,2015-12-09,Roma,0,0,BATE Borisov,D
2015-16,Group stage,2015-12-09,Leverkusen,1,1,Barcelona,D
2015-16,Group stage,2015-12-09,Valencia,0,2,Lyon,A
2015-16,Group stage,2015-12-09,Gent,2,1,Zenit,H
2015-16,Group stage,2015-12-09,Dynamo Kyiv,1,0,Maccabi Tel Aviv,H
2015-16,Group stage,2015-12-09,Olympiacos,0,3,Arsenal,A
2015-16,Round of 16,2016-02-16,Benfica,1,0,Zenit,H
2015-16,Round of 16,2016-02-16,Paris SG,2,1,Chelsea,H
2015-16,Round of 16,2016-02-17,Roma,0,2,Real Madrid,A
2015-16,Round of 16,2016-02-17,Gent,2,3,Wolfsburg,A
2015-16,Round of 16,2016-02-23,Arsenal,0,2,Barcelona,A
2015-16,Round of 16,2016-02-23,Juventus,2,2,Bayern Munich,D
2015-16,Round of 16,2016-02-24,PSV,0,0,Atlético Madrid,D
2015-16,Round of 16,2016-02-24,Dynamo Kyiv,1,3,Manchester City,A
2015-16,Round of 16,2016-03-08,Real Madrid,2,0,Roma,H
2015-16,Round of 16,2016-03-08,Wolfsburg,1,0,Gent,H
2015-16,Round of 16,2016-03-09,Chelsea,1,2,Paris SG,A
2015-16,Round of 16,2016-03-09,Zenit,1,2,Benfica,A
2015-16,Round of 16,2016-03-15,Manchester City,0,0,Dynamo Kyiv,D
2015-16,Round of 16,2016-03-15,Atlético Madrid,0,0,PSV,D
2015-16,Round of 16,2016-03-16,Barcelona,3,1,Arsenal,H
2015-16,Round of 16,2016-03-16,Bayern Munich,4,2,Juventus,H
2015-16,Quarter-finals,2016-04-05,Barcelona,2,1,Atlético Madrid,H
2015-16,Quarter-finals,2016-04-05,Bayern Munich,1,0,Benfica,H
2015-16,Quarter-finals,2016-04-06,Wolfsburg,2,0,Real Madrid,H
2015-16,Quarter-finals,2016-04-06,Paris SG,2,2,Manchester City,D
2015-16,Quarter-finals,2016-04-12,Manchester City,1,0,Paris SG,H
2015-16,Quarter-finals,2016-04-12,Real Madrid,3,0,Wolfsburg,H
2015-16,Quarter-finals,2016-04-13,Benfica,2,2,Bayern Munich,D
2015-16,Quarter-finals,2016-04-13,Atlético Madrid,2,0,Barcelona,H
2015-16,Semi-finals,2016-04-26,Manchester City,0,0,Real Madrid,D
2015-16,Semi-finals,2016-04-27,Atlético Madrid,1,0,Bayern Munich,H
2015-16,Semi-finals,2016-05-03,Bayern Munich,2,1,Atlético Madrid,H
2015-16,Semi-finals,2016-05-04,Real Madrid,1,0,Manchester City,H
2015-16,Final,2016-05-28,Real Madrid,1,1,Atlético Madrid,D
2016-17,Group stage,2016-09-13,Benfica,1,1,Beşiktaş,D
2016-17,Group stage,2016-09-13,Bayern Munich,5,0,Rostov,H
2016-17,Group stage,2016-09-13,Paris SG,1,1,Arsenal,D
2016-17,Group stage,2016-09-13,Barcelona,7,0,Celtic,H
2016-17,Group stage,2016-09-13,PSV,0,1,Atlético Madrid,A
2016-17,Group stage,2016-09-13,Basel,1,1,Ludogorets,D
2016-17,Group stage,2016-09-13,Dynamo Kyiv,1,2,Napoli,A
2016-17,Group stage,2016-09-14,Porto,1,1,FC Copenhagen,D
2016-17,Group stage,2016-09-14,Tottenham,1,2,Monaco,A
2016-17,Group stage,2016-09-14,Manchester City,4,0,Gladbach,H
2016-17,Group stage,2016-09-14,Club Brugge,0,3,Leicester City,A
2016-17,Group stage,2016-09-14,Real Madrid,2,1,Sporting CP,H
2016-17,Group stage,2016-09-14,Legia Warsaw,0,6,Dortmund,A
2016-17,Group stage,2016-09-14,Leverkusen,2,2,CSKA Moscow,D
2016-17,Group stage,2016-09-14,Lyon,3,0,Dinamo Zagreb,H
2016-17,Group stage,2016-09-14,Juventus,0,0,Sevilla,D
2016-17,Group stage,2016-09-27,Sporting CP,2,0,Legia Warsaw,H
2016-17,Group stage,2016-09-27,Leicester City,1,0,Porto,H
2016-17,Group stage,2016-09-27,Sevilla,1,0,Lyon,H
2016-17,Group stage,2016-09-27,Monaco,1,1,Leverkusen,D
2016-17,Group stage,2016-09-27,FC Copenhagen,4,0,Club Brugge,H
2016-17,Group stage,2016-09-27,Dortmund,2,2,Real Madrid,D
2016-17,Group stage,2016-09-27,Dinamo Zagreb,0,4,Juventus,A
2016-17,Group stage,2016-09-27,CSKA Moscow,0,1,Tottenham,A
2016-17,Group stage,2016-09-28,Celtic,3,3,Manchester City,D
2016-17,Group stage,2016-09-28,Arsenal,2,0,Basel,H
2016-17,Group stage,2016-09-28,Gladbach,1,2,Barcelona,A
2016-17,Group stage,2016-09-28,Napoli,4,2,Benfica,H
2016-17,Group stage,2016-09-28,Atlético Madrid,1,0,Bayern Munich,H
2016-17,Group stage,2016-09-28,Beşiktaş,1,1,Dynamo Kyiv,D
2016-17,Group stage,2016-09-28,Rostov,2,2,PSV,D
2016-17,Group stage,2016-09-28,Ludogorets,1,3,Paris SG,A
2016-17,Group stage,2016-10-18,Sporting CP,1,2,Dortmund,A
2016-17,Group stage,2016-10-18,Leicester City,1,0,FC Copenhagen,H
2016-17,Group stage,2016-10-18,Lyon,0,1,Juventus,A
2016-17,Group stage,2016-10-18,Leverkusen,0,0,Tottenham,D
2016-17,Group stage,2016-10-18,Club Brugge,1,2,Porto,A
2016-17,Group stage,2016-10-18,Real Madrid,5,1,Legia Warsaw,H
2016-17,Group stage,2016-10-18,Dinamo Zagreb,0,1,Sevilla,A
2016-17,Group stage,2016-10-18,CSKA Moscow,1,1,Monaco,D
2016-17,Group stage,2016-10-19,Celtic,0,2,Gladbach,A
2016-17,Group stage,2016-10-19,Arsenal,6,0,Ludogorets,H
2016-17,Group stage,2016-10-19,Paris SG,3,0,Basel,H
2016-17,Group stage,2016-10-19,Barcelona,4,0,Manchester City,H
2016-17,Group stage,2016-10-19,Bayern Munich,4,1,PSV,H
2016-17,Group stage,2016-10-19,Napoli,2,3,Beşiktaş,A
2016-17,Group stage,2016-10-19,Dynamo Kyiv,0,2,Benfica,A
2016-17,Group stage,2016-10-19,Rostov,0,1,Atlético Madrid,A
2016-17,Group stage,2016-11-01,Manchester City,3,1,Barcelona,H
2016-17,Group stage,2016-11-01,Benfica,1,0,Dynamo Kyiv,H
2016-17,Group stage,2016-11-01,PSV,1,2,Bayern Munich,A
2016-17,Group stage,2016-11-01,Basel,1,2,Paris SG,A
2016-17,Group stage,2016-11-01,Atlético Madrid,2,1,Rostov,H
2016-17,Group stage,2016-11-01,Beşiktaş,1,1,Napoli,D
2016-17,Group stage,2016-11-01,Gladbach,1,1,Celtic,D
2016-17,Group stage,2016-11-01,Ludogorets,2,3,Arsenal,A
2016-17,Group stage,2016-11-02,Porto,1,0,Club Brugge,H
2016-17,Group stage,2016-11-02,Tottenham,0,1,Leverkusen,A
2016-17,Group stage,2016-11-02,Legia Warsaw,3,3,Real Madrid,D
2016-17,Group stage,2016-11-02,FC Copenhagen,0,0,Leicester City,D
2016-17,Group stage,2016-11-02,Juventus,1,1,Lyon,D
2016-17,Group stage,2016-11-02,Monaco,3,0,CSKA Moscow,H
2016-17,Group stage,2016-11-02,Sevilla,4,0,Dinamo Zagreb,H
2016-17,Group stage,2016-11-02,Dortmund,1,0,Sporting CP,H
2016-17,Group stage,2016-11-22,Sporting CP,1,2,Real Madrid,A
2016-17,Group stage,2016-11-22,Leicester City,2,1,Club Brugge,H
2016-17,Group stage,2016-11-22,CSKA Moscow,1,1,Leverkusen,D
2016-17,Group stage,2016-11-22,Dortmund,8,4,Legia Warsaw,H
2016-17,Group stage,2016-11-22,Monaco,2,1,Tottenham,H
2016-17,Group stage,2016-11-22,FC Copenhagen,0,0,Porto,D
2016-17,Group stage,2016-11-22,Sevilla,1,3,Juventus,A
2016-17,Group stage,2016-11-22,Dinamo Zagreb,0,1,Lyon,A
2016-17,Group stage,2016-11-23,Arsenal,2,2,Paris SG,D
2016-17,Group stage,2016-11-23,Celtic,0,2,Barcelona,A
2016-17,Group stage,2016-11-23,Rostov,3,2,Bayern Munich,H
2016-17,Group stage,2016-11-23,Gladbach,1,1,Manchester City,D
2016-17,Group stage,2016-11-23,Atlético Madrid,2,0,PSV,H
2016-17,Group stage,2016-11-23,Napoli,0,0,Dynamo Kyiv,D
2016-17,Group stage,2016-11-23,Beşiktaş,3,3,Benfica,D
2016-17,Group stage,2016-11-23,Ludogorets,0,0,Basel,D
2016-17,Group stage,2016-12-06,Manchester City,1,1,Celtic,D
2016-17,Group stage,2016-12-06,Benfica,1,2,Napoli,A
2016-17,Group stage,2016-12-06,Basel,1,4,Arsenal,A
2016-17,Group stage,2016-12-06,Paris SG,2,2,Ludogorets,D
2016-17,Group stage,2016-12-06,Barcelona,4,0,Gladbach,H
2016-17,Group stage,2016-12-06,PSV,0,0,Rostov,D
2016-17,Group stage,2016-12-06,Bayern Munich,1,0,Atlético Madrid,H
2016-17,Group stage,2016-12-06,Dynamo Kyiv,6,0,Beşiktaş,H
2016-17,Group stage,2016-12-07,Tottenham,3,1,CSKA Moscow,H
2016-17,Group stage,2016-12-07,Porto,5,0,Leicester City,H
2016-17,Group stage,2016-12-07,Legia Warsaw,1,0,Sporting CP,H
2016-17,Group stage,2016-12-07,Lyon,0,0,Sevilla,D
2016-17,Group stage,2016-12-07,Real Madrid,2,2,Dortmund,D
2016-17,Group stage,2016-12-07,Club Brugge,0,2,FC Copenhagen,A
2016-17,Group stage,2016-12-07,Leverkusen,3,0,Monaco,H
2016-17,Group stage,2016-12-07,Juventus,2,0,Dinamo Zagreb,H
2016-17,Round of 16,2017-02-14,Benfica,1,0,Dortmund,H
2016-17,Round of 16,2017-02-14,Paris SG,4,0,Barcelona,H
2016-17,Round of 16,2017-02-15,Bayern Munich,5,1,Arsenal,H
2016-17,Round of 16,2017-02-15,Real Madrid,3,1,Napoli,H
2016-17,Round of 16,2017-02-21,Manchester City,5,3,Monaco,H
2016-17,Round of 16,2017-02-21,Leverkusen,2,4,Atlético Madrid,A
2016-17,Round of 16,2017-02-22,Porto,0,2,Juventus,A
2016-17,Round of 16,2017-02-22,Sevilla,2,1,Leicester City,H
2016-17,Round of 16,2017-03-07,Arsenal,1,5,Bayern Munich,A
2016-17,Round of 16,2017-03-07,Napoli,1,3,Real Madrid,A
2016-17,Round of 16,2017-03-08,Barcelona,6,1,Paris SG,H
2016-17,Round of 16,2017-03-08,Dortmund,4,0,Benfica,H
2016-17,Round of 16,2017-03-14,Leicester City,2,0,Sevilla,H
2016-17,Round of 16,2017-03-14,Juventus,1,0,Porto,H
2016-17,Round of 16,2017-03-15,Atlético Madrid,0,0,Leverkusen,D
2016-17,Round of 16,2017-03-15,Monaco,3,1,Manchester City,H
2016-17,Quarter-finals,2017-04-11,Juventus,3,0,Barcelona,H
2016-17,Quarter-finals,2017-04-12,Dortmund,2,3,Monaco,A
2016-17,Quarter-finals,2017-04-12,Atlético Madrid,1,0,Leicester City,H
2016-17,Quarter-finals,2017-04-12,Bayern Munich,1,2,Real Madrid,A
2016-17,Quarter-finals,2017-04-18,Leicester City,1,1,Atlético Madrid,D
2016-17,Quarter-finals,2017-04-18,Real Madrid,4,2,Bayern Munich,H
2016-17,Quarter-finals,2017-04-19,Barcelona,0,0,Juventus,D
2016-17,Quarter-finals,2017-04-19,Monaco,3,1,Dortmund,H
2016-17,Semi-finals,2017-05-02,Real Madrid,3,0,Atlético Madrid,H
2016-17,Semi-finals,2017-05-03,Monaco,0,2,Juventus,A
2016-17,Semi-finals,2017-05-09,Juventus,2,1,Monaco,H
2016-17,Semi-finals,2017-05-10,Atlético Madrid,2,1,Real Madrid,H
2016-17,Final,2017-06-03,Juventus,1,4,Real Madrid,A
2017-18,Group stage,2017-09-12,Chelsea,6,0,Qarabağ,H
2017-18,Group stage,2017-09-12,Celtic,0,5,Paris SG,A
2017-18,Group stage,2017-09-12,Manchester Utd,3,0,Basel,H
2017-18,Group stage,2017-09-12,Benfica,1,2,CSKA Moscow,A
2017-18,Group stage,2017-09-12,Roma,0,0,Atlético Madrid,D
2017-18,Group stage,2017-09-12,Barcelona,3,0,Juventus,H
2017-18,Group stage,2017-09-12,Bayern Munich,3,0,Anderlecht,H
2017-18,Group stage,2017-09-12,Olympiacos,2,3,Sporting CP,A
2017-18,Group stage,2017-09-13,Porto,1,3,Beşiktaş,A
2017-18,Group stage,2017-09-13,Liverpool,2,2,Sevilla,D
2017-18,Group stage,2017-09-13,Tottenham,3,1,Dortmund,H
2017-18,Group stage,2017-09-13,NK Maribor,1,1,Spartak Moscow,D
2017-18,Group stage,2017-09-13,Feyenoord,0,4,Manchester City,A
2017-18,Group stage,2017-09-13,RB Leipzig,1,1,Monaco,D
2017-18,Group stage,2017-09-13,Real Madrid,3,0,APOEL FC,H
2017-18,Group stage,2017-09-13,Shakhtar D.,2,1,Napoli,H
2017-18,Group stage,2017-09-26,Manchester City,2,0,Shakhtar D.,H
2017-18,Group stage,2017-09-26,Sevilla,3,0,NK Maribor,H
2017-18,Group stage,2017-09-26,Dortmund,1,3,Real Madrid,A
2017-18,Group stage,2017-09-26,Monaco,0,3,Porto,A
2017-18,Group stage,2017-09-26,Napoli,3,1,Feyenoord,H
2017-18,Group stage,2017-09-26,Spartak Moscow,1,1,Liverpool,D
2017-18,Group stage,2017-09-26,Beşiktaş,2,0,RB Leipzig,H
2017-18,Group stage,2017-09-26,APOEL FC,0,3,Tottenham,A
2017-18,Group stage,2017-09-27,Sporting CP,0,1,Barcelona,A
2017-18,Group stage,2017-09-27,Qarabağ,1,2,Roma,A
2017-18,Group stage,2017-09-27,Atlético Madrid,1,2,Chelsea,A
2017-18,Group stage,2017-09-27,Juventus,2,0,Olympiacos,H
2017-18,Group stage,2017-09-27,Basel,5,0,Benfica,H
2017-18,Group stage,2017-09-27,Paris SG,3,0,Bayern Munich,H
2017-18,Group stage,2017-09-27,Anderlecht,0,3,Celtic,A
2017-18,Group stage,2017-09-28,CSKA Moscow,1,4,Manchester Utd,A
2017-18,Group stage,2017-10-17,Manchester City,2,1,Napoli,H
2017-18,Group stage,2017-10-17,Feyenoord,1,2,Shakhtar D.,A
2017-18,Group stage,2017-10-17,Monaco,1,2,Beşiktaş,A
2017-18,Group stage,2017-10-17,RB Leipzig,3,2,Porto,H
2017-18,Group stage,2017-10-17,Real Madrid,1,1,Tottenham,D
2017-18,Group stage,2017-10-17,NK Maribor,0,7,Liverpool,A
2017-18,Group stage,2017-10-17,Spartak Moscow,5,1,Sevilla,H
2017-18,Group stage,2017-10-17,APOEL FC,1,1,Dortmund,D
2017-18,Group stage,2017-10-18,Benfica,0,1,Manchester Utd,A
2017-18,Group stage,2017-10-18,Chelsea,3,3,Roma,D
2017-18,Group stage,2017-10-18,Qarabağ,0,0,Atlético Madrid,D
2017-18,Group stage,2017-10-18,Barcelona,3,1,Olympiacos,H
2017-18,Group stage,2017-10-18,Anderlecht,0,4,Paris SG,A
2017-18,Group stage,2017-10-18,Bayern Munich,3,0,Celtic,H
2017-18,Group stage,2017-10-18,Juventus,2,1,Sporting CP,H
2017-18,Group stage,2017-10-18,CSKA Moscow,0,2,Basel,A
2017-18,Group stage,2017-10-31,Celtic,1,2,Bayern Munich,A
2017-18,Group stage,2017-10-31,Sporting CP,1,1,Juventus,D
2017-18,Group stage,2017-10-31,Manchester Utd,2,0,Benfica,H
2017-18,Group stage,2017-10-31,Paris SG,5,0,Anderlecht,H
2017-18,Group stage,2017-10-31,Atlético Madrid,1,1,Qarabağ,D
2017-18,Group stage,2017-10-31,Roma,3,0,Chelsea,H
2017-18,Group stage,2017-10-31,Basel,1,2,CSKA Moscow,A
2017-18,Group stage,2017-10-31,Olympiacos,0,0,Barcelona,D
2017-18,Group stage,2017-11-01,Tottenham,3,1,Real Madrid,H
2017-18,Group stage,2017-11-01,Porto,3,1,RB Leipzig,H
2017-18,Group stage,2017-11-01,Liverpool,3,0,NK Maribor,H
2017-18,Group stage,2017-11-01,Beşiktaş,1,1,Monaco,D
2017-18,Group stage,2017-11-01,Sevilla,2,1,Spartak Moscow,H
2017-18,Group stage,2017-11-01,Dortmund,1,1,APOEL FC,D
2017-18,Group stage,2017-11-01,Napoli,2,4,Manchester City,A
2017-18,Group stage,2017-11-01,Shakhtar D.,3,1,Feyenoord,H
2017-18,Group stage,2017-11-21,Manchester City,1,0,Feyenoord,H
2017-18,Group stage,2017-11-21,Beşiktaş,1,1,Porto,D
2017-18,Group stage,2017-11-21,Spartak Moscow,1,1,NK Maribor,D
2017-18,Group stage,2017-11-21,Sevilla,3,3,Liverpool,D
2017-18,Group stage,2017-11-21,Napoli,3,0,Shakhtar D.,H
2017-18,Group stage,2017-11-21,Dortmund,1,2,Tottenham,A
2017-18,Group stage,2017-11-21,Monaco,1,4,RB Leipzig,A
2017-18,Group stage,2017-11-21,APOEL FC,0,6,Real Madrid,A
2017-18,Group stage,2017-11-22,Sporting CP,3,1,Olympiacos,H
2017-18,Group stage,2017-11-22,CSKA Moscow,2,0,Benfica,H
2017-18,Group stage,2017-11-22,Juventus,0,0,Barcelona,D
2017-18,Group stage,2017-11-22,Basel,1,0,Manchester Utd,H
2017-18,Group stage,2017-11-22,Anderlecht,1,2,Bayern Munich,A
2017-18,Group stage,2017-11-22,Paris SG,7,1,Celtic,H
2017-18,Group stage,2017-11-22,Atlético Madrid,2,0,Roma,H
2017-18,Group stage,2017-11-22,Qarabağ,0,4,Chelsea,A
2017-18,Group stage,2017-12-05,Chelsea,1,1,Atlético Madrid,D
2017-18,Group stage,2017-12-05,Celtic,0,1,Anderlecht,A
2017-18,Group stage,2017-12-05,Manchester Utd,2,1,CSKA Moscow,H
2017-18,Group stage,2017-12-05,Benfica,0,2,Basel,A
2017-18,Group stage,2017-12-05,Barcelona,2,0,Sporting CP,H
2017-18,Group stage,2017-12-05,Roma,1,0,Qarabağ,H
2017-18,Group stage,2017-12-05,Bayern Munich,3,1,Paris SG,H
2017-18,Group stage,2017-12-05,Olympiacos,0,2,Juventus,A
2017-18,Group stage,2017-12-06,Tottenham,3,0,APOEL FC,H
2017-18,Group stage,2017-12-06,Porto,5,2,Monaco,H
2017-18,Group stage,2017-12-06,Liverpool,7,0,Spartak Moscow,H
2017-18,Group stage,2017-12-06,RB Leipzig,1,2,Beşiktaş,A
2017-18,Group stage,2017-12-06,Feyenoord,2,1,Napoli,H
2017-18,Group stage,2017-12-06,NK Maribor,1,1,Sevilla,D
2017-18,Group stage,2017-12-06,Real Madrid,3,2,Dortmund,H
2017-18,Group stage,2017-12-06,Shakhtar D.,2,1,Manchester City,H
2017-18,Round of 16,2018-02-13,Basel,0,4,Manchester City,A
2017-18,Round of 16,2018-02-13,Juventus,2,2,Tottenham,D
2017-18,Round of 16,2018-02-14,Porto,0,5,Liverpool,A
2017-18,Round of 16,2018-02-14,Real Madrid,3,1,Paris SG,H
2017-18,Round of 16,2018-02-20,Chelsea,1,1,Barcelona,D
2017-18,Round of 16,2018-02-20,Bayern Munich,5,0,Beşiktaş,H
2017-18,Round of 16,2018-02-21,Sevilla,0,0,Manchester Utd,D
2017-18,Round of 16,2018-02-21,Shakhtar D.,2,1,Roma,H
2017-18,Round of 16,2018-03-06,Liverpool,0,0,Porto,D
2017-18,Round of 16,2018-03-06,Paris SG,1,2,Real Madrid,A
2017-18,Round of 16,2018-03-07,Tottenham,1,2,Juventus,A
2017-18,Round of 16,2018-03-07,Manchester City,1,2,Basel,A
2017-18,Round of 16,2018-03-13,Manchester Utd,1,2,Sevilla,A
2017-18,Round of 16,2018-03-13,Roma,1,0,Shakhtar D.,H
2017-18,Round of 16,2018-03-14,Beşiktaş,1,3,Bayern Munich,A
2017-18,Round of 16,2018-03-14,Barcelona,3,0,Chelsea,H
2017-18,Quarter-finals,2018-04-03,Sevilla,1,2,Bayern Munich,A
2017-18,Quarter-finals,2018-04-03,Juventus,0,3,Real Madrid,A
2017-18,Quarter-finals,2018-04-04,Liverpool,3,0,Manchester City,H
2017-18,Quarter-finals,2018-04-04,Barcelona,4,1,Roma,H
2017-18,Quarter-finals,2018-04-10,Manchester City,1,2,Liverpool,A
2017-18,Quarter-finals,2018-04-10,Roma,3,0,Barcelona,H
2017-18,Quarter-finals,2018-04-11,Bayern Munich,0,0,Sevilla,D
2017-18,Quarter-finals,2018-04-11,Real Madrid,1,3,Juventus,A
2017-18,Semi-finals,2018-04-24,Liverpool,5,2,Roma,H
2017-18,Semi-finals,2018-04-25,Bayern Munich,1,2,Real Madrid,A
2017-18,Semi-finals,2018-05-01,Real Madrid,2,2,Bayern Munich,D
2017-18,Semi-finals,2018-05-02,Roma,4,2,Liverpool,H
2017-18,Final,2018-05-26,Real Madrid,3,1,Liverpool,H
2018-19,Group stage,2018-09-18,Barcelona,4,0,PSV,H
2018-19,Group stage,2018-09-18,Inter,2,1,Tottenham,H
2018-19,Group stage,2018-09-18,Liverpool,3,2,Paris SG,H
2018-19,Group stage,2018-09-18,Red Star,0,0,Napoli,D
2018-19,Group stage,2018-09-18,Club Brugge,0,1,Dortmund,A
2018-19,Group stage,2018-09-18,Monaco,1,2,Atlético Madrid,A
2018-19,Group stage,2018-09-18,Schalke 04,1,1,Porto,D
2018-19,Group stage,2018-09-18,Galatasaray,3,0,Loko Moscow,H
2018-19,Group stage,2018-09-19,Ajax,3,0,AEK Athens,H
2018-19,Group stage,2018-09-19,Shakhtar D.,2,2,Hoffenheim,D
2018-19,Group stage,2018-09-19,Manchester City,1,2,Lyon,A
2018-19,Group stage,2018-09-19,Benfica,0,2,Bayern Munich,A
2018-19,Group stage,2018-09-19,Valencia,0,2,Juventus,A
2018-19,Group stage,2018-09-19,Real Madrid,3,0,Roma,H
2018-19,Group stage,2018-09-19,Young Boys,0,3,Manchester Utd,A
2018-19,Group stage,2018-09-19,Viktoria Plzeň,2,2,CSKA Moscow,D
2018-19,Group stage,2018-10-02,Hoffenheim,1,2,Manchester City,A
2018-19,Group stage,2018-10-02,Juventus,3,0,Young Boys,H
2018-19,Group stage,2018-10-02,Manchester Utd,0,0,Valencia,D
2018-19,Group stage,2018-10-02,Bayern Munich,1,1,Ajax,D
2018-19,Group stage,2018-10-02,Lyon,2,2,Shakhtar D.,D
2018-19,Group stage,2018-10-02,Roma,5,0,Viktoria Plzeň,H
2018-19,Group stage,2018-10-02,CSKA Moscow,1,0,Real Madrid,H
2018-19,Group stage,2018-10-02,AEK Athens,2,3,Benfica,A
2018-19,Group stage,2018-10-03,Paris SG,6,1,Red Star,H
2018-19,Group stage,2018-10-03,Loko Moscow,0,1,Schalke 04,A
2018-19,Group stage,2018-10-03,Porto,1,0,Galatasaray,H
2018-19,Group stage,2018-10-03,Tottenham,2,4,Barcelona,A
2018-19,Group stage,2018-10-03,Dortmund,3,0,Monaco,H
2018-19,Group stage,2018-10-03,PSV,1,2,Inter,A
2018-19,Group stage,2018-10-03,Napoli,1,0,Liverpool,H
2018-19,Group stage,2018-10-03,Atlético Madrid,3,1,Club Brugge,H
2018-19,Group stage,2018-10-23,Young Boys,1,1,Valencia,D
2018-19,Group stage,2018-10-23,AEK Athens,0,2,Bayern Munich,A
2018-19,Group stage,2018-10-23,Manchester Utd,0,1,Juventus,A
2018-19,Group stage,2018-10-23,Real Madrid,2,1,Viktoria Plzeň,H
2018-19,Group stage,2018-10-23,Roma,3,0,CSKA Moscow,H
2018-19,Group stage,2018-10-23,Hoffenheim,3,3,Lyon,D
2018-19,Group stage,2018-10-23,Ajax,1,0,Benfica,H
2018-19,Group stage,2018-10-23,Shakhtar D.,0,3,Manchester City,A
2018-19,Group stage,2018-10-24,Club Brugge,1,1,Monaco,D
2018-19,Group stage,2018-10-24,PSV,2,2,Tottenham,D
2018-19,Group stage,2018-10-24,Liverpool,4,0,Red Star,H
2018-19,Group stage,2018-10-24,Barcelona,2,0,Inter,H
2018-19,Group stage,2018-10-24,Paris SG,2,2,Napoli,D
2018-19,Group stage,2018-10-24,Dortmund,4,0,Atlético Madrid,H
2018-19,Group stage,2018-10-24,Loko Moscow,1,3,Porto,A
2018-19,Group stage,2018-10-24,Galatasaray,0,0,Schalke 04,D
2018-19,Group stage,2018-11-06,Red Star,2,0,Liverpool,H
2018-19,Group stage,2018-11-06,Monaco,0,4,Club Brugge,A
2018-19,Group stage,2018-11-06,Porto,4,1,Loko Moscow,H
2018-19,Group stage,2018-11-06,Tottenham,2,1,PSV,H
2018-19,Group stage,2018-11-06,Napoli,1,1,Paris SG,D
2018-19,Group stage,2018-11-06,Schalke 04,2,0,Galatasaray,H
2018-19,Group stage,2018-11-06,Atlético Madrid,2,0,Dortmund,H
2018-19,Group stage,2018-11-06,Inter,1,1,Barcelona,D
2018-19,Group stage,2018-11-07,Valencia,3,1,Young Boys,H
2018-19,Group stage,2018-11-07,Benfica,1,1,Ajax,D
2018-19,Group stage,2018-11-07,Manchester City,6,0,Shakhtar D.,H
2018-19,Group stage,2018-11-07,CSKA Moscow,1,2,Roma,A
2018-19,Group stage,2018-11-07,Viktoria Plzeň,0,5,Real Madrid,A
2018-19,Group stage,2018-11-07,Bayern Munich,2,0,AEK Athens,H
2018-19,Group stage,2018-11-07,Lyon,2,2,Hoffenheim,D
2018-19,Group stage,2018-11-07,Juventus,1,2,Manchester Utd,A
2018-19,Group stage,2018-11-27,AEK Athens,0,2,Ajax,A
2018-19,Group stage,2018-11-27,Manchester Utd,1,0,Young Boys,H
2018-19,Group stage,2018-11-27,CSKA Moscow,1,2,Viktoria Plzeň,A
2018-19,Group stage,2018-11-27,Roma,0,2,Real Madrid,A
2018-19,Group stage,2018-11-27,Juventus,1,0,Valencia,H
2018-19,Group stage,2018-11-27,Lyon,2,2,Manchester City,D
2018-19,Group stage,2018-11-27,Hoffenheim,2,3,Shakhtar D.,A
2018-19,Group stage,2018-11-27,Bayern Munich,5,1,Benfica,H
2018-19,Group stage,2018-11-28,Atlético Madrid,2,0,Monaco,H
2018-19,Group stage,2018-11-28,Tottenham,1,0,Inter,H
2018-19,Group stage,2018-11-28,Porto,3,1,Schalke 04,H
2018-19,Group stage,2018-11-28,Loko Moscow,2,0,Galatasaray,H
2018-19,Group stage,2018-11-28,Paris SG,2,1,Liverpool,H
2018-19,Group stage,2018-11-28,Dortmund,0,0,Club Brugge,D
2018-19,Group stage,2018-11-28,Napoli,3,1,Red Star,H
2018-19,Group stage,2018-11-28,PSV,1,2,Barcelona,A
2018-19,Group stage,2018-12-11,Schalke 04,1,0,Loko Moscow,H
2018-19,Group stage,2018-12-11,Liverpool,1,0,Napoli,H
2018-19,Group stage,2018-12-11,Galatasaray,2,3,Porto,A
2018-19,Group stage,2018-12-11,Red Star,1,4,Paris SG,A
2018-19,Group stage,2018-12-11,Monaco,0,2,Dortmund,A
2018-19,Group stage,2018-12-11,Club Brugge,0,0,Atlético Madrid,D
2018-19,Group stage,2018-12-11,Barcelona,1,1,Tottenham,D
2018-19,Group stage,2018-12-11,Inter,1,1,PSV,D
2018-19,Group stage,2018-12-12,Viktoria Plzeň,2,1,Roma,H
2018-19,Group stage,2018-12-12,Real Madrid,0,3,CSKA Moscow,A
2018-19,Group stage,2018-12-12,Manchester City,2,1,Hoffenheim,H
2018-19,Group stage,2018-12-12,Benfica,1,0,AEK Athens,H
2018-19,Group stage,2018-12-12,Valencia,2,1,Manchester Utd,H
2018-19,Group stage,2018-12-12,Young Boys,2,1,Juventus,H
2018-19,Group stage,2018-12-12,Ajax,3,3,Bayern Munich,D
2018-19,Group stage,2018-12-12,Shakhtar D.,1,1,Lyon,D
2018-19,Round of 16,2019-02-12,Manchester Utd,0,2,Paris SG,A
2018-19,Round of 16,2019-02-12,Roma,2,1,Porto,H
2018-19,Round of 16,2019-02-13,Tottenham,3,0,Dortmund,H
2018-19,Round of 16,2019-02-13,Ajax,1,2,Real Madrid,A
2018-19,Round of 16,2019-02-19,Liverpool,0,0,Bayern Munich,D
2018-19,Round of 16,2019-02-19,Lyon,0,0,Barcelona,D
2018-19,Round of 16,2019-02-20,Schalke 04,2,3,Manchester City,A
2018-19,Round of 16,2019-02-20,Atlético Madrid,2,0,Juventus,H
2018-19,Round of 16,2019-03-05,Real Madrid,1,4,Ajax,A
2018-19,Round of 16,2019-03-05,Dortmund,0,1,Tottenham,A
2018-19,Round of 16,2019-03-06,Porto,3,1,Roma,H
2018-19,Round of 16,2019-03-06,Paris SG,1,3,Manchester Utd,A
2018-19,Round of 16,2019-03-12,Manchester City,7,0,Schalke 04,H
2018-19,Round of 16,2019-03-12,Juventus,3,0,Atlético Madrid,H
2018-19,Round of 16,2019-03-13,Barcelona,5,1,Lyon,H
2018-19,Round of 16,2019-03-13,Bayern Munich,1,3,Liverpool,A
2018-19,Quarter-finals,2019-04-09,Liverpool,2,0,Porto,H
2018-19,Quarter-finals,2019-04-09,Tottenham,1,0,Manchester City,H
2018-19,Quarter-finals,2019-04-10,Manchester Utd,0,1,Barcelona,A
2018-19,Quarter-finals,2019-04-10,Ajax,1,1,Juventus,D
2018-19,Quarter-finals,2019-04-16,Juventus,1,2,Ajax,A
2018-19,Quarter-finals,2019-04-16,Barcelona,3,0,Manchester Utd,H
2018-19,Quarter-finals,2019-04-17,Porto,1,4,Liverpool,A
2018-19,Quarter-finals,2019-04-17,Manchester City,4,3,Tottenham,H
2018-19,Semi-finals,2019-04-30,Tottenham,0,1,Ajax,A
2018-19,Semi-finals,2019-05-01,Barcelona,3,0,Liverpool,H
2018-19,Semi-finals,2019-05-07,Liverpool,4,0,Barcelona,H
2018-19,Semi-finals,2019-05-08,Ajax,2,3,Tottenham,A
2018-19,Final,2019-06-01,Tottenham,0,2,Liverpool,A
2019-20,Group stage,2019-09-17,Lyon,1,1,Zenit,D
2019-20,Group stage,2019-09-17,Inter,1,1,Slavia Prague,D
2019-20,Group stage,2019-09-17,Chelsea,0,1,Valencia,A
2019-20,Group stage,2019-09-17,Benfica,1,2,RB Leipzig,A
2019-20,Group stage,2019-09-17,Dortmund,0,0,Barcelona,D
2019-20,Group stage,2019-09-17,RB Salzburg,6,2,Genk,H
2019-20,Group stage,2019-09-17,Ajax,3,0,Lille,H
2019-20,Group stage,2019-09-17,Napoli,2,0,Liverpool,H
2019-20,Group stage,2019-09-18,Club Brugge,0,0,Galatasaray,D
2019-20,Group stage,2019-09-18,Olympiacos,2,2,Tottenham,D
2019-20,Group stage,2019-09-18,Atlético Madrid,2,2,Juventus,D
2019-20,Group stage,2019-09-18,Paris SG,3,0,Real Madrid,H
2019-20,Group stage,2019-09-18,Bayern Munich,3,0,Red Star,H
2019-20,Group stage,2019-09-18,Dinamo Zagreb,4,0,Atalanta,H
2019-20,Group stage,2019-09-18,Leverkusen,1,2,Loko Moscow,A
2019-20,Group stage,2019-09-18,Shakhtar D.,0,3,Manchester City,A
2019-20,Group stage,2019-10-01,Atalanta,1,2,Shakhtar D.,A
2019-20,Group stage,2019-10-01,Real Madrid,2,2,Club Brugge,D
2019-20,Group stage,2019-10-01,Manchester City,2,0,Dinamo Zagreb,H
2019-20,Group stage,2019-10-01,Tottenham,2,7,Bayern Munich,A
2019-20,Group stage,2019-10-01,Juventus,3,0,Leverkusen,H
2019-20,Group stage,2019-10-01,Red Star,3,1,Olympiacos,H
2019-20,Group stage,2019-10-01,Loko Moscow,0,2,Atlético Madrid,A
2019-20,Group stage,2019-10-01,Galatasaray,0,1,Paris SG,A
2019-20,Group stage,2019-10-02,Genk,0,0,Napoli,D
2019-20,Group stage,2019-10-02,Slavia Prague,0,2,Dortmund,A
2019-20,Group stage,2019-10-02,Liverpool,4,3,RB Salzburg,H
2019-20,Group stage,2019-10-02,Barcelona,2,1,Inter,H
2019-20,Group stage,2019-10-02,RB Leipzig,0,2,Lyon,A
2019-20,Group stage,2019-10-02,Lille,1,2,Chelsea,A
2019-20,Group stage,2019-10-02,Valencia,0,3,Ajax,A
2019-20,Group stage,2019-10-02,Zenit,3,1,Benfica,H
2019-20,Group stage,2019-10-22,Atlético Madrid,1,0,Leverkusen,H
2019-20,Group stage,2019-10-22,Shakhtar D.,2,2,Dinamo Zagreb,D
2019-20,Group stage,2019-10-22,Tottenham,5,0,Red Star,H
2019-20,Group stage,2019-10-22,Manchester City,5,1,Atalanta,H
2019-20,Group stage,2019-10-22,Club Brugge,0,5,Paris SG,A
2019-20,Group stage,2019-10-22,Juventus,2,1,Loko Moscow,H
2019-20,Group stage,2019-10-22,Olympiacos,2,3,Bayern Munich,A
2019-20,Group stage,2019-10-22,Galatasaray,0,1,Real Madrid,A
2019-20,Group stage,2019-10-23,RB Leipzig,2,1,Zenit,H
2019-20,Group stage,2019-10-23,Ajax,0,1,Chelsea,A
2019-20,Group stage,2019-10-23,Benfica,2,1,Lyon,H
2019-20,Group stage,2019-10-23,Inter,2,0,Dortmund,H
2019-20,Group stage,2019-10-23,RB Salzburg,2,3,Napoli,A
2019-20,Group stage,2019-10-23,Lille,1,1,Valencia,D
2019-20,Group stage,2019-10-23,Genk,1,4,Liverpool,A
2019-20,Group stage,2019-10-23,Slavia Prague,1,2,Barcelona,A
2019-20,Group stage,2019-11-05,Barcelona,0,0,Slavia Prague,D
2019-20,Group stage,2019-11-05,Liverpool,2,1,Genk,H
2019-20,Group stage,2019-11-05,Chelsea,4,4,Ajax,D
2019-20,Group stage,2019-11-05,Zenit,0,2,RB Leipzig,A
2019-20,Group stage,2019-11-05,Valencia,4,1,Lille,H
2019-20,Group stage,2019-11-05,Napoli,1,1,RB Salzburg,D
2019-20,Group stage,2019-11-05,Dortmund,3,2,Inter,H
2019-20,Group stage,2019-11-05,Lyon,3,1,Benfica,H
2019-20,Group stage,2019-11-06,Bayern Munich,2,0,Olympiacos,H
2019-20,Group stage,2019-11-06,Loko Moscow,1,2,Juventus,A
2019-20,Group stage,2019-11-06,Atalanta,1,1,Manchester City,D
2019-20,Group stage,2019-11-06,Leverkusen,2,1,Atlético Madrid,H
2019-20,Group stage,2019-11-06,Paris SG,1,0,Club Brugge,H
2019-20,Group stage,2019-11-06,Real Madrid,6,0,Galatasaray,H
2019-20,Group stage,2019-11-06,Red Star,0,4,Tottenham,A
2019-20,Group stage,2019-11-06,Dinamo Zagreb,3,3,Shakhtar D.,D
2019-20,Group stage,2019-11-26,Manchester City,1,1,Shakhtar D.,D
2019-20,Group stage,2019-11-26,Tottenham,4,2,Olympiacos,H
2019-20,Group stage,2019-11-26,Galatasaray,1,1,Club Brugge,D
2019-20,Group stage,2019-11-26,Loko Moscow,0,2,Leverkusen,A
2019-20,Group stage,2019-11-26,Real Madrid,2,2,Paris SG,D
2019-20,Group stage,2019-11-26,Red Star,0,6,Bayern Munich,A
2019-20,Group stage,2019-11-26,Juventus,1,0,Atlético Madrid,H
2019-20,Group stage,2019-11-26,Atalanta,2,0,Dinamo Zagreb,H
2019-20,Group stage,2019-11-27,Valencia,2,2,Chelsea,D
2019-20,Group stage,2019-11-27,Liverpool,1,1,Napoli,D
2019-20,Group stage,2019-11-27,Zenit,2,0,Lyon,H
2019-20,Group stage,2019-11-27,Slavia Prague,1,3,Inter,A
2019-20,Group stage,2019-11-27,Genk,1,4,RB Salzburg,A
2019-20,Group stage,2019-11-27,Lille,0,2,Ajax,A
2019-20,Group stage,2019-11-27,RB Leipzig,2,2,Benfica,D
2019-20,Group stage,2019-11-27,Barcelona,3,1,Dortmund,H
2019-20,Group stage,2019-12-10,Napoli,4,0,Genk,H
2019-20,Group stage,2019-12-10,RB Salzburg,0,2,Liverpool,A
2019-20,Group stage,2019-12-10,Benfica,3,0,Zenit,H
2019-20,Group stage,2019-12-10,Chelsea,2,1,Lille,H
2019-20,Group stage,2019-12-10,Inter,1,2,Barcelona,A
2019-20,Group stage,2019-12-10,Lyon,2,2,RB Leipzig,D
2019-20,Group stage,2019-12-10,Ajax,0,1,Valencia,A
2019-20,Group stage,2019-12-10,Dortmund,2,1,Slavia Prague,H
2019-20,Group stage,2019-12-11,Dinamo Zagreb,1,4,Manchester City,A
2019-20,Group stage,2019-12-11,Shakhtar D.,0,3,Atalanta,A
2019-20,Group stage,2019-12-11,Paris SG,5,0,Galatasaray,H
2019-20,Group stage,2019-12-11,Bayern Munich,3,1,Tottenham,H
2019-20,Group stage,2019-12-11,Atlético Madrid,2,0,Loko Moscow,H
2019-20,Group stage,2019-12-11,Leverkusen,0,2,Juventus,A
2019-20,Group stage,2019-12-11,Club Brugge,1,3,Real Madrid,A
2019-20,Group stage,2019-12-11,Olympiacos,1,0,Red Star,H
2019-20,Round of 16,2020-02-18,Dortmund,2,1,Paris SG,H
2019-20,Round of 16,2020-02-18,Atlético Madrid,1,0,Liverpool,H
2019-20,Round of 16,2020-02-19,Tottenham,0,1,RB Leipzig,A
2019-20,Round of 16,2020-02-19,Atalanta,4,1,Valencia,H
2019-20,Round of 16,2020-02-25,Chelsea,0,3,Bayern Munich,A
2019-20,Round of 16,2020-02-25,Napoli,1,1,Barcelona,D
2019-20,Round of 16,2020-02-26,Real Madrid,1,2,Manchester City,A
2019-20,Round of 16,2020-02-26,Lyon,1,0,Juventus,H
2019-20,Round of 16,2020-03-10,Valencia,3,4,Atalanta,A
2019-20,Round of 16,2020-03-10,RB Leipzig,3,0,Tottenham,H
2019-20,Round of 16,2020-03-11,Liverpool,2,3,Atlético Madrid,A
2019-20,Round of 16,2020-03-11,Paris SG,2,0,Dortmund,H
2019-20,Round of 16,2020-08-07,Manchester City,2,1,Real Madrid,H
2019-20,Round of 16,2020-08-07,Juventus,2,1,Lyon,H
2019-20,Round of 16,2020-08-08,Barcelona,3,1,Napoli,H
2019-20,Round of 16,2020-08-08,Bayern Munich,4,1,Chelsea,H
2019-20,Quarter-finals,2020-08-12,Atalanta,1,2,Paris SG,A
2019-20,Quarter-finals,2020-08-13,RB Leipzig,2,1,Atlético Madrid,H
2019-20,Quarter-finals,2020-08-14,Barcelona,2,8,Bayern Munich,A
2019-20,Quarter-finals,2020-08-15,Manchester City,1,3,Lyon,A
2019-20,Semi-finals,2020-08-18,RB Leipzig,0,3,Paris SG,A
2019-20,Semi-finals,2020-08-19,Lyon,0,3,Bayern Munich,A
2019-20,Final,2020-08-23,Paris SG,0,1,Bayern Munich,A
2020-21,Group stage,2020-10-20,Zenit,1,2,Club Brugge,A
2020-21,Group stage,2020-10-20,Dynamo Kyiv,0,2,Juventus,A
2020-21,Group stage,2020-10-20,Chelsea,0,0,Sevilla,D
2020-21,Group stage,2020-10-20,Barcelona,5,1,Ferencváros,H
2020-21,Group stage,2020-10-20,RB Leipzig,2,0,Başakşehir,H
2020-21,Group stage,2020-10-20,Rennes,1,1,Krasnodar,D
2020-21,Group stage,2020-10-20,Paris SG,1,2,Manchester Utd,A
2020-21,Group stage,2020-10-20,Lazio,3,1,Dortmund,H
2020-21,Group stage,2020-10-21,Real Madrid,2,3,Shakhtar D.,A
2020-21,Group stage,2020-10-21,RB Salzburg,2,2,Loko Moscow,D
2020-21,Group stage,2020-10-21,Manchester City,3,1,Porto,H
2020-21,Group stage,2020-10-21,Bayern Munich,4,0,Atlético Madrid,H
2020-21,Group stage,2020-10-21,Inter,2,2,Gladbach,D
2020-21,Group stage,2020-10-21,Ajax,0,1,Liverpool,A
2020-21,Group stage,2020-10-21,Midtjylland,0,4,Atalanta,A
2020-21,Group stage,2020-10-21,Olympiacos,1,0,Marseille,H
2020-21,Group stage,2020-10-27,Shakhtar D.,0,0,Inter,D
2020-21,Group stage,2020-10-27,Liverpool,2,0,Midtjylland,H
2020-21,Group stage,2020-10-27,Porto,2,0,Olympiacos,H
2020-21,Group stage,2020-10-27,Loko Moscow,1,2,Bayern Munich,A
2020-21,Group stage,2020-10-27,Marseille,0,3,Manchester City,A
2020-21,Group stage,2020-10-27,Atalanta,2,2,Ajax,D
2020-21,Group stage,2020-10-27,Atlético Madrid,3,2,RB Salzburg,H
2020-21,Group stage,2020-10-27,Gladbach,2,2,Real Madrid,D
2020-21,Group stage,2020-10-28,Manchester Utd,5,0,RB Leipzig,H
2020-21,Group stage,2020-10-28,Krasnodar,0,4,Chelsea,A
2020-21,Group stage,2020-10-28,Başakşehir,0,2,Paris SG,A
2020-21,Group stage,2020-10-28,Dortmund,2,0,Zenit,H
2020-21,Group stage,2020-10-28,Club Brugge,1,1,Lazio,D
2020-21,Group stage,2020-10-28,Sevilla,1,0,Rennes,H
2020-21,Group stage,2020-10-28,Ferencváros,2,2,Dynamo Kyiv,D
2020-21,Group stage,2020-10-28,Juventus,0,2,Barcelona,A
2020-21,Group stage,2020-11-03,Shakhtar D.,0,6,Gladbach,A
2020-21,Group stage,2020-11-03,Porto,3,0,Marseille,H
2020-21,Group stage,2020-11-03,Manchester City,3,0,Olympiacos,H
2020-21,Group stage,2020-11-03,Loko Moscow,1,1,Atlético Madrid,D
2020-21,Group stage,2020-11-03,RB Salzburg,2,6,Bayern Munich,A
2020-21,Group stage,2020-11-03,Midtjylland,1,2,Ajax,A
2020-21,Group stage,2020-11-03,Real Madrid,3,2,Inter,H
2020-21,Group stage,2020-11-03,Atalanta,0,5,Liverpool,A
2020-21,Group stage,2020-11-04,Chelsea,3,0,Rennes,H
2020-21,Group stage,2020-11-04,Başakşehir,2,1,Manchester Utd,H
2020-21,Group stage,2020-11-04,Zenit,1,1,Lazio,D
2020-21,Group stage,2020-11-04,Sevilla,3,2,Krasnodar,H
2020-21,Group stage,2020-11-04,Club Brugge,0,3,Dortmund,A
2020-21,Group stage,2020-11-04,Ferencváros,1,4,Juventus,A
2020-21,Group stage,2020-11-04,Barcelona,2,1,Dynamo Kyiv,H
2020-21,Group stage,2020-11-04,RB Leipzig,2,1,Paris SG,H
2020-21,Group stage,2020-11-24,Rennes,1,2,Chelsea,A
2020-21,Group stage,2020-11-24,Manchester Utd,4,1,Başakşehir,H
2020-21,Group stage,2020-11-24,Krasnodar,1,2,Sevilla,A
2020-21,Group stage,2020-11-24,Lazio,3,1,Zenit,H
2020-21,Group stage,2020-11-24,Paris SG,1,0,RB Leipzig,H
2020-21,Group stage,2020-11-24,Dortmund,3,0,Club Brugge,H
2020-21,Group stage,2020-11-24,Juventus,2,1,Ferencváros,H
2020-21,Group stage,2020-11-24,Dynamo Kyiv,0,4,Barcelona,A
2020-21,Group stage,2020-11-25,Gladbach,4,0,Shakhtar D.,H
2020-21,Group stage,2020-11-25,Olympiacos,0,1,Manchester City,A
2020-21,Group stage,2020-11-25,Liverpool,0,2,Atalanta,A
2020-21,Group stage,2020-11-25,Marseille,0,2,Porto,A
2020-21,Group stage,2020-11-25,Inter,0,2,Real Madrid,A
2020-21,Group stage,2020-11-25,Ajax,3,1,Midtjylland,H
2020-21,Group stage,2020-11-25,Atlético Madrid,0,0,Loko Moscow,D
2020-21,Group stage,2020-11-25,Bayern Munich,3,1,RB Salzburg,H
2020-21,Group stage,2020-12-01,Shakhtar D.,2,0,Real Madrid,H
2020-21,Group stage,2020-12-01,Liverpool,1,0,Ajax,H
2020-21,Group stage,2020-12-01,Porto,0,0,Manchester City,D
2020-21,Group stage,2020-12-01,Loko Moscow,1,3,RB Salzburg,A
2020-21,Group stage,2020-12-01,Marseille,2,1,Olympiacos,H
2020-21,Group stage,2020-12-01,Atalanta,1,1,Midtjylland,D
2020-21,Group stage,2020-12-01,Gladbach,2,3,Inter,A
2020-21,Group stage,2020-12-01,Atlético Madrid,1,1,Bayern Munich,D
2020-21,Group stage,2020-12-02,Manchester Utd,1,3,Paris SG,A
2020-21,Group stage,2020-12-02,Krasnodar,1,0,Rennes,H
2020-21,Group stage,2020-12-02,Başakşehir,3,4,RB Leipzig,A
2020-21,Group stage,2020-12-02,Club Brugge,3,0,Zenit,H
2020-21,Group stage,2020-12-02,Juventus,3,0,Dynamo Kyiv,H
2020-21,Group stage,2020-12-02,Dortmund,1,1,Lazio,D
2020-21,Group stage,2020-12-02,Ferencváros,0,3,Barcelona,A
2020-21,Group stage,2020-12-02,Sevilla,0,4,Chelsea,A
2020-21,Group stage,2020-12-08,Lazio,2,2,Club Brugge,D
2020-21,Group stage,2020-12-08,Chelsea,1,1,Krasnodar,D
2020-21,Group stage,2020-12-08,Zenit,1,2,Dortmund,A
2020-21,Group stage,2020-12-08,Barcelona,0,3,Juventus,A
2020-21,Group stage,2020-12-08,Rennes,1,3,Sevilla,A
2020-21,Group stage,2020-12-08,RB Leipzig,3,2,Manchester Utd,H
2020-21,Group stage,2020-12-08,Dynamo Kyiv,1,0,Ferencváros,H
2020-21,Group stage,2020-12-09,Ajax,0,1,Atalanta,A
2020-21,Group stage,2020-12-09,Paris SG,5,1,Başakşehir,H
2020-21,Group stage,2020-12-09,Midtjylland,1,1,Liverpool,D
2020-21,Group stage,2020-12-09,Manchester City,3,0,Marseille,H
2020-21,Group stage,2020-12-09,Real Madrid,2,0,Gladbach,H
2020-21,Group stage,2020-12-09,Bayern Munich,2,0,Loko Moscow,H
2020-21,Group stage,2020-12-09,RB Salzburg,0,2,Atlético Madrid,A
2020-21,Group stage,2020-12-09,Inter,0,0,Shakhtar D.,D
2020-21,Group stage,2020-12-09,Olympiacos,0,2,Porto,A
2020-21,Round of 16,2021-02-16,Barcelona,1,4,Paris SG,A
2020-21,Round of 16,2021-02-16,RB Leipzig,0,2,Liverpool,A
2020-21,Round of 16,2021-02-17,Porto,2,1,Juventus,H
2020-21,Round of 16,2021-02-17,Sevilla,2,3,Dortmund,A
2020-21,Round of 16,2021-02-23,Lazio,1,4,Bayern Munich,A
2020-21,Round of 16,2021-02-23,Atlético Madrid,0,1,Chelsea,A
2020-21,Round of 16,2021-02-24,Gladbach,0,2,Manchester City,A
2020-21,Round of 16,2021-02-24,Atalanta,0,1,Real Madrid,A
2020-21,Round of 16,2021-03-09,Juventus,3,2,Porto,H
2020-21,Round of 16,2021-03-09,Dortmund,2,2,Sevilla,D
2020-21,Round of 16,2021-03-10,Liverpool,2,0,RB Leipzig,H
2020-21,Round of 16,2021-03-10,Paris SG,1,1,Barcelona,D
2020-21,Round of 16,2021-03-16,Manchester City,2,0,Gladbach,H
2020-21,Round of 16,2021-03-16,Real Madrid,3,1,Atalanta,H
2020-21,Round of 16,2021-03-17,Chelsea,2,0,Atlético Madrid,H
2020-21,Round of 16,2021-03-17,Bayern Munich,2,1,Lazio,H
2020-21,Quarter-finals,2021-04-06,Manchester City,2,1,Dortmund,H
2020-21,Quarter-finals,2021-04-06,Real Madrid,3,1,Liverpool,H
2020-21,Quarter-finals,2021-04-07,Porto,0,2,Chelsea,A
2020-21,Quarter-finals,2021-04-07,Bayern Munich,2,3,Paris SG,A
2020-21,Quarter-finals,2021-04-13,Chelsea,0,1,Porto,A
2020-21,Quarter-finals,2021-04-13,Paris SG,0,1,Bayern Munich,A
2020-21,Quarter-finals,2021-04-14,Liverpool,0,0,Real Madrid,D
2020-21,Quarter-finals,2021-04-14,Dortmund,1,2,Manchester City,A
2020-21,Semi-finals,2021-04-27,Real Madrid,1,1,Chelsea,D
2020-21,Semi-finals,2021-04-28,Paris SG,1,2,Manchester City,A
2020-21,Semi-finals,2021-05-04,Manchester City,2,0,Paris SG,H
2020-21,Semi-finals,2021-05-05,Chelsea,2,0,Real Madrid,H
2020-21,Final,2021-05-29,Manchester City,0,1,Chelsea,A
2021-22,Group stage,2021-09-14,Sevilla,1,1,RB Salzburg,D
2021-22,Group stage,2021-09-14,Young Boys,2,1,Manchester Utd,H
2021-22,Group stage,2021-09-14,Chelsea,1,0,Zenit,H
2021-22,Group stage,2021-09-14,Villarreal,2,2,Atalanta,D
2021-22,Group stage,2021-09-14,Barcelona,0,3,Bayern Munich,A
2021-22,Group stage,2021-09-14,Lille,0,0,Wolfsburg,D
2021-22,Group stage,2021-09-14,Malmö,0,3,Juventus,A
2021-22,Group stage,2021-09-14,Dynamo Kyiv,0,0,Benfica,D
2021-22,Group stage,2021-09-15,Sheriff Tiraspol,2,0,Shakhtar D.,H
2021-22,Group stage,2021-09-15,Beşiktaş,1,2,Dortmund,A
2021-22,Group stage,2021-09-15,Sporting CP,1,5,Ajax,A
2021-22,Group stage,2021-09-15,Manchester City,6,3,RB Leipzig,H
2021-22,Group stage,2021-09-15,Liverpool,3,2,Milan,H
2021-22,Group stage,2021-09-15,Inter,0,1,Real Madrid,A
2021-22,Group stage,2021-09-15,Club Brugge,1,1,Paris SG,D
2021-22,Group stage,2021-09-15,Atlético Madrid,0,0,Porto,D
2021-22,Group stage,2021-09-28,Ajax,2,0,Beşiktaş,H
2021-22,Group stage,2021-09-28,Shakhtar D.,0,0,Inter,D
2021-22,Group stage,2021-09-28,Porto,1,5,Liverpool,A
2021-22,Group stage,2021-09-28,Real Madrid,1,2,Sheriff Tiraspol,A
2021-22,Group stage,2021-09-28,RB Leipzig,1,2,Club Brugge,A
2021-22,Group stage,2021-09-28,Dortmund,1,0,Sporting CP,H
2021-22,Group stage,2021-09-28,Paris SG,2,0,Manchester City,H
2021-22,Group stage,2021-09-28,Milan,1,2,Atlético Madrid,A
2021-22,Group stage,2021-09-29,Atalanta,1,0,Young Boys,H
2021-22,Group stage,2021-09-29,Zenit,4,0,Malmö,H
2021-22,Group stage,2021-09-29,Manchester Utd,2,1,Villarreal,H
2021-22,Group stage,2021-09-29,Benfica,3,0,Barcelona,H
2021-22,Group stage,2021-09-29,RB Salzburg,2,1,Lille,H
2021-22,Group stage,2021-09-29,Juventus,1,0,Chelsea,H
2021-22,Group stage,2021-09-29,Bayern Munich,5,0,Dynamo Kyiv,H
2021-22,Group stage,2021-09-29,Wolfsburg,1,1,Sevilla,D
2021-22,Group stage,2021-10-19,Club Brugge,1,5,Manchester City,A
2021-22,Group stage,2021-10-19,Beşiktaş,1,4,Sporting CP,A
2021-22,Group stage,2021-10-19,Porto,1,0,Milan,H
2021-22,Group stage,2021-10-19,Atlético Madrid,2,3,Liverpool,A
2021-22,Group stage,2021-10-19,Inter,3,1,Sheriff Tiraspol,H
2021-22,Group stage,2021-10-19,Paris SG,3,2,RB Leipzig,H
2021-22,Group stage,2021-10-19,Ajax,4,0,Dortmund,H
2021-22,Group stage,2021-10-19,Shakhtar D.,0,5,Real Madrid,A
2021-22,Group stage,2021-10-20,RB Salzburg,3,1,Wolfsburg,H
2021-22,Group stage,2021-10-20,Barcelona,1,0,Dynamo Kyiv,H
2021-22,Group stage,2021-10-20,Manchester Utd,3,2,Atalanta,H
2021-22,Group stage,2021-10-20,Benfica,0,4,Bayern Munich,A
2021-22,Group stage,2021-10-20,Chelsea,4,0,Malmö,H
2021-22,Group stage,2021-10-20,Lille,0,0,Sevilla,D
2021-22,Group stage,2021-10-20,Young Boys,1,4,Villarreal,A
2021-22,Group stage,2021-10-20,Zenit,0,1,Juventus,A
2021-22,Group stage,2021-11-02,Wolfsburg,2,1,RB Salzburg,H
2021-22,Group stage,2021-11-02,Malmö,0,1,Chelsea,A
2021-22,Group stage,2021-11-02,Bayern Munich,5,2,Benfica,H
2021-22,Group stage,2021-11-02,Atalanta,2,2,Manchester Utd,D
2021-22,Group stage,2021-11-02,Villarreal,2,0,Young Boys,H
2021-22,Group stage,2021-11-02,Juventus,4,2,Zenit,H
2021-22,Group stage,2021-11-02,Sevilla,1,2,Lille,A
2021-22,Group stage,2021-11-02,Dynamo Kyiv,0,1,Barcelona,A
2021-22,Group stage,2021-11-03,Milan,1,1,Porto,D
2021-22,Group stage,2021-11-03,Real Madrid,2,1,Shakhtar D.,H
2021-22,Group stage,2021-11-03,Manchester City,4,1,Club Brugge,H
2021-22,Group stage,2021-11-03,Sporting CP,4,0,Beşiktaş,H
2021-22,Group stage,2021-11-03,Liverpool,2,0,Atlético Madrid,H
2021-22,Group stage,2021-11-03,RB Leipzig,2,2,Paris SG,D
2021-22,Group stage,2021-11-03,Dortmund,1,3,Ajax,A
2021-22,Group stage,2021-11-03,Sheriff Tiraspol,1,3,Inter,A
2021-22,Group stage,2021-11-23,Villarreal,0,2,Manchester Utd,A
2021-22,Group stage,2021-11-23,Dynamo Kyiv,1,2,Bayern Munich,A
2021-22,Group stage,2021-11-23,Chelsea,4,0,Juventus,H
2021-22,Group stage,2021-11-23,Barcelona,0,0,Benfica,D
2021-22,Group stage,2021-11-23,Lille,1,0,RB Salzburg,H
2021-22,Group stage,2021-11-23,Young Boys,3,3,Atalanta,D
2021-22,Group stage,2021-11-23,Sevilla,2,0,Wolfsburg,H
2021-22,Group stage,2021-11-23,Malmö,1,1,Zenit,D
2021-22,Group stage,2021-11-24,Inter,2,0,Shakhtar D.,H
2021-22,Group stage,2021-11-24,Manchester City,2,1,Paris SG,H
2021-22,Group stage,2021-11-24,Sporting CP,3,1,Dortmund,H
2021-22,Group stage,2021-11-24,Liverpool,2,0,Porto,H
2021-22,Group stage,2021-11-24,Beşiktaş,1,2,Ajax,A
2021-22,Group stage,2021-11-24,Atlético Madrid,0,1,Milan,A
2021-22,Group stage,2021-11-24,Club Brugge,0,5,RB Leipzig,A
2021-22,Group stage,2021-11-24,Sheriff Tiraspol,0,3,Real Madrid,A
2021-22,Group stage,2021-12-07,Paris SG,4,1,Club Brugge,H
2021-22,Group stage,2021-12-07,RB Leipzig,2,1,Manchester City,H
2021-22,Group stage,2021-12-07,Porto,1,3,Atlético Madrid,A
2021-22,Group stage,2021-12-07,Real Madrid,2,0,Inter,H
2021-22,Group stage,2021-12-07,Dortmund,5,0,Beşiktaş,H
2021-22,Group stage,2021-12-07,Ajax,4,2,Sporting CP,H
2021-22,Group stage,2021-12-07,Milan,1,2,Liverpool,A
2021-22,Group stage,2021-12-07,Shakhtar D.,1,1,Sheriff Tiraspol,D
2021-22,Group stage,2021-12-08,Juventus,1,0,Malmö,H
2021-22,Group stage,2021-12-08,Benfica,2,0,Dynamo Kyiv,H
2021-22,Group stage,2021-12-08,Manchester Utd,1,1,Young Boys,D
2021-22,Group stage,2021-12-08,Zenit,3,3,Chelsea,D
2021-22,Group stage,2021-12-08,Bayern Munich,3,0,Barcelona,H
2021-22,Group stage,2021-12-08,Wolfsburg,1,3,Lille,A
2021-22,Group stage,2021-12-08,RB Salzburg,1,0,Sevilla,H
2021-22,Group stage,2021-12-09,Atalanta,2,3,Villarreal,A
2021-22,Round of 16,2022-02-15,Sporting CP,0,5,Manchester City,A
2021-22,Round of 16,2022-02-15,Paris SG,1,0,Real Madrid,H
2021-22,Round of 16,2022-02-16,RB Salzburg,1,1,Bayern Munich,D
2021-22,Round of 16,2022-02-16,Inter,0,2,Liverpool,A
2021-22,Round of 16,2022-02-22,Chelsea,2,0,Lille,H
2021-22,Round of 16,2022-02-22,Villarreal,1,1,Juventus,D
2021-22,Round of 16,2022-02-23,Benfica,2,2,Ajax,D
2021-22,Round of 16,2022-02-23,Atlético Madrid,1,1,Manchester Utd,D
2021-22,Round of 16,2022-03-08,Liverpool,0,1,Inter,A
2021-22,Round of 16,2022-03-08,Bayern Munich,7,1,RB Salzburg,H
2021-22,Round of 16,2022-03-09,Manchester City,0,0,Sporting CP,D
2021-22,Round of 16,2022-03-09,Real Madrid,3,1,Paris SG,H
2021-22,Round of 16,2022-03-15,Manchester Utd,0,1,Atlético Madrid,A
2021-22,Round of 16,2022-03-15,Ajax,0,1,Benfica,A
2021-22,Round of 16,2022-03-16,Lille,1,2,Chelsea,A
2021-22,Round of 16,2022-03-16,Juventus,0,3,Villarreal,A
2021-22,Quarter-finals,2022-04-05,Benfica,1,3,Liverpool,A
2021-22,Quarter-finals,2022-04-05,Manchester City,1,0,Atlético Madrid,H
2021-22,Quarter-finals,2022-04-06,Chelsea,1,3,Real Madrid,A
2021-22,Quarter-finals,2022-04-06,Villarreal,1,0,Bayern Munich,H
2021-22,Quarter-finals,2022-04-12,Bayern Munich,1,1,Villarreal,D
2021-22,Quarter-finals,2022-04-12,Real Madrid,2,3,Chelsea,A
2021-22,Quarter-finals,2022-04-13,Liverpool,3,3,Benfica,D
2021-22,Quarter-finals,2022-04-13,Atlético Madrid,0,0,Manchester City,D
2021-22,Semi-finals,2022-04-26,Manchester City,4,3,Real Madrid,H
2021-22,Semi-finals,2022-04-27,Liverpool,2,0,Villarreal,H
2021-22,Semi-finals,2022-05-03,Villarreal,2,3,Liverpool,A
2021-22,Semi-finals,2022-05-04,Real Madrid,3,1,Manchester City,H
2021-22,Final,2022-05-28,Liverpool,0,1,Real Madrid,A
2022-23,Group stage,2022-09-06,Dinamo Zagreb,1,0,Chelsea,H
2022-23,Group stage,2022-09-06,Dortmund,3,0,FC Copenhagen,H
2022-23,Group stage,2022-09-06,Celtic,0,3,Real Madrid,A
2022-23,Group stage,2022-09-06,Benfica,2,0,Maccabi Haifa,H
2022-23,Group stage,2022-09-06,RB Salzburg,1,1,Milan,D
2022-23,Group stage,2022-09-06,Sevilla,0,4,Manchester City,A
2022-23,Group stage,2022-09-06,RB Leipzig,1,4,Shakhtar D.,A
2022-23,Group stage,2022-09-06,Paris SG,2,1,Juventus,H
2022-23,Group stage,2022-09-07,Ajax,4,0,Rangers,H
2022-23,Group stage,2022-09-07,Frankfurt,0,3,Sporting CP,A
2022-23,Group stage,2022-09-07,Tottenham,2,0,Marseille,H
2022-23,Group stage,2022-09-07,Napoli,4,1,Liverpool,H
2022-23,Group stage,2022-09-07,Atlético Madrid,2,1,Porto,H
2022-23,Group stage,2022-09-07,Barcelona,5,1,Viktoria Plzeň,H
2022-23,Group stage,2022-09-07,Inter,0,2,Bayern Munich,A
2022-23,Group stage,2022-09-07,Club Brugge,1,0,Leverkusen,H
2022-23,Group stage,2022-09-13,Sporting CP,2,0,Tottenham,H
2022-23,Group stage,2022-09-13,Viktoria Plzeň,0,2,Inter,A
2022-23,Group stage,2022-09-13,Liverpool,2,1,Ajax,H
2022-23,Group stage,2022-09-13,Porto,0,4,Club Brugge,A
2022-23,Group stage,2022-09-13,Leverkusen,2,0,Atlético Madrid,H
2022-23,Group stage,2022-09-13,Marseille,0,1,Frankfurt,A
2022-23,Group stage,2022-09-13,Bayern Munich,2,0,Barcelona,H
2022-23,Group stage,2022-09-14,Milan,3,1,Dinamo Zagreb,H
2022-23,Group stage,2022-09-14,Shakhtar D.,1,1,Celtic,D
2022-23,Group stage,2022-09-14,Rangers,0,3,Napoli,A
2022-23,Group stage,2022-09-14,Chelsea,1,1,RB Salzburg,D
2022-23,Group stage,2022-09-14,Manchester City,2,1,Dortmund,H
2022-23,Group stage,2022-09-14,FC Copenhagen,0,0,Sevilla,D
2022-23,Group stage,2022-09-14,Juventus,1,2,Benfica,A
2022-23,Group stage,2022-09-14,Real Madrid,2,0,RB Leipzig,H
2022-23,Group stage,2022-09-14,Maccabi Haifa,1,3,Paris SG,A
2022-23,Group stage,2022-10-04,Bayern Munich,5,0,Viktoria Plzeň,H
2022-23,Group stage,2022-10-04,Marseille,4,1,Sporting CP,H
2022-23,Group stage,2022-10-04,Liverpool,2,0,Rangers,H
2022-23,Group stage,2022-10-04,Porto,2,0,Leverkusen,H
2022-23,Group stage,2022-10-04,Frankfurt,0,0,Tottenham,D
2022-23,Group stage,2022-10-04,Inter,1,0,Barcelona,H
2022-23,Group stage,2022-10-04,Ajax,1,6,Napoli,A
2022-23,Group stage,2022-10-04,Club Brugge,2,0,Atlético Madrid,H
2022-23,Group stage,2022-10-05,RB Leipzig,3,1,Celtic,H
2022-23,Group stage,2022-10-05,RB Salzburg,1,0,Dinamo Zagreb,H
2022-23,Group stage,2022-10-05,Chelsea,3,0,Milan,H
2022-23,Group stage,2022-10-05,Benfica,1,1,Paris SG,D
2022-23,Group stage,2022-10-05,Manchester City,5,0,FC Copenhagen,H
2022-23,Group stage,2022-10-05,Real Madrid,2,1,Shakhtar D.,H
2022-23,Group stage,2022-10-05,Sevilla,1,4,Dortmund,A
2022-23,Group stage,2022-10-05,Juventus,3,1,Maccabi Haifa,H
2022-23,Group stage,2022-10-11,FC Copenhagen,0,0,Manchester City,D
2022-23,Group stage,2022-10-11,Maccabi Haifa,2,0,Juventus,H
2022-23,Group stage,2022-10-11,Celtic,0,2,RB Leipzig,A
2022-23,Group stage,2022-10-11,Dortmund,1,1,Sevilla,D
2022-23,Group stage,2022-10-11,Paris SG,1,1,Benfica,D
2022-23,Group stage,2022-10-11,Milan,0,2,Chelsea,A
2022-23,Group stage,2022-10-11,Dinamo Zagreb,1,1,RB Salzburg,D
2022-23,Group stage,2022-10-11,Shakhtar D.,1,1,Real Madrid,D
2022-23,Group stage,2022-10-12,Napoli,4,2,Ajax,H
2022-23,Group stage,2022-10-12,Atlético Madrid,0,0,Club Brugge,D
2022-23,Group stage,2022-10-12,Sporting CP,0,2,Marseille,A
2022-23,Group stage,2022-10-12,Rangers,1,7,Liverpool,A
2022-23,Group stage,2022-10-12,Tottenham,3,2,Frankfurt,H
2022-23,Group stage,2022-10-12,Viktoria Plzeň,2,4,Bayern Munich,A
2022-23,Group stage,2022-10-12,Leverkusen,0,3,Porto,A
2022-23,Group stage,2022-10-12,Barcelona,3,3,Inter,D
2022-23,Group stage,2022-10-25,Sevilla,3,0,FC Copenhagen,H
2022-23,Group stage,2022-10-25,RB Salzburg,1,2,Chelsea,A
2022-23,Group stage,2022-10-25,Benfica,4,3,Juventus,H
2022-23,Group stage,2022-10-25,Celtic,1,1,Shakhtar D.,D
2022-23,Group stage,2022-10-25,Paris SG,7,2,Maccabi Haifa,H
2022-23,Group stage,2022-10-25,Dortmund,0,0,Manchester City,D
2022-23,Group stage,2022-10-25,RB Leipzig,3,2,Real Madrid,H
2022-23,Group stage,2022-10-25,Dinamo Zagreb,0,4,Milan,A
2022-23,Group stage,2022-10-26,Club Brugge,0,4,Porto,A
2022-23,Group stage,2022-10-26,Inter,4,0,Viktoria Plzeň,H
2022-23,Group stage,2022-10-26,Tottenham,1,1,Sporting CP,D
2022-23,Group stage,2022-10-26,Frankfurt,2,1,Marseille,H
2022-23,Group stage,2022-10-26,Atlético Madrid,2,2,Leverkusen,D
2022-23,Group stage,2022-10-26,Barcelona,0,3,Bayern Munich,A
2022-23,Group stage,2022-10-26,Ajax,0,3,Liverpool,A
2022-23,Group stage,2022-10-26,Napoli,3,0,Rangers,H
2022-23,Group stage,2022-11-01,Porto,2,1,Atlético Madrid,H
2022-23,Group stage,2022-11-01,Leverkusen,0,0,Club Brugge,D
2022-23,Group stage,2022-11-01,Liverpool,2,0,Napoli,H
2022-23,Group stage,2022-11-01,Rangers,1,3,Ajax,A
2022-23,Group stage,2022-11-01,Sporting CP,1,2,Frankfurt,A
2022-23,Group stage,2022-11-01,Marseille,1,2,Tottenham,A
2022-23,Group stage,2022-11-01,Bayern Munich,2,0,Inter,H
2022-23,Group stage,2022-11-01,Viktoria Plzeň,2,4,Barcelona,A
2022-23,Group stage,2022-11-02,Real Madrid,5,1,Celtic,H
2022-23,Group stage,2022-11-02,Shakhtar D.,0,4,RB Leipzig,A
2022-23,Group stage,2022-11-02,Manchester City,3,1,Sevilla,H
2022-23,Group stage,2022-11-02,Chelsea,2,1,Dinamo Zagreb,H
2022-23,Group stage,2022-11-02,FC Copenhagen,1,1,Dortmund,D
2022-23,Group stage,2022-11-02,Juventus,1,2,Paris SG,A
2022-23,Group stage,2022-11-02,Milan,4,0,RB Salzburg,H
2022-23,Group stage,2022-11-02,Maccabi Haifa,1,6,Benfica,A
2022-23,Round of 16,2023-02-14,Paris SG,0,1,Bayern Munich,A
2022-23,Round of 16,2023-02-14,Milan,1,0,Tottenham,H
2022-23,Round of 16,2023-02-15,Dortmund,1,0,Chelsea,H
2022-23,Round of 16,2023-02-15,Club Brugge,0,2,Benfica,A
2022-23,Round of 16,2023-02-21,Liverpool,2,5,Real Madrid,A
2022-23,Round of 16,2023-02-21,Frankfurt,0,2,Napoli,A
2022-23,Round of 16,2023-02-22,RB Leipzig,1,1,Manchester City,D
2022-23,Round of 16,2023-02-22,Inter,1,0,Porto,H
2022-23,Round of 16,2023-03-07,Chelsea,2,0,Dortmund,H
2022-23,Round of 16,2023-03-07,Benfica,5,1,Club Brugge,H
2022-23,Round of 16,2023-03-08,Tottenham,0,0,Milan,D
2022-23,Round of 16,2023-03-08,Bayern Munich,2,0,Paris SG,H
2022-23,Round of 16,2023-03-14,Porto,0,0,Inter,D
2022-23,Round of 16,2023-03-14,Manchester City,7,0,RB Leipzig,H
2022-23,Round of 16,2023-03-15,Napoli,3,0,Frankfurt,H
2022-23,Round of 16,2023-03-15,Real Madrid,1,0,Liverpool,H
2022-23,Quarter-finals,2023-04-11,Benfica,0,2,Inter,A
2022-23,Quarter-finals,2023-04-11,Manchester City,3,0,Bayern Munich,H
2022-23,Quarter-finals,2023-04-12,Real Madrid,2,0,Chelsea,H
2022-23,Quarter-finals,2023-04-12,Milan,1,0,Napoli,H
2022-23,Quarter-finals,2023-04-18,Chelsea,0,2,Real Madrid,A
2022-23,Quarter-finals,2023-04-18,Napoli,1,1,Milan,D
2022-23,Quarter-finals,2023-04-19,Bayern Munich,1,1,Manchester City,D
2022-23,Quarter-finals,2023-04-19,Inter,3,3,Benfica,D
2022-23,Semi-finals,2023-05-09,Real Madrid,1,1,Manchester City,D
2022-23,Semi-finals,2023-05-10,Milan,0,2,Inter,A
2022-23,Semi-finals,2023-05-16,Inter,1,0,Milan,H
2022-23,Semi-finals,2023-05-17,Manchester City,4,0,Real Madrid,H
2022-23,Final,2023-06-10,Manchester City,1,0,Inter,H
2023-24,Group stage,2023-09-19,Milan,0,0,Newcastle,D
2023-24,Group stage,2023-09-19,Young Boys,1,3,RB Leipzig,A
2023-24,Group stage,2023-09-19,Manchester City,3,1,Red Star,H
2023-24,Group stage,2023-09-19,Paris SG,2,0,Dortmund,H
2023-24,Group stage,2023-09-19,Lazio,1,1,Atlético Madrid,D
2023-24,Group stage,2023-09-19,Feyenoord,2,0,Celtic,H
2023-24,Group stage,2023-09-19,Barcelona,5,0,Antwerp,H
2023-24,Group stage,2023-09-19,Shakhtar D.,1,3,Porto,A
2023-24,Group stage,2023-09-20,Real Madrid,1,0,Union Berlin,H
2023-24,Group stage,2023-09-20,Galatasaray,2,2,FC Copenhagen,D
2023-24,Group stage,2023-09-20,Braga,1,2,Napoli,A
2023-24,Group stage,2023-09-20,Arsenal,4,0,PSV,H
2023-24,Group stage,2023-09-20,Benfica,0,2,RB Salzburg,A
2023-24,Group stage,2023-09-20,Sevilla,1,1,Lens,D
2023-24,Group stage,2023-09-20,Bayern Munich,4,3,Manchester Utd,H
2023-24,Group stage,2023-09-20,Real Sociedad,1,1,Inter,D
2023-24,Group stage,2023-10-03,RB Salzburg,0,2,Real Sociedad,A
2023-24,Group stage,2023-10-03,Union Berlin,2,3,Braga,A
2023-24,Group stage,2023-10-03,Manchester Utd,2,3,Galatasaray,A
2023-24,Group stage,2023-10-03,PSV,2,2,Sevilla,D
2023-24,Group stage,2023-10-03,Inter,1,0,Benfica,H
2023-24,Group stage,2023-10-03,FC Copenhagen,1,2,Bayern Munich,A
2023-24,Group stage,2023-10-03,Napoli,2,3,Real Madrid,A
2023-24,Group stage,2023-10-03,Lens,2,1,Arsenal,H
2023-24,Group stage,2023-10-04,Atlético Madrid,3,2,Feyenoord,H
2023-24,Group stage,2023-10-04,Antwerp,2,3,Shakhtar D.,A
2023-24,Group stage,2023-10-04,Newcastle,4,1,Paris SG,H
2023-24,Group stage,2023-10-04,Porto,0,1,Barcelona,A
2023-24,Group stage,2023-10-04,Celtic,1,2,Lazio,A
2023-24,Group stage,2023-10-04,RB Leipzig,1,3,Manchester City,A
2023-24,Group stage,2023-10-04,Dortmund,0,0,Milan,D
2023-24,Group stage,2023-10-04,Red Star,2,2,Young Boys,D
2023-24,Group stage,2023-10-24,Inter,2,1,RB Salzburg,H
2023-24,Group stage,2023-10-24,Galatasaray,1,3,Bayern Munich,A
2023-24,Group stage,2023-10-24,Manchester Utd,1,0,FC Copenhagen,H
2023-24,Group stage,2023-10-24,Benfica,0,1,Real Sociedad,A
2023-24,Group stage,2023-10-24,Braga,1,2,Real Madrid,A
2023-24,Group stage,2023-10-24,Sevilla,1,2,Arsenal,A
2023-24,Group stage,2023-10-24,Lens,1,1,PSV,D
2023-24,Group stage,2023-10-24,Union Berlin,0,1,Napoli,A
2023-24,Group stage,2023-10-25,Barcelona,2,1,Shakhtar D.,H
2023-24,Group stage,2023-10-25,Feyenoord,3,1,Lazio,H
2023-24,Group stage,2023-10-25,Celtic,2,2,Atlético Madrid,D
2023-24,Group stage,2023-10-25,Newcastle,0,1,Dortmund,A
2023-24,Group stage,2023-10-25,Antwerp,1,4,Porto,A
2023-24,Group stage,2023-10-25,Young Boys,1,3,Manchester City,A
2023-24,Group stage,2023-10-25,Paris SG,3,0,Milan,H
2023-24,Group stage,2023-10-25,RB Leipzig,3,1,Red Star,H
2023-24,Group stage,2023-11-07,Dortmund,2,0,Newcastle,H
2023-24,Group stage,2023-11-07,Shakhtar D.,1,0,Barcelona,H
2023-24,Group stage,2023-11-07,Manchester City,3,0,Young Boys,H
2023-24,Group stage,2023-11-07,Porto,2,0,Antwerp,H
2023-24,Group stage,2023-11-07,Red Star,1,2,RB Leipzig,A
2023-24,Group stage,2023-11-07,Milan,2,1,Paris SG,H
2023-24,Group stage,2023-11-07,Atlético Madrid,6,0,Celtic,H
2023-24,Group stage,2023-11-07,Lazio,1,0,Feyenoord,H
2023-24,Group stage,2023-11-08,Real Sociedad,3,1,Benfica,H
2023-24,Group stage,2023-11-08,Napoli,1,1,Union Berlin,D
2023-24,Group stage,2023-11-08,Arsenal,2,0,Sevilla,H
2023-24,Group stage,2023-11-08,PSV,1,0,Lens,H
2023-24,Group stage,2023-11-08,RB Salzburg,0,1,Inter,A
2023-24,Group stage,2023-11-08,FC Copenhagen,4,3,Manchester Utd,H
2023-24,Group stage,2023-11-08,Bayern Munich,2,1,Galatasaray,H
2023-24,Group stage,2023-11-08,Real Madrid,3,0,Braga,H
2023-24,Group stage,2023-11-28,Lazio,2,0,Celtic,H
2023-24,Group stage,2023-11-28,Shakhtar D.,1,0,Antwerp,H
2023-24,Group stage,2023-11-28,Manchester City,3,2,RB Leipzig,H
2023-24,Group stage,2023-11-28,Milan,1,3,Dortmund,A
2023-24,Group stage,2023-11-28,Paris SG,1,1,Newcastle,D
2023-24,Group stage,2023-11-28,Feyenoord,1,3,Atlético Madrid,A
2023-24,Group stage,2023-11-28,Young Boys,2,0,Red Star,H
2023-24,Group stage,2023-11-28,Barcelona,2,1,Porto,H
2023-24,Group stage,2023-11-29,Sevilla,2,3,PSV,A
2023-24,Group stage,2023-11-29,Benfica,3,3,Inter,D
2023-24,Group stage,2023-11-29,Braga,1,1,Union Berlin,D
2023-24,Group stage,2023-11-29,Arsenal,6,0,Lens,H
2023-24,Group stage,2023-11-29,Galatasaray,3,3,Manchester Utd,D
2023-24,Group stage,2023-11-29,Bayern Munich,0,0,FC Copenhagen,D
2023-24,Group stage,2023-11-29,Real Madrid,4,2,Napoli,H
2023-24,Group stage,2023-11-29,Real Sociedad,0,0,RB Salzburg,D
2023-24,Group stage,2023-12-12,Lens,2,1,Sevilla,H
2023-24,Group stage,2023-12-12,PSV,1,1,Arsenal,D
2023-24,Group stage,2023-12-12,Manchester Utd,0,1,Bayern Munich,A
2023-24,Group stage,2023-12-12,FC Copenhagen,1,0,Galatasaray,H
2023-24,Group stage,2023-12-12,Inter,0,0,Real Sociedad,D
2023-24,Group stage,2023-12-12,RB Salzburg,1,3,Benfica,A
2023-24,Group stage,2023-12-12,Union Berlin,2,3,Real Madrid,A
2023-24,Group stage,2023-12-12,Napoli,2,0,Braga,H
2023-24,Group stage,2023-12-13,RB Leipzig,2,1,Young Boys,H
2023-24,Group stage,2023-12-13,Red Star,2,3,Manchester City,A
2023-24,Group stage,2023-12-13,Newcastle,1,2,Milan,A
2023-24,Group stage,2023-12-13,Porto,5,3,Shakhtar D.,H
2023-24,Group stage,2023-12-13,Celtic,2,1,Feyenoord,H
2023-24,Group stage,2023-12-13,Antwerp,3,2,Barcelona,H
2023-24,Group stage,2023-12-13,Dortmund,1,1,Paris SG,D
2023-24,Group stage,2023-12-13,Atlético Madrid,2,0,Lazio,H
2023-24,Round of 16,2024-02-13,RB Leipzig,0,1,Real Madrid,A
2023-24,Round of 16,2024-02-13,FC Copenhagen,1,3,Manchester City,A
2023-24,Round of 16,2024-02-14,Lazio,1,0,Bayern Munich,H
2023-24,Round of 16,2024-02-14,Paris SG,2,0,Real Sociedad,H
2023-24,Round of 16,2024-02-20,PSV,1,1,Dortmund,D
2023-24,Round of 16,2024-02-20,Inter,1,0,Atlético Madrid,H
2023-24,Round of 16,2024-02-21,Porto,1,0,Arsenal,H
2023-24,Round of 16,2024-02-21,Napoli,1,1,Barcelona,D
2023-24,Round of 16,2024-03-05,Bayern Munich,3,0,Lazio,H
2023-24,Round of 16,2024-03-05,Real Sociedad,1,2,Paris SG,A
2023-24,Round of 16,2024-03-06,Manchester City,3,1,FC Copenhagen,H
2023-24,Round of 16,2024-03-06,Real Madrid,1,1,RB Leipzig,D
2023-24,Round of 16,2024-03-12,Arsenal,1,0,Porto,H
2023-24,Round of 16,2024-03-12,Barcelona,3,1,Napoli,H
2023-24,Round of 16,2024-03-13,Dortmund,2,0,PSV,H
2023-24,Round of 16,2024-03-13,Atlético Madrid,2,1,Inter,H
2023-24,Quarter-finals,2024-04-09,Arsenal,2,2,Bayern Munich,D
2023-24,Quarter-finals,2024-04-09,Real Madrid,3,3,Manchester City,D
2023-24,Quarter-finals,2024-04-10,Atlético Madrid,2,1,Dortmund,H
2023-24,Quarter-finals,2024-04-10,Paris SG,2,3,Barcelona,A
2023-24,Quarter-finals,2024-04-16,Barcelona,1,4,Paris SG,A
2023-24,Quarter-finals,2024-04-16,Dortmund,4,2,Atlético Madrid,H
2023-24,Quarter-finals,2024-04-17,Manchester City,1,1,Real Madrid,D
2023-24,Quarter-finals,2024-04-17,Bayern Munich,1,0,Arsenal,H
2023-24,Semi-finals,2024-04-30,Bayern Munich,2,2,Real Madrid,D
2023-24,Semi-finals,2024-05-01,Dortmund,1,0,Paris SG,H
2023-24,Semi-finals,2024-05-07,Paris SG,0,1,Dortmund,A
2023-24,Semi-finals,2024-05-08,Real Madrid,2,1,Bayern Munich,H
2023-24,Final,2024-06-01,Dortmund,0,2,Real Madrid,A
2024-25,League phase,2024-09-17,Young Boys,0,3,Aston Villa,A
2024-25,League phase,2024-09-17,Juventus,3,1,PSV,H
2024-25,League phase,2024-09-17,Sporting CP,2,0,Lille,H
2024-25,League phase,2024-09-17,Real Madrid,3,1,Stuttgart,H
2024-25,League phase,2024-09-17,Milan,1,3,Liverpool,A
2024-25,League phase,2024-09-17,Bayern Munich,9,2,Dinamo Zagreb,H
2024-25,League phase,2024-09-18,Bologna,0,0,Shakhtar D.,D
2024-25,League phase,2024-09-18,Sparta Prague,3,0,RB Salzburg,H
2024-25,League phase,2024-09-18,Celtic,5,1,Slovan Bratislava,H
2024-25,League phase,2024-09-18,Manchester City,0,0,Inter,D
2024-25,League phase,2024-09-18,Paris SG,1,0,Girona,H
2024-25,League phase,2024-09-18,Club Brugge,0,3,Dortmund,A
2024-25,League phase,2024-09-19,Feyenoord,0,4,Leverkusen,A
2024-25,League phase,2024-09-19,Red Star,1,2,Benfica,A
2024-25,League phase,2024-09-19,Atalanta,0,0,Arsenal,D
2024-25,League phase,2024-09-19,Brest,2,1,Sturm Graz,H
2024-25,League phase,2024-09-19,Monaco,2,1,Barcelona,H
2024-25,League phase,2024-09-19,Atlético Madrid,2,1,RB Leipzig,H
2024-25,League phase,2024-10-01,Stuttgart,1,1,Sparta Prague,D
2024-25,League phase,2024-10-01,RB Salzburg,0,4,Brest,A
2024-25,League phase,2024-10-01,Arsenal,2,0,Paris SG,H
2024-25,League phase,2024-10-01,Inter,4,0,Red Star,H
2024-25,League phase,2024-10-01,Leverkusen,1,0,Milan,H
2024-25,League phase,2024-10-01,Dortmund,7,1,Celtic,H
2024-25,League phase,2024-10-01,Barcelona,5,0,Young Boys,H
2024-25,League phase,2024-10-01,PSV,1,1,Sporting CP,D
2024-25,League phase,2024-10-01,Slovan Bratislava,0,4,Manchester City,A
2024-25,League phase,2024-10-02,Girona,2,3,Feyenoord,A
2024-25,League phase,2024-10-02,Shakhtar D.,0,3,Atalanta,A
2024-25,League phase,2024-10-02,Aston Villa,1,0,Bayern Munich,H
2024-25,League phase,2024-10-02,Liverpool,2,0,Bologna,H
2024-25,League phase,2024-10-02,Benfica,4,0,Atlético Madrid,H
2024-25,League phase,2024-10-02,RB Leipzig,2,3,Juventus,A
2024-25,League phase,2024-10-02,Lille,1,0,Real Madrid,H
2024-25,League phase,2024-10-02,Sturm Graz,0,1,Club Brugge,A
2024-25,League phase,2024-10-02,Dinamo Zagreb,2,2,Monaco,D
2024-25,League phase,2024-10-22,Monaco,5,1,Red Star,H
2024-25,League phase,2024-10-22,Milan,3,1,Club Brugge,H
2024-25,League phase,2024-10-22,Arsenal,1,0,Shakhtar D.,H
2024-25,League phase,2024-10-22,Aston Villa,2,0,Bologna,H
2024-25,League phase,2024-10-22,Juventus,0,1,Stuttgart,A
2024-25,League phase,2024-10-22,Sturm Graz,0,2,Sporting CP,A
2024-25,League phase,2024-10-22,Paris SG,1,1,PSV,D
2024-25,League phase,2024-10-22,Real Madrid,5,2,Dortmund,H
2024-25,League phase,2024-10-22,Girona,2,0,Slovan Bratislava,H
2024-25,League phase,2024-10-23,Brest,1,1,Leverkusen,D
2024-25,League phase,2024-10-23,Atalanta,0,0,Celtic,D
2024-25,League phase,2024-10-23,Benfica,1,3,Feyenoord,A
2024-25,League phase,2024-10-23,Manchester City,5,0,Sparta Prague,H
2024-25,League phase,2024-10-23,RB Salzburg,0,2,Dinamo Zagreb,A
2024-25,League phase,2024-10-23,Barcelona,4,1,Bayern Munich,H
2024-25,League phase,2024-10-23,RB Leipzig,0,1,Liverpool,A
2024-25,League phase,2024-10-23,Atlético Madrid,1,3,Lille,A
2024-25,League phase,2024-10-23,Young Boys,0,1,Inter,A
2024-25,League phase,2024-11-05,Slovan Bratislava,1,4,Dinamo Zagreb,A
2024-25,League phase,2024-11-05,PSV,4,0,Girona,H
2024-25,League phase,2024-11-05,Sporting CP,4,1,Manchester City,H
2024-25,League phase,2024-11-05,Liverpool,4,0,Leverkusen,H
2024-25,League phase,2024-11-05,Celtic,3,1,RB Leipzig,H
2024-25,League phase,2024-11-05,Bologna,0,1,Monaco,A
2024-25,League phase,2024-11-05,Real Madrid,1,3,Milan,A
2024-25,League phase,2024-11-05,Lille,1,1,Juventus,D
2024-25,League phase,2024-11-05,Dortmund,1,0,Sturm Graz,H
2024-25,League phase,2024-11-06,Club Brugge,1,0,Aston Villa,H
2024-25,League phase,2024-11-06,Shakhtar D.,2,1,Young Boys,H
2024-25,League phase,2024-11-06,Bayern Munich,1,0,Benfica,H
2024-25,League phase,2024-11-06,Feyenoord,1,3,RB Salzburg,A
2024-25,League phase,2024-11-06,Inter,1,0,Arsenal,H
2024-25,League phase,2024-11-06,Stuttgart,0,2,Atalanta,A
2024-25,League phase,2024-11-06,Red Star,2,5,Barcelona,A
2024-25,League phase,2024-11-06,Sparta Prague,1,2,Brest,A
2024-25,League phase,2024-11-06,Paris SG,1,2,Atlético Madrid,A
2024-25,League phase,2024-11-26,Slovan Bratislava,2,3,Milan,A
2024-25,League phase,2024-11-26,Sparta Prague,0,6,Atlético Madrid,A
2024-25,League phase,2024-11-26,Sporting CP,1,5,Arsenal,A
2024-25,League phase,2024-11-26,Manchester City,3,3,Feyenoord,D
2024-25,League phase,2024-11-26,Inter,1,0,RB Leipzig,H
2024-25,League phase,2024-11-26,Leverkusen,5,0,RB Salzburg,H
2024-25,League phase,2024-11-26,Bayern Munich,1,0,Paris SG,H
2024-25,League phase,2024-11-26,Young Boys,1,6,Atalanta,A
2024-25,League phase,2024-11-26,Barcelona,3,0,Brest,H
2024-25,League phase,2024-11-27,Red Star,5,1,Stuttgart,H
2024-25,League phase,2024-11-27,Sturm Graz,1,0,Girona,H
2024-25,League phase,2024-11-27,Aston Villa,0,0,Juventus,D
2024-25,League phase,2024-11-27,Celtic,1,1,Club Brugge,D
2024-25,League phase,2024-11-27,Liverpool,2,0,Real Madrid,H
2024-25,League phase,2024-11-27,Dinamo Zagreb,0,3,Dortmund,A
2024-25,League phase,2024-11-27,Monaco,2,3,Benfica,A
2024-25,League phase,2024-11-27,PSV,3,2,Shakhtar D.,H
2024-25,League phase,2024-11-27,Bologna,1,2,Lille,A
2024-25,League phase,2024-12-10,Girona,0,1,Liverpool,A
2024-25,League phase,2024-12-10,Dinamo Zagreb,0,0,Celtic,D
2024-25,League phase,2024-12-10,Club Brugge,2,1,Sporting CP,H
2024-25,League phase,2024-12-10,RB Salzburg,0,3,Paris SG,A
2024-25,League phase,2024-12-10,RB Leipzig,2,3,Aston Villa,A
2024-25,League phase,2024-12-10,Brest,1,0,PSV,H
2024-25,League phase,2024-12-10,Leverkusen,1,0,Inter,H
2024-25,League phase,2024-12-10,Atalanta,2,3,Real Madrid,A
2024-25,League phase,2024-12-10,Shakhtar D.,1,5,Bayern Munich,A
2024-25,League phase,2024-12-11,Atlético Madrid,3,1,Slovan Bratislava,H
2024-25,League phase,2024-12-11,Lille,3,2,Sturm Graz,H
2024-25,League phase,2024-12-11,Benfica,0,0,Bologna,D
2024-25,League phase,2024-12-11,Arsenal,3,0,Monaco,H
2024-25,League phase,2024-12-11,Juventus,2,0,Manchester City,H
2024-25,League phase,2024-12-11,Stuttgart,5,1,Young Boys,H
2024-25,League phase,2024-12-11,Feyenoord,4,2,Sparta Prague,H
2024-25,League phase,2024-12-11,Milan,2,1,Red Star,H
2024-25,League phase,2024-12-11,Dortmund,2,3,Barcelona,A
2024-25,League phase,2025-01-21,Atalanta,5,0,Sturm Graz,H
2024-25,League phase,2025-01-21,Monaco,1,0,Aston Villa,H
2024-25,League phase,2025-01-21,Liverpool,2,1,Lille,H
2024-25,League phase,2025-01-21,Benfica,4,5,Barcelona,A
2024-25,League phase,2025-01-21,Atlético Madrid,2,1,Leverkusen,H
2024-25,League phase,2025-01-21,Club Brugge,0,0,Juventus,D
2024-25,League phase,2025-01-21,Red Star,2,3,PSV,A
2024-25,League phase,2025-01-21,Slovan Bratislava,1,3,Stuttgart,A
2024-25,League phase,2025-01-21,Bologna,2,1,Dortmund,H
2024-25,League phase,2025-01-22,RB Leipzig,2,1,Sporting CP,H
2024-25,League phase,2025-01-22,Shakhtar D.,2,0,Brest,H
2024-25,League phase,2025-01-22,Celtic,1,0,Young Boys,H
2024-25,League phase,2025-01-22,Arsenal,3,0,Dinamo Zagreb,H
2024-25,League phase,2025-01-22,Feyenoord,3,0,Bayern Munich,H
2024-25,League phase,2025-01-22,Real Madrid,5,1,RB Salzburg,H
2024-25,League phase,2025-01-22,Sparta Prague,0,1,Inter,A
2024-25,League phase,2025-01-22,Milan,1,0,Girona,H
2024-25,League phase,2025-01-22,Paris SG,4,2,Manchester City,H
2024-25,League phase,2025-01-29,Aston Villa,4,2,Celtic,H
2024-25,League phase,2025-01-29,Sporting CP,1,1,Bologna,D
2024-25,League phase,2025-01-29,Manchester City,3,1,Club Brugge,H
2024-25,League phase,2025-01-29,Brest,0,3,Real Madrid,A
2024-25,League phase,2025-01-29,Juventus,0,2,Benfica,A
2024-25,League phase,2025-01-29,Sturm Graz,1,0,RB Leipzig,H
2024-25,League phase,2025-01-29,Lille,6,1,Feyenoord,H
2024-25,League phase,2025-01-29,Stuttgart,1,4,Paris SG,A
2024-25,League phase,2025-01-29,RB Salzburg,1,4,Atlético Madrid,A
2024-25,League phase,2025-01-29,Dortmund,3,1,Shakhtar D.,H
2024-25,League phase,2025-01-29,Barcelona,2,2,Atalanta,D
2024-25,League phase,2025-01-29,PSV,3,2,Liverpool,H
2024-25,League phase,2025-01-29,Inter,3,0,Monaco,H
2024-25,League phase,2025-01-29,Leverkusen,2,0,Sparta Prague,H
2024-25,League phase,2025-01-29,Young Boys,0,1,Red Star,A
2024-25,League phase,2025-01-29,Girona,1,2,Arsenal,A
2024-25,League phase,2025-01-29,Bayern Munich,3,1,Slovan Bratislava,H
2024-25,League phase,2025-01-29,Dinamo Zagreb,2,1,Milan,H
2024-25,Knockout phase play-offs,2025-02-11,Brest,0,3,Paris SG,A
2024-25,Knockout phase play-offs,2025-02-11,Manchester City,2,3,Real Madrid,A
2024-25,Knockout phase play-offs,2025-02-11,Sporting CP,0,3,Dortmund,A
2024-25,Knockout phase play-offs,2025-02-11,Juventus,2,1,PSV,H
2024-25,Knockout phase play-offs,2025-02-12,Club Brugge,2,1,Atalanta,H
2024-25,Knockout phase play-offs,2025-02-12,Celtic,1,2,Bayern Munich,A
2024-25,Knockout phase play-offs,2025-02-12,Monaco,0,1,Benfica,A
2024-25,Knockout phase play-offs,2025-02-12,Feyenoord,1,0,Milan,H
2024-25,Knockout phase play-offs,2025-02-18,Milan,1,1,Feyenoord,D
2024-25,Knockout phase play-offs,2025-02-18,Benfica,3,3,Monaco,D
2024-25,Knockout phase play-offs,2025-02-18,Bayern Munich,1,1,Celtic,D
2024-25,Knockout phase play-offs,2025-02-18,Atalanta,1,3,Club Brugge,A
2024-25,Knockout phase play-offs,2025-02-19,Dortmund,0,0,Sporting CP,D
2024-25,Knockout phase play-offs,2025-02-19,PSV,3,1,Juventus,H
2024-25,Knockout phase play-offs,2025-02-19,Paris SG,7,0,Brest,H
2024-25,Knockout phase play-offs,2025-02-19,Real Madrid,3,1,Manchester City,H
2024-25,Round of 16,2025-03-04,Club Brugge,1,3,Aston Villa,A
2024-25,Round of 16,2025-03-04,Real Madrid,2,1,Atlético Madrid,H
2024-25,Round of 16,2025-03-04,Dortmund,1,1,Lille,D
2024-25,Round of 16,2025-03-04,PSV,1,7,Arsenal,A
2024-25,Round of 16,2025-03-05,Feyenoord,0,2,Inter,A
2024-25,Round of 16,2025-03-05,Benfica,0,1,Barcelona,A
2024-25,Round of 16,2025-03-05,Paris SG,0,1,Liverpool,A
2024-25,Round of 16,2025-03-05,Bayern Munich,3,0,Leverkusen,H
2024-25,Round of 16,2025-03-11,Barcelona,3,1,Benfica,H
2024-25,Round of 16,2025-03-11,Liverpool,0,1,Paris SG,A
2024-25,Round of 16,2025-03-11,Inter,2,1,Feyenoord,H
2024-25,Round of 16,2025-03-11,Leverkusen,0,2,Bayern Munich,A
2024-25,Round of 16,2025-03-12,Lille,1,2,Dortmund,A
2024-25,Round of 16,2025-03-12,Aston Villa,3,0,Club Brugge,H
2024-25,Round of 16,2025-03-12,Arsenal,2,2,PSV,D
2024-25,Round of 16,2025-03-12,Atlético Madrid,1,0,Real Madrid,H
2024-25,Quarter-finals,2025-04-08,Arsenal,3,0,Real Madrid,H
2024-25,Quarter-finals,2025-04-08,Bayern Munich,1,2,Inter,A
2024-25,Quarter-finals,2025-04-09,Barcelona,4,0,Dortmund,H
2024-25,Quarter-finals,2025-04-09,Paris SG,3,1,Aston Villa,H
2024-25,Quarter-finals,2025-04-15,Aston Villa,3,2,Paris SG,H
2024-25,Quarter-finals,2025-04-15,Dortmund,3,1,Barcelona,H
2024-25,Quarter-finals,2025-04-16,Inter,2,2,Bayern Munich,D
2024-25,Quarter-finals,2025-04-16,Real Madrid,1,2,Arsenal,A
2024-25,Semi-finals,2025-04-29,Arsenal,0,1,Paris SG,A
2024-25,Semi-finals,2025-04-30,Barcelona,3,3,Inter,D
2024-25,Semi-finals,2025-05-06,Inter,4,3,Barcelona,H
2024-25,Semi-finals,2025-05-07,Paris SG,2,1,Arsenal,H
2024-25,Final,2025-05-31,Paris SG,5,0,Inter,H
2025-26,League phase,2025-09-16,PSV,1,3,Union SG,A
2025-26,League phase,2025-09-16,Athletic Club,0,2,Arsenal,A
2025-26,League phase,2025-09-16,Benfica,2,3,Qarabağ,A
2025-26,League phase,2025-09-16,Tottenham,1,0,Villarreal,H
2025-26,League phase,2025-09-16,Real Madrid,2,1,Marseille,H
2025-26,League phase,2025-09-16,Juventus,4,4,Dortmund,D
2025-26,League phase,2025-09-17,Slavia Prague,2,2,Bodø/Glimt,D
2025-26,League phase,2025-09-17,Olympiacos,0,0,Pafos FC,D
2025-26,League phase,2025-09-17,Liverpool,3,2,Atlético Madrid,H
2025-26,League phase,2025-09-17,Paris SG,4,0,Atalanta,H
2025-26,League phase,2025-09-17,Bayern Munich,3,1,Chelsea,H
2025-26,League phase,2025-09-17,Ajax,0,2,Inter,A
2025-26,League phase,2025-09-18,FC Copenhagen,2,2,Leverkusen,D
2025-26,League phase,2025-09-18,Club Brugge,4,1,Monaco,H
2025-26,League phase,2025-09-18,Newcastle,1,2,Barcelona,A
2025-26,League phase,2025-09-18,Sporting CP,4,1,FC Kairat,H
2025-26,League phase,2025-09-18,Manchester City,2,0,Napoli,H
2025-26,League phase,2025-09-18,Frankfurt,5,1,Galatasaray,H
2025-26,League phase,2025-09-30,Atalanta,2,1,Club Brugge,H
2025-26,League phase,2025-09-30,Chelsea,1,0,Benfica,H
2025-26,League phase,2025-09-30,Inter,3,0,Slavia Prague,H
2025-26,League phase,2025-09-30,Bodø/Glimt,2,2,Tottenham,D
2025-26,League phase,2025-09-30,Marseille,4,0,Ajax,H
2025-26,League phase,2025-09-30,Atlético Madrid,5,1,Frankfurt,H
2025-26,League phase,2025-09-30,FC Kairat,0,5,Real Madrid,A
2025-26,League phase,2025-09-30,Pafos FC,1,5,Bayern Munich,A
2025-26,League phase,2025-09-30,Galatasaray,1,0,Liverpool,H
2025-26,League phase,2025-10-01,Union SG,0,4,Newcastle,A
2025-26,League phase,2025-10-01,Arsenal,2,0,Olympiacos,H
2025-26,League phase,2025-10-01,Qarabağ,2,0,FC Copenhagen,H
2025-26,League phase,2025-10-01,Barcelona,1,2,Paris SG,A
2025-26,League phase,2025-10-01,Napoli,2,1,Sporting CP,H
2025-26,League phase,2025-10-01,Dortmund,4,1,Athletic Club,H
2025-26,League phase,2025-10-01,Villarreal,2,2,Juventus,D
2025-26,League phase,2025-10-01,Monaco,2,2,Manchester City,D
2025-26,League phase,2025-10-01,Leverkusen,1,1,PSV,D
2025-26,League phase,2025-10-21,Barcelona,6,1,Olympiacos,H
2025-26,League phase,2025-10-21,Newcastle,3,0,Benfica,H
2025-26,League phase,2025-10-21,Arsenal,4,0,Atlético Madrid,H
2025-26,League phase,2025-10-21,FC Copenhagen,2,4,Dortmund,A
2025-26,League phase,2025-10-21,Union SG,0,4,Inter,A
2025-26,League phase,2025-10-21,Villarreal,0,2,Manchester City,A
2025-26,League phase,2025-10-21,Leverkusen,2,7,Paris SG,A
2025-26,League phase,2025-10-21,PSV,6,2,Napoli,H
2025-26,League phase,2025-10-21,FC Kairat,0,0,Pafos FC,D
2025-26,League phase,2025-10-22,Athletic Club,3,1,Qarabağ,H
2025-26,League phase,2025-10-22,Galatasaray,3,1,Bodø/Glimt,H
2025-26,League phase,2025-10-22,Chelsea,5,1,Ajax,H
2025-26,League phase,2025-10-22,Sporting CP,2,1,Marseille,H
2025-26,League phase,2025-10-22,Bayern Munich,4,0,Club Brugge,H
2025-26,League phase,2025-10-22,Frankfurt,1,5,Liverpool,A
2025-26,League phase,2025-10-22,Atalanta,0,0,Slavia Prague,D
2025-26,League phase,2025-10-22,Monaco,0,0,Tottenham,D
2025-26,League phase,2025-10-22,Real Madrid,1,0,Juventus,H
2025-26,League phase,2025-11-04,Napoli,0,0,Frankfurt,D
2025-26,League phase,2025-11-04,Slavia Prague,0,3,Arsenal,A
2025-26,League phase,2025-11-04,Tottenham,4,0,FC Copenhagen,H
2025-26,League phase,2025-11-04,Liverpool,1,0,Real Madrid,H
2025-26,League phase,2025-11-04,Paris SG,1,2,Bayern Munich,A
2025-26,League phase,2025-11-04,Juventus,1,1,Sporting CP,D
2025-26,League phase,2025-11-04,Atlético Madrid,3,1,Union SG,H
2025-26,League phase,2025-11-04,Bodø/Glimt,0,1,Monaco,A
2025-26,League phase,2025-11-04,Olympiacos,1,1,PSV,D
2025-26,League phase,2025-11-05,Pafos FC,1,0,Villarreal,H
2025-26,League phase,2025-11-05,Manchester City,4,1,Dortmund,H
2025-26,League phase,2025-11-05,Newcastle,2,0,Athletic Club,H
2025-26,League phase,2025-11-05,Benfica,0,1,Leverkusen,A
2025-26,League phase,2025-11-05,Marseille,0,1,Atalanta,A
2025-26,League phase,2025-11-05,Ajax,0,3,Galatasaray,A
2025-26,League phase,2025-11-05,Inter,2,1,FC Kairat,H
2025-26,League phase,2025-11-05,Club Brugge,3,3,Barcelona,D
2025-26,League phase,2025-11-05,Qarabağ,2,2,Chelsea,D
2025-26,League phase,2025-11-25,Ajax,0,2,Benfica,A
2025-26,League phase,2025-11-25,Chelsea,3,0,Barcelona,H
2025-26,League phase,2025-11-25,Manchester City,0,2,Leverkusen,A
2025-26,League phase,2025-11-25,Galatasaray,0,1,Union SG,A
2025-26,League phase,2025-11-25,Bodø/Glimt,2,3,Juventus,A
2025-26,League phase,2025-11-25,Napoli,2,0,Qarabağ,H
2025-26,League phase,2025-11-25,Dortmund,4,0,Villarreal,H
2025-26,League phase,2025-11-25,Slavia Prague,0,0,Athletic Club,D
2025-26,League phase,2025-11-25,Marseille,2,1,Newcastle,H
2025-26,League phase,2025-11-26,FC Copenhagen,3,2,FC Kairat,H
2025-26,League phase,2025-11-26,Pafos FC,2,2,Monaco,D
2025-26,League phase,2025-11-26,Sporting CP,3,0,Club Brugge,H
2025-26,League phase,2025-11-26,Arsenal,3,1,Bayern Munich,H
2025-26,League phase,2025-11-26,Liverpool,1,4,PSV,A
2025-26,League phase,2025-11-26,Atlético Madrid,2,1,Inter,H
2025-26,League phase,2025-11-26,Frankfurt,0,3,Atalanta,A
2025-26,League phase,2025-11-26,Paris SG,5,3,Tottenham,H
2025-26,League phase,2025-11-26,Olympiacos,3,4,Real Madrid,A
2025-26,League phase,2025-12-09,Bayern Munich,3,1,Sporting CP,H
2025-26,League phase,2025-12-09,Tottenham,3,0,Slavia Prague,H
2025-26,League phase,2025-12-09,FC Kairat,0,1,Olympiacos,A
2025-26,League phase,2025-12-09,PSV,2,3,Atlético Madrid,A
2025-26,League phase,2025-12-09,Inter,0,1,Liverpool,A
2025-26,League phase,2025-12-09,Monaco,1,0,Galatasaray,H
2025-26,League phase,2025-12-09,Union SG,2,3,Marseille,A
2025-26,League phase,2025-12-09,Atalanta,2,1,Chelsea,H
2025-26,League phase,2025-12-09,Barcelona,2,1,Frankfurt,H
2025-26,League phase,2025-12-10,Villarreal,2,3,FC Copenhagen,A
2025-26,League phase,2025-12-10,Benfica,2,0,Napoli,H
2025-26,League phase,2025-12-10,Dortmund,2,2,Bodø/Glimt,D
2025-26,League phase,2025-12-10,Club Brugge,0,3,Arsenal,A
2025-26,League phase,2025-12-10,Leverkusen,2,2,Newcastle,D
2025-26,League phase,2025-12-10,Athletic Club,0,0,Paris SG,D
2025-26,League phase,2025-12-10,Real Madrid,1,2,Manchester City,A
2025-26,League phase,2025-12-10,Juventus,2,0,Pafos FC,H
2025-26,League phase,2025-12-10,Qarabağ,2,4,Ajax,A
2025-26,League phase,2026-01-20,Bodø/Glimt,3,1,Manchester City,H
2025-26,League phase,2026-01-20,Tottenham,2,0,Dortmund,H
2025-26,League phase,2026-01-20,Sporting CP,2,1,Paris SG,H
2025-26,League phase,2026-01-20,FC Kairat,1,4,Club Brugge,A
2025-26,League phase,2026-01-20,FC Copenhagen,1,1,Napoli,D
2025-26,League phase,2026-01-20,Inter,1,3,Arsenal,A
2025-26,League phase,2026-01-20,Real Madrid,6,1,Monaco,H
2025-26,League phase,2026-01-20,Villarreal,1,2,Ajax,A
2025-26,League phase,2026-01-20,Olympiacos,2,0,Leverkusen,H
2025-26,League phase,2026-01-21,Chelsea,1,0,Pafos FC,H
2025-26,League phase,2026-01-21,Newcastle,3,0,PSV,H
2025-26,League phase,2026-01-21,Galatasaray,1,1,Atlético Madrid,D
2025-26,League phase,2026-01-21,Atalanta,2,3,Athletic Club,A
2025-26,League phase,2026-01-21,Juventus,2,0,Benfica,H
2025-26,League phase,2026-01-21,Bayern Munich,2,0,Union SG,H
2025-26,League phase,2026-01-21,Marseille,0,3,Liverpool,A
2025-26,League phase,2026-01-21,Slavia Prague,2,4,Barcelona,A
2025-26,League phase,2026-01-21,Qarabağ,3,2,Frankfurt,H
2025-26,League phase,2026-01-28,Liverpool,6,0,Qarabağ,H
2025-26,League phase,2026-01-28,Benfica,4,2,Real Madrid,H
2025-26,League phase,2026-01-28,Manchester City,2,0,Galatasaray,H
2025-26,League phase,2026-01-28,Arsenal,3,2,FC Kairat,H
2025-26,League phase,2026-01-28,Barcelona,4,1,FC Copenhagen,H
2025-26,League phase,2026-01-28,Napoli,2,3,Chelsea,A
2025-26,League phase,2026-01-28,Monaco,0,0,Juventus,D
2025-26,League phase,2026-01-28,Frankfurt,0,2,Tottenham,A
2025-26,League phase,2026-01-28,Atlético Madrid,1,2,Bodø/Glimt,A
2025-26,League phase,2026-01-28,Leverkusen,3,0,Villarreal,H
2025-26,League phase,2026-01-28,Paris SG,1,1,Newcastle,D
2025-26,League phase,2026-01-28,Club Brugge,3,0,Marseille,H
2025-26,League phase,2026-01-28,Dortmund,0,2,Inter,A
2025-26,League phase,2026-01-28,PSV,1,2,Bayern Munich,A
2025-26,League phase,2026-01-28,Ajax,1,2,Olympiacos,A
2025-26,League phase,2026-01-28,Athletic Club,2,3,Sporting CP,A
2025-26,League phase,2026-01-28,Union SG,1,0,Atalanta,H
2025-26,League phase,2026-01-28,Pafos FC,4,1,Slavia Prague,H
2025-26,Knockout phase play-offs,2026-02-17,Benfica,0,1,Real Madrid,A
2025-26,Knockout phase play-offs,2026-02-17,Galatasaray,5,2,Juventus,H
2025-26,Knockout phase play-offs,2026-02-17,Monaco,2,3,Paris SG,A
2025-26,Knockout phase play-offs,2026-02-17,Dortmund,2,0,Atalanta,H
2025-26,Knockout phase play-offs,2026-02-18,Bodø/Glimt,3,1,Inter,H
2025-26,Knockout phase play-offs,2026-02-18,Club Brugge,3,3,Atlético Madrid,D
2025-26,Knockout phase play-offs,2026-02-18,Qarabağ,1,6,Newcastle,A
2025-26,Knockout phase play-offs,2026-02-18,Olympiacos,0,2,Leverkusen,A
2025-26,Knockout phase play-offs,2026-02-24,Atlético Madrid,4,1,Club Brugge,H
2025-26,Knockout phase play-offs,2026-02-24,Newcastle,3,2,Qarabağ,H
2025-26,Knockout phase play-offs,2026-02-24,Inter,1,2,Bodø/Glimt,A
2025-26,Knockout phase play-offs,2026-02-24,Leverkusen,0,0,Olympiacos,D
2025-26,Knockout phase play-offs,2026-02-25,Atalanta,4,1,Dortmund,H
2025-26,Knockout phase play-offs,2026-02-25,Paris SG,2,2,Monaco,D
2025-26,Knockout phase play-offs,2026-02-25,Juventus,3,2,Galatasaray,H
2025-26,Knockout phase play-offs,2026-02-25,Real Madrid,2,1,Benfica,H
2025-26,Round of 16,2026-03-10,Newcastle,1,1,Barcelona,D
2025-26,Round of 16,2026-03-10,Galatasaray,1,0,Liverpool,H
2025-26,Round of 16,2026-03-10,Atalanta,1,6,Bayern Munich,A
2025-26,Round of 16,2026-03-10,Atlético Madrid,5,2,Tottenham,H
2025-26,Round of 16,2026-03-11,Leverkusen,1,1,Arsenal,D
2025-26,Round of 16,2026-03-11,Bodø/Glimt,3,0,Sporting CP,H
2025-26,Round of 16,2026-03-11,Paris SG,5,2,Chelsea,H
2025-26,Round of 16,2026-03-11,Real Madrid,3,0,Manchester City,H
2025-26,Round of 16,2026-03-17,Sporting CP,5,0,Bodø/Glimt,H
2025-26,Round of 16,2026-03-17,Manchester City,1,2,Real Madrid,A
2025-26,Round of 16,2026-03-17,Chelsea,0,3,Paris SG,A
2025-26,Round of 16,2026-03-17,Arsenal,2,0,Leverkusen,H
2025-26,Round of 16,2026-03-18,Barcelona,7,2,Newcastle,H
2025-26,Round of 16,2026-03-18,Tottenham,3,2,Atlético Madrid,H
2025-26,Round of 16,2026-03-18,Liverpool,4,0,Galatasaray,H
2025-26,Round of 16,2026-03-18,Bayern Munich,4,1,Atalanta,H
2025-26,Quarter-finals,2026-04-07,Sporting CP,0,1,Arsenal,A
2025-26,Quarter-finals,2026-04-07,Real Madrid,1,2,Bayern Munich,A
2025-26,Quarter-finals,2026-04-08,Barcelona,0,2,Atlético Madrid,A
2025-26,Quarter-finals,2026-04-08,Paris SG,2,0,Liverpool,H
2025-26,Quarter-finals,2026-04-14,Liverpool,0,2,Paris SG,A
2025-26,Quarter-finals,2026-04-14,Atlético Madrid,1,2,Barcelona,A
2025-26,Quarter-finals,2026-04-15,Arsenal,0,0,Sporting CP,D
2025-26,Quarter-finals,2026-04-15,Bayern Munich,4,3,Real Madrid,H
2025-26,Semi-finals,2026-04-28,Paris SG,5,4,Bayern Munich,H
2025-26,Semi-finals,2026-04-29,Atlético Madrid,1,1,Arsenal,D
2025-26,Semi-finals,2026-05-05,Arsenal,1,0,Atlético Madrid,H
2025-26,Semi-finals,2026-05-06,Bayern Munich,1,1,Paris SG,D
2025-26,Final,2026-05-30,Paris SG,1,1,Arsenal,D
