season,date,round,home_team,away_team,home_matches_before,away_matches_before,home_avg_goals_for,home_avg_goals_against,away_avg_goals_for,away_avg_goals_against,home_win_rate,away_win_rate,home_home_win_rate,away_away_win_rate,home_recent_points_5,away_recent_points_5,home_days_since_match,away_days_since_match,result,home_has_previous_match,away_has_previous_match,home_days_since_match_capped,away_days_since_match_capped,home_goal_scoring_edge,home_defensive_edge,home_attack_vs_away_defense,away_attack_vs_home_defense,win_rate_edge,venue_win_rate_edge,recent_points_edge,experience_edge,days_since_match_edge,abs_win_rate_gap,abs_venue_win_rate_gap,abs_recent_points_gap,abs_goal_scoring_gap,abs_defensive_gap,combined_recent_points,combined_win_rate,combined_avg_goals_for,combined_avg_goals_against,win_rate_balance,recent_form_balance
2010-11,2010-09-14,Group stage,Barcelona,Panathinaikos,0,0,0.0,0.0,0.0,0.0,0.0,0.0,0.0,0.0,0,0,-1,-1,H,0,0,0,0,0.0,0.0,0.0,0.0,0.0,0.0,0,0,0,0.0,0.0,0,0.0,0.0,0,0.0,0.0,0.0,1.0,1.0
2010-11,2010-09-14,Group stage,Benfica,Hapoel Tel Aviv,0,0,0.0,0.0,0.0,0.0,0.0,0.0,0.0,0.0,0,0,-1,-1,H,0,0,0,0,0.0,0.0,0.0,0.0,0.0,0.0,0,0,0,0.0,0.0,0,0.0,0.0,0,0.0,0.0,0.0,1.0,1.0
2010-11,2010-09-14,Group stage,Bursaspor,Valencia,0,0,0.0,0.0,0.0,0.0,0.0,0.0,0.0,0.0,0,0,-1,-1,A,0,0,0,0,0.0,0.0,0.0,0.0,0.0,0.0,0,0,0,0.0,0.0,0,0.0,0.0,0,0.0,0.0,0.0,1.0,1.0
2010-11,2010-09-14,Group stage,FC Copenhagen,Rubin Kazan,0,0,0.0,0.0,0.0,0.0,0.0,0.0,0.0,0.0,0,0,-1,-1,H,0,0,0,0,0.0,0.0,0.0,0.0,0.0,0.0,0,0,0,0.0,0.0,0,0.0,0.0,0,0.0,0.0,0.0,1.0,1.0
2010-11,2010-09-14,Group stage,Lyon,Schalke 04,0,0,0.0,0.0,0.0,0.0,0.0,0.0,0.0,0.0,0,0,-1,-1,H,0,0,0,0,0.0,0.0,0.0,0.0,0.0,0.0,0,0,0,0.0,0.0,0,0.0,0.0,0,0.0,0.0,0.0,1.0,1.0
2010-11,2010-09-14,Group stage,Manchester Utd,Rangers,0,0,0.0,0.0,0.0,0.0,0.0,0.0,0.0,0.0,0,0,-1,-1,D,0,0,0,0,0.0,0.0,0.0,0.0,0.0,0.0,0,0,0,0.0,0.0,0,0.0,0.0,0,0.0,0.0,0.0,1.0,1.0
2010-11,2010-09-14,Group stage,Twente,Inter,0,0,0.0,0.0,0.0,0.0,0.0,0.0,0.0,0.0,0,0,-1,-1,D,0,0,0,0,0.0,0.0,0.0,0.0,0.0,0.0,0,0,0,0.0,0.0,0,0.0,0.0,0,0.0,0.0,0.0,1.0,1.0
2010-11,2010-09-14,Group stage,Werder Bremen,Tottenham,0,0,0.0,0.0,0.0,0.0,0.0,0.0,0.0,0.0,0,0,-1,-1,D,0,0,0,0,0.0,0.0,0.0,0.0,0.0,0.0,0,0,0,0.0,0.0,0,0.0,0.0,0,0.0,0.0,0.0,1.0,1.0
2010-11,2010-09-15,Group stage,Arsenal,Braga,0,0,0.0,0.0,0.0,0.0,0.0,0.0,0.0,0.0,0,0,-1,-1,H,0,0,0,0,0.0,0.0,0.0,0.0,0.0,0.0,0,0,0,0.0,0.0,0,0.0,0.0,0,0.0,0.0,0.0,1.0,1.0
2010-11,2010-09-15,Group stage,Bayern Munich,Roma,0,0,0.0,0.0,0.0,0.0,0.0,0.0,0.0,0.0,0,0,-1,-1,H,0,0,0,0,0.0,0.0,0.0,0.0,0.0,0.0,0,0,0,0.0,0.0,0,0.0,0.0,0,0.0,0.0,0.0,1.0,1.0
2010-11,2010-09-15,Group stage,CFR Cluj,Basel,0,0,0.0,0.0,0.0,0.0,0.0,0.0,0.0,0.0,0,0,-1,-1,H,0,0,0,0,0.0,0.0,0.0,0.0,0.0,0.0,0,0,0,0.0,0.0,0,0.0,0.0,0,0.0,0.0,0.0,1.0,1.0
2010-11,2010-09-15,Group stage,Marseille,Spartak Moscow,0,0,0.0,0.0,0.0,0.0,0.0,0.0,0.0,0.0,0,0,-1,-1,A,0,0,0,0,0.0,0.0,0.0,0.0,0.0,0.0,0,0,0,0.0,0.0,0,0.0,0.0,0,0.0,0.0,0.0,1.0,1.0
2010-11,2010-09-15,Group stage,Milan,Auxerre,0,0,0.0,0.0,0.0,0.0,0.0,0.0,0.0,0.0,0,0,-1,-1,H,0,0,0,0,0.0,0.0,0.0,0.0,0.0,0.0,0,0,0,0.0,0.0,0,0.0,0.0,0,0.0,0.0,0.0,1.0,1.0
2010-11,2010-09-15,Group stage,MŠK Žilina,Chelsea,0,0,0.0,0.0,0.0,0.0,0.0,0.0,0.0,0.0,0,0,-1,-1,A,0,0,0,0,0.0,0.0,0.0,0.0,0.0,0.0,0,0,0,0.0,0.0,0,0.0,0.0,0,0.0,0.0,0.0,1.0,1.0
2010-11,2010-09-15,Group stage,Real Madrid,Ajax,0,0,0.0,0.0,0.0,0.0,0.0,0.0,0.0,0.0,0,0,-1,-1,H,0,0,0,0,0.0,0.0,0.0,0.0,0.0,0.0,0,0,0,0.0,0.0,0,0.0,0.0,0,0.0,0.0,0.0,1.0,1.0
2010-11,2010-09-15,Group stage,Shakhtar D.,Partizan,0,0,0.0,0.0,0.0,0.0,0.0,0.0,0.0,0.0,0,0,-1,-1,H,0,0,0,0,0.0,0.0,0.0,0.0,0.0,0.0,0,0,0,0.0,0.0,0,0.0,0.0,0,0.0,0.0,0.0,1.0,1.0
2010-11,2010-09-28,Group stage,Ajax,Milan,1,1,0.0,2.0,2.0,0.0,0.0,1.0,0.0,0.0,0,3,13,13,D,1,1,13,13,-2.0,-2.0,0.0,0.0,-1.0,0.0,-3,0,0,1.0,0.0,3,2.0,2.0,3,1.0,2.0,2.0,0.0,0.8
2010-11,2010-09-28,Group stage,Auxerre,Real Madrid,1,1,0.0,2.0,2.0,0.0,0.0,1.0,0.0,0.0,0,3,13,13,A,1,1,13,13,-2.0,-2.0,0.0,0.0,-1.0,0.0,-3,0,0,1.0,0.0,3,2.0,2.0,3,1.0,2.0,2.0,0.0,0.8
2010-11,2010-09-28,Group stage,Basel,Bayern Munich,1,1,1.0,2.0,2.0,0.0,0.0,1.0,0.0,0.0,0,3,13,13,A,1,1,13,13,-1.0,-2.0,1.0,0.0,-1.0,0.0,-3,0,0,1.0,0.0,3,1.0,2.0,3,1.0,3.0,2.0,0.0,0.8
2010-11,2010-09-28,Group stage,Braga,Shakhtar D.,1,1,0.0,6.0,1.0,0.0,0.0,1.0,0.0,0.0,0,3,13,13,A,1,1,13,13,-1.0,-6.0,0.0,-5.0,-1.0,0.0,-3,0,0,1.0,0.0,3,1.0,6.0,3,1.0,1.0,6.0,0.0,0.8
2010-11,2010-09-28,Group stage,Chelsea,Marseille,1,1,4.0,1.0,0.0,1.0,1.0,0.0,0.0,0.0,3,0,13,13,H,1,1,13,13,4.0,0.0,3.0,-1.0,1.0,0.0,3,0,0,1.0,0.0,3,4.0,0.0,3,1.0,4.0,2.0,0.0,0.8
2010-11,2010-09-28,Group stage,Partizan,Arsenal,1,1,0.0,1.0,6.0,0.0,0.0,1.0,0.0,0.0,0,3,13,13,A,1,1,13,13,-6.0,-1.0,0.0,5.0,-1.0,0.0,-3,0,0,1.0,0.0,3,6.0,1.0,3,1.0,6.0,1.0,0.0,0.8
2010-11,2010-09-28,Group stage,Roma,CFR Cluj,1,1,0.0,2.0,2.0,1.0,0.0,1.0,0.0,0.0,0,3,13,13,H,1,1,13,13,-2.0,-1.0,-1.0,0.0,-1.0,0.0,-3,0,0,1.0,0.0,3,2.0,1.0,3,1.0,2.0,3.0,0.0,0.8
2010-11,2010-09-28,Group stage,Spartak Moscow,MŠK Žilina,1,1,1.0,0.0,1.0,4.0,1.0,0.0,0.0,0.0,3,0,13,13,H,1,1,13,13,0.0,4.0,-3.0,1.0,1.0,0.0,3,0,0,1.0,0.0,3,0.0,4.0,3,1.0,2.0,4.0,0.0,0.8
2010-11,2010-09-29,Group stage,Hapoel Tel Aviv,Lyon,1,1,0.0,2.0,1.0,0.0,0.0,1.0,0.0,0.0,0,3,15,15,A,1,1,15,15,-1.0,-2.0,0.0,-1.0,-1.0,0.0,-3,0,0,1.0,0.0,3,1.0,2.0,3,1.0,1.0,2.0,0.0,0.8
2010-11,2010-09-29,Group stage,Inter,Werder Bremen,1,1,2.0,2.0,2.0,2.0,0.0,0.0,0.0,0.0,1,1,15,15,H,1,1,15,15,0.0,0.0,0.0,0.0,0.0,0.0,0,0,0,0.0,0.0,0,0.0,0.0,2,0.0,4.0,4.0,1.0,1.0
2010-11,2010-09-29,Group stage,Panathinaikos,FC Copenhagen,1,1,1.0,5.0,1.0,0.0,0.0,1.0,0.0,0.0,0,3,15,15,A,1,1,15,15,0.0,-5.0,1.0,-4.0,-1.0,0.0,-3,0,0,1.0,0.0,3,0.0,5.0,3,1.0,2.0,5.0,0.0,0.8
2010-11,2010-09-29,Group stage,Rangers,Bursaspor,1,1,0.0,0.0,0.0,4.0,0.0,0.0,0.0,0.0,1,0,15,15,H,1,1,15,15,0.0,4.0,-4.0,0.0,0.0,0.0,1,0,0,0.0,0.0,1,0.0,4.0,1,0.0,0.0,4.0,1.0,0.9333333333333333
2010-11,2010-09-29,Group stage,Rubin Kazan,Barcelona,1,1,0.0,1.0,5.0,1.0,0.0,1.0,0.0,0.0,0,3,15,15,D,1,1,15,15,-5.0,0.0,-1.0,4.0,-1.0,0.0,-3,0,0,1.0,0.0,3,5.0,0.0,3,1.0,5.0,2.0,0.0,0.8
2010-11,2010-09-29,Group stage,Schalke 04,Benfica,1,1,0.0,1.0,2.0,0.0,0.0,1.0,0.0,0.0,0,3,15,15,H,1,1,15,15,-2.0,-1.0,0.0,1.0,-1.0,0.0,-3,0,0,1.0,0.0,3,2.0,1.0,3,1.0,2.0,1.0,0.0,0.8
2010-11,2010-09-29,Group stage,Tottenham,Twente,1,1,2.0,2.0,2.0,2.0,0.0,0.0,0.0,0.0,1,1,15,15,H,1,1,15,15,0.0,0.0,0.0,0.0,0.0,0.0,0,0,0,0.0,0.0,0,0.0,0.0,2,0.0,4.0,4.0,1.0,1.0
2010-11,2010-09-29,Group stage,Valencia,Manchester Utd,1,1,4.0,0.0,0.0,0.0,1.0,0.0,0.0,0.0,3,1,15,15,A,1,1,15,15,4.0,0.0,4.0,0.0,1.0,0.0,2,0,0,1.0,0.0,2,4.0,0.0,4,1.0,4.0,0.0,0.0,0.8666666666666667
2010-11,2010-10-19,Group stage,Ajax,Auxerre,2,2,0.5,1.5,0.0,1.5,0.0,0.0,0.0,0.0,1,0,21,21,H,1,1,21,21,0.5,0.0,-1.0,-1.5,0.0,0.0,1,0,0,0.0,0.0,1,0.5,0.0,1,0.0,0.5,3.0,1.0,0.9333333333333333
2010-11,2010-10-19,Group stage,Arsenal,Shakhtar D.,2,2,4.5,0.5,2.0,0.0,1.0,1.0,1.0,1.0,6,6,21,21,H,1,1,21,21,2.5,-0.5,4.5,1.5,0.0,0.0,0,0,0,0.0,0.0,0,2.5,0.5,12,2.0,6.5,0.5,1.0,1.0
2010-11,2010-10-19,Group stage,Bayern Munich,CFR Cluj,2,2,2.0,0.5,1.5,1.5,1.0,0.5,1.0,0.0,6,3,21,21,H,1,1,21,21,0.5,1.0,0.5,1.0,0.5,1.0,3,0,0,0.5,1.0,3,0.5,1.0,9,1.5,3.5,2.0,0.5,0.8
2010-11,2010-10-19,Group stage,Braga,Partizan,2,2,0.0,4.5,0.5,2.0,0.0,0.0,0.0,0.0,0,0,21,21,H,1,1,21,21,-0.5,-2.5,-2.0,-4.0,0.0,0.0,0,0,0,0.0,0.0,0,0.5,2.5,0,0.0,0.5,6.5,1.0,1.0
2010-11,2010-10-19,Group stage,Marseille,MŠK Žilina,2,2,0.0,1.5,0.5,3.5,0.0,0.0,0.0,0.0,0,0,21,21,H,1,1,21,21,-0.5,2.0,-3.5,-1.0,0.0,0.0,0,0,0,0.0,0.0,0,0.5,2.0,0,0.0,0.5,5.0,1.0,1.0
2010-11,2010-10-19,Group stage,Real Madrid,Milan,2,2,1.5,0.0,1.5,0.5,1.0,0.5,1.0,0.0,6,4,21,21,H,1,1,21,21,0.0,0.5,1.0,1.5,0.5,1.0,2,0,0,0.5,1.0,2,0.0,0.5,10,1.5,3.0,0.5,0.5,0.8666666666666667
2010-11,2010-10-19,Group stage,Roma,Basel,2,2,1.0,1.5,1.0,2.0,0.5,0.0,1.0,0.0,3,0,21,21,A,1,1,21,21,0.0,0.5,-1.0,-0.5,0.5,1.0,3,0,0,0.5,1.0,3,0.0,0.5,3,0.5,2.0,3.5,0.5,0.8
2010-11,2010-10-19,Group stage,Spartak Moscow,Chelsea,2,2,2.0,0.0,3.0,0.5,1.0,1.0,1.0,1.0,6,6,21,21,A,1,1,21,21,-1.0,0.5,1.5,3.0,0.0,0.0,0,0,0,0.0,0.0,0,1.0,0.5,12,2.0,5.0,0.5,1.0,1.0
2010-11,2010-10-20,Group stage,Barcelona,FC Copenhagen,2,2,3.0,1.0,1.5,0.0,0.5,1.0,1.0,1.0,4,6,21,21,H,1,1,21,21,1.5,-1.0,3.0,0.5,-0.5,0.0,-2,0,0,0.5,0.0,2,1.5,1.0,10,1.5,4.5,1.0,0.5,0.8666666666666667
2010-11,2010-10-20,Group stage,Inter,Tottenham,2,2,3.0,1.0,3.0,1.5,0.5,0.5,1.0,0.0,4,4,21,21,H,1,1,21,21,0.0,0.5,1.5,2.0,0.0,1.0,0,0,0,0.0,1.0,0,0.0,0.5,8,1.0,6.0,2.5,1.0,1.0
2010-11,2010-10-20,Group stage,Lyon,Benfica,2,2,2.0,0.5,1.0,1.0,1.0,0.5,1.0,0.0,6,3,21,21,H,1,1,21,21,1.0,0.5,1.0,0.5,0.5,1.0,3,0,0,0.5,1.0,3,1.0,0.5,9,1.5,3.0,1.5,0.5,0.8
2010-11,2010-10-20,Group stage,Manchester Utd,Bursaspor,2,2,0.5,0.0,0.0,2.5,0.5,0.0,0.0,0.0,4,0,21,21,H,1,1,21,21,0.5,2.5,-2.0,0.0,0.5,0.0,4,0,0,0.5,0.0,4,0.5,2.5,4,0.5,0.5,2.5,0.5,0.7333333333333334
2010-11,2010-10-20,Group stage,Panathinaikos,Rubin Kazan,2,2,0.5,3.5,0.5,1.0,0.0,0.0,0.0,0.0,0,1,21,21,D,1,1,21,21,0.0,-2.5,-0.5,-3.0,0.0,0.0,-1,0,0,0.0,0.0,1,0.0,2.5,1,0.0,1.0,4.5,1.0,0.9333333333333333
2010-11,2010-10-20,Group stage,Rangers,Valencia,2,2,0.5,0.0,2.0,0.5,0.5,0.5,1.0,1.0,4,3,21,21,D,1,1,21,21,-1.5,0.5,0.0,2.0,0.0,0.0,1,0,0,0.0,0.0,1,1.5,0.5,7,1.0,2.5,0.5,1.0,0.9333333333333333
2010-11,2010-10-20,Group stage,Schalke 04,Hapoel Tel Aviv,2,2,1.0,0.5,0.5,2.5,0.5,0.0,1.0,0.0,3,0,21,21,H,1,1,21,21,0.5,2.0,-1.5,0.0,0.5,1.0,3,0,0,0.5,1.0,3,0.5,2.0,3,0.5,1.5,3.0,0.5,0.8
2010-11,2010-10-20,Group stage,Twente,Werder Bremen,2,2,1.5,3.0,1.0,3.0,0.0,0.0,0.0,0.0,1,1,21,21,D,1,1,21,21,0.5,0.0,-1.5,-2.0,0.0,0.0,0,0,0,0.0,0.0,0,0.5,0.0,2,0.0,2.5,6.0,1.0,1.0
2010-11,2010-11-02,Group stage,Benfica,Lyon,3,3,0.6666666666666666,1.3333333333333333,2.0,0.3333333333333333,0.3333333333333333,1.0,1.0,1.0,3,9,13,13,H,1,1,13,13,-1.3333333333333335,-1.0,0.3333333333333333,0.6666666666666667,-0.6666666666666667,0.0,-6,0,0,0.6666666666666667,0.0,6,1.3333333333333335,1.0,12,1.3333333333333333,2.6666666666666665,1.6666666666666665,0.33333333333333326,0.6
2010-11,2010-11-02,Group stage,Bursaspor,Manchester Utd,3,3,0.0,2.0,0.6666666666666666,0.0,0.0,0.6666666666666666,0.0,1.0,0,7,13,13,A,1,1,13,13,-0.6666666666666666,-2.0,0.0,-1.3333333333333335,-0.6666666666666666,-1.0,-7,0,0,0.6666666666666666,1.0,7,0.6666666666666666,2.0,7,0.6666666666666666,0.6666666666666666,2.0,0.33333333333333337,0.5333333333333333
2010-11,2010-11-02,Group stage,FC Copenhagen,Barcelona,3,3,1.0,0.6666666666666666,2.6666666666666665,0.6666666666666666,0.6666666666666666,0.6666666666666666,1.0,0.0,6,7,13,13,D,1,1,13,13,-1.6666666666666665,0.0,0.33333333333333337,2.0,0.0,1.0,-1,0,0,0.0,1.0,1,1.6666666666666665,0.0,13,1.3333333333333333,3.6666666666666665,1.3333333333333333,1.0,0.9333333333333333
2010-11,2010-11-02,Group stage,Hapoel Tel Aviv,Schalke 04,3,3,0.6666666666666666,2.6666666666666665,1.6666666666666667,0.6666666666666666,0.0,0.6666666666666666,0.0,0.0,0,6,13,13,D,1,1,13,13,-1.0,-2.0,0.0,-0.9999999999999998,-0.6666666666666666,0.0,-6,0,0,0.6666666666666666,0.0,6,1.0,2.0,6,0.6666666666666666,2.3333333333333335,3.333333333333333,0.33333333333333337,0.6
2010-11,2010-11-02,Group stage,Rubin Kazan,Panathinaikos,3,3,0.3333333333333333,0.6666666666666666,0.3333333333333333,2.3333333333333335,0.0,0.0,0.0,0.0,2,1,13,13,D,1,1,13,13,0.0,1.666666666666667,-2.0,-0.3333333333333333,0.0,0.0,1,0,0,0.0,0.0,1,0.0,1.666666666666667,3,0.0,0.6666666666666666,3.0,1.0,0.9333333333333333
2010-11,2010-11-02,Group stage,Tottenham,Inter,3,3,3.0,2.3333333333333335,3.3333333333333335,1.6666666666666667,0.3333333333333333,0.6666666666666666,1.0,0.0,4,7,13,13,H,1,1,13,13,-0.3333333333333335,-0.6666666666666667,1.3333333333333333,1.0,-0.3333333333333333,1.0,-3,0,0,0.3333333333333333,1.0,3,0.3333333333333335,0.6666666666666667,11,1.0,6.333333333333334,4.0,0.6666666666666667,0.8
2010-11,2010-11-02,Group stage,Valencia,Rangers,3,3,1.6666666666666667,0.6666666666666666,0.6666666666666666,0.3333333333333333,0.3333333333333333,0.3333333333333333,0.0,0.0,4,5,13,13,H,1,1,13,13,1.0,-0.3333333333333333,1.3333333333333335,0.0,0.0,0.0,-1,0,0,0.0,0.0,1,1.0,0.3333333333333333,9,0.6666666666666666,2.3333333333333335,1.0,1.0,0.9333333333333333
2010-11,2010-11-02,Group stage,Werder Bremen,Twente,3,3,1.0,2.3333333333333335,1.3333333333333333,2.3333333333333335,0.0,0.0,0.0,0.0,2,2,13,13,A,1,1,13,13,-0.33333333333333326,0.0,-1.3333333333333335,-1.0000000000000002,0.0,0.0,0,0,0,0.0,0.0,0,0.33333333333333326,0.0,4,0.0,2.333333333333333,4.666666666666667,1.0,1.0
2010-11,2010-11-03,Group stage,Auxerre,Ajax,3,3,0.3333333333333333,1.6666666666666667,1.0,1.3333333333333333,0.0,0.3333333333333333,0.0,0.0,0,4,15,15,H,1,1,15,15,-0.6666666666666667,-0.3333333333333335,-1.0,-0.6666666666666667,-0.3333333333333333,0.0,-4,0,0,0.3333333333333333,0.0,4,0.6666666666666667,0.3333333333333335,4,0.3333333333333333,1.3333333333333333,3.0,0.6666666666666667,0.7333333333333334
2010-11,2010-11-03,Group stage,Basel,Roma,3,3,1.6666666666666667,1.6666666666666667,1.0,2.0,0.3333333333333333,0.3333333333333333,0.0,0.0,3,3,15,15,A,1,1,15,15,0.6666666666666667,0.33333333333333326,-0.33333333333333326,-0.6666666666666667,0.0,0.0,0,0,0,0.0,0.0,0,0.6666666666666667,0.33333333333333326,6,0.6666666666666666,2.666666666666667,3.666666666666667,1.0,1.0
2010-11,2010-11-03,Group stage,CFR Cluj,Bayern Munich,3,3,1.6666666666666667,2.0,2.3333333333333335,1.0,0.3333333333333333,1.0,1.0,1.0,3,9,15,15,A,1,1,15,15,-0.6666666666666667,-1.0,0.6666666666666667,0.3333333333333335,-0.6666666666666667,0.0,-6,0,0,0.6666666666666667,0.0,6,0.6666666666666667,1.0,12,1.3333333333333333,4.0,3.0,0.33333333333333326,0.6
2010-11,2010-11-03,Group stage,Chelsea,Spartak Moscow,3,3,2.6666666666666665,0.3333333333333333,1.3333333333333333,0.6666666666666666,1.0,0.6666666666666666,1.0,1.0,9,6,15,15,H,1,1,15,15,1.3333333333333333,0.3333333333333333,2.0,1.0,0.33333333333333337,0.0,3,0,0,0.33333333333333337,0.0,3,1.3333333333333333,0.3333333333333333,15,1.6666666666666665,4.0,1.0,0.6666666666666666,0.8
2010-11,2010-11-03,Group stage,Milan,Real Madrid,3,3,1.0,1.0,1.6666666666666667,0.0,0.3333333333333333,1.0,1.0,1.0,4,9,15,15,D,1,1,15,15,-0.6666666666666667,-1.0,1.0,0.6666666666666667,-0.6666666666666667,0.0,-5,0,0,0.6666666666666667,0.0,5,0.6666666666666667,1.0,13,1.3333333333333333,2.666666666666667,1.0,0.33333333333333326,0.6666666666666667
2010-11,2010-11-03,Group stage,MŠK Žilina,Marseille,3,3,0.3333333333333333,2.6666666666666665,0.3333333333333333,1.0,0.0,0.3333333333333333,0.0,0.0,0,3,15,15,A,1,1,15,15,0.0,-1.6666666666666665,-0.6666666666666667,-2.333333333333333,-0.3333333333333333,0.0,-3,0,0,0.3333333333333333,0.0,3,0.0,1.6666666666666665,3,0.3333333333333333,0.6666666666666666,3.6666666666666665,0.6666666666666667,0.8
2010-11,2010-11-03,Group stage,Partizan,Braga,3,3,0.3333333333333333,2.0,0.6666666666666666,3.0,0.0,0.3333333333333333,0.0,0.0,0,3,15,15,A,1,1,15,15,-0.3333333333333333,1.0,-2.6666666666666665,-1.3333333333333335,-0.3333333333333333,0.0,-3,0,0,0.3333333333333333,0.0,3,0.3333333333333333,1.0,3,0.3333333333333333,1.0,5.0,0.6666666666666667,0.8
2010-11,2010-11-03,Group stage,Shakhtar D.,Arsenal,3,3,1.6666666666666667,1.6666666666666667,4.666666666666667,0.6666666666666666,0.6666666666666666,1.0,1.0,1.0,6,9,15,15,H,1,1,15,15,-3.0,-1.0,1.0,3.0,-0.33333333333333337,0.0,-3,0,0,0.33333333333333337,0.0,3,3.0,1.0,15,1.6666666666666665,6.333333333333334,2.3333333333333335,0.6666666666666666,0.8
2010-11,2010-11-23,Group stage,Ajax,Real Madrid,4,4,1.0,1.5,1.75,0.5,0.25,0.75,0.5,0.5,4,10,20,20,A,1,1,20,20,-0.75,-1.0,0.5,0.25,-0.5,0.0,-6,0,0,0.5,0.0,6,0.75,1.0,14,1.0,2.75,2.0,0.5,0.6
2010-11,2010-11-23,Group stage,Auxerre,Milan,4,4,0.75,1.5,1.25,1.25,0.25,0.25,0.5,0.0,3,5,20,20,A,1,1,20,20,-0.5,-0.25,-0.5,-0.25,0.0,0.5,-2,0,0,0.0,0.5,2,0.5,0.25,8,0.5,2.0,2.75,1.0,0.8666666666666667
2010-11,2010-11-23,Group stage,Basel,CFR Cluj,4,4,1.75,2.0,1.25,2.5,0.25,0.25,0.0,0.0,3,3,20,20,H,1,1,20,20,0.5,0.5,-0.75,-0.75,0.0,0.0,0,0,0,0.0,0.0,0,0.5,0.5,6,0.5,3.0,4.5,1.0,1.0
2010-11,2010-11-23,Group stage,Braga,Arsenal,4,4,0.75,2.25,3.75,1.0,0.5,0.75,0.5,0.5,6,9,20,20,H,1,1,20,20,-3.0,-1.25,-0.25,1.5,-0.25,0.0,-3,0,0,0.25,0.0,3,3.0,1.25,15,1.25,4.5,3.25,0.75,0.8
2010-11,2010-11-23,Group stage,Chelsea,MŠK Žilina,4,4,3.0,0.5,0.25,3.75,1.0,0.0,1.0,0.0,12,0,20,20,H,1,1,20,20,2.75,3.25,-0.75,-0.25,1.0,1.0,12,0,0,1.0,1.0,12,2.75,3.25,12,1.0,3.25,4.25,0.0,0.19999999999999996
2010-11,2010-11-23,Group stage,Partizan,Shakhtar D.,4,4,0.25,1.75,1.75,1.5,0.0,0.75,0.0,0.5,0,9,20,20,A,1,1,20,20,-1.5,-0.25,-1.25,0.0,-0.75,-0.5,-9,0,0,0.75,0.5,9,1.5,0.25,9,0.75,2.0,3.25,0.25,0.4
2010-11,2010-11-23,Group stage,Roma,Bayern Munich,4,4,1.5,2.0,2.75,0.75,0.5,1.0,0.5,1.0,6,12,20,20,H,1,1,20,20,-1.25,-1.25,0.75,0.75,-0.5,-0.5,-6,0,0,0.5,0.5,6,1.25,1.25,18,1.5,4.25,2.75,0.5,0.6
2010-11,2010-11-23,Group stage,Spartak Moscow,Marseille,4,4,1.25,1.5,2.0,0.75,0.5,0.5,0.5,0.5,6,6,20,20,A,1,1,20,20,-0.75,-0.75,0.5,0.5,0.0,0.0,0,0,0,0.0,0.0,0,0.75,0.75,12,1.0,3.25,2.25,1.0,1.0
2010-11,2010-11-24,Group stage,Hapoel Tel Aviv,Benfica,4,4,0.5,2.0,1.5,1.75,0.0,0.5,0.0,0.0,1,6,22,22,H,1,1,22,22,-1.0,-0.25,-1.25,-0.5,-0.5,0.0,-5,0,0,0.5,0.0,5,1.0,0.25,7,0.5,2.0,3.75,0.5,0.6666666666666667
2010-11,2010-11-24,Group stage,Inter,Twente,4,4,2.75,2.0,1.5,1.75,0.5,0.25,1.0,0.5,7,5,22,22,H,1,1,22,22,1.25,-0.25,1.0,-0.5,0.25,0.5,2,0,0,0.25,0.5,2,1.25,0.25,12,0.75,4.25,3.75,0.75,0.8666666666666667
2010-11,2010-11-24,Group stage,Panathinaikos,Barcelona,4,4,0.25,1.75,2.25,0.75,0.0,0.5,0.0,0.0,2,8,22,22,A,1,1,22,22,-2.0,-1.0,-0.5,0.5,-0.5,0.0,-6,0,0,0.5,0.0,6,2.0,1.0,10,0.5,2.5,2.5,0.5,0.6
2010-11,2010-11-24,Group stage,Rangers,Manchester Utd,4,4,0.5,1.0,1.25,0.0,0.25,0.75,0.5,1.0,5,10,22,22,A,1,1,22,22,-0.75,-1.0,0.5,0.25,-0.5,-0.5,-5,0,0,0.5,0.5,5,0.75,1.0,15,1.0,1.75,1.0,0.5,0.6666666666666667
2010-11,2010-11-24,Group stage,Rubin Kazan,FC Copenhagen,4,4,0.25,0.5,1.0,0.75,0.0,0.5,0.0,0.5,3,7,22,22,H,1,1,22,22,-0.75,0.25,-0.5,0.5,-0.5,-0.5,-4,0,0,0.5,0.5,4,0.75,0.25,10,0.5,1.25,1.25,0.5,0.7333333333333334
2010-11,2010-11-24,Group stage,Schalke 04,Lyon,4,4,1.25,0.5,2.25,1.25,0.5,0.75,1.0,0.5,7,9,22,22,H,1,1,22,22,-1.0,0.75,0.0,1.75,-0.25,0.5,-2,0,0,0.25,0.5,2,1.0,0.75,16,1.25,3.5,1.75,0.75,0.8666666666666667
2010-11,2010-11-24,Group stage,Tottenham,Werder Bremen,4,4,3.0,2.0,0.75,2.25,0.5,0.0,1.0,0.0,7,2,22,22,H,1,1,22,22,2.25,0.25,0.75,-1.25,0.5,1.0,5,0,0,0.5,1.0,5,2.25,0.25,9,0.5,3.75,4.25,0.5,0.6666666666666667
2010-11,2010-11-24,Group stage,Valencia,Bursaspor,4,4,2.0,0.5,0.0,2.25,0.5,0.0,0.5,0.0,7,0,22,22,H,1,1,22,22,2.0,1.75,-0.25,-0.5,0.5,0.5,7,0,0,0.5,0.5,7,2.0,1.75,7,0.5,2.0,2.75,0.5,0.5333333333333333
2010-11,2010-12-07,Group stage,Barcelona,Rubin Kazan,5,5,2.4,0.6,0.4,0.4,0.6,0.2,1.0,0.0,11,6,13,13,H,1,1,13,13,2.0,-0.19999999999999996,2.0,-0.19999999999999996,0.39999999999999997,1.0,5,0,0,0.39999999999999997,1.0,5,2.0,0.19999999999999996,17,0.8,2.8,1.0,0.6000000000000001,0.6666666666666667
2010-11,2010-12-07,Group stage,Benfica,Schalke 04,5,5,1.2,2.0,1.6,0.4,0.4,0.6,1.0,0.0,6,10,13,13,A,1,1,13,13,-0.40000000000000013,-1.6,0.7999999999999999,-0.3999999999999999,-0.19999999999999996,1.0,-4,0,0,0.19999999999999996,1.0,4,0.40000000000000013,1.6,16,1.0,2.8,2.4,0.8,0.7333333333333334
2010-11,2010-12-07,Group stage,Bursaspor,Rangers,5,5,0.2,3.0,0.4,1.0,0.0,0.2,0.0,0.0,0,5,13,13,D,1,1,13,13,-0.2,-2.0,-0.8,-2.6,-0.2,0.0,-5,0,0,0.2,0.0,5,0.2,2.0,5,0.2,0.6000000000000001,4.0,0.8,0.6666666666666667
2010-11,2010-12-07,Group stage,FC Copenhagen,Panathinaikos,5,5,0.8,0.8,0.2,2.0,0.4,0.0,0.5,0.0,7,2,13,13,H,1,1,13,13,0.6000000000000001,1.2,-1.2,-0.6000000000000001,0.4,0.5,5,0,0,0.4,0.5,5,0.6000000000000001,1.2,9,0.4,1.0,2.8,0.6,0.6666666666666667
2010-11,2010-12-07,Group stage,Lyon,Hapoel Tel Aviv,5,5,1.8,1.6,1.0,1.6,0.6,0.2,1.0,0.0,9,4,13,13,D,1,1,13,13,0.8,0.0,0.19999999999999996,-0.6000000000000001,0.39999999999999997,1.0,5,0,0,0.39999999999999997,1.0,5,0.8,0.0,13,0.8,2.8,3.2,0.6000000000000001,0.6666666666666667
2010-11,2010-12-07,Group stage,Manchester Utd,Valencia,5,5,1.2,0.0,2.8,0.6,0.8,0.6,0.5,0.5,13,10,13,13,D,1,1,13,13,-1.5999999999999999,0.6,0.6,2.8,0.20000000000000007,0.0,3,0,0,0.20000000000000007,0.0,3,1.5999999999999999,0.6,23,1.4,4.0,0.6,0.7999999999999999,0.8
2010-11,2010-12-07,Group stage,Twente,Tottenham,5,5,1.2,1.6,3.0,1.6,0.2,0.6,0.0,0.0,5,10,13,13,D,1,1,13,13,-1.8,0.0,-0.40000000000000013,1.4,-0.39999999999999997,0.0,-5,0,0,0.39999999999999997,0.0,5,1.8,0.0,15,0.8,4.2,3.2,0.6000000000000001,0.6666666666666667
2010-11,2010-12-07,Group stage,Werder Bremen,Inter,5,5,0.6,2.4,2.4,1.6,0.0,0.6,0.0,0.0,2,10,13,13,H,1,1,13,13,-1.7999999999999998,-0.7999999999999998,-1.0,0.0,-0.6,0.0,-8,0,0,0.6,0.0,8,1.7999999999999998,0.7999999999999998,12,0.6,3.0,4.0,0.4,0.4666666666666667
2010-11,2010-12-08,Group stage,Arsenal,Partizan,5,5,3.0,1.2,0.2,2.0,0.6,0.0,1.0,0.0,9,0,15,15,H,1,1,15,15,2.8,0.8,1.0,-1.0,0.6,1.0,9,0,0,0.6,1.0,9,2.8,0.8,9,0.6,3.2,3.2,0.4,0.4
2010-11,2010-12-08,Group stage,Bayern Munich,Basel,5,5,2.6,1.2,1.6,1.6,0.8,0.4,1.0,0.5,12,6,15,15,H,1,1,15,15,1.0,0.40000000000000013,1.0,0.40000000000000013,0.4,0.5,6,0,0,0.4,0.5,6,1.0,0.40000000000000013,18,1.2000000000000002,4.2,2.8,0.6,0.6
2010-11,2010-12-08,Group stage,CFR Cluj,Roma,5,5,1.0,2.2,1.8,2.0,0.2,0.6,0.5,0.5,3,9,15,15,D,1,1,15,15,-0.8,-0.20000000000000018,-1.0,-0.40000000000000013,-0.39999999999999997,0.0,-6,0,0,0.39999999999999997,0.0,6,0.8,0.20000000000000018,12,0.8,2.8,4.2,0.6000000000000001,0.6
2010-11,2010-12-08,Group stage,Marseille,Chelsea,5,5,2.2,0.6,2.8,0.6,0.6,1.0,0.5,1.0,9,15,15,15,H,1,1,15,15,-0.5999999999999996,0.0,1.6,2.1999999999999997,-0.4,-0.5,-6,0,0,0.4,0.5,6,0.5999999999999996,0.0,24,1.6,5.0,1.2,0.6,0.6
2010-11,2010-12-08,Group stage,Milan,Ajax,5,5,1.4,1.0,0.8,2.0,0.4,0.2,0.5,0.0,8,4,15,15,A,1,1,15,15,0.5999999999999999,1.0,-0.6000000000000001,-0.19999999999999996,0.2,0.5,4,0,0,0.2,0.5,4,0.5999999999999999,1.0,12,0.6000000000000001,2.2,3.0,0.8,0.7333333333333334
2010-11,2010-12-08,Group stage,MŠK Žilina,Spartak Moscow,5,5,0.4,3.4,1.0,1.8,0.0,0.4,0.0,0.5,0,6,15,15,A,1,1,15,15,-0.6,-1.5999999999999999,-1.4,-2.4,-0.4,-0.5,-6,0,0,0.4,0.5,6,0.6,1.5999999999999999,6,0.4,1.4,5.2,0.6,0.6
2010-11,2010-12-08,Group stage,Real Madrid,Auxerre,5,5,2.2,0.4,0.6,1.6,0.8,0.2,1.0,0.0,13,3,15,15,H,1,1,15,15,1.6,1.2000000000000002,0.6000000000000001,0.19999999999999996,0.6000000000000001,1.0,10,0,0,0.6000000000000001,1.0,10,1.6,1.2000000000000002,16,1.0,2.8000000000000003,2.0,0.3999999999999999,0.33333333333333337
2010-11,2010-12-08,Group stage,Shakhtar D.,Braga,5,5,2.0,1.2,1.0,1.8,0.8,0.6,1.0,0.5,12,9,15,15,H,1,1,15,15,1.0,0.6000000000000001,0.19999999999999996,-0.19999999999999996,0.20000000000000007,0.5,3,0,0,0.20000000000000007,0.5,3,1.0,0.6000000000000001,21,1.4,3.0,3.0,0.7999999999999999,0.8
2010-11,2011-02-15,Round of 16,Milan,Tottenham,6,6,1.1666666666666667,1.1666666666666667,3.0,1.8333333333333333,0.3333333333333333,0.5,0.3333333333333333,0.0,5,10,69,70,A,1,1,69,70,-1.8333333333333333,0.6666666666666665,-0.6666666666666665,1.8333333333333333,-0.16666666666666669,0.3333333333333333,-5,0,-1,0.16666666666666669,0.3333333333333333,5,1.8333333333333333,0.6666666666666665,15,0.8333333333333333,4.166666666666667,3.0,0.8333333333333333,0.6666666666666667
2010-11,2011-02-15,Round of 16,Valencia,Schalke 04,6,6,2.5,0.6666666666666666,1.6666666666666667,0.5,0.5,0.6666666666666666,0.6666666666666666,0.3333333333333333,8,13,70,70,D,1,1,70,70,0.8333333333333333,-0.16666666666666663,2.0,1.0,-0.16666666666666663,0.3333333333333333,-5,0,0,0.16666666666666663,0.3333333333333333,5,0.8333333333333333,0.16666666666666663,21,1.1666666666666665,4.166666666666667,1.1666666666666665,0.8333333333333334,0.6666666666666667
2010-11,2011-02-16,Round of 16,Arsenal,Barcelona,6,6,3.0,1.1666666666666667,2.3333333333333335,0.5,0.6666666666666666,0.6666666666666666,1.0,0.3333333333333333,9,11,70,71,H,1,1,70,71,0.6666666666666665,-0.6666666666666667,2.5,1.1666666666666667,0.0,0.6666666666666667,-2,0,-1,0.0,0.6666666666666667,2,0.6666666666666665,0.6666666666666667,20,1.3333333333333333,5.333333333333334,1.6666666666666667,1.0,0.8666666666666667
2010-11,2011-02-16,Round of 16,Roma,Shakhtar D.,6,6,1.6666666666666667,1.8333333333333333,2.0,1.0,0.5,0.8333333333333334,0.6666666666666666,0.6666666666666666,10,12,70,70,A,1,1,70,70,-0.33333333333333326,-0.8333333333333333,0.6666666666666667,0.16666666666666674,-0.33333333333333337,0.0,-2,0,0,0.33333333333333337,0.0,2,0.33333333333333326,0.8333333333333333,22,1.3333333333333335,3.666666666666667,2.833333333333333,0.6666666666666666,0.8666666666666667
2010-11,2011-02-22,Round of 16,FC Copenhagen,Chelsea,6,6,1.1666666666666667,0.8333333333333334,2.3333333333333335,0.6666666666666666,0.5,0.8333333333333334,0.6666666666666666,0.6666666666666666,7,12,77,76,A,1,1,77,76,-1.1666666666666667,-0.16666666666666674,0.5000000000000001,1.5,-0.33333333333333337,0.0,-5,0,1,0.33333333333333337,0.0,5,1.1666666666666667,0.16666666666666674,19,1.3333333333333335,3.5,1.5,0.6666666666666666,0.6666666666666667
2010-11,2011-02-22,Round of 16,Lyon,Real Madrid,6,6,1.8333333333333333,1.6666666666666667,2.5,0.3333333333333333,0.5,0.8333333333333334,0.6666666666666666,0.6666666666666666,7,13,77,76,D,1,1,77,76,-0.6666666666666667,-1.3333333333333335,1.5,0.8333333333333333,-0.33333333333333337,0.0,-6,0,1,0.33333333333333337,0.0,6,0.6666666666666667,1.3333333333333335,20,1.3333333333333335,4.333333333333333,2.0,0.6666666666666666,0.6
2010-11,2011-02-23,Round of 16,Inter,Bayern Munich,6,6,2.0,1.8333333333333333,2.6666666666666665,1.0,0.5,0.8333333333333334,1.0,0.6666666666666666,9,12,78,77,A,1,1,78,77,-0.6666666666666665,-0.8333333333333333,1.0,0.8333333333333333,-0.33333333333333337,0.33333333333333337,-3,0,1,0.33333333333333337,0.33333333333333337,3,0.6666666666666665,0.8333333333333333,21,1.3333333333333335,4.666666666666666,2.833333333333333,0.6666666666666666,0.8
2010-11,2011-02-23,Round of 16,Marseille,Manchester Utd,6,6,2.0,0.5,1.1666666666666667,0.16666666666666666,0.6666666666666666,0.6666666666666666,0.6666666666666666,1.0,12,13,77,78,D,1,1,77,78,0.8333333333333333,-0.33333333333333337,1.8333333333333333,0.6666666666666667,0.0,-0.33333333333333337,-1,0,-1,0.0,0.33333333333333337,1,0.8333333333333333,0.33333333333333337,25,1.3333333333333333,3.166666666666667,0.6666666666666666,1.0,0.9333333333333333
2010-11,2011-03-08,Round of 16,Barcelona,Arsenal,7,7,2.142857142857143,0.7142857142857143,2.857142857142857,1.1428571428571428,0.5714285714285714,0.7142857142857143,1.0,0.3333333333333333,10,9,20,20,H,1,1,20,20,-0.7142857142857144,0.4285714285714285,1.0,2.142857142857143,-0.1428571428571429,0.6666666666666667,1,0,0,0.1428571428571429,0.6666666666666667,1,0.7142857142857144,0.4285714285714285,19,1.2857142857142856,5.0,1.8571428571428572,0.8571428571428571,0.9333333333333333
2010-11,2011-03-08,Round of 16,Shakhtar D.,Roma,7,7,2.142857142857143,1.1428571428571428,1.7142857142857142,2.0,0.8571428571428571,0.42857142857142855,1.0,0.3333333333333333,12,7,20,20,H,1,1,20,20,0.4285714285714286,0.8571428571428572,0.1428571428571428,0.5714285714285714,0.42857142857142855,0.6666666666666667,5,0,0,0.42857142857142855,0.6666666666666667,5,0.4285714285714286,0.8571428571428572,19,1.2857142857142856,3.8571428571428568,3.142857142857143,0.5714285714285714,0.6666666666666667
2010-11,2011-03-09,Round of 16,Schalke 04,Valencia,7,7,1.5714285714285714,0.5714285714285714,2.2857142857142856,0.7142857142857143,0.5714285714285714,0.42857142857142855,1.0,0.3333333333333333,11,9,22,22,H,1,1,22,22,-0.7142857142857142,0.1428571428571429,0.8571428571428571,1.7142857142857142,0.14285714285714285,0.6666666666666667,2,0,0,0.14285714285714285,0.6666666666666667,2,0.7142857142857142,0.1428571428571429,20,1.0,3.8571428571428568,1.2857142857142856,0.8571428571428572,0.8666666666666667
2010-11,2011-03-09,Round of 16,Tottenham,Milan,7,7,2.7142857142857144,1.5714285714285714,1.0,1.1428571428571428,0.5714285714285714,0.2857142857142857,1.0,0.3333333333333333,10,4,22,22,D,1,1,22,22,1.7142857142857144,-0.4285714285714286,1.5714285714285716,-0.5714285714285714,0.2857142857142857,0.6666666666666667,6,0,0,0.2857142857142857,0.6666666666666667,6,1.7142857142857144,0.4285714285714286,14,0.8571428571428571,3.7142857142857144,2.7142857142857144,0.7142857142857143,0.6
2010-11,2011-03-15,Round of 16,Bayern Munich,Inter,7,7,2.4285714285714284,0.8571428571428571,1.7142857142857142,1.7142857142857142,0.8571428571428571,0.42857142857142855,1.0,0.0,12,6,20,20,A,1,1,20,20,0.7142857142857142,0.8571428571428571,0.7142857142857142,0.8571428571428571,0.42857142857142855,1.0,6,0,0,0.42857142857142855,1.0,6,0.7142857142857142,0.8571428571428571,18,1.2857142857142856,4.142857142857142,2.571428571428571,0.5714285714285714,0.6
2010-11,2011-03-15,Round of 16,Manchester Utd,Marseille,7,7,1.0,0.14285714285714285,1.7142857142857142,0.42857142857142855,0.5714285714285714,0.5714285714285714,0.3333333333333333,0.6666666666666666,11,13,20,20,H,1,1,20,20,-0.7142857142857142,0.2857142857142857,0.5714285714285714,1.5714285714285714,0.0,-0.3333333333333333,-2,0,0,0.0,0.3333333333333333,2,0.7142857142857142,0.2857142857142857,24,1.1428571428571428,2.7142857142857144,0.5714285714285714,1.0,0.8666666666666667
2010-11,2011-03-16,Round of 16,Chelsea,FC Copenhagen,7,7,2.2857142857142856,0.5714285714285714,1.0,1.0,0.8571428571428571,0.42857142857142855,1.0,0.3333333333333333,12,4,22,22,D,1,1,22,22,1.2857142857142856,0.4285714285714286,1.2857142857142856,0.4285714285714286,0.42857142857142855,0.6666666666666667,8,0,0,0.42857142857142855,0.6666666666666667,8,1.2857142857142856,0.4285714285714286,16,1.2857142857142856,3.2857142857142856,1.5714285714285714,0.5714285714285714,0.4666666666666667
2010-11,2011-03-16,Round of 16,Real Madrid,Lyon,7,7,2.2857142857142856,0.42857142857142855,1.7142857142857142,1.5714285714285714,0.7142857142857143,0.42857142857142855,1.0,0.3333333333333333,11,5,22,22,H,1,1,22,22,0.5714285714285714,1.1428571428571428,0.7142857142857142,1.2857142857142856,0.28571428571428575,0.6666666666666667,6,0,0,0.28571428571428575,0.6666666666666667,6,0.5714285714285714,1.1428571428571428,16,1.1428571428571428,4.0,2.0,0.7142857142857142,0.6
2010-11,2011-04-05,Quarter-finals,Inter,Schalke 04,8,8,1.875,1.75,1.75,0.625,0.5,0.625,0.75,0.25,6,11,21,27,A,1,1,21,27,0.125,-1.125,1.25,0.0,-0.125,0.5,-5,0,-6,0.125,0.5,5,0.125,1.125,17,1.125,3.625,2.375,0.875,0.6666666666666667
2010-11,2011-04-05,Quarter-finals,Real Madrid,Tottenham,8,8,2.375,0.375,2.375,1.375,0.75,0.5,1.0,0.25,11,11,20,27,H,1,1,20,27,0.0,1.0,1.0,2.0,0.25,0.75,0,0,-7,0.25,0.75,0,0.0,1.0,22,1.25,4.75,1.75,0.75,1.0
2010-11,2011-04-06,Quarter-finals,Barcelona,Shakhtar D.,8,8,2.25,0.75,2.25,1.0,0.625,0.875,1.0,0.75,10,15,29,29,H,1,1,29,29,0.0,0.25,1.25,1.5,-0.25,0.25,-5,0,0,0.25,0.25,5,0.0,0.25,25,1.5,4.5,1.75,0.75,0.6666666666666667
2010-11,2011-04-06,Quarter-finals,Chelsea,Manchester Utd,8,8,2.0,0.5,1.125,0.25,0.75,0.625,0.75,0.75,10,11,21,22,A,1,1,21,22,0.875,-0.25,1.75,0.625,0.125,0.0,-1,0,-1,0.125,0.0,1,0.875,0.25,21,1.375,3.125,0.75,0.875,0.9333333333333333
2010-11,2011-04-12,Quarter-finals,Manchester Utd,Chelsea,9,9,1.1111111111111112,0.2222222222222222,1.7777777777777777,0.5555555555555556,0.6666666666666666,0.6666666666666666,0.5,0.75,11,7,6,6,H,1,1,6,6,-0.6666666666666665,0.33333333333333337,0.5555555555555556,1.5555555555555554,0.0,-0.25,4,0,0,0.0,0.25,4,0.6666666666666665,0.33333333333333337,18,1.3333333333333333,2.888888888888889,0.7777777777777778,1.0,0.7333333333333334
2010-11,2011-04-12,Quarter-finals,Shakhtar D.,Barcelona,9,9,2.111111111111111,1.4444444444444444,2.5555555555555554,0.7777777777777778,0.7777777777777778,0.6666666666666666,1.0,0.25,12,12,6,6,A,1,1,6,6,-0.4444444444444442,-0.6666666666666666,1.3333333333333335,1.111111111111111,0.11111111111111116,0.75,0,0,0,0.11111111111111116,0.75,0,0.4444444444444442,0.6666666666666666,24,1.4444444444444444,4.666666666666666,2.2222222222222223,0.8888888888888888,1.0
2010-11,2011-04-13,Quarter-finals,Schalke 04,Inter,9,9,2.111111111111111,0.7777777777777778,1.8888888888888888,2.111111111111111,0.6666666666666666,0.4444444444444444,1.0,0.25,13,6,8,8,H,1,1,8,8,0.22222222222222232,1.3333333333333335,0.0,1.1111111111111112,0.2222222222222222,0.75,7,0,0,0.2222222222222222,0.75,7,0.22222222222222232,1.3333333333333335,19,1.1111111111111112,4.0,2.888888888888889,0.7777777777777778,0.5333333333333333
2010-11,2011-04-13,Quarter-finals,Tottenham,Real Madrid,9,9,2.111111111111111,1.6666666666666667,2.5555555555555554,0.3333333333333333,0.4444444444444444,0.7777777777777778,0.75,0.5,8,13,8,8,A,1,1,8,8,-0.4444444444444442,-1.3333333333333335,1.777777777777778,0.8888888888888886,-0.33333333333333337,0.25,-5,0,0,0.33333333333333337,0.25,5,0.4444444444444442,1.3333333333333335,21,1.2222222222222223,4.666666666666666,2.0,0.6666666666666666,0.6666666666666667
2010-11,2011-04-26,Semi-finals,Schalke 04,Manchester Utd,10,10,2.1,0.8,1.2,0.3,0.7,0.7,1.0,0.8,13,11,13,14,A,1,1,13,14,0.9000000000000001,-0.5,1.8,0.3999999999999999,0.0,0.19999999999999996,2,0,-1,0.0,0.19999999999999996,2,0.9000000000000001,0.5,24,1.4,3.3,1.1,1.0,0.8666666666666667
2010-11,2011-04-27,Semi-finals,Real Madrid,Barcelona,10,10,2.4,0.3,2.4,0.7,0.8,0.7,1.0,0.4,13,12,14,15,A,1,1,14,15,0.0,0.39999999999999997,1.7,2.1,0.10000000000000009,0.6,1,0,-1,0.10000000000000009,0.6,1,0.0,0.39999999999999997,25,1.5,4.8,1.0,0.8999999999999999,0.9333333333333333
2010-11,2011-05-03,Semi-finals,Barcelona,Real Madrid,11,11,2.3636363636363638,0.6363636363636364,2.1818181818181817,0.45454545454545453,0.7272727272727273,0.7272727272727273,1.0,0.6,12,10,6,6,D,1,1,6,6,0.1818181818181821,-0.18181818181818182,1.9090909090909092,1.5454545454545454,0.0,0.4,2,0,0,0.0,0.4,2,0.1818181818181821,0.18181818181818182,22,1.4545454545454546,4.545454545454545,1.0909090909090908,1.0,0.8666666666666667
2010-11,2011-05-04,Semi-finals,Manchester Utd,Schalke 04,11,11,1.2727272727272727,0.2727272727272727,1.9090909090909092,0.9090909090909091,0.7272727272727273,0.6363636363636364,0.6,0.4,13,10,8,8,H,1,1,8,8,-0.6363636363636365,0.6363636363636364,0.36363636363636365,1.6363636363636365,0.09090909090909094,0.19999999999999996,3,0,0,0.09090909090909094,0.19999999999999996,3,0.6363636363636365,0.6363636363636364,23,1.3636363636363638,3.1818181818181817,1.1818181818181817,0.9090909090909091,0.8
2010-11,2011-05-28,Final,Barcelona,Manchester Utd,12,12,2.25,0.6666666666666666,1.5,0.3333333333333333,0.6666666666666666,0.75,0.8333333333333334,0.8333333333333334,13,15,25,24,H,1,1,25,24,0.75,-0.3333333333333333,1.9166666666666667,0.8333333333333334,-0.08333333333333337,0.0,-2,0,1,0.08333333333333337,0.0,2,0.75,0.3333333333333333,28,1.4166666666666665,3.75,1.0,0.9166666666666666,0.8666666666666667
2011-12,2011-09-13,Group stage,APOEL FC,Zenit,0,0,0.0,0.0,0.0,0.0,0.0,0.0,0.0,0.0,0,0,-1,-1,H,0,0,0,0,0.0,0.0,0.0,0.0,0.0,0.0,0,0,0,0.0,0.0,0,0.0,0.0,0,0.0,0.0,0.0,1.0,1.0
2011-12,2011-09-13,Group stage,Barcelona,Milan,13,8,2.3076923076923075,0.6923076923076923,0.875,1.0,0.6923076923076923,0.25,0.8571428571428571,0.25,13,5,108,188,D,1,1,108,188,1.4326923076923075,0.3076923076923077,1.3076923076923075,0.1826923076923077,0.4423076923076923,0.6071428571428571,8,5,-80,0.4423076923076923,0.6071428571428571,8,1.4326923076923075,0.3076923076923077,18,0.9423076923076923,3.1826923076923075,1.6923076923076923,0.5576923076923077,0.4666666666666667
2011-12,2011-09-13,Group stage,Chelsea,Leverkusen,10,0,1.7,0.7,0.0,0.0,0.6,0.0,0.6,0.0,4,0,154,-1,H,1,0,154,0,1.7,-0.7,1.7,-0.7,0.6,0.6,4,10,154,0.6,0.6,4,1.7,0.7,4,0.6,1.7,0.7,0.4,0.7333333333333334
2011-12,2011-09-13,Group stage,Dortmund,Arsenal,0,8,0.0,0.0,2.625,1.375,0.0,0.625,0.0,0.25,0,6,-1,189,D,0,1,0,189,-2.625,1.375,-1.375,2.625,-0.625,-0.25,-6,-8,-189,0.625,0.25,6,2.625,1.375,6,0.625,2.625,1.375,0.375,0.6
2011-12,2011-09-13,Group stage,Genk,Valencia,0,8,0.0,0.0,2.125,1.0,0.0,0.375,0.0,0.25,0,8,-1,188,D,0,1,0,188,-2.125,1.0,-1.0,2.125,-0.375,-0.25,-8,-8,-188,0.375,0.25,8,2.125,1.0,8,0.375,2.125,1.0,0.625,0.4666666666666667
2011-12,2011-09-13,Group stage,Olympiacos,Marseille,0,8,0.0,0.0,1.625,0.625,0.0,0.5,0.0,0.5,0,10,-1,182,A,0,1,0,182,-1.625,0.625,-0.625,1.625,-0.5,-0.5,-10,-8,-182,0.5,0.5,10,1.625,0.625,10,0.5,1.625,0.625,0.5,0.33333333333333337
2011-12,2011-09-13,Group stage,Porto,Shakhtar D.,0,10,0.0,0.0,1.9,1.4,0.0,0.7,0.0,0.6,0,9,-1,154,H,0,1,0,154,-1.9,1.4,-1.4,1.9,-0.7,-0.6,-9,-10,-154,0.7,0.6,9,1.9,1.4,9,0.7,1.9,1.4,0.30000000000000004,0.4
2011-12,2011-09-13,Group stage,Viktoria Plzeň,BATE Borisov,0,0,0.0,0.0,0.0,0.0,0.0,0.0,0.0,0.0,0,0,-1,-1,D,0,0,0,0,0.0,0.0,0.0,0.0,0.0,0.0,0,0,0,0.0,0.0,0,0.0,0.0,0,0.0,0.0,0.0,1.0,1.0
2011-12,2011-09-14,Group stage,Ajax,Lyon,6,8,1.0,1.6666666666666667,1.5,1.75,0.3333333333333333,0.375,0.3333333333333333,0.25,7,2,280,182,D,1,1,280,182,-0.5,0.08333333333333326,-0.75,-0.16666666666666674,-0.041666666666666685,0.08333333333333331,5,-2,98,0.041666666666666685,0.08333333333333331,5,0.5,0.08333333333333326,9,0.7083333333333333,2.5,3.416666666666667,0.9583333333333333,0.6666666666666667
2011-12,2011-09-14,Group stage,Basel,Oțelul Galați,6,0,1.3333333333333333,1.8333333333333333,0.0,0.0,0.3333333333333333,0.0,0.3333333333333333,0.0,6,0,280,-1,H,1,0,280,0,1.3333333333333333,-1.8333333333333333,1.3333333333333333,-1.8333333333333333,0.3333333333333333,0.3333333333333333,6,6,280,0.3333333333333333,0.3333333333333333,6,1.3333333333333333,1.8333333333333333,6,0.3333333333333333,1.3333333333333333,1.8333333333333333,0.6666666666666667,0.6
2011-12,2011-09-14,Group stage,Benfica,Manchester Utd,6,13,1.1666666666666667,2.0,1.4615384615384615,0.5384615384615384,0.3333333333333333,0.6923076923076923,0.6666666666666666,0.7142857142857143,3,12,281,109,D,1,1,281,109,-0.2948717948717947,-1.4615384615384617,0.6282051282051283,-0.5384615384615385,-0.358974358974359,-0.04761904761904767,-9,-7,172,0.358974358974359,0.04761904761904767,9,0.2948717948717947,1.4615384615384617,15,1.0256410256410255,2.628205128205128,2.5384615384615383,0.641025641025641,0.4
2011-12,2011-09-14,Group stage,Dinamo Zagreb,Real Madrid,0,12,0.0,0.0,2.0833333333333335,0.5,0.0,0.6666666666666666,0.0,0.5,0,10,-1,134,A,0,1,0,134,-2.0833333333333335,0.5,-0.5,2.0833333333333335,-0.6666666666666666,-0.5,-10,-12,-134,0.6666666666666666,0.5,10,2.0833333333333335,0.5,10,0.6666666666666666,2.0833333333333335,0.5,0.33333333333333337,0.33333333333333337
2011-12,2011-09-14,Group stage,Inter,Trabzonspor,10,0,1.8,2.1,0.0,0.0,0.4,0.0,0.6,0.0,3,0,154,-1,A,1,0,154,0,1.8,-2.1,1.8,-2.1,0.4,0.6,3,10,154,0.4,0.6,3,1.8,2.1,3,0.4,1.8,2.1,0.6,0.8
2011-12,2011-09-14,Group stage,Lille,CSKA Moscow,0,0,0.0,0.0,0.0,0.0,0.0,0.0,0.0,0.0,0,0,-1,-1,D,0,0,0,0,0.0,0.0,0.0,0.0,0.0,0.0,0,0,0,0.0,0.0,0,0.0,0.0,0,0.0,0.0,0.0,1.0,1.0
2011-12,2011-09-14,Group stage,Manchester City,Napoli,0,0,0.0,0.0,0.0,0.0,0.0,0.0,0.0,0.0,0,0,-1,-1,D,0,0,0,0,0.0,0.0,0.0,0.0,0.0,0.0,0,0,0,0.0,0.0,0,0.0,0.0,0,0.0,0.0,0.0,1.0,1.0
2011-12,2011-09-14,Group stage,Villarreal,Bayern Munich,0,8,0.0,0.0,2.375,1.125,0.0,0.75,0.0,0.75,0,9,-1,183,A,0,1,0,183,-2.375,1.125,-1.125,2.375,-0.75,-0.75,-9,-8,-183,0.75,0.75,9,2.375,1.125,9,0.75,2.375,1.125,0.25,0.4
2011-12,2011-09-27,Group stage,Bayern Munich,Manchester City,9,1,2.3333333333333335,1.0,1.0,1.0,0.7777777777777778,0.0,0.75,0.0,9,1,13,13,H,1,1,13,13,1.3333333333333335,0.0,1.3333333333333335,0.0,0.7777777777777778,0.75,8,8,0,0.7777777777777778,0.75,8,1.3333333333333335,0.0,10,0.7777777777777778,3.3333333333333335,2.0,0.2222222222222222,0.4666666666666667
2011-12,2011-09-27,Group stage,CSKA Moscow,Inter,1,11,2.0,2.0,1.6363636363636365,2.0,0.0,0.36363636363636365,0.0,0.2,1,3,13,13,A,1,1,13,13,0.36363636363636354,0.0,0.0,-0.36363636363636354,-0.36363636363636365,-0.2,-2,-10,0,0.36363636363636365,0.2,2,0.36363636363636354,0.0,4,0.36363636363636365,3.6363636363636367,4.0,0.6363636363636364,0.8666666666666667
2011-12,2011-09-27,Group stage,Lyon,Dinamo Zagreb,9,1,1.3333333333333333,1.5555555555555556,0.0,1.0,0.3333333333333333,0.0,0.5,0.0,3,0,13,13,H,1,1,13,13,1.3333333333333333,-0.5555555555555556,0.33333333333333326,-1.5555555555555556,0.3333333333333333,0.5,3,8,0,0.3333333333333333,0.5,3,1.3333333333333333,0.5555555555555556,3,0.3333333333333333,1.3333333333333333,2.5555555555555554,0.6666666666666667,0.8
2011-12,2011-09-27,Group stage,Manchester Utd,Basel,14,7,1.4285714285714286,0.5714285714285714,1.4285714285714286,1.7142857142857142,0.6428571428571429,0.42857142857142855,0.6666666666666666,0.3333333333333333,10,9,13,13,D,1,1,13,13,0.0,1.1428571428571428,-0.2857142857142856,0.8571428571428572,0.21428571428571436,0.3333333333333333,1,7,0,0.21428571428571436,0.3333333333333333,1,0.0,1.1428571428571428,19,1.0714285714285714,2.857142857142857,2.2857142857142856,0.7857142857142856,0.9333333333333333
2011-12,2011-09-27,Group stage,Napoli,Villarreal,1,1,1.0,1.0,0.0,2.0,0.0,0.0,0.0,0.0,1,0,13,13,H,1,1,13,13,1.0,1.0,-1.0,-1.0,0.0,0.0,1,0,0,0.0,0.0,1,1.0,1.0,1,0.0,1.0,3.0,1.0,0.9333333333333333
2011-12,2011-09-27,Group stage,Oțelul Galați,Benfica,1,7,1.0,2.0,1.1428571428571428,1.8571428571428572,0.0,0.2857142857142857,0.0,0.0,0,4,13,13,A,1,1,13,13,-0.1428571428571428,-0.1428571428571428,-0.8571428571428572,-0.8571428571428572,-0.2857142857142857,0.0,-4,-6,0,0.2857142857142857,0.0,4,0.1428571428571428,0.1428571428571428,4,0.2857142857142857,2.142857142857143,3.857142857142857,0.7142857142857143,0.7333333333333334
2011-12,2011-09-27,Group stage,Real Madrid,Ajax,13,7,2.0,0.46153846153846156,0.8571428571428571,1.4285714285714286,0.6923076923076923,0.2857142857142857,0.8333333333333334,0.3333333333333333,10,7,13,13,H,1,1,13,13,1.1428571428571428,0.967032967032967,0.5714285714285714,0.39560439560439553,0.4065934065934066,0.5,3,6,0,0.4065934065934066,0.5,3,1.1428571428571428,0.967032967032967,17,0.978021978021978,2.857142857142857,1.89010989010989,0.5934065934065934,0.8
2011-12,2011-09-27,Group stage,Trabzonspor,Lille,1,1,1.0,0.0,2.0,2.0,1.0,0.0,0.0,0.0,3,1,13,13,D,1,1,13,13,-1.0,2.0,-1.0,2.0,1.0,0.0,2,0,0,1.0,0.0,2,1.0,2.0,4,1.0,3.0,2.0,0.0,0.8666666666666667
2011-12,2011-09-28,Group stage,Arsenal,Olympiacos,9,1,2.4444444444444446,1.3333333333333333,0.0,1.0,0.5555555555555556,0.0,1.0,0.0,7,0,15,15,H,1,1,15,15,2.4444444444444446,-0.33333333333333326,1.4444444444444446,-1.3333333333333333,0.5555555555555556,1.0,7,8,0,0.5555555555555556,1.0,7,2.4444444444444446,0.33333333333333326,7,0.5555555555555556,2.4444444444444446,2.333333333333333,0.4444444444444444,0.5333333333333333
2011-12,2011-09-28,Group stage,BATE Borisov,Barcelona,1,14,1.0,1.0,2.2857142857142856,0.7857142857142857,0.0,0.6428571428571429,0.0,0.5,1,11,15,15,A,1,1,15,15,-1.2857142857142856,-0.2142857142857143,0.2142857142857143,1.2857142857142856,-0.6428571428571429,-0.5,-10,-13,0,0.6428571428571429,0.5,10,1.2857142857142856,0.2142857142857143,12,0.6428571428571429,3.2857142857142856,1.7857142857142856,0.3571428571428571,0.33333333333333337
2011-12,2011-09-28,Group stage,Leverkusen,Genk,1,1,0.0,2.0,0.0,0.0,0.0,0.0,0.0,0.0,0,1,15,15,H,1,1,15,15,0.0,-2.0,0.0,-2.0,0.0,0.0,-1,0,0,0.0,0.0,1,0.0,2.0,1,0.0,0.0,2.0,1.0,0.9333333333333333
2011-12,2011-09-28,Group stage,Marseille,Dortmund,9,1,1.5555555555555556,0.5555555555555556,1.0,1.0,0.5555555555555556,0.0,0.5,0.0,10,1,15,15,H,1,1,15,15,0.5555555555555556,0.4444444444444444,0.5555555555555556,0.4444444444444444,0.5555555555555556,0.5,9,8,0,0.5555555555555556,0.5,9,0.5555555555555556,0.4444444444444444,11,0.5555555555555556,2.5555555555555554,1.5555555555555556,0.4444444444444444,0.4
2011-12,2011-09-28,Group stage,Milan,Viktoria Plzeň,9,1,1.0,1.1111111111111112,1.0,1.0,0.2222222222222222,0.0,0.25,0.0,5,1,15,15,H,1,1,15,15,0.0,-0.11111111111111116,0.0,-0.11111111111111116,0.2222222222222222,0.25,4,8,0,0.2222222222222222,0.25,4,0.0,0.11111111111111116,6,0.2222222222222222,2.0,2.111111111111111,0.7777777777777778,0.7333333333333334
2011-12,2011-09-28,Group stage,Shakhtar D.,APOEL FC,11,1,1.8181818181818181,1.4545454545454546,2.0,1.0,0.6363636363636364,1.0,0.8,0.0,6,3,15,15,D,1,1,15,15,-0.18181818181818188,-0.4545454545454546,0.8181818181818181,0.5454545454545454,-0.36363636363636365,0.8,3,10,0,0.36363636363636365,0.8,3,0.18181818181818188,0.4545454545454546,9,1.6363636363636362,3.8181818181818183,2.4545454545454546,0.6363636363636364,0.8
2011-12,2011-09-28,Group stage,Valencia,Chelsea,9,11,1.8888888888888888,0.8888888888888888,1.7272727272727273,0.6363636363636364,0.3333333333333333,0.6363636363636364,0.5,0.6,6,7,15,15,D,1,1,15,15,0.16161616161616155,-0.2525252525252525,1.2525252525252526,0.8383838383838385,-0.30303030303030304,-0.09999999999999998,-1,-2,0,0.30303030303030304,0.09999999999999998,1,0.16161616161616155,0.2525252525252525,13,0.9696969696969697,3.616161616161616,1.525252525252525,0.696969696969697,0.9333333333333333
2011-12,2011-09-28,Group stage,Zenit,Porto,1,1,1.0,2.0,2.0,1.0,0.0,1.0,0.0,0.0,0,3,15,15,H,1,1,15,15,-1.0,-1.0,0.0,0.0,-1.0,0.0,-3,0,0,1.0,0.0,3,1.0,1.0,3,1.0,3.0,3.0,0.0,0.8
2011-12,2011-10-18,Group stage,Basel,Benfica,8,8,1.625,1.875,1.125,1.625,0.375,0.375,0.5,0.25,7,7,21,21,A,1,1,21,21,0.5,-0.25,0.0,-0.75,0.0,0.25,0,0,0,0.0,0.25,0,0.5,0.25,14,0.75,2.75,3.5,1.0,1.0
2011-12,2011-10-18,Group stage,CSKA Moscow,Trabzonspor,2,2,2.0,2.5,1.0,0.5,0.0,0.5,0.0,1.0,1,4,21,21,H,1,1,21,21,1.0,-2.0,1.5,-1.5,-0.5,-1.0,-3,0,0,0.5,1.0,3,1.0,2.0,5,0.5,3.0,3.0,0.5,0.8
2011-12,2011-10-18,Group stage,Dinamo Zagreb,Ajax,2,8,0.0,1.5,0.75,1.625,0.0,0.25,0.0,0.25,0,4,21,21,A,1,1,21,21,-0.75,0.125,-1.625,-0.75,-0.25,-0.25,-4,-6,0,0.25,0.25,4,0.75,0.125,4,0.25,0.75,3.125,0.75,0.7333333333333334
2011-12,2011-10-18,Group stage,Lille,Inter,2,12,1.5,1.5,1.75,2.0,0.0,0.4166666666666667,0.0,0.3333333333333333,2,6,21,21,A,1,1,21,21,-0.25,0.5,-0.5,0.25,-0.4166666666666667,-0.3333333333333333,-4,-10,0,0.4166666666666667,0.3333333333333333,4,0.25,0.5,8,0.4166666666666667,3.25,3.5,0.5833333333333333,0.7333333333333334
2011-12,2011-10-18,Group stage,Manchester City,Villarreal,2,2,0.5,1.5,0.0,2.0,0.0,0.0,0.0,0.0,1,0,21,21,H,1,1,21,21,0.5,0.5,-1.5,-1.5,0.0,0.0,1,0,0,0.0,0.0,1,0.5,0.5,1,0.0,0.5,3.5,1.0,0.9333333333333333
2011-12,2011-10-18,Group stage,Napoli,Bayern Munich,2,10,1.5,0.5,2.3,0.9,0.5,0.8,1.0,0.8,4,12,21,21,D,1,1,21,21,-0.7999999999999998,0.4,0.6,1.7999999999999998,-0.30000000000000004,0.19999999999999996,-8,-8,0,0.30000000000000004,0.19999999999999996,8,0.7999999999999998,0.4,16,1.3,3.8,1.4,0.7,0.4666666666666667
2011-12,2011-10-18,Group stage,Oțelul Galați,Manchester Utd,2,15,0.5,1.5,1.5333333333333334,0.7333333333333333,0.0,0.6,0.0,0.625,0,8,21,21,A,1,1,21,21,-1.0333333333333334,-0.7666666666666667,-0.23333333333333328,0.03333333333333344,-0.6,-0.625,-8,-13,0,0.6,0.625,8,1.0333333333333334,0.7666666666666667,8,0.6,2.033333333333333,2.2333333333333334,0.4,0.4666666666666667
2011-12,2011-10-18,Group stage,Real Madrid,Lyon,14,10,2.0714285714285716,0.42857142857142855,1.4,1.4,0.7142857142857143,0.4,0.8571428571428571,0.2,10,6,21,21,H,1,1,21,21,0.6714285714285717,0.9714285714285713,0.6714285714285717,0.9714285714285713,0.3142857142857143,0.657142857142857,4,4,0,0.3142857142857143,0.657142857142857,4,0.6714285714285717,0.9714285714285713,16,1.1142857142857143,3.4714285714285715,1.8285714285714285,0.6857142857142857,0.7333333333333334
2011-12,2011-10-19,Group stage,Barcelona,Viktoria Plzeň,15,2,2.466666666666667,0.7333333333333333,0.5,1.5,0.6666666666666666,0.0,0.75,0.0,11,1,21,21,H,1,1,21,21,1.9666666666666668,0.7666666666666667,0.9666666666666668,-0.23333333333333328,0.6666666666666666,0.75,10,13,0,0.6666666666666666,0.75,10,1.9666666666666668,0.7666666666666667,12,0.6666666666666666,2.966666666666667,2.2333333333333334,0.33333333333333337,0.33333333333333337
2011-12,2011-10-19,Group stage,Chelsea,Genk,12,2,1.6666666666666667,0.6666666666666666,0.0,1.0,0.5833333333333334,0.0,0.6666666666666666,0.0,5,1,21,21,H,1,1,21,21,1.6666666666666667,0.33333333333333337,0.6666666666666667,-0.6666666666666666,0.5833333333333334,0.6666666666666666,4,10,0,0.5833333333333334,0.6666666666666666,4,1.6666666666666667,0.33333333333333337,6,0.5833333333333334,1.6666666666666667,1.6666666666666665,0.41666666666666663,0.7333333333333334
2011-12,2011-10-19,Group stage,Leverkusen,Valencia,2,10,1.0,1.0,1.8,0.9,0.5,0.3,1.0,0.2,3,4,21,21,H,1,1,21,21,-0.8,-0.09999999999999998,0.09999999999999998,0.8,0.2,0.8,-1,-8,0,0.2,0.8,1,0.8,0.09999999999999998,7,0.8,2.8,1.9,0.8,0.9333333333333333
2011-12,2011-10-19,Group stage,Marseille,Arsenal,10,10,1.7,0.5,2.4,1.3,0.6,0.6,0.6,0.2,10,10,21,21,A,1,1,21,21,-0.7,0.8,0.3999999999999999,1.9,0.0,0.39999999999999997,0,0,0,0.0,0.39999999999999997,0,0.7,0.8,20,1.2,4.1,1.8,1.0,1.0
2011-12,2011-10-19,Group stage,Milan,BATE Borisov,10,2,1.1,1.0,0.5,3.0,0.3,0.0,0.4,0.0,5,1,21,21,H,1,1,21,21,0.6000000000000001,2.0,-1.9,-0.5,0.3,0.4,4,8,0,0.3,0.4,4,0.6000000000000001,2.0,6,0.3,1.6,4.0,0.7,0.7333333333333334
2011-12,2011-10-19,Group stage,Olympiacos,Dortmund,2,2,0.5,1.5,0.5,2.0,0.0,0.0,0.0,0.0,0,1,21,21,H,1,1,21,21,0.0,0.5,-1.5,-1.0,0.0,0.0,-1,0,0,0.0,0.0,1,0.0,0.5,1,0.0,1.0,3.5,1.0,0.9333333333333333
2011-12,2011-10-19,Group stage,Porto,APOEL FC,2,2,1.5,2.0,1.5,1.0,0.5,0.5,1.0,0.0,3,4,21,21,D,1,1,21,21,0.0,-1.0,0.5,-0.5,0.0,1.0,-1,0,0,0.0,1.0,1,0.0,1.0,7,1.0,3.0,3.0,1.0,0.9333333333333333
2011-12,2011-10-19,Group stage,Shakhtar D.,Zenit,12,2,1.75,1.4166666666666667,2.0,1.5,0.5833333333333334,0.5,0.6666666666666666,0.0,4,3,21,21,D,1,1,21,21,-0.25,0.08333333333333326,0.25,0.5833333333333333,0.08333333333333337,0.6666666666666666,1,10,0,0.08333333333333337,0.6666666666666666,1,0.25,0.08333333333333326,7,1.0833333333333335,3.75,2.916666666666667,0.9166666666666666,0.9333333333333333
2011-12,2011-11-01,Group stage,APOEL FC,Porto,3,3,1.3333333333333333,1.0,1.3333333333333333,1.6666666666666667,0.3333333333333333,0.3333333333333333,1.0,0.0,5,4,13,13,H,1,1,13,13,0.0,0.6666666666666667,-0.3333333333333335,0.33333333333333326,0.0,1.0,1,0,0,0.0,1.0,1,0.0,0.6666666666666667,9,0.6666666666666666,2.6666666666666665,2.666666666666667,1.0,0.9333333333333333
2011-12,2011-11-01,Group stage,Arsenal,Marseille,11,11,2.272727272727273,1.1818181818181819,1.5454545454545454,0.5454545454545454,0.6363636363636364,0.5454545454545454,1.0,0.6,10,7,13,13,D,1,1,13,13,0.7272727272727275,-0.6363636363636365,1.7272727272727275,0.36363636363636354,0.09090909090909094,0.4,3,0,0,0.09090909090909094,0.4,3,0.7272727272727275,0.6363636363636365,17,1.1818181818181817,3.8181818181818183,1.7272727272727273,0.9090909090909091,0.8
2011-12,2011-11-01,Group stage,BATE Borisov,Milan,3,11,0.3333333333333333,2.6666666666666665,1.1818181818181819,0.9090909090909091,0.0,0.36363636363636365,0.0,0.2,1,8,13,13,D,1,1,13,13,-0.8484848484848486,-1.7575757575757573,-0.5757575757575757,-1.4848484848484846,-0.36363636363636365,-0.2,-7,-8,0,0.36363636363636365,0.2,7,0.8484848484848486,1.7575757575757573,9,0.36363636363636365,1.5151515151515151,3.5757575757575757,0.6363636363636364,0.5333333333333333
2011-12,2011-11-01,Group stage,Dortmund,Olympiacos,3,3,0.6666666666666666,2.3333333333333335,1.3333333333333333,1.3333333333333333,0.0,0.3333333333333333,0.0,0.0,1,3,13,13,H,1,1,13,13,-0.6666666666666666,-1.0000000000000002,-0.6666666666666666,-1.0000000000000002,-0.3333333333333333,0.0,-2,0,0,0.3333333333333333,0.0,2,0.6666666666666666,1.0000000000000002,4,0.3333333333333333,2.0,3.666666666666667,0.6666666666666667,0.8666666666666667
2011-12,2011-11-01,Group stage,Genk,Chelsea,3,13,0.0,2.3333333333333335,1.9230769230769231,0.6153846153846154,0.0,0.6153846153846154,0.0,0.5,1,7,13,13,D,1,1,13,13,-1.9230769230769231,-1.717948717948718,-0.6153846153846154,-0.41025641025641035,-0.6153846153846154,-0.5,-6,-10,0,0.6153846153846154,0.5,6,1.9230769230769231,1.717948717948718,8,0.6153846153846154,1.9230769230769231,2.948717948717949,0.3846153846153846,0.6
2011-12,2011-11-01,Group stage,Valencia,Leverkusen,11,3,1.7272727272727273,1.0,1.3333333333333333,1.0,0.2727272727272727,0.6666666666666666,0.4,0.0,3,6,13,13,H,1,1,13,13,0.39393939393939403,0.0,0.7272727272727273,0.33333333333333326,-0.3939393939393939,0.4,-3,8,0,0.3939393939393939,0.4,3,0.39393939393939403,0.0,9,0.9393939393939393,3.0606060606060606,2.0,0.6060606060606061,0.8
2011-12,2011-11-01,Group stage,Viktoria Plzeň,Barcelona,3,16,0.3333333333333333,1.6666666666666667,2.4375,0.6875,0.0,0.6875,0.0,0.5714285714285714,1,11,13,13,A,1,1,13,13,-2.1041666666666665,-0.9791666666666667,-0.3541666666666667,0.7708333333333333,-0.6875,-0.5714285714285714,-10,-13,0,0.6875,0.5714285714285714,10,2.1041666666666665,0.9791666666666667,12,0.6875,2.7708333333333335,2.354166666666667,0.3125,0.33333333333333337
2011-12,2011-11-01,Group stage,Zenit,Shakhtar D.,3,13,2.0,1.6666666666666667,1.7692307692307692,1.4615384615384615,0.3333333333333333,0.5384615384615384,1.0,0.5,4,2,13,13,H,1,1,13,13,0.23076923076923084,-0.2051282051282053,0.5384615384615385,0.10256410256410242,-0.20512820512820512,0.5,2,-10,0,0.20512820512820512,0.5,2,0.23076923076923084,0.2051282051282053,6,0.8717948717948718,3.769230769230769,3.128205128205128,0.7948717948717949,0.8666666666666667
2011-12,2011-11-02,Group stage,Ajax,Dinamo Zagreb,9,3,0.8888888888888888,1.4444444444444444,0.0,1.6666666666666667,0.3333333333333333,0.0,0.25,0.0,7,0,15,15,H,1,1,15,15,0.8888888888888888,0.22222222222222232,-0.7777777777777779,-1.4444444444444444,0.3333333333333333,0.25,7,6,0,0.3333333333333333,0.25,7,0.8888888888888888,0.22222222222222232,7,0.3333333333333333,0.8888888888888888,3.111111111111111,0.6666666666666667,0.5333333333333333
2011-12,2011-11-02,Group stage,Bayern Munich,Napoli,11,3,2.1818181818181817,0.9090909090909091,1.3333333333333333,0.6666666666666666,0.7272727272727273,0.3333333333333333,0.8,0.0,10,5,15,15,H,1,1,15,15,0.8484848484848484,-0.24242424242424243,1.5151515151515151,0.4242424242424242,0.393939393939394,0.8,5,8,0,0.393939393939394,0.8,5,0.8484848484848484,0.24242424242424243,15,1.0606060606060606,3.5151515151515147,1.5757575757575757,0.606060606060606,0.6666666666666667
2011-12,2011-11-02,Group stage,Benfica,Basel,9,9,1.2222222222222223,1.4444444444444444,1.4444444444444444,1.8888888888888888,0.4444444444444444,0.3333333333333333,0.5,0.25,7,7,15,15,D,1,1,15,15,-0.2222222222222221,0.4444444444444444,-0.6666666666666665,0.0,0.1111111111111111,0.25,0,0,0,0.1111111111111111,0.25,0,0.2222222222222221,0.4444444444444444,14,0.7777777777777777,2.666666666666667,3.333333333333333,0.8888888888888888,1.0
2011-12,2011-11-02,Group stage,Inter,Lille,13,3,1.6923076923076923,1.8461538461538463,1.0,1.3333333333333333,0.46153846153846156,0.0,0.5,0.0,6,2,15,15,H,1,1,15,15,0.6923076923076923,-0.512820512820513,0.35897435897435903,-0.8461538461538463,0.46153846153846156,0.5,4,10,0,0.46153846153846156,0.5,4,0.6923076923076923,0.512820512820513,8,0.46153846153846156,2.6923076923076925,3.1794871794871797,0.5384615384615384,0.7333333333333334
2011-12,2011-11-02,Group stage,Lyon,Real Madrid,11,15,1.2727272727272727,1.6363636363636365,2.2,0.4,0.36363636363636365,0.7333333333333333,0.6,0.5714285714285714,5,10,15,15,A,1,1,15,15,-0.9272727272727275,-1.2363636363636363,0.8727272727272727,0.5636363636363637,-0.36969696969696964,0.02857142857142858,-5,-4,0,0.36969696969696964,0.02857142857142858,5,0.9272727272727275,1.2363636363636363,15,1.096969696969697,3.4727272727272727,2.0363636363636366,0.6303030303030304,0.6666666666666667
2011-12,2011-11-02,Group stage,Manchester Utd,Oțelul Galați,16,3,1.5625,0.6875,0.3333333333333333,1.6666666666666667,0.625,0.0,0.5714285714285714,0.0,8,0,15,15,H,1,1,15,15,1.2291666666666667,0.9791666666666667,-0.10416666666666674,-0.3541666666666667,0.625,0.5714285714285714,8,13,0,0.625,0.5714285714285714,8,1.2291666666666667,0.9791666666666667,8,0.625,1.8958333333333333,2.354166666666667,0.375,0.4666666666666667
2011-12,2011-11-02,Group stage,Trabzonspor,CSKA Moscow,3,3,0.6666666666666666,1.3333333333333333,2.3333333333333335,1.6666666666666667,0.3333333333333333,0.3333333333333333,0.0,0.0,4,4,15,15,D,1,1,15,15,-1.666666666666667,0.3333333333333335,-1.0,1.0000000000000002,0.0,0.0,0,0,0,0.0,0.0,0,1.666666666666667,0.3333333333333335,8,0.6666666666666666,3.0,3.0,1.0,1.0
2011-12,2011-11-02,Group stage,Villarreal,Manchester City,3,3,0.3333333333333333,2.0,1.0,1.3333333333333333,0.0,0.3333333333333333,0.0,0.0,0,4,15,15,A,1,1,15,15,-0.6666666666666667,-0.6666666666666667,-1.0,-1.0,-0.3333333333333333,0.0,-4,0,0,0.3333333333333333,0.0,4,0.6666666666666667,0.6666666666666667,4,0.3333333333333333,1.3333333333333333,3.333333333333333,0.6666666666666667,0.7333333333333334
2011-12,2011-11-22,Group stage,Bayern Munich,Villarreal,12,4,2.25,1.0,0.25,2.25,0.75,0.0,0.8333333333333334,0.0,10,0,20,20,H,1,1,20,20,2.0,1.25,0.0,-0.75,0.75,0.8333333333333334,10,8,0,0.75,0.8333333333333334,10,2.0,1.25,10,0.75,2.5,3.25,0.25,0.33333333333333337
2011-12,2011-11-22,Group stage,CSKA Moscow,Lille,4,4,1.75,1.25,1.0,1.5,0.25,0.0,0.5,0.0,5,2,20,20,A,1,1,20,20,0.75,0.25,0.25,-0.25,0.25,0.5,3,0,0,0.25,0.5,3,0.75,0.25,7,0.25,2.75,2.75,0.75,0.8
2011-12,2011-11-22,Group stage,Lyon,Ajax,12,10,1.1666666666666667,1.6666666666666667,1.2,1.3,0.3333333333333333,0.4,0.5,0.4,4,10,20,20,D,1,1,20,20,-0.033333333333333215,-0.3666666666666667,-0.1333333333333333,-0.4666666666666668,-0.06666666666666671,0.09999999999999998,-6,2,0,0.06666666666666671,0.09999999999999998,6,0.033333333333333215,0.3666666666666667,14,0.7333333333333334,2.3666666666666667,2.966666666666667,0.9333333333333333,0.6
2011-12,2011-11-22,Group stage,Manchester Utd,Benfica,17,10,1.588235294117647,0.6470588235294118,1.2,1.4,0.6470588235294118,0.4,0.625,0.4,8,8,20,20,D,1,1,20,20,0.388235294117647,0.7529411764705881,0.18823529411764706,0.5529411764705882,0.24705882352941178,0.22499999999999998,0,7,0,0.24705882352941178,0.22499999999999998,0,0.388235294117647,0.7529411764705881,16,1.0470588235294118,2.788235294117647,2.0470588235294116,0.7529411764705882,1.0
2011-12,2011-11-22,Group stage,Napoli,Manchester City,4,4,1.5,1.25,1.5,1.0,0.25,0.5,0.5,0.5,5,7,20,20,H,1,1,20,20,0.0,-0.25,0.5,0.25,-0.25,0.0,-2,0,0,0.25,0.0,2,0.0,0.25,12,0.75,3.0,2.25,0.75,0.8666666666666667
2011-12,2011-11-22,Group stage,Oțelul Galați,Basel,4,10,0.25,1.75,1.4,1.8,0.0,0.3,0.0,0.2,0,5,20,20,A,1,1,20,20,-1.15,0.050000000000000044,-1.55,-0.3500000000000001,-0.3,-0.2,-5,-6,0,0.3,0.2,5,1.15,0.050000000000000044,5,0.3,1.65,3.55,0.7,0.6666666666666667
2011-12,2011-11-22,Group stage,Real Madrid,Dinamo Zagreb,16,4,2.1875,0.375,0.0,2.25,0.75,0.0,0.875,0.0,13,0,20,20,H,1,1,20,20,2.1875,1.875,-0.0625,-0.375,0.75,0.875,13,12,0,0.75,0.875,13,2.1875,1.875,13,0.75,2.1875,2.625,0.25,0.1333333333333333
2011-12,2011-11-22,Group stage,Trabzonspor,Inter,4,14,0.5,1.0,1.7142857142857142,1.7857142857142858,0.25,0.5,0.0,0.42857142857142855,5,9,20,20,D,1,1,20,20,-1.2142857142857142,0.7857142857142858,-1.2857142857142858,0.7142857142857142,-0.25,-0.42857142857142855,-4,-10,0,0.25,0.42857142857142855,4,1.2142857142857142,0.7857142857142858,14,0.75,2.2142857142857144,2.7857142857142856,0.75,0.7333333333333334
2011-12,2011-11-23,Group stage,Arsenal,Dortmund,12,4,2.0833333333333335,1.0833333333333333,0.75,1.75,0.5833333333333334,0.25,0.8333333333333334,0.0,8,4,22,22,H,1,1,22,22,1.3333333333333335,0.6666666666666667,0.3333333333333335,-0.33333333333333326,0.33333333333333337,0.8333333333333334,4,8,0,0.33333333333333337,0.8333333333333334,4,1.3333333333333335,0.6666666666666667,12,0.8333333333333334,2.8333333333333335,2.833333333333333,0.6666666666666666,0.7333333333333334
2011-12,2011-11-23,Group stage,BATE Borisov,Viktoria Plzeň,4,4,0.5,2.25,0.25,2.25,0.0,0.0,0.0,0.0,2,1,22,22,A,1,1,22,22,0.25,0.0,-1.75,-2.0,0.0,0.0,1,0,0,0.0,0.0,1,0.25,0.0,3,0.0,0.75,4.5,1.0,0.9333333333333333
2011-12,2011-11-23,Group stage,Leverkusen,Chelsea,4,14,1.25,1.5,1.8571428571428572,0.6428571428571429,0.5,0.5714285714285714,1.0,0.42857142857142855,6,8,22,22,H,1,1,22,22,-0.6071428571428572,-0.8571428571428571,0.6071428571428571,0.3571428571428572,-0.0714285714285714,0.5714285714285714,-2,-10,0,0.0714285714285714,0.5714285714285714,2,0.6071428571428572,0.8571428571428571,14,1.0714285714285714,3.107142857142857,2.142857142857143,0.9285714285714286,0.8666666666666667
2011-12,2011-11-23,Group stage,Marseille,Olympiacos,12,4,1.4166666666666667,0.5,1.0,1.25,0.5,0.25,0.5,0.0,7,3,22,22,A,1,1,22,22,0.41666666666666674,0.75,0.16666666666666674,0.5,0.25,0.5,4,8,0,0.25,0.5,4,0.41666666666666674,0.75,10,0.75,2.416666666666667,1.75,0.75,0.7333333333333334
2011-12,2011-11-23,Group stage,Milan,Barcelona,12,17,1.1666666666666667,0.9166666666666666,2.5294117647058822,0.6470588235294118,0.3333333333333333,0.7058823529411765,0.5,0.625,9,13,22,22,A,1,1,22,22,-1.3627450980392155,-0.26960784313725483,0.5196078431372549,1.6127450980392157,-0.3725490196078432,-0.125,-4,-5,0,0.3725490196078432,0.125,4,1.3627450980392155,0.26960784313725483,22,1.0392156862745099,3.696078431372549,1.5637254901960784,0.6274509803921569,0.7333333333333334
2011-12,2011-11-23,Group stage,Shakhtar D.,Porto,14,4,1.6428571428571428,1.4285714285714286,1.25,1.75,0.5,0.25,0.5714285714285714,0.0,2,4,22,22,A,1,1,22,22,0.3928571428571428,0.3214285714285714,-0.1071428571428572,-0.1785714285714286,0.25,0.5714285714285714,-2,10,0,0.25,0.5714285714285714,2,0.3928571428571428,0.3214285714285714,6,0.75,2.892857142857143,3.178571428571429,0.75,0.8666666666666667
2011-12,2011-11-23,Group stage,Valencia,Genk,12,4,1.8333333333333333,1.0,0.25,2.0,0.3333333333333333,0.0,0.5,0.0,5,2,22,22,H,1,1,22,22,1.5833333333333333,1.0,-0.16666666666666674,-0.75,0.3333333333333333,0.5,3,8,0,0.3333333333333333,0.5,3,1.5833333333333333,1.0,7,0.3333333333333333,2.083333333333333,3.0,0.6666666666666667,0.8
2011-12,2011-11-23,Group stage,Zenit,APOEL FC,4,4,1.75,1.25,1.5,1.0,0.5,0.5,1.0,0.0,7,8,22,22,D,1,1,22,22,0.25,-0.25,0.75,0.25,0.0,1.0,-1,0,0,0.0,1.0,1,0.25,0.25,15,1.0,3.25,2.25,1.0,0.9333333333333333
2011-12,2011-12-06,Group stage,APOEL FC,Shakhtar D.,5,15,1.2,0.8,1.5333333333333334,1.4666666666666666,0.4,0.4666666666666667,1.0,0.42857142857142855,9,2,13,13,A,1,1,13,13,-0.3333333333333335,0.6666666666666665,-0.2666666666666666,0.7333333333333334,-0.06666666666666665,0.5714285714285714,7,-10,0,0.06666666666666665,0.5714285714285714,7,0.3333333333333335,0.6666666666666665,11,0.8666666666666667,2.7333333333333334,2.2666666666666666,0.9333333333333333,0.5333333333333333
2011-12,2011-12-06,Group stage,Barcelona,BATE Borisov,18,5,2.5555555555555554,0.7222222222222222,0.4,2.0,0.7222222222222222,0.0,0.7777777777777778,0.0,13,2,13,13,H,1,1,13,13,2.1555555555555554,1.2777777777777777,0.5555555555555554,-0.3222222222222222,0.7222222222222222,0.7777777777777778,11,13,0,0.7222222222222222,0.7777777777777778,11,2.1555555555555554,1.2777777777777777,15,0.7222222222222222,2.9555555555555553,2.7222222222222223,0.2777777777777778,0.2666666666666667
2011-12,2011-12-06,Group stage,Chelsea,Valencia,15,13,1.8,0.7333333333333333,2.230769230769231,0.9230769230769231,0.5333333333333333,0.38461538461538464,0.7142857142857143,0.16666666666666666,8,8,13,13,H,1,1,13,13,-0.4307692307692308,0.18974358974358985,0.8769230769230769,1.4974358974358974,0.1487179487179487,0.5476190476190477,0,2,0,0.1487179487179487,0.5476190476190477,0,0.4307692307692308,0.18974358974358985,16,0.917948717948718,4.030769230769231,1.6564102564102563,0.8512820512820514,1.0
2011-12,2011-12-06,Group stage,Dortmund,Marseille,5,13,0.8,1.8,1.3076923076923077,0.5384615384615384,0.2,0.46153846153846156,0.5,0.5,4,7,13,13,A,1,1,13,13,-0.5076923076923077,-1.2615384615384615,0.2615384615384616,-0.49230769230769234,-0.26153846153846155,0.0,-3,-8,0,0.26153846153846155,0.0,3,0.5076923076923077,1.2615384615384615,11,0.6615384615384616,2.1076923076923078,2.3384615384615386,0.7384615384615385,0.8
2011-12,2011-12-06,Group stage,Genk,Leverkusen,5,5,0.2,3.0,1.4,1.4,0.0,0.6,0.0,0.0,2,9,13,13,D,1,1,13,13,-1.2,-1.6,-1.2,-1.6,-0.6,0.0,-7,0,0,0.6,0.0,7,1.2,1.6,11,0.6,1.5999999999999999,4.4,0.4,0.5333333333333333
2011-12,2011-12-06,Group stage,Olympiacos,Arsenal,5,13,1.0,1.0,2.076923076923077,1.0769230769230769,0.4,0.6153846153846154,0.5,0.3333333333333333,6,11,13,13,H,1,1,13,13,-1.076923076923077,0.07692307692307687,-0.07692307692307687,1.076923076923077,-0.2153846153846154,0.16666666666666669,-5,-8,0,0.2153846153846154,0.16666666666666669,5,1.076923076923077,0.07692307692307687,17,1.0153846153846153,3.076923076923077,2.0769230769230766,0.7846153846153846,0.6666666666666667
2011-12,2011-12-06,Group stage,Porto,Zenit,5,5,1.4,1.4,1.4,1.0,0.4,0.4,0.5,0.0,7,8,13,13,D,1,1,13,13,0.0,-0.3999999999999999,0.3999999999999999,0.0,0.0,0.5,-1,0,0,0.0,0.5,1,0.0,0.3999999999999999,15,0.8,2.8,2.4,1.0,0.9333333333333333
2011-12,2011-12-06,Group stage,Viktoria Plzeň,Milan,5,13,0.4,1.8,1.2307692307692308,1.0769230769230769,0.2,0.3076923076923077,0.0,0.16666666666666666,4,8,13,13,D,1,1,13,13,-0.8307692307692308,-0.7230769230769232,-0.6769230769230768,-0.5692307692307692,-0.1076923076923077,-0.16666666666666666,-4,-8,0,0.1076923076923077,0.16666666666666666,4,0.8307692307692308,0.7230769230769232,12,0.5076923076923077,1.6307692307692307,2.876923076923077,0.8923076923076922,0.7333333333333334
2011-12,2011-12-07,Group stage,Ajax,Real Madrid,11,17,1.0909090909090908,1.1818181818181819,2.411764705882353,0.47058823529411764,0.36363636363636365,0.7647058823529411,0.4,0.625,8,15,15,15,A,1,1,15,15,-1.320855614973262,-0.7112299465240642,0.6203208556149732,1.229946524064171,-0.4010695187165775,-0.22499999999999998,-7,-6,0,0.4010695187165775,0.22499999999999998,7,1.320855614973262,0.7112299465240642,23,1.1283422459893049,3.5026737967914436,1.6524064171122994,0.5989304812834225,0.5333333333333333
2011-12,2011-12-07,Group stage,Basel,Manchester Utd,11,18,1.5454545454545454,1.8181818181818181,1.6111111111111112,0.7222222222222222,0.36363636363636365,0.6111111111111112,0.4,0.6666666666666666,8,9,15,15,H,1,1,15,15,-0.06565656565656575,-1.095959595959596,0.8232323232323232,-0.20707070707070696,-0.24747474747474751,-0.2666666666666666,-1,-7,0,0.24747474747474751,0.2666666666666666,1,0.06565656565656575,1.095959595959596,17,0.9747474747474748,3.1565656565656566,2.54040404040404,0.7525252525252525,0.9333333333333333
2011-12,2011-12-07,Group stage,Benfica,Oțelul Galați,11,5,1.2727272727272727,1.4545454545454546,0.6,2.0,0.36363636363636365,0.0,0.4,0.0,9,0,15,15,H,1,1,15,15,0.6727272727272727,0.5454545454545454,-0.7272727272727273,-0.8545454545454546,0.36363636363636365,0.4,9,6,0,0.36363636363636365,0.4,9,0.6727272727272727,0.5454545454545454,9,0.36363636363636365,1.8727272727272726,3.4545454545454546,0.6363636363636364,0.4
2011-12,2011-12-07,Group stage,Dinamo Zagreb,Lyon,5,13,0.4,3.0,1.0769230769230769,1.5384615384615385,0.0,0.3076923076923077,0.0,0.16666666666666666,0,5,15,15,A,1,1,15,15,-0.6769230769230768,-1.4615384615384615,-1.1384615384615384,-1.9230769230769231,-0.3076923076923077,-0.16666666666666666,-5,-8,0,0.3076923076923077,0.16666666666666666,5,0.6769230769230768,1.4615384615384615,5,0.3076923076923077,1.476923076923077,4.538461538461538,0.6923076923076923,0.6666666666666667
2011-12,2011-12-07,Group stage,Inter,CSKA Moscow,15,5,1.6666666666666667,1.7333333333333334,1.4,1.4,0.4666666666666667,0.2,0.5714285714285714,0.0,10,5,15,15,A,1,1,15,15,0.26666666666666683,-0.3333333333333335,0.26666666666666683,-0.3333333333333335,0.26666666666666666,0.5714285714285714,5,10,0,0.26666666666666666,0.5714285714285714,5,0.26666666666666683,0.3333333333333335,15,0.6666666666666667,3.0666666666666664,3.1333333333333333,0.7333333333333334,0.6666666666666667
2011-12,2011-12-07,Group stage,Lille,Trabzonspor,5,5,1.2,1.2,0.6,1.0,0.2,0.2,0.0,0.5,5,6,15,15,D,1,1,15,15,0.6,-0.19999999999999996,0.19999999999999996,-0.6,0.0,-0.5,-1,0,0,0.0,0.5,1,0.6,0.19999999999999996,11,0.4,1.7999999999999998,2.2,1.0,0.9333333333333333
2011-12,2011-12-07,Group stage,Manchester City,Bayern Munich,5,13,1.4,1.2,2.3076923076923075,1.0,0.4,0.7692307692307693,0.5,0.6666666666666666,7,13,15,15,H,1,1,15,15,-0.9076923076923076,-0.19999999999999996,0.3999999999999999,1.1076923076923075,-0.36923076923076925,-0.16666666666666663,-6,-8,0,0.36923076923076925,0.16666666666666663,6,0.9076923076923076,0.19999999999999996,20,1.1692307692307693,3.7076923076923074,2.2,0.6307692307692307,0.6
2011-12,2011-12-07,Group stage,Villarreal,Napoli,5,5,0.4,2.4,1.6,1.2,0.0,0.4,0.0,0.0,0,8,15,15,A,1,1,15,15,-1.2000000000000002,-1.2,-0.7999999999999999,-0.7999999999999998,-0.4,0.0,-8,0,0,0.4,0.0,8,1.2000000000000002,1.2,8,0.4,2.0,3.5999999999999996,0.6,0.4666666666666667
2011-12,2012-02-14,Round of 16,Leverkusen,Barcelona,6,19,1.3333333333333333,1.3333333333333333,2.6315789473684212,0.6842105263157895,0.5,0.7368421052631579,1.0,0.6666666666666666,10,15,70,70,A,1,1,70,70,-1.298245614035088,-0.6491228070175438,0.6491228070175438,1.298245614035088,-0.23684210526315785,0.33333333333333337,-5,-13,0,0.23684210526315785,0.33333333333333337,5,1.298245614035088,0.6491228070175438,25,1.236842105263158,3.9649122807017543,2.017543859649123,0.7631578947368421,0.6666666666666667
2011-12,2012-02-14,Round of 16,Lyon,APOEL FC,14,6,1.5,1.5,1.0,1.0,0.35714285714285715,0.3333333333333333,0.42857142857142855,0.0,7,6,69,70,H,1,1,69,70,0.5,-0.5,0.5,-0.5,0.023809523809523836,0.42857142857142855,1,8,-1,0.023809523809523836,0.42857142857142855,1,0.5,0.5,13,0.6904761904761905,2.5,2.5,0.9761904761904762,0.9333333333333333
2011-12,2012-02-15,Round of 16,Milan,Arsenal,14,14,1.2857142857142858,1.1428571428571428,2.0,1.2142857142857142,0.2857142857142857,0.5714285714285714,0.42857142857142855,0.2857142857142857,8,10,71,71,H,1,1,71,71,-0.7142857142857142,0.0714285714285714,0.07142857142857162,0.8571428571428572,-0.2857142857142857,0.14285714285714285,-2,0,0,0.2857142857142857,0.14285714285714285,2,0.7142857142857142,0.0714285714285714,18,0.8571428571428571,3.2857142857142856,2.3571428571428568,0.7142857142857143,0.8666666666666667
2011-12,2012-02-15,Round of 16,Zenit,Benfica,6,12,1.1666666666666667,0.8333333333333334,1.25,1.3333333333333333,0.3333333333333333,0.4166666666666667,0.6666666666666666,0.3333333333333333,9,11,71,70,H,1,1,71,70,-0.08333333333333326,0.4999999999999999,-0.16666666666666652,0.41666666666666663,-0.08333333333333337,0.3333333333333333,-2,-6,1,0.08333333333333337,0.3333333333333333,2,0.08333333333333326,0.4999999999999999,20,0.75,2.416666666666667,2.1666666666666665,0.9166666666666666,0.8666666666666667
2011-12,2012-02-21,Round of 16,CSKA Moscow,Real Madrid,6,18,1.5,1.3333333333333333,2.4444444444444446,0.4444444444444444,0.3333333333333333,0.7777777777777778,0.3333333333333333,0.6666666666666666,7,15,76,76,D,1,1,76,76,-0.9444444444444446,-0.8888888888888888,1.0555555555555556,1.1111111111111114,-0.4444444444444445,-0.3333333333333333,-8,-12,0,0.4444444444444445,0.3333333333333333,8,0.9444444444444446,0.8888888888888888,22,1.1111111111111112,3.9444444444444446,1.7777777777777777,0.5555555555555556,0.4666666666666667
2011-12,2012-02-21,Round of 16,Napoli,Chelsea,6,16,1.6666666666666667,1.0,1.875,0.6875,0.5,0.5625,0.6666666666666666,0.375,10,8,76,77,H,1,1,76,77,-0.20833333333333326,-0.3125,0.9791666666666667,0.875,-0.0625,0.29166666666666663,2,-10,-1,0.0625,0.29166666666666663,2,0.20833333333333326,0.3125,18,1.0625,3.541666666666667,1.6875,0.9375,0.8666666666666667
2011-12,2012-02-22,Round of 16,Basel,Bayern Munich,12,14,1.5833333333333333,1.75,2.142857142857143,1.0714285714285714,0.4166666666666667,0.7142857142857143,0.5,0.5714285714285714,8,10,77,77,H,1,1,77,77,-0.5595238095238095,-0.6785714285714286,0.5119047619047619,0.3928571428571428,-0.2976190476190476,-0.0714285714285714,-2,-2,0,0.2976190476190476,0.0714285714285714,2,0.5595238095238095,0.6785714285714286,18,1.130952380952381,3.7261904761904763,2.821428571428571,0.7023809523809523,0.8666666666666667
2011-12,2012-02-22,Round of 16,Marseille,Inter,14,16,1.4285714285714286,0.6428571428571429,1.625,1.75,0.5,0.4375,0.42857142857142855,0.375,7,10,78,77,H,1,1,78,77,-0.1964285714285714,1.1071428571428572,-0.3214285714285714,0.9821428571428571,0.0625,0.05357142857142855,-3,-2,1,0.0625,0.05357142857142855,3,0.1964285714285714,1.1071428571428572,17,0.9375,3.053571428571429,2.392857142857143,0.9375,0.8
2011-12,2012-03-06,Round of 16,Arsenal,Milan,15,15,1.8666666666666667,1.4,1.4666666666666666,1.0666666666666667,0.5333333333333333,0.3333333333333333,0.8571428571428571,0.14285714285714285,7,8,20,20,H,1,1,20,20,0.40000000000000013,-0.33333333333333326,0.8,0.06666666666666665,0.2,0.7142857142857142,-1,0,0,0.2,0.7142857142857142,1,0.40000000000000013,0.33333333333333326,15,0.8666666666666667,3.333333333333333,2.466666666666667,0.8,0.9333333333333333
2011-12,2012-03-06,Round of 16,Benfica,Zenit,13,7,1.3076923076923077,1.4615384615384615,1.4285714285714286,1.0,0.38461538461538464,0.42857142857142855,0.5,0.0,8,9,20,20,H,1,1,20,20,-0.1208791208791209,-0.46153846153846145,0.3076923076923077,-0.03296703296703285,-0.04395604395604391,0.5,-1,6,0,0.04395604395604391,0.5,1,0.1208791208791209,0.46153846153846145,17,0.8131868131868132,2.7362637362637363,2.4615384615384617,0.9560439560439561,0.9333333333333333
2011-12,2012-03-07,Round of 16,APOEL FC,Lyon,7,15,0.8571428571428571,1.0,1.4666666666666666,1.4,0.2857142857142857,0.4,0.6666666666666666,0.2857142857142857,5,7,22,22,H,1,1,22,22,-0.6095238095238095,0.3999999999999999,-0.5428571428571428,0.46666666666666656,-0.11428571428571432,0.38095238095238093,-2,-8,0,0.11428571428571432,0.38095238095238093,2,0.6095238095238095,0.3999999999999999,12,0.6857142857142857,2.3238095238095235,2.4,0.8857142857142857,0.8666666666666667
2011-12,2012-03-07,Round of 16,Barcelona,Leverkusen,20,7,2.65,0.7,1.2857142857142858,1.5714285714285714,0.75,0.42857142857142855,0.8,0.0,15,7,22,22,H,1,1,22,22,1.364285714285714,0.8714285714285714,1.0785714285714285,0.5857142857142859,0.32142857142857145,0.8,8,13,0,0.32142857142857145,0.8,8,1.364285714285714,0.8714285714285714,22,1.1785714285714286,3.935714285714286,2.2714285714285714,0.6785714285714286,0.4666666666666667
2011-12,2012-03-13,Round of 16,Bayern Munich,Basel,15,13,2.0,1.0666666666666667,1.5384615384615385,1.6153846153846154,0.6666666666666666,0.46153846153846156,0.8571428571428571,0.3333333333333333,7,10,20,20,H,1,1,20,20,0.46153846153846145,0.5487179487179488,0.3846153846153846,0.4717948717948719,0.20512820512820507,0.5238095238095237,-3,2,0,0.20512820512820507,0.5238095238095237,3,0.46153846153846145,0.5487179487179488,17,1.1282051282051282,3.5384615384615383,2.6820512820512823,0.7948717948717949,0.8
2011-12,2012-03-13,Round of 16,Inter,Marseille,17,15,1.5294117647058822,1.7058823529411764,1.4,0.6,0.4117647058823529,0.5333333333333333,0.5,0.5714285714285714,7,7,20,20,H,1,1,20,20,0.12941176470588234,-1.1058823529411765,0.9294117647058823,-0.3058823529411765,-0.1215686274509804,-0.0714285714285714,0,2,0,0.1215686274509804,0.0714285714285714,0,0.12941176470588234,1.1058823529411765,14,0.9450980392156862,2.929411764705882,2.3058823529411763,0.8784313725490196,1.0
2011-12,2012-03-14,Round of 16,Chelsea,Napoli,17,7,1.8235294117647058,0.8235294117647058,1.8571428571428572,1.0,0.5294117647058824,0.5714285714285714,0.75,0.3333333333333333,7,10,22,22,H,1,1,22,22,-0.03361344537815136,0.17647058823529416,0.8235294117647058,1.0336134453781514,-0.04201680672268904,0.4166666666666667,-3,10,0,0.04201680672268904,0.4166666666666667,3,0.03361344537815136,0.17647058823529416,17,1.1008403361344539,3.6806722689075633,1.8235294117647058,0.957983193277311,0.8
2011-12,2012-03-14,Round of 16,Real Madrid,CSKA Moscow,19,7,2.3684210526315788,0.47368421052631576,1.4285714285714286,1.2857142857142858,0.7368421052631579,0.2857142857142857,0.8888888888888888,0.3333333333333333,13,8,22,22,H,1,1,22,22,0.9398496240601502,0.8120300751879701,1.082706766917293,0.9548872180451129,0.45112781954887216,0.5555555555555556,5,12,0,0.45112781954887216,0.5555555555555556,5,0.9398496240601502,0.8120300751879701,21,1.0225563909774436,3.7969924812030076,1.7593984962406015,0.5488721804511278,0.6666666666666667
2011-12,2012-03-27,Quarter-finals,APOEL FC,Real Madrid,8,20,0.875,0.875,2.45,0.5,0.375,0.75,0.75,0.6,7,13,20,13,A,1,1,20,13,-1.5750000000000002,-0.375,0.375,1.5750000000000002,-0.375,0.15000000000000002,-6,-12,7,0.375,0.15000000000000002,6,1.5750000000000002,0.375,20,1.125,3.325,1.375,0.625,0.6
2011-12,2012-03-27,Quarter-finals,Benfica,Chelsea,14,18,1.3571428571428572,1.3571428571428572,1.9444444444444444,0.8333333333333334,0.42857142857142855,0.5555555555555556,0.5714285714285714,0.3333333333333333,8,7,21,13,A,1,1,21,13,-0.5873015873015872,-0.5238095238095238,0.5238095238095238,0.5873015873015872,-0.12698412698412703,0.23809523809523808,1,-4,8,0.12698412698412703,0.23809523809523808,1,0.5873015873015872,0.5238095238095238,15,0.9841269841269842,3.3015873015873014,2.1904761904761907,0.873015873015873,0.9333333333333333
2011-12,2012-03-28,Quarter-finals,Marseille,Bayern Munich,16,16,1.375,0.6875,2.3125,1.0,0.5,0.6875,0.5,0.5,7,9,15,15,A,1,1,15,15,-0.9375,0.3125,0.375,1.625,-0.1875,0.0,-2,0,0,0.1875,0.0,2,0.9375,0.3125,16,1.1875,3.6875,1.6875,0.8125,0.8666666666666667
2011-12,2012-03-28,Quarter-finals,Milan,Barcelona,16,21,1.375,1.1875,2.857142857142857,0.7142857142857143,0.3125,0.7619047619047619,0.5,0.7,5,15,22,21,D,1,1,22,21,-1.4821428571428572,-0.4732142857142857,0.6607142857142857,1.6696428571428572,-0.44940476190476186,-0.19999999999999996,-10,-5,1,0.44940476190476186,0.19999999999999996,10,1.4821428571428572,0.4732142857142857,20,1.0744047619047619,4.232142857142858,1.9017857142857144,0.5505952380952381,0.33333333333333337
2011-12,2012-04-03,Quarter-finals,Barcelona,Milan,22,17,2.727272727272727,0.6818181818181818,1.2941176470588236,1.1176470588235294,0.7272727272727273,0.29411764705882354,0.8181818181818182,0.125,13,5,6,6,H,1,1,6,6,1.4331550802139035,0.43582887700534767,1.6096256684491976,0.6122994652406418,0.43315508021390375,0.6931818181818182,8,5,0,0.43315508021390375,0.6931818181818182,8,1.4331550802139035,0.43582887700534767,18,1.0213903743315509,4.021390374331551,1.799465240641711,0.5668449197860963,0.4666666666666667
2011-12,2012-04-03,Quarter-finals,Bayern Munich,Marseille,17,17,2.2941176470588234,0.9411764705882353,1.2941176470588236,0.7647058823529411,0.7058823529411765,0.47058823529411764,0.875,0.5,9,6,6,6,H,1,1,6,6,0.9999999999999998,-0.17647058823529416,1.5294117647058822,0.3529411764705883,0.23529411764705888,0.375,3,0,0,0.23529411764705888,0.375,3,0.9999999999999998,0.17647058823529416,15,1.1764705882352942,3.5882352941176467,1.7058823529411764,0.7647058823529411,0.8
2011-12,2012-04-04,Quarter-finals,Chelsea,Benfica,19,15,1.894736842105263,0.7894736842105263,1.2666666666666666,1.3333333333333333,0.5789473684210527,0.4,0.7777777777777778,0.2857142857142857,9,7,8,8,H,1,1,8,8,0.6280701754385964,0.5438596491228069,0.5614035087719298,0.4771929824561403,0.17894736842105263,0.4920634920634921,2,4,0,0.17894736842105263,0.4920634920634921,2,0.6280701754385964,0.5438596491228069,16,0.9789473684210527,3.1614035087719294,2.1228070175438596,0.8210526315789474,0.8666666666666667
2011-12,2012-04-04,Quarter-finals,Real Madrid,APOEL FC,21,9,2.4761904761904763,0.47619047619047616,0.7777777777777778,1.1111111111111112,0.7619047619047619,0.3333333333333333,0.9,0.0,13,4,8,8,H,1,1,8,8,1.6984126984126986,0.634920634920635,1.3650793650793651,0.3015873015873016,0.42857142857142855,0.9,9,12,0,0.42857142857142855,0.9,9,1.6984126984126986,0.634920634920635,17,1.0952380952380951,3.253968253968254,1.5873015873015874,0.5714285714285714,0.4
2011-12,2012-04-17,Semi-finals,Bayern Munich,Real Madrid,18,22,2.2777777777777777,0.8888888888888888,2.590909090909091,0.5454545454545454,0.7222222222222222,0.7727272727272727,0.8888888888888888,0.6363636363636364,9,13,14,13,H,1,1,14,13,-0.31313131313131315,-0.3434343434343434,1.7323232323232323,1.702020202020202,-0.0505050505050505,0.2525252525252525,-4,-4,1,0.0505050505050505,0.2525252525252525,4,0.31313131313131315,0.3434343434343434,22,1.4949494949494948,4.8686868686868685,1.4343434343434343,0.9494949494949495,0.7333333333333334
2011-12,2012-04-18,Semi-finals,Chelsea,Barcelona,20,23,1.9,0.8,2.739130434782609,0.6956521739130435,0.6,0.7391304347826086,0.8,0.6363636363636364,12,13,14,15,H,1,1,14,15,-0.839130434782609,-0.10434782608695659,1.2043478260869565,1.9391304347826088,-0.13913043478260867,0.1636363636363637,-1,-3,-1,0.13913043478260867,0.1636363636363637,1,0.839130434782609,0.10434782608695659,25,1.3391304347826085,4.639130434782609,1.4956521739130435,0.8608695652173913,0.9333333333333333
2011-12,2012-04-24,Semi-finals,Barcelona,Chelsea,24,21,2.625,0.7083333333333334,1.8571428571428572,0.7619047619047619,0.7083333333333334,0.6190476190476191,0.8333333333333334,0.4,10,12,6,6,D,1,1,6,6,0.7678571428571428,0.05357142857142849,1.8630952380952381,1.1488095238095237,0.0892857142857143,0.43333333333333335,-2,3,0,0.0892857142857143,0.43333333333333335,2,0.7678571428571428,0.05357142857142849,22,1.3273809523809526,4.482142857142858,1.4702380952380953,0.9107142857142857,0.8666666666666667
2011-12,2012-04-25,Semi-finals,Real Madrid,Bayern Munich,23,19,2.5217391304347827,0.6086956521739131,2.263157894736842,0.8947368421052632,0.7391304347826086,0.7368421052631579,0.9090909090909091,0.5555555555555556,10,12,8,8,H,1,1,8,8,0.25858123569794067,0.2860411899313501,1.6270022883295194,1.654462242562929,0.0022883295194507935,0.3535353535353535,-2,4,0,0.0022883295194507935,0.3535353535353535,2,0.25858123569794067,0.2860411899313501,22,1.4759725400457664,4.784897025171625,1.5034324942791764,0.9977116704805492,0.8666666666666667
2011-12,2012-05-19,Final,Bayern Munich,Chelsea,20,22,2.2,0.95,1.8636363636363635,0.8181818181818182,0.7,0.5909090909090909,0.9,0.36363636363636365,12,13,24,25,D,1,1,24,25,0.33636363636363664,-0.13181818181818172,1.3818181818181818,0.9136363636363636,0.10909090909090902,0.5363636363636364,-1,-2,-1,0.10909090909090902,0.5363636363636364,1,0.33636363636363664,0.13181818181818172,25,1.290909090909091,4.0636363636363635,1.768181818181818,0.890909090909091,0.9333333333333333
2012-13,2012-09-18,Group stage,Dinamo Zagreb,Porto,6,6,0.5,3.6666666666666665,1.1666666666666667,1.1666666666666667,0.0,0.3333333333333333,0.0,0.3333333333333333,0,5,286,287,A,1,1,286,287,-0.6666666666666667,-2.5,-0.6666666666666667,-2.5,-0.3333333333333333,-0.3333333333333333,-5,0,-1,0.3333333333333333,0.3333333333333333,5,0.6666666666666667,2.5,5,0.3333333333333333,1.6666666666666667,4.833333333333333,0.6666666666666667,0.6666666666666667
2012-13,2012-09-18,Group stage,Dortmund,Ajax,6,12,1.0,2.0,1.0,1.3333333333333333,0.16666666666666666,0.3333333333333333,0.3333333333333333,0.3333333333333333,3,7,287,286,H,1,1,287,286,0.0,-0.6666666666666667,-0.33333333333333326,-1.0,-0.16666666666666666,0.0,-4,-6,1,0.16666666666666666,0.0,4,0.0,0.6666666666666667,10,0.5,2.0,3.333333333333333,0.8333333333333334,0.7333333333333334
2012-13,2012-09-18,Group stage,Milan,Anderlecht,18,0,1.2777777777777777,1.2222222222222223,0.0,0.0,0.2777777777777778,0.0,0.4444444444444444,0.0,5,0,168,-1,D,1,0,168,0,1.2777777777777777,-1.2222222222222223,1.2777777777777777,-1.2222222222222223,0.2777777777777778,0.4444444444444444,5,18,168,0.2777777777777778,0.4444444444444444,5,1.2777777777777777,1.2222222222222223,5,0.2777777777777778,1.2777777777777777,1.2222222222222223,0.7222222222222222,0.6666666666666667
2012-13,2012-09-18,Group stage,Montpellier,Arsenal,0,16,0.0,0.0,1.9375,1.3125,0.0,0.5625,0.0,0.25,0,7,-1,196,A,0,1,0,196,-1.9375,1.3125,-1.3125,1.9375,-0.5625,-0.25,-7,-16,-196,0.5625,0.25,7,1.9375,1.3125,7,0.5625,1.9375,1.3125,0.4375,0.5333333333333333
2012-13,2012-09-18,Group stage,Málaga,Zenit,0,8,0.0,0.0,1.25,1.125,0.0,0.375,0.0,0.0,0,8,-1,196,H,0,1,0,196,-1.25,1.125,-1.125,1.25,-0.375,0.0,-8,-8,-196,0.375,0.0,8,1.25,1.125,8,0.375,1.25,1.125,0.625,0.4666666666666667
2012-13,2012-09-18,Group stage,Olympiacos,Schalke 04,6,12,1.3333333333333333,1.0,1.8333333333333333,1.1666666666666667,0.5,0.5833333333333334,0.6666666666666666,0.3333333333333333,9,9,287,503,A,1,1,287,365,-0.5,0.16666666666666674,0.16666666666666652,0.8333333333333333,-0.08333333333333337,0.3333333333333333,0,-6,-78,0.08333333333333337,0.3333333333333333,0,0.5,0.16666666666666674,18,1.0833333333333335,3.1666666666666665,2.166666666666667,0.9166666666666666,1.0
2012-13,2012-09-18,Group stage,Paris SG,Dynamo Kyiv,0,0,0.0,0.0,0.0,0.0,0.0,0.0,0.0,0.0,0,0,-1,-1,H,0,0,0,0,0.0,0.0,0.0,0.0,0.0,0.0,0,0,0,0.0,0.0,0,0.0,0.0,0,0.0,0.0,0.0,1.0,1.0
2012-13,2012-09-18,Group stage,Real Madrid,Manchester City,24,6,2.5,0.625,1.5,1.0,0.75,0.5,0.9166666666666666,0.3333333333333333,12,9,146,286,H,1,1,146,286,1.0,0.375,1.5,0.875,0.25,0.5833333333333333,3,18,-140,0.25,0.5833333333333333,3,1.0,0.375,21,1.25,4.0,1.625,0.75,0.8
2012-13,2012-09-19,Group stage,Barcelona,Spartak Moscow,25,6,2.6,0.76,1.1666666666666667,1.6666666666666667,0.68,0.5,0.7692307692307693,0.6666666666666666,8,6,148,651,H,1,1,148,365,1.4333333333333333,0.9066666666666667,0.9333333333333333,0.40666666666666673,0.18000000000000005,0.10256410256410264,2,19,-217,0.18000000000000005,0.10256410256410264,2,1.4333333333333333,0.9066666666666667,14,1.1800000000000002,3.7666666666666666,2.4266666666666667,0.82,0.8666666666666667
2012-13,2012-09-19,Group stage,Bayern Munich,Valencia,21,14,2.142857142857143,0.9523809523809523,2.0714285714285716,1.0714285714285714,0.6666666666666666,0.35714285714285715,0.8181818181818182,0.14285714285714285,10,7,123,288,H,1,1,123,288,0.07142857142857117,0.11904761904761907,1.0714285714285714,1.1190476190476193,0.3095238095238095,0.6753246753246753,3,7,-165,0.3095238095238095,0.6753246753246753,3,0.07142857142857117,0.11904761904761907,17,1.0238095238095237,4.214285714285714,2.0238095238095237,0.6904761904761905,0.8
2012-13,2012-09-19,Group stage,Braga,CFR Cluj,6,6,0.8333333333333334,1.8333333333333333,1.0,2.0,0.5,0.16666666666666666,0.6666666666666666,0.0,9,1,651,651,A,1,1,365,365,-0.16666666666666663,0.16666666666666674,-1.1666666666666665,-0.8333333333333333,0.33333333333333337,0.6666666666666666,8,0,0,0.33333333333333337,0.6666666666666666,8,0.16666666666666663,0.16666666666666674,10,0.6666666666666666,1.8333333333333335,3.833333333333333,0.6666666666666666,0.4666666666666667
2012-13,2012-09-19,Group stage,Celtic,Benfica,0,16,0.0,0.0,1.25,1.375,0.0,0.375,0.0,0.25,0,6,-1,168,D,0,1,0,168,-1.25,1.375,-1.375,1.25,-0.375,-0.25,-6,-16,-168,0.375,0.25,6,1.25,1.375,6,0.375,1.25,1.375,0.625,0.6
2012-13,2012-09-19,Group stage,Chelsea,Juventus,23,0,1.826086956521739,0.8260869565217391,0.0,0.0,0.5652173913043478,0.0,0.8181818181818182,0.0,11,0,123,-1,D,1,0,123,0,1.826086956521739,-0.8260869565217391,1.826086956521739,-0.8260869565217391,0.5652173913043478,0.8181818181818182,11,23,123,0.5652173913043478,0.8181818181818182,11,1.826086956521739,0.8260869565217391,11,0.5652173913043478,1.826086956521739,0.8260869565217391,0.4347826086956522,0.2666666666666667
2012-13,2012-09-19,Group stage,Lille,BATE Borisov,6,6,1.0,1.0,0.3333333333333333,2.3333333333333335,0.16666666666666666,0.0,0.0,0.0,5,1,287,288,A,1,1,287,288,0.6666666666666667,1.3333333333333335,-1.3333333333333335,-0.6666666666666667,0.16666666666666666,0.0,4,0,-1,0.16666666666666666,0.0,4,0.6666666666666667,1.3333333333333335,6,0.16666666666666666,1.3333333333333333,3.3333333333333335,0.8333333333333334,0.7333333333333334
2012-13,2012-09-19,Group stage,Manchester Utd,Galatasaray,19,0,1.5789473684210527,0.7894736842105263,0.0,0.0,0.5789473684210527,0.0,0.5555555555555556,0.0,8,0,287,-1,H,1,0,287,0,1.5789473684210527,-0.7894736842105263,1.5789473684210527,-0.7894736842105263,0.5789473684210527,0.5555555555555556,8,19,287,0.5789473684210527,0.5555555555555556,8,1.5789473684210527,0.7894736842105263,8,0.5789473684210527,1.5789473684210527,0.7894736842105263,0.42105263157894735,0.4666666666666667
2012-13,2012-09-19,Group stage,Shakhtar D.,Nordsjælland,16,0,1.5625,1.375,0.0,0.0,0.5,0.0,0.5,0.0,5,0,288,-1,H,1,0,288,0,1.5625,-1.375,1.5625,-1.375,0.5,0.5,5,16,288,0.5,0.5,5,1.5625,1.375,5,0.5,1.5625,1.375,0.5,0.6666666666666667
2012-13,2012-10-02,Group stage,BATE Borisov,Bayern Munich,7,22,0.7142857142857143,2.142857142857143,2.1363636363636362,0.9545454545454546,0.14285714285714285,0.6818181818181818,0.0,0.5,4,10,13,13,H,1,1,13,13,-1.4220779220779218,-1.1883116883116882,-0.24025974025974028,-0.006493506493506551,-0.5389610389610389,-0.5,-6,-15,0,0.5389610389610389,0.5,6,1.4220779220779218,1.1883116883116882,14,0.8246753246753247,2.8506493506493507,3.0974025974025974,0.46103896103896114,0.6
2012-13,2012-10-02,Group stage,Benfica,Barcelona,17,26,1.1764705882352942,1.2941176470588236,2.6153846153846154,0.8076923076923077,0.35294117647058826,0.6923076923076923,0.5,0.5833333333333334,4,8,13,13,A,1,1,13,13,-1.4389140271493213,-0.4864253393665159,0.36877828054298645,1.3212669683257918,-0.33936651583710403,-0.08333333333333337,-4,-9,0,0.33936651583710403,0.08333333333333337,4,1.4389140271493213,0.4864253393665159,12,1.0452488687782806,3.7918552036199094,2.1018099547511313,0.660633484162896,0.7333333333333334
2012-13,2012-10-02,Group stage,CFR Cluj,Manchester Utd,7,20,1.1428571428571428,1.7142857142857142,1.55,0.75,0.2857142857142857,0.6,0.3333333333333333,0.6,4,10,13,13,A,1,1,13,13,-0.40714285714285725,-0.9642857142857142,0.3928571428571428,-0.16428571428571415,-0.3142857142857143,-0.26666666666666666,-6,-13,0,0.3142857142857143,0.26666666666666666,6,0.40714285714285725,0.9642857142857142,14,0.8857142857142857,2.692857142857143,2.4642857142857144,0.6857142857142857,0.6
2012-13,2012-10-02,Group stage,Galatasaray,Braga,1,7,0.0,1.0,0.7142857142857143,1.8571428571428572,0.0,0.42857142857142855,0.0,0.3333333333333333,0,9,13,13,A,1,1,13,13,-0.7142857142857143,0.8571428571428572,-1.8571428571428572,-0.2857142857142857,-0.42857142857142855,-0.3333333333333333,-9,-6,0,0.42857142857142855,0.3333333333333333,9,0.7142857142857143,0.8571428571428572,9,0.42857142857142855,0.7142857142857143,2.857142857142857,0.5714285714285714,0.4
2012-13,2012-10-02,Group stage,Juventus,Shakhtar D.,1,17,2.0,2.0,1.588235294117647,1.2941176470588236,0.0,0.5294117647058824,0.0,0.5,1,7,13,13,D,1,1,13,13,0.41176470588235303,-0.7058823529411764,0.7058823529411764,-0.41176470588235303,-0.5294117647058824,-0.5,-6,-16,0,0.5294117647058824,0.5,6,0.41176470588235303,0.7058823529411764,8,0.5294117647058824,3.5882352941176467,3.2941176470588234,0.47058823529411764,0.6
2012-13,2012-10-02,Group stage,Nordsjælland,Chelsea,1,24,0.0,2.0,1.8333333333333333,0.875,0.0,0.5416666666666666,0.0,0.3333333333333333,0,9,13,13,A,1,1,13,13,-1.8333333333333333,-1.125,-0.875,-0.16666666666666674,-0.5416666666666666,-0.3333333333333333,-9,-23,0,0.5416666666666666,0.3333333333333333,9,1.8333333333333333,1.125,9,0.5416666666666666,1.8333333333333333,2.875,0.45833333333333337,0.4
2012-13,2012-10-02,Group stage,Spartak Moscow,Celtic,7,1,1.2857142857142858,1.8571428571428572,0.0,0.0,0.42857142857142855,0.0,0.3333333333333333,0.0,3,1,13,13,A,1,1,13,13,1.2857142857142858,-1.8571428571428572,1.2857142857142858,-1.8571428571428572,0.42857142857142855,0.3333333333333333,2,6,0,0.42857142857142855,0.3333333333333333,2,1.2857142857142858,1.8571428571428572,4,0.42857142857142855,1.2857142857142858,1.8571428571428572,0.5714285714285714,0.8666666666666667
2012-13,2012-10-02,Group stage,Valencia,Lille,15,7,2.0,1.1333333333333333,1.0,1.2857142857142858,0.3333333333333333,0.14285714285714285,0.5714285714285714,0.3333333333333333,6,4,13,13,H,1,1,13,13,1.0,0.1523809523809525,0.7142857142857142,-0.1333333333333333,0.19047619047619047,0.23809523809523808,2,8,0,0.19047619047619047,0.23809523809523808,2,1.0,0.1523809523809525,10,0.47619047619047616,3.0,2.4190476190476193,0.8095238095238095,0.8666666666666667
2012-13,2012-10-03,Group stage,Ajax,Real Madrid,13,25,0.9230769230769231,1.3076923076923077,2.52,0.68,0.3076923076923077,0.76,0.3333333333333333,0.5833333333333334,7,12,15,15,A,1,1,15,15,-1.596923076923077,-0.6276923076923077,0.24307692307692308,1.2123076923076923,-0.4523076923076923,-0.25000000000000006,-5,-12,0,0.4523076923076923,0.25000000000000006,5,1.596923076923077,0.6276923076923077,19,1.0676923076923077,3.443076923076923,1.9876923076923076,0.5476923076923077,0.6666666666666667
2012-13,2012-10-03,Group stage,Anderlecht,Málaga,1,1,0.0,0.0,3.0,0.0,0.0,1.0,0.0,0.0,1,3,15,15,A,1,1,15,15,-3.0,0.0,0.0,3.0,-1.0,0.0,-2,0,0,1.0,0.0,2,3.0,0.0,4,1.0,3.0,0.0,0.0,0.8666666666666667
2012-13,2012-10-03,Group stage,Arsenal,Olympiacos,17,7,1.9411764705882353,1.2941176470588236,1.2857142857142858,1.1428571428571428,0.5882352941176471,0.42857142857142855,0.875,0.3333333333333333,9,9,15,15,H,1,1,15,15,0.6554621848739495,-0.1512605042016808,0.7983193277310925,-0.008403361344537785,0.15966386554621853,0.5416666666666667,0,10,0,0.15966386554621853,0.5416666666666667,0,0.6554621848739495,0.1512605042016808,18,1.0168067226890756,3.226890756302521,2.4369747899159666,0.8403361344537814,1.0
2012-13,2012-10-03,Group stage,Dynamo Kyiv,Dinamo Zagreb,1,7,1.0,4.0,0.42857142857142855,3.4285714285714284,0.0,0.0,0.0,0.0,0,0,15,15,H,1,1,15,15,0.5714285714285714,-0.5714285714285716,-2.4285714285714284,-3.5714285714285716,0.0,0.0,0,-6,0,0.0,0.0,0,0.5714285714285714,0.5714285714285716,0,0.0,1.4285714285714286,7.428571428571429,1.0,1.0
2012-13,2012-10-03,Group stage,Manchester City,Dortmund,7,7,1.5714285714285714,1.2857142857142858,1.0,1.7142857142857142,0.42857142857142855,0.2857142857142857,0.6666666666666666,0.0,9,6,15,15,D,1,1,15,15,0.5714285714285714,0.4285714285714284,-0.1428571428571428,-0.2857142857142858,0.14285714285714285,0.6666666666666666,3,0,0,0.14285714285714285,0.6666666666666666,3,0.5714285714285714,0.4285714285714284,15,0.7142857142857142,2.571428571428571,3.0,0.8571428571428572,0.8
2012-13,2012-10-03,Group stage,Porto,Paris SG,7,1,1.2857142857142858,1.0,4.0,1.0,0.42857142857142855,1.0,0.3333333333333333,0.0,8,3,15,15,H,1,1,15,15,-2.7142857142857144,0.0,0.2857142857142858,3.0,-0.5714285714285714,0.3333333333333333,5,6,0,0.5714285714285714,0.3333333333333333,5,2.7142857142857144,0.0,11,1.4285714285714286,5.285714285714286,2.0,0.4285714285714286,0.6666666666666667
2012-13,2012-10-03,Group stage,Schalke 04,Montpellier,13,1,1.8461538461538463,1.1538461538461537,1.0,2.0,0.6153846153846154,0.0,0.8333333333333334,0.0,9,0,15,15,D,1,1,15,15,0.8461538461538463,0.8461538461538463,-0.15384615384615374,-0.15384615384615374,0.6153846153846154,0.8333333333333334,9,12,0,0.6153846153846154,0.8333333333333334,9,0.8461538461538463,0.8461538461538463,9,0.6153846153846154,2.8461538461538463,3.1538461538461537,0.3846153846153846,0.4
2012-13,2012-10-03,Group stage,Zenit,Milan,9,19,1.1111111111111112,1.3333333333333333,1.2105263157894737,1.1578947368421053,0.3333333333333333,0.2631578947368421,0.75,0.1111111111111111,5,5,15,15,A,1,1,15,15,-0.09941520467836251,-0.17543859649122795,-0.04678362573099415,-0.12280701754385959,0.07017543859649122,0.6388888888888888,0,-10,0,0.07017543859649122,0.6388888888888888,0,0.09941520467836251,0.17543859649122795,10,0.5964912280701754,2.321637426900585,2.4912280701754383,0.9298245614035088,1.0
2012-13,2012-10-23,Group stage,BATE Borisov,Valencia,8,16,1.0,2.0,2.0,1.0625,0.25,0.375,0.25,0.125,7,9,21,21,A,1,1,21,21,-1.0,-0.9375,-0.0625,0.0,-0.125,0.125,-2,-8,0,0.125,0.125,2,1.0,0.9375,16,0.625,3.0,3.0625,0.875,0.8666666666666667
2012-13,2012-10-23,Group stage,Barcelona,Celtic,27,2,2.5925925925925926,0.7777777777777778,1.5,1.0,0.7037037037037037,0.5,0.7857142857142857,1.0,10,4,21,21,H,1,1,21,21,1.0925925925925926,0.2222222222222222,1.5925925925925926,0.7222222222222222,0.20370370370370372,-0.2142857142857143,6,25,0,0.20370370370370372,0.2142857142857143,6,1.0925925925925926,0.2222222222222222,14,1.2037037037037037,4.092592592592593,1.7777777777777777,0.7962962962962963,0.6
2012-13,2012-10-23,Group stage,Galatasaray,CFR Cluj,2,8,0.0,1.5,1.125,1.75,0.0,0.25,0.0,0.25,0,4,21,21,D,1,1,21,21,-1.125,0.25,-1.75,-0.375,-0.25,-0.25,-4,-6,0,0.25,0.25,4,1.125,0.25,4,0.25,1.125,3.25,0.75,0.7333333333333334
2012-13,2012-10-23,Group stage,Lille,Bayern Munich,8,23,0.875,1.375,2.0869565217391304,1.0434782608695652,0.125,0.6521739130434783,0.0,0.45454545454545453,4,7,21,21,A,1,1,21,21,-1.2119565217391304,-0.3315217391304348,-0.1684782608695652,0.7119565217391304,-0.5271739130434783,-0.45454545454545453,-3,-15,0,0.5271739130434783,0.45454545454545453,3,1.2119565217391304,0.3315217391304348,11,0.7771739130434783,2.9619565217391304,2.4184782608695654,0.47282608695652173,0.8
2012-13,2012-10-23,Group stage,Manchester Utd,Braga,21,8,1.5714285714285714,0.7619047619047619,0.875,1.625,0.6190476190476191,0.5,0.6,0.5,10,9,21,21,H,1,1,21,21,0.6964285714285714,0.8630952380952381,-0.0535714285714286,0.11309523809523814,0.11904761904761907,0.09999999999999998,1,13,0,0.11904761904761907,0.09999999999999998,1,0.6964285714285714,0.8630952380952381,19,1.119047619047619,2.446428571428571,2.386904761904762,0.8809523809523809,0.9333333333333333
2012-13,2012-10-23,Group stage,Nordsjælland,Juventus,2,2,0.0,3.0,1.5,1.5,0.0,0.0,0.0,0.0,0,2,21,21,D,1,1,21,21,-1.5,-1.5,-1.5,-1.5,0.0,0.0,-2,0,0,0.0,0.0,2,1.5,1.5,2,0.0,1.5,4.5,1.0,0.8666666666666667
2012-13,2012-10-23,Group stage,Shakhtar D.,Chelsea,18,25,1.5555555555555556,1.2777777777777777,1.92,0.84,0.5,0.56,0.5555555555555556,0.38461538461538464,7,9,21,21,H,1,1,21,21,-0.36444444444444435,-0.4377777777777777,0.7155555555555556,0.6422222222222222,-0.06000000000000005,0.17094017094017094,-2,-7,0,0.06000000000000005,0.17094017094017094,2,0.36444444444444435,0.4377777777777777,16,1.06,3.4755555555555553,2.1177777777777775,0.94,0.8666666666666667
2012-13,2012-10-23,Group stage,Spartak Moscow,Benfica,8,18,1.375,2.0,1.1111111111111112,1.3333333333333333,0.375,0.3333333333333333,0.25,0.2222222222222222,3,4,21,21,H,1,1,21,21,0.26388888888888884,-0.6666666666666667,0.04166666666666674,-0.8888888888888888,0.041666666666666685,0.02777777777777779,-1,-10,0,0.041666666666666685,0.02777777777777779,1,0.26388888888888884,0.6666666666666667,7,0.7083333333333333,2.486111111111111,3.333333333333333,0.9583333333333333,0.9333333333333333
2012-13,2012-10-24,Group stage,Ajax,Manchester City,14,8,0.9285714285714286,1.5,1.5,1.25,0.2857142857142857,0.375,0.2857142857142857,0.25,4,7,21,21,H,1,1,21,21,-0.5714285714285714,-0.25,-0.3214285714285714,0.0,-0.0892857142857143,0.0357142857142857,-3,6,0,0.0892857142857143,0.0357142857142857,3,0.5714285714285714,0.25,11,0.6607142857142857,2.428571428571429,2.75,0.9107142857142857,0.8
2012-13,2012-10-24,Group stage,Arsenal,Schalke 04,18,14,2.0,1.2777777777777777,1.8571428571428572,1.2142857142857142,0.6111111111111112,0.5714285714285714,0.8888888888888888,0.42857142857142855,9,7,21,21,A,1,1,21,21,0.1428571428571428,-0.06349206349206349,0.7857142857142858,0.5793650793650795,0.039682539682539764,0.4603174603174603,2,4,0,0.039682539682539764,0.4603174603174603,2,0.1428571428571428,0.06349206349206349,16,1.1825396825396826,3.857142857142857,2.492063492063492,0.9603174603174602,0.8666666666666667
2012-13,2012-10-24,Group stage,Dinamo Zagreb,Paris SG,8,2,0.375,3.25,2.0,1.0,0.0,0.5,0.0,0.0,0,3,21,21,A,1,1,21,21,-1.625,-2.25,-0.625,-1.25,-0.5,0.0,-3,6,0,0.5,0.0,3,1.625,2.25,3,0.5,2.375,4.25,0.5,0.8
2012-13,2012-10-24,Group stage,Dortmund,Real Madrid,8,26,1.0,1.625,2.576923076923077,0.6923076923076923,0.25,0.7692307692307693,0.5,0.6153846153846154,7,12,21,21,H,1,1,21,21,-1.576923076923077,-0.9326923076923077,0.3076923076923077,0.9519230769230771,-0.5192307692307693,-0.11538461538461542,-5,-18,0,0.5192307692307693,0.11538461538461542,5,1.576923076923077,0.9326923076923077,19,1.0192307692307692,3.576923076923077,2.3173076923076925,0.4807692307692307,0.6666666666666667
2012-13,2012-10-24,Group stage,Montpellier,Olympiacos,2,8,1.5,2.0,1.25,1.375,0.0,0.375,0.0,0.25,1,6,21,21,A,1,1,21,21,0.25,-0.625,0.125,-0.75,-0.375,-0.25,-5,-6,0,0.375,0.25,5,0.25,0.625,7,0.375,2.75,3.375,0.625,0.6666666666666667
2012-13,2012-10-24,Group stage,Málaga,Milan,2,20,3.0,0.0,1.3,1.2,1.0,0.3,1.0,0.2,6,5,21,21,H,1,1,21,21,1.7,1.2,1.8,1.3,0.7,0.8,1,-18,0,0.7,0.8,1,1.7,1.2,11,1.3,4.3,1.2,0.30000000000000004,0.9333333333333333
2012-13,2012-10-24,Group stage,Porto,Dynamo Kyiv,8,2,1.25,0.875,1.5,2.0,0.5,0.5,0.5,0.0,10,3,21,21,H,1,1,21,21,-0.25,1.125,-0.75,0.625,0.0,0.5,7,6,0,0.0,0.5,7,0.25,1.125,13,1.0,2.75,2.875,1.0,0.5333333333333333
2012-13,2012-10-24,Group stage,Zenit,Anderlecht,10,2,1.2,1.5,0.0,1.5,0.3,0.0,0.6,0.0,4,1,21,21,H,1,1,21,21,1.2,0.0,-0.30000000000000004,-1.5,0.3,0.6,3,8,0,0.3,0.6,3,1.2,0.0,5,0.3,1.2,3.0,0.7,0.8
2012-13,2012-11-06,Group stage,Anderlecht,Zenit,3,11,0.0,1.3333333333333333,1.1818181818181819,1.3636363636363635,0.0,0.36363636363636365,0.0,0.0,1,6,13,13,H,1,1,13,13,-1.1818181818181819,0.030303030303030276,-1.3636363636363635,-0.15151515151515138,-0.36363636363636365,0.0,-5,-8,0,0.36363636363636365,0.0,5,1.1818181818181819,0.030303030303030276,7,0.36363636363636365,1.1818181818181819,2.696969696969697,0.6363636363636364,0.6666666666666667
2012-13,2012-11-06,Group stage,Dynamo Kyiv,Porto,3,9,1.6666666666666667,2.3333333333333335,1.4444444444444444,1.0,0.3333333333333333,0.5555555555555556,1.0,0.5,3,13,13,13,D,1,1,13,13,0.22222222222222232,-1.3333333333333335,0.6666666666666667,-0.8888888888888891,-0.22222222222222227,0.5,-10,-6,0,0.22222222222222227,0.5,10,0.22222222222222232,1.3333333333333335,16,0.8888888888888888,3.111111111111111,3.3333333333333335,0.7777777777777777,0.33333333333333337
2012-13,2012-11-06,Group stage,Manchester City,Ajax,9,15,1.4444444444444444,1.4444444444444444,1.0666666666666667,1.4666666666666666,0.3333333333333333,0.3333333333333333,0.5,0.2857142857142857,4,4,13,13,D,1,1,13,13,0.37777777777777777,0.022222222222222143,-0.022222222222222143,-0.37777777777777777,0.0,0.2142857142857143,0,-6,0,0.0,0.2142857142857143,0,0.37777777777777777,0.022222222222222143,8,0.6666666666666666,2.511111111111111,2.911111111111111,1.0,1.0
2012-13,2012-11-06,Group stage,Milan,Málaga,21,3,1.2380952380952381,1.1904761904761905,2.3333333333333335,0.0,0.2857142857142857,1.0,0.4,1.0,5,9,13,13,D,1,1,13,13,-1.0952380952380953,-1.1904761904761905,1.2380952380952381,1.142857142857143,-0.7142857142857143,-0.6,-4,18,0,0.7142857142857143,0.6,4,1.0952380952380953,1.1904761904761905,14,1.2857142857142856,3.5714285714285716,1.1904761904761905,0.2857142857142857,0.7333333333333334
2012-13,2012-11-06,Group stage,Olympiacos,Montpellier,9,3,1.3333333333333333,1.3333333333333333,1.3333333333333333,2.0,0.4444444444444444,0.0,0.5,0.0,9,1,13,13,H,1,1,13,13,0.0,0.6666666666666667,-0.6666666666666667,0.0,0.4444444444444444,0.5,8,6,0,0.4444444444444444,0.5,8,0.0,0.6666666666666667,10,0.4444444444444444,2.6666666666666665,3.333333333333333,0.5555555555555556,0.4666666666666667
2012-13,2012-11-06,Group stage,Paris SG,Dinamo Zagreb,3,9,2.0,0.6666666666666666,0.3333333333333333,3.111111111111111,0.6666666666666666,0.0,1.0,0.0,6,0,13,13,H,1,1,13,13,1.6666666666666667,2.4444444444444446,-1.1111111111111112,-0.3333333333333333,0.6666666666666666,1.0,6,-6,0,0.6666666666666666,1.0,6,1.6666666666666667,2.4444444444444446,6,0.6666666666666666,2.3333333333333335,3.7777777777777777,0.33333333333333337,0.6
2012-13,2012-11-06,Group stage,Real Madrid,Dortmund,27,9,2.5185185185185186,0.7407407407407407,1.1111111111111112,1.5555555555555556,0.7407407407407407,0.3333333333333333,0.9230769230769231,0.0,9,7,13,13,D,1,1,13,13,1.4074074074074074,0.8148148148148149,0.962962962962963,0.37037037037037046,0.4074074074074074,0.9230769230769231,2,18,0,0.4074074074074074,0.9230769230769231,2,1.4074074074074074,0.8148148148148149,16,1.074074074074074,3.6296296296296298,2.2962962962962963,0.5925925925925926,0.8666666666666667
2012-13,2012-11-06,Group stage,Schalke 04,Arsenal,15,19,1.8666666666666667,1.1333333333333333,1.894736842105263,1.3157894736842106,0.6,0.5789473684210527,0.7142857142857143,0.3333333333333333,7,9,13,13,D,1,1,13,13,-0.028070175438596356,0.18245614035087732,0.5508771929824561,0.7614035087719297,0.021052631578947323,0.380952380952381,-2,-4,0,0.021052631578947323,0.380952380952381,2,0.028070175438596356,0.18245614035087732,16,1.1789473684210527,3.76140350877193,2.449122807017544,0.9789473684210527,0.8666666666666667
2012-13,2012-11-07,Group stage,Bayern Munich,Lille,24,9,2.0416666666666665,1.0,0.7777777777777778,1.3333333333333333,0.6666666666666666,0.1111111111111111,0.8333333333333334,0.25,7,4,15,15,H,1,1,15,15,1.2638888888888888,0.33333333333333326,0.7083333333333333,-0.2222222222222222,0.5555555555555556,0.5833333333333334,3,15,0,0.5555555555555556,0.5833333333333334,3,1.2638888888888888,0.33333333333333326,11,0.7777777777777777,2.819444444444444,2.333333333333333,0.4444444444444444,0.8
2012-13,2012-11-07,Group stage,Benfica,Spartak Moscow,19,9,1.105263157894737,1.368421052631579,1.4444444444444444,1.8888888888888888,0.3157894736842105,0.4444444444444444,0.4444444444444444,0.5,1,6,15,15,H,1,1,15,15,-0.3391812865497075,0.5204678362573099,-0.7836257309941519,0.07602339181286544,-0.1286549707602339,-0.05555555555555558,-5,10,0,0.1286549707602339,0.05555555555555558,5,0.3391812865497075,0.5204678362573099,7,0.7602339181286549,2.5497076023391814,3.257309941520468,0.8713450292397661,0.6666666666666667
2012-13,2012-11-07,Group stage,Braga,Manchester Utd,9,22,1.0,1.7777777777777777,1.6363636363636365,0.8181818181818182,0.4444444444444444,0.6363636363636364,0.5,0.6363636363636364,6,10,15,15,A,1,1,15,15,-0.6363636363636365,-0.9595959595959594,0.18181818181818177,-0.14141414141414121,-0.19191919191919193,-0.13636363636363635,-4,-13,0,0.19191919191919193,0.13636363636363635,4,0.6363636363636365,0.9595959595959594,16,1.0808080808080809,2.6363636363636367,2.595959595959596,0.8080808080808081,0.7333333333333334
2012-13,2012-11-07,Group stage,CFR Cluj,Galatasaray,9,3,1.1111111111111112,1.6666666666666667,0.3333333333333333,1.3333333333333333,0.2222222222222222,0.0,0.25,0.0,5,1,15,15,A,1,1,15,15,0.7777777777777779,-0.3333333333333335,-0.2222222222222221,-1.3333333333333335,0.2222222222222222,0.25,4,6,0,0.2222222222222222,0.25,4,0.7777777777777779,0.3333333333333335,6,0.2222222222222222,1.4444444444444444,3.0,0.7777777777777778,0.7333333333333334
2012-13,2012-11-07,Group stage,Celtic,Barcelona,3,28,1.3333333333333333,1.3333333333333333,2.5714285714285716,0.7857142857142857,0.3333333333333333,0.7142857142857143,0.0,0.6153846153846154,4,10,15,15,H,1,1,15,15,-1.2380952380952384,-0.5476190476190476,0.5476190476190476,1.2380952380952384,-0.380952380952381,-0.6153846153846154,-6,-25,0,0.380952380952381,0.6153846153846154,6,1.2380952380952384,0.5476190476190476,14,1.0476190476190477,3.904761904761905,2.119047619047619,0.6190476190476191,0.6
2012-13,2012-11-07,Group stage,Chelsea,Shakhtar D.,26,19,1.8846153846153846,0.8846153846153846,1.5789473684210527,1.263157894736842,0.5384615384615384,0.5263157894736842,0.75,0.4444444444444444,6,10,15,15,H,1,1,15,15,0.3056680161943319,0.37854251012145745,0.6214574898785425,0.6943319838056681,0.012145748987854255,0.3055555555555556,-4,7,0,0.012145748987854255,0.3055555555555556,4,0.3056680161943319,0.37854251012145745,16,1.0647773279352226,3.4635627530364372,2.1477732793522266,0.9878542510121457,0.7333333333333334
2012-13,2012-11-07,Group stage,Juventus,Nordsjælland,3,3,1.3333333333333333,1.3333333333333333,0.3333333333333333,2.3333333333333335,0.0,0.0,0.0,0.0,3,1,15,15,H,1,1,15,15,1.0,1.0000000000000002,-1.0000000000000002,-1.0,0.0,0.0,2,0,0,0.0,0.0,2,1.0,1.0000000000000002,4,0.0,1.6666666666666665,3.666666666666667,1.0,0.8666666666666667
2012-13,2012-11-07,Group stage,Valencia,BATE Borisov,17,9,2.0588235294117645,1.0,0.8888888888888888,2.111111111111111,0.4117647058823529,0.2222222222222222,0.625,0.25,9,6,15,15,H,1,1,15,15,1.1699346405228757,1.1111111111111112,-0.052287581699346664,-0.11111111111111116,0.1895424836601307,0.375,3,8,0,0.1895424836601307,0.375,3,1.1699346405228757,1.1111111111111112,15,0.6339869281045751,2.9477124183006533,3.111111111111111,0.8104575163398693,0.8
2012-13,2012-11-20,Group stage,BATE Borisov,Lille,10,10,1.0,2.3,0.8,1.8,0.2,0.1,0.2,0.2,6,1,13,13,A,1,1,13,13,0.19999999999999996,-0.4999999999999998,-0.8,-1.4999999999999998,0.1,0.0,5,0,0,0.1,0.0,5,0.19999999999999996,0.4999999999999998,7,0.30000000000000004,1.8,4.1,0.9,0.6666666666666667
2012-13,2012-11-20,Group stage,Benfica,Celtic,20,4,1.15,1.3,1.5,1.25,0.35,0.5,0.5,0.5,4,7,13,13,H,1,1,13,13,-0.3500000000000001,-0.050000000000000044,-0.10000000000000009,0.19999999999999996,-0.15000000000000002,0.0,-3,16,0,0.15000000000000002,0.0,3,0.3500000000000001,0.050000000000000044,11,0.85,2.65,2.55,0.85,0.8
2012-13,2012-11-20,Group stage,CFR Cluj,Braga,10,10,1.1,1.8,1.0,1.9,0.2,0.4,0.2,0.4,5,3,13,13,H,1,1,13,13,0.10000000000000009,0.09999999999999987,-0.7999999999999998,-0.8,-0.2,-0.2,2,0,0,0.2,0.2,2,0.10000000000000009,0.09999999999999987,8,0.6000000000000001,2.1,3.7,0.8,0.8666666666666667
2012-13,2012-11-20,Group stage,Galatasaray,Manchester Utd,4,23,1.0,1.25,1.6956521739130435,0.8260869565217391,0.25,0.6521739130434783,0.0,0.6666666666666666,4,12,13,13,H,1,1,13,13,-0.6956521739130435,-0.42391304347826086,0.17391304347826086,0.44565217391304346,-0.40217391304347827,-0.6666666666666666,-8,-19,0,0.40217391304347827,0.6666666666666666,8,0.6956521739130435,0.42391304347826086,16,0.9021739130434783,2.6956521739130435,2.0760869565217392,0.5978260869565217,0.4666666666666667
2012-13,2012-11-20,Group stage,Juventus,Chelsea,4,27,2.0,1.0,1.9259259259259258,0.9259259259259259,0.25,0.5555555555555556,0.5,0.35714285714285715,6,8,13,13,H,1,1,13,13,0.07407407407407418,-0.07407407407407407,1.074074074074074,0.9259259259259258,-0.3055555555555556,0.14285714285714285,-2,-23,0,0.3055555555555556,0.14285714285714285,2,0.07407407407407418,0.07407407407407407,14,0.8055555555555556,3.9259259259259256,1.925925925925926,0.6944444444444444,0.8666666666666667
2012-13,2012-11-20,Group stage,Nordsjælland,Shakhtar D.,4,20,0.25,2.75,1.6,1.35,0.0,0.5,0.0,0.4,1,10,13,13,A,1,1,13,13,-1.35,-1.4,-1.1,-1.15,-0.5,-0.4,-9,-16,0,0.5,0.4,9,1.35,1.4,11,0.5,1.85,4.1,0.5,0.4
2012-13,2012-11-20,Group stage,Spartak Moscow,Barcelona,10,29,1.3,1.9,2.5172413793103448,0.8275862068965517,0.4,0.6896551724137931,0.4,0.5714285714285714,6,10,13,13,A,1,1,13,13,-1.2172413793103447,-1.0724137931034483,0.47241379310344833,0.6172413793103448,-0.2896551724137931,-0.17142857142857137,-4,-19,0,0.2896551724137931,0.17142857142857137,4,1.2172413793103447,1.0724137931034483,16,1.089655172413793,3.817241379310345,2.7275862068965515,0.7103448275862069,0.7333333333333334
2012-13,2012-11-20,Group stage,Valencia,Bayern Munich,18,25,2.1666666666666665,1.0555555555555556,2.2,1.0,0.4444444444444444,0.68,0.6666666666666666,0.5,9,10,13,13,D,1,1,13,13,-0.03333333333333366,-0.05555555555555558,1.1666666666666665,1.1444444444444446,-0.23555555555555563,0.16666666666666663,-1,-7,0,0.23555555555555563,0.16666666666666663,1,0.03333333333333366,0.05555555555555558,19,1.1244444444444444,4.366666666666667,2.0555555555555554,0.7644444444444444,0.9333333333333333
2012-13,2012-11-21,Group stage,Ajax,Dortmund,16,10,1.125,1.5,1.2,1.6,0.3125,0.3,0.375,0.0,4,8,15,15,A,1,1,15,15,-0.07499999999999996,0.10000000000000009,-0.4750000000000001,-0.30000000000000004,0.012500000000000011,0.375,-4,6,0,0.012500000000000011,0.375,4,0.07499999999999996,0.10000000000000009,12,0.6125,2.325,3.1,0.9875,0.7333333333333334
2012-13,2012-11-21,Group stage,Anderlecht,Milan,4,22,0.25,1.0,1.2272727272727273,1.1818181818181819,0.25,0.2727272727272727,0.5,0.18181818181818182,4,5,15,15,A,1,1,15,15,-0.9772727272727273,0.18181818181818188,-0.9318181818181819,0.2272727272727273,-0.022727272727272707,0.3181818181818182,-1,-18,0,0.022727272727272707,0.3181818181818182,1,0.9772727272727273,0.18181818181818188,9,0.5227272727272727,1.4772727272727273,2.1818181818181817,0.9772727272727273,0.9333333333333333
2012-13,2012-11-21,Group stage,Arsenal,Montpellier,20,4,1.9,1.35,1.25,2.25,0.55,0.0,0.8,0.0,10,1,15,15,H,1,1,15,15,0.6499999999999999,0.8999999999999999,-0.3500000000000001,-0.10000000000000009,0.55,0.8,9,16,0,0.55,0.8,9,0.6499999999999999,0.8999999999999999,11,0.55,3.15,3.6,0.44999999999999996,0.4
2012-13,2012-11-21,Group stage,Dynamo Kyiv,Paris SG,4,4,1.25,1.75,2.5,0.5,0.25,0.75,0.5,0.5,4,9,15,15,A,1,1,15,15,-1.25,-1.25,0.75,0.75,-0.5,0.0,-5,0,0,0.5,0.0,5,1.25,1.25,13,1.0,3.75,2.25,0.5,0.6666666666666667
2012-13,2012-11-21,Group stage,Manchester City,Real Madrid,10,28,1.5,1.5,2.5,0.7857142857142857,0.3,0.7142857142857143,0.4,0.5714285714285714,5,10,15,15,D,1,1,15,15,-1.0,-0.7142857142857143,0.7142857142857143,1.0,-0.4142857142857143,-0.17142857142857137,-5,-18,0,0.4142857142857143,0.17142857142857137,5,1.0,0.7142857142857143,15,1.0142857142857142,4.0,2.2857142857142856,0.5857142857142856,0.6666666666666667
2012-13,2012-11-21,Group stage,Porto,Dinamo Zagreb,10,10,1.3,0.9,0.3,3.2,0.5,0.0,0.6,0.0,11,0,15,15,H,1,1,15,15,1.0,2.3000000000000003,-1.9000000000000001,-0.6000000000000001,0.5,0.6,11,0,0,0.5,0.6,11,1.0,2.3000000000000003,11,0.5,1.6,4.1000000000000005,0.5,0.2666666666666667
2012-13,2012-11-21,Group stage,Schalke 04,Olympiacos,16,10,1.875,1.1875,1.5,1.3,0.5625,0.5,0.625,0.4,8,9,15,15,H,1,1,15,15,0.375,0.11250000000000004,0.575,0.3125,0.0625,0.22499999999999998,-1,6,0,0.0625,0.22499999999999998,1,0.375,0.11250000000000004,17,1.0625,3.375,2.4875,0.9375,0.9333333333333333
2012-13,2012-11-21,Group stage,Zenit,Málaga,12,4,1.0833333333333333,1.3333333333333333,2.0,0.25,0.3333333333333333,0.75,0.6666666666666666,0.5,3,10,15,15,D,1,1,15,15,-0.9166666666666667,-1.0833333333333333,0.8333333333333333,0.6666666666666667,-0.4166666666666667,0.16666666666666663,-7,8,0,0.4166666666666667,0.16666666666666663,7,0.9166666666666667,1.0833333333333333,13,1.0833333333333333,3.083333333333333,1.5833333333333333,0.5833333333333333,0.5333333333333333
2012-13,2012-12-04,Group stage,Dinamo Zagreb,Dynamo Kyiv,11,5,0.2727272727272727,3.1818181818181817,1.0,1.8,0.0,0.2,0.0,0.0,0,4,13,13,D,1,1,13,13,-0.7272727272727273,-1.3818181818181816,-1.5272727272727273,-2.1818181818181817,-0.2,0.0,-4,6,0,0.2,0.0,4,0.7272727272727273,1.3818181818181816,4,0.2,1.2727272727272727,4.9818181818181815,0.8,0.7333333333333334
2012-13,2012-12-04,Group stage,Dortmund,Manchester City,11,11,1.4545454545454546,1.5454545454545454,1.4545454545454546,1.4545454545454546,0.36363636363636365,0.2727272727272727,0.6,0.2,11,3,13,13,H,1,1,13,13,0.0,-0.09090909090909083,0.0,-0.09090909090909083,0.09090909090909094,0.39999999999999997,8,0,0,0.09090909090909094,0.39999999999999997,8,0.0,0.09090909090909083,14,0.6363636363636364,2.909090909090909,3.0,0.9090909090909091,0.4666666666666667
2012-13,2012-12-04,Group stage,Milan,Zenit,23,13,1.3043478260869565,1.173913043478261,1.1538461538461537,1.3846153846153846,0.30434782608695654,0.3076923076923077,0.36363636363636365,0.0,8,4,13,13,A,1,1,13,13,0.1505016722408028,0.2107023411371236,-0.08026755852842804,-0.020066889632107232,-0.0033444816053511683,0.36363636363636365,4,10,0,0.0033444816053511683,0.36363636363636365,4,0.1505016722408028,0.2107023411371236,12,0.6120401337792643,2.4581939799331103,2.558528428093646,0.9966555183946488,0.7333333333333334
2012-13,2012-12-04,Group stage,Montpellier,Schalke 04,5,17,1.0,2.2,1.8235294117647058,1.1176470588235294,0.0,0.5882352941176471,0.0,0.5,1,11,13,13,D,1,1,13,13,-0.8235294117647058,-1.0823529411764707,-0.11764705882352944,-0.37647058823529433,-0.5882352941176471,-0.5,-10,-12,0,0.5882352941176471,0.5,10,0.8235294117647058,1.0823529411764707,12,0.5882352941176471,2.8235294117647056,3.3176470588235296,0.4117647058823529,0.33333333333333337
2012-13,2012-12-04,Group stage,Málaga,Anderlecht,5,5,2.0,0.6,0.4,1.4,0.6,0.2,1.0,0.0,11,4,13,13,D,1,1,13,13,1.6,0.7999999999999999,0.6000000000000001,-0.19999999999999996,0.39999999999999997,1.0,7,0,0,0.39999999999999997,1.0,7,1.6,0.7999999999999999,15,0.8,2.4,2.0,0.6000000000000001,0.5333333333333333
2012-13,2012-12-04,Group stage,Olympiacos,Arsenal,11,21,1.3636363636363635,1.2727272727272727,1.9047619047619047,1.2857142857142858,0.45454545454545453,0.5714285714285714,0.6,0.3,6,10,13,13,H,1,1,13,13,-0.5411255411255411,0.012987012987013102,0.07792207792207773,0.632034632034632,-0.11688311688311687,0.3,-4,-10,0,0.11688311688311687,0.3,4,0.5411255411255411,0.012987012987013102,16,1.025974025974026,3.2683982683982684,2.5584415584415585,0.8831168831168832,0.7333333333333334
2012-13,2012-12-04,Group stage,Paris SG,Porto,5,11,2.4,0.4,1.4545454545454546,0.8181818181818182,0.8,0.5454545454545454,1.0,0.4,12,13,13,13,H,1,1,13,13,0.9454545454545453,0.4181818181818182,1.5818181818181816,1.0545454545454547,0.25454545454545463,0.6,-1,-6,0,0.25454545454545463,0.6,1,0.9454545454545453,0.4181818181818182,25,1.3454545454545455,3.8545454545454545,1.2181818181818183,0.7454545454545454,0.9333333333333333
2012-13,2012-12-04,Group stage,Real Madrid,Ajax,29,17,2.4482758620689653,0.7931034482758621,1.1176470588235294,1.6470588235294117,0.6896551724137931,0.29411764705882354,0.8571428571428571,0.25,8,4,13,13,H,1,1,13,13,1.3306288032454359,0.8539553752535496,0.8012170385395536,0.32454361054766734,0.3955375253549696,0.6071428571428571,4,12,0,0.3955375253549696,0.6071428571428571,4,1.3306288032454359,0.8539553752535496,12,0.9837728194726167,3.5659229208924947,2.440162271805274,0.6044624746450304,0.7333333333333334
2012-13,2012-12-05,Group stage,Barcelona,Benfica,30,21,2.533333333333333,0.8,1.1904761904761905,1.2857142857142858,0.7,0.38095238095238093,0.8,0.2,12,7,15,15,D,1,1,15,15,1.3428571428571427,0.48571428571428577,1.2476190476190474,0.3904761904761904,0.319047619047619,0.6000000000000001,5,9,0,0.319047619047619,0.6000000000000001,5,1.3428571428571427,0.48571428571428577,19,1.0809523809523809,3.723809523809524,2.085714285714286,0.680952380952381,0.6666666666666667
2012-13,2012-12-05,Group stage,Bayern Munich,BATE Borisov,26,11,2.1538461538461537,1.0,0.9090909090909091,2.272727272727273,0.6538461538461539,0.18181818181818182,0.8461538461538461,0.2,10,6,15,15,H,1,1,15,15,1.2447552447552446,1.272727272727273,-0.11888111888111919,-0.09090909090909094,0.47202797202797203,0.6461538461538461,4,15,0,0.47202797202797203,0.6461538461538461,4,1.2447552447552446,1.272727272727273,16,0.8356643356643356,3.062937062937063,3.272727272727273,0.5279720279720279,0.7333333333333334
2012-13,2012-12-05,Group stage,Braga,Galatasaray,11,5,1.0,2.0,1.0,1.0,0.36363636363636365,0.4,0.4,0.5,3,7,15,15,A,1,1,15,15,0.0,-1.0,0.0,-1.0,-0.036363636363636376,-0.09999999999999998,-4,6,0,0.036363636363636376,0.09999999999999998,4,0.0,1.0,10,0.7636363636363637,2.0,3.0,0.9636363636363636,0.7333333333333334
2012-13,2012-12-05,Group stage,Celtic,Spartak Moscow,5,11,1.4,1.4,1.1818181818181819,2.0,0.4,0.36363636363636365,0.5,0.4,7,3,15,15,H,1,1,15,15,0.21818181818181803,0.6000000000000001,-0.6000000000000001,-0.21818181818181803,0.036363636363636376,0.09999999999999998,4,-6,0,0.036363636363636376,0.09999999999999998,4,0.21818181818181803,0.6000000000000001,10,0.7636363636363637,2.581818181818182,3.4,0.9636363636363636,0.7333333333333334
2012-13,2012-12-05,Group stage,Chelsea,Nordsjælland,28,5,1.8571428571428572,1.0,0.6,3.2,0.5357142857142857,0.0,0.7692307692307693,0.0,7,1,15,15,H,1,1,15,15,1.2571428571428571,2.2,-1.342857142857143,-0.4,0.5357142857142857,0.7692307692307693,6,23,0,0.5357142857142857,0.7692307692307693,6,1.2571428571428571,2.2,8,0.5357142857142857,2.4571428571428573,4.2,0.4642857142857143,0.6
2012-13,2012-12-05,Group stage,Lille,Valencia,11,19,0.9090909090909091,1.6363636363636365,2.1052631578947367,1.0526315789473684,0.18181818181818182,0.42105263157894735,0.0,0.2222222222222222,3,10,15,15,A,1,1,15,15,-1.1961722488038276,-0.5837320574162681,-0.1435406698564593,0.46889952153110026,-0.23923444976076552,-0.2222222222222222,-7,-8,0,0.23923444976076552,0.2222222222222222,7,1.1961722488038276,0.5837320574162681,13,0.6028708133971292,3.014354066985646,2.688995215311005,0.7607655502392345,0.5333333333333333
2012-13,2012-12-05,Group stage,Manchester Utd,CFR Cluj,24,11,1.625,0.8333333333333334,1.2727272727272727,1.7272727272727273,0.625,0.2727272727272727,0.6363636363636364,0.2,12,7,15,15,A,1,1,15,15,0.3522727272727273,0.8939393939393939,-0.10227272727272729,0.43939393939393934,0.3522727272727273,0.43636363636363634,5,13,0,0.3522727272727273,0.43636363636363634,5,0.3522727272727273,0.8939393939393939,19,0.8977272727272727,2.8977272727272725,2.5606060606060606,0.6477272727272727,0.6666666666666667
2012-13,2012-12-05,Group stage,Shakhtar D.,Juventus,21,5,1.7619047619047619,1.380952380952381,2.2,0.8,0.5238095238095238,0.4,0.6,0.0,10,9,15,15,A,1,1,15,15,-0.4380952380952383,-0.5809523809523809,0.9619047619047618,0.8190476190476192,0.12380952380952381,0.6,1,16,0,0.12380952380952381,0.6,1,0.4380952380952383,0.5809523809523809,19,0.9238095238095239,3.961904761904762,2.180952380952381,0.8761904761904762,0.9333333333333333
2012-13,2013-02-12,Round of 16,Celtic,Juventus,6,6,1.5,1.3333333333333333,2.0,0.6666666666666666,0.5,0.5,0.6666666666666666,0.3333333333333333,9,11,69,69,A,1,1,69,69,-0.5,-0.6666666666666666,0.8333333333333334,0.6666666666666667,0.0,0.3333333333333333,-2,0,0,0.0,0.3333333333333333,2,0.5,0.6666666666666666,20,1.0,3.5,2.0,1.0,0.8666666666666667
2012-13,2013-02-12,Round of 16,Valencia,Paris SG,20,6,2.05,1.0,2.3333333333333335,0.5,0.45,0.8333333333333334,0.6,0.6666666666666666,13,12,69,70,A,1,1,69,70,-0.28333333333333366,-0.5,1.5499999999999998,1.3333333333333335,-0.38333333333333336,-0.06666666666666665,1,14,-1,0.38333333333333336,0.06666666666666665,1,0.28333333333333366,0.5,25,1.2833333333333334,4.383333333333333,1.5,0.6166666666666667,0.9333333333333333
2012-13,2013-02-13,Round of 16,Real Madrid,Manchester Utd,30,25,2.5,0.8,1.56,0.84,0.7,0.6,0.8666666666666667,0.6153846153846154,8,9,71,70,D,1,1,71,70,0.94,0.039999999999999925,1.6600000000000001,0.76,0.09999999999999998,0.2512820512820513,-1,5,1,0.09999999999999998,0.2512820512820513,1,0.94,0.039999999999999925,17,1.2999999999999998,4.0600000000000005,1.6400000000000001,0.9,0.9333333333333333
2012-13,2013-02-13,Round of 16,Shakhtar D.,Dortmund,22,12,1.6818181818181819,1.3636363636363635,1.4166666666666667,1.4166666666666667,0.5,0.4166666666666667,0.5454545454545454,0.16666666666666666,7,11,70,71,D,1,1,70,71,0.26515151515151514,0.053030303030303205,0.26515151515151514,0.053030303030303205,0.08333333333333331,0.3787878787878788,-4,10,-1,0.08333333333333331,0.3787878787878788,4,0.26515151515151514,0.053030303030303205,18,0.9166666666666667,3.0984848484848486,2.7803030303030303,0.9166666666666667,0.7333333333333334
2012-13,2013-02-19,Round of 16,Arsenal,Bayern Munich,22,27,1.8636363636363635,1.3181818181818181,2.2222222222222223,1.0,0.5454545454545454,0.6666666666666666,0.8181818181818182,0.46153846153846156,7,10,77,76,A,1,1,77,76,-0.3585858585858588,-0.3181818181818181,0.8636363636363635,0.9040404040404042,-0.12121212121212122,0.35664335664335667,-3,-5,1,0.12121212121212122,0.35664335664335667,3,0.3585858585858588,0.3181818181818181,17,1.212121212121212,4.085858585858586,2.3181818181818183,0.8787878787878788,0.8
2012-13,2013-02-19,Round of 16,Porto,Málaga,12,6,1.4166666666666667,0.9166666666666666,2.0,0.8333333333333334,0.5,0.5,0.6666666666666666,0.3333333333333333,10,9,77,77,H,1,1,77,77,-0.5833333333333333,-0.08333333333333326,0.5833333333333334,1.0833333333333335,0.0,0.3333333333333333,1,6,0,0.0,0.3333333333333333,1,0.5833333333333333,0.08333333333333326,19,1.0,3.416666666666667,1.75,1.0,0.9333333333333333
2012-13,2013-02-20,Round of 16,Galatasaray,Schalke 04,6,18,1.1666666666666667,1.0,1.7777777777777777,1.1111111111111112,0.5,0.5555555555555556,0.3333333333333333,0.4444444444444444,10,9,77,78,D,1,1,77,78,-0.6111111111111109,0.11111111111111116,0.05555555555555558,0.7777777777777777,-0.05555555555555558,-0.1111111111111111,1,-12,-1,0.05555555555555558,0.1111111111111111,1,0.6111111111111109,0.11111111111111116,19,1.0555555555555556,2.9444444444444446,2.111111111111111,0.9444444444444444,0.9333333333333333
2012-13,2013-02-20,Round of 16,Milan,Barcelona,24,31,1.25,1.1666666666666667,2.4516129032258065,0.7741935483870968,0.2916666666666667,0.6774193548387096,0.3333333333333333,0.6,7,10,78,77,H,1,1,78,77,-1.2016129032258065,-0.39247311827957,0.47580645161290325,1.2849462365591398,-0.38575268817204295,-0.26666666666666666,-3,-7,1,0.38575268817204295,0.26666666666666666,3,1.2016129032258065,0.39247311827957,17,0.9690860215053763,3.7016129032258065,1.9408602150537635,0.614247311827957,0.8
2012-13,2013-03-05,Round of 16,Dortmund,Shakhtar D.,13,23,1.4615384615384615,1.4615384615384615,1.6956521739130435,1.391304347826087,0.38461538461538464,0.4782608695652174,0.6666666666666666,0.45454545454545453,11,7,20,20,H,1,1,20,20,-0.234113712374582,-0.07023411371237454,0.07023411371237454,0.234113712374582,-0.09364548494983277,0.2121212121212121,4,-10,0,0.09364548494983277,0.2121212121212121,4,0.234113712374582,0.07023411371237454,18,0.8628762541806021,3.1571906354515047,2.8528428093645486,0.9063545150501673,0.7333333333333334
2012-13,2013-03-05,Round of 16,Manchester Utd,Real Madrid,26,31,1.5384615384615385,0.8461538461538461,2.4516129032258065,0.8064516129032258,0.5769230769230769,0.6774193548387096,0.5833333333333334,0.5333333333333333,7,6,20,20,A,1,1,20,20,-0.913151364764268,-0.03970223325062039,0.7320099255583128,1.6054590570719602,-0.10049627791563276,0.050000000000000044,1,-5,0,0.10049627791563276,0.050000000000000044,1,0.913151364764268,0.03970223325062039,13,1.2543424317617866,3.9900744416873453,1.6526054590570718,0.8995037220843672,0.9333333333333333
2012-13,2013-03-06,Round of 16,Juventus,Celtic,7,7,2.142857142857143,0.5714285714285714,1.2857142857142858,1.5714285714285714,0.5714285714285714,0.42857142857142855,0.6666666666666666,0.3333333333333333,13,6,22,22,H,1,1,22,22,0.857142857142857,1.0,0.5714285714285714,0.7142857142857144,0.14285714285714285,0.3333333333333333,7,0,0,0.14285714285714285,0.3333333333333333,7,0.857142857142857,1.0,19,1.0,3.428571428571429,2.142857142857143,0.8571428571428572,0.5333333333333333
2012-13,2013-03-06,Round of 16,Paris SG,Valencia,7,21,2.2857142857142856,0.5714285714285714,2.0,1.0476190476190477,0.8571428571428571,0.42857142857142855,1.0,0.3,15,10,22,22,D,1,1,22,22,0.2857142857142856,0.4761904761904763,1.238095238095238,1.4285714285714286,0.42857142857142855,0.7,5,-14,0,0.42857142857142855,0.7,5,0.2857142857142856,0.4761904761904763,25,1.2857142857142856,4.285714285714286,1.619047619047619,0.5714285714285714,0.6666666666666667
2012-13,2013-03-12,Round of 16,Barcelona,Milan,32,25,2.375,0.8125,1.28,1.12,0.65625,0.32,0.75,0.25,7,7,20,20,H,1,1,20,20,1.095,0.3075000000000001,1.255,0.4675,0.33625,0.5,0,7,0,0.33625,0.5,0,1.095,0.3075000000000001,14,0.9762500000000001,3.6550000000000002,1.9325,0.6637500000000001,1.0
2012-13,2013-03-12,Round of 16,Schalke 04,Galatasaray,19,7,1.736842105263158,1.105263157894737,1.1428571428571428,1.0,0.5263157894736842,0.42857142857142855,0.6666666666666666,0.6666666666666666,9,11,20,20,A,1,1,20,20,0.5939849624060152,-0.10526315789473695,0.736842105263158,0.037593984962405846,0.09774436090225563,0.0,-2,12,0,0.09774436090225563,0.0,2,0.5939849624060152,0.10526315789473695,20,0.9548872180451127,2.8796992481203008,2.105263157894737,0.9022556390977443,0.8666666666666667
2012-13,2013-03-13,Round of 16,Bayern Munich,Arsenal,28,23,2.25,1.0,1.826086956521739,1.391304347826087,0.6785714285714286,0.5217391304347826,0.8571428571428571,0.2727272727272727,13,4,22,22,A,1,1,22,22,0.423913043478261,0.3913043478260869,0.8586956521739131,0.826086956521739,0.156832298136646,0.5844155844155844,9,5,0,0.156832298136646,0.5844155844155844,9,0.423913043478261,0.3913043478260869,17,1.200310559006211,4.076086956521739,2.391304347826087,0.843167701863354,0.4
2012-13,2013-03-13,Round of 16,Málaga,Porto,7,13,1.7142857142857142,0.8571428571428571,1.3846153846153846,0.8461538461538461,0.42857142857142855,0.5384615384615384,0.6666666666666666,0.3333333333333333,6,10,22,22,H,1,1,22,22,0.3296703296703296,-0.01098901098901095,0.868131868131868,0.5274725274725275,-0.10989010989010989,0.3333333333333333,-4,-6,0,0.10989010989010989,0.3333333333333333,4,0.3296703296703296,0.01098901098901095,16,0.9670329670329669,3.0989010989010985,1.7032967032967032,0.8901098901098901,0.7333333333333334
2012-13,2013-04-02,Quarter-finals,Bayern Munich,Juventus,29,8,2.1724137931034484,1.0344827586206897,2.125,0.5,0.6551724137931034,0.625,0.8,0.5,10,15,20,27,H,1,1,20,27,0.0474137931034484,-0.5344827586206897,1.6724137931034484,1.0905172413793103,0.030172413793103425,0.30000000000000004,-5,21,-7,0.030172413793103425,0.30000000000000004,5,0.0474137931034484,0.5344827586206897,25,1.2801724137931034,4.297413793103448,1.5344827586206897,0.9698275862068966,0.6666666666666667
2012-13,2013-04-02,Quarter-finals,Paris SG,Barcelona,8,33,2.125,0.625,2.4242424242424243,0.7878787878787878,0.75,0.6666666666666666,0.75,0.5625,13,7,27,21,D,1,1,27,21,-0.2992424242424243,0.16287878787878785,1.3371212121212122,1.7992424242424243,0.08333333333333337,0.1875,6,-25,6,0.08333333333333337,0.1875,6,0.2992424242424243,0.16287878787878785,20,1.4166666666666665,4.549242424242424,1.4128787878787878,0.9166666666666666,0.6
2012-13,2013-04-03,Quarter-finals,Málaga,Dortmund,8,14,1.75,0.75,1.5714285714285714,1.3571428571428572,0.5,0.42857142857142855,0.75,0.14285714285714285,6,11,21,29,D,1,1,21,29,0.1785714285714286,0.6071428571428572,0.3928571428571428,0.8214285714285714,0.07142857142857145,0.6071428571428572,-5,-6,-8,0.07142857142857145,0.6071428571428572,5,0.1785714285714286,0.6071428571428572,17,0.9285714285714286,3.321428571428571,2.107142857142857,0.9285714285714286,0.6666666666666667
2012-13,2013-04-03,Quarter-finals,Real Madrid,Galatasaray,32,8,2.4375,0.8125,1.375,1.125,0.6875,0.5,0.8125,0.75,9,13,29,22,H,1,1,29,22,1.0625,0.3125,1.3125,0.5625,0.1875,0.0625,-4,24,7,0.1875,0.0625,4,1.0625,0.3125,22,1.1875,3.8125,1.9375,0.8125,0.7333333333333334
2012-13,2013-04-09,Quarter-finals,Dortmund,Málaga,15,9,1.4666666666666666,1.2666666666666666,1.5555555555555556,0.6666666666666666,0.4,0.4444444444444444,0.7142857142857143,0.25,11,6,6,6,H,1,1,6,6,-0.08888888888888902,-0.6,0.7999999999999999,0.288888888888889,-0.0444444444444444,0.4642857142857143,5,6,0,0.0444444444444444,0.4642857142857143,5,0.08888888888888902,0.6,17,0.8444444444444444,3.022222222222222,1.9333333333333331,0.9555555555555556,0.6666666666666667
2012-13,2013-04-09,Quarter-finals,Galatasaray,Real Madrid,9,33,1.2222222222222223,1.3333333333333333,2.4545454545454546,0.7878787878787878,0.4444444444444444,0.696969696969697,0.25,0.5625,10,11,6,6,H,1,1,6,6,-1.2323232323232323,-0.5454545454545454,0.4343434343434345,1.1212121212121213,-0.2525252525252526,-0.3125,-1,-24,0,0.2525252525252526,0.3125,1,1.2323232323232323,0.5454545454545454,21,1.1414141414141414,3.676767676767677,2.121212121212121,0.7474747474747474,0.9333333333333333
2012-13,2013-04-10,Quarter-finals,Barcelona,Paris SG,34,9,2.411764705882353,0.8235294117647058,2.111111111111111,0.7777777777777778,0.6470588235294118,0.6666666666666666,0.7647058823529411,0.75,8,11,8,8,D,1,1,8,8,0.30065359477124165,-0.04575163398692805,1.6339869281045751,1.2875816993464053,-0.019607843137254832,0.014705882352941124,-3,25,0,0.019607843137254832,0.014705882352941124,3,0.30065359477124165,0.04575163398692805,19,1.3137254901960784,4.522875816993464,1.6013071895424837,0.9803921568627452,0.8
2012-13,2013-04-10,Quarter-finals,Juventus,Bayern Munich,9,30,1.8888888888888888,0.6666666666666666,2.1666666666666665,1.0,0.5555555555555556,0.6666666666666666,0.75,0.5,12,10,8,8,A,1,1,8,8,-0.2777777777777777,0.33333333333333337,0.8888888888888888,1.5,-0.11111111111111105,0.25,2,-21,0,0.11111111111111105,0.25,2,0.2777777777777777,0.33333333333333337,22,1.2222222222222223,4.055555555555555,1.6666666666666665,0.888888888888889,0.8666666666666667
2012-13,2013-04-23,Semi-finals,Bayern Munich,Barcelona,31,35,2.161290322580645,0.967741935483871,2.3714285714285714,0.8285714285714286,0.6774193548387096,0.6285714285714286,0.8125,0.5294117647058824,12,6,13,13,H,1,1,13,13,-0.21013824884792642,-0.13917050691244237,1.3327188940092163,1.4036866359447004,0.04884792626728107,0.28308823529411764,6,-4,0,0.04884792626728107,0.28308823529411764,6,0.21013824884792642,0.13917050691244237,18,1.305990783410138,4.532718894009216,1.7963133640552997,0.9511520737327189,0.6
2012-13,2013-04-24,Semi-finals,Dortmund,Real Madrid,16,34,1.5625,1.3125,2.4411764705882355,0.8529411764705882,0.4375,0.6764705882352942,0.75,0.5294117647058824,11,10,15,15,H,1,1,15,15,-0.8786764705882355,-0.4595588235294118,0.7095588235294118,1.1286764705882355,-0.23897058823529416,0.22058823529411764,1,-18,0,0.23897058823529416,0.22058823529411764,1,0.8786764705882355,0.4595588235294118,21,1.1139705882352942,4.0036764705882355,2.1654411764705883,0.7610294117647058,0.9333333333333333
2012-13,2013-04-30,Semi-finals,Real Madrid,Dortmund,35,17,2.4,0.9428571428571428,1.7058823529411764,1.2941176470588236,0.6571428571428571,0.47058823529411764,0.8235294117647058,0.125,7,11,6,6,H,1,1,6,6,0.6941176470588235,0.35126050420168076,1.1058823529411763,0.7630252100840336,0.1865546218487395,0.6985294117647058,-4,18,0,0.1865546218487395,0.6985294117647058,4,0.6941176470588235,0.35126050420168076,18,1.1277310924369748,4.105882352941176,2.2369747899159664,0.8134453781512605,0.7333333333333334
2012-13,2013-05-01,Semi-finals,Barcelona,Bayern Munich,36,32,2.3055555555555554,0.9166666666666666,2.21875,0.9375,0.6111111111111112,0.6875,0.7222222222222222,0.5333333333333333,5,12,8,8,A,1,1,8,8,0.08680555555555536,0.02083333333333337,1.3680555555555554,1.3020833333333335,-0.07638888888888884,0.18888888888888888,-7,4,0,0.07638888888888884,0.18888888888888888,7,0.08680555555555536,0.02083333333333337,17,1.2986111111111112,4.524305555555555,1.8541666666666665,0.9236111111111112,0.5333333333333333
2012-13,2013-05-25,Final,Dortmund,Bayern Munich,18,33,1.6111111111111112,1.3333333333333333,2.242424242424242,0.9090909090909091,0.4444444444444444,0.696969696969697,0.7777777777777778,0.5625,10,12,25,24,A,1,1,25,24,-0.631313131313131,-0.4242424242424242,0.7020202020202021,0.909090909090909,-0.2525252525252526,0.2152777777777778,-2,-15,1,0.2525252525252526,0.2152777777777778,2,0.631313131313131,0.4242424242424242,22,1.1414141414141414,3.8535353535353534,2.242424242424242,0.7474747474747474,0.8666666666666667
2013-14,2013-09-17,Group stage,Bayern Munich,CSKA Moscow,34,8,2.235294117647059,0.9117647058823529,1.375,1.625,0.7058823529411765,0.25,0.8235294117647058,0.25,15,5,115,552,H,1,1,115,365,0.8602941176470589,0.7132352941176471,0.6102941176470589,0.4632352941176471,0.4558823529411765,0.5735294117647058,10,26,-250,0.4558823529411765,0.5735294117647058,10,0.8602941176470589,0.7132352941176471,20,0.9558823529411765,3.610294117647059,2.536764705882353,0.5441176470588235,0.33333333333333337
2013-14,2013-09-17,Group stage,Benfica,Anderlecht,22,6,1.1363636363636365,1.2272727272727273,0.6666666666666666,1.5,0.36363636363636365,0.16666666666666666,0.5454545454545454,0.0,7,4,286,287,H,1,1,286,287,0.46969696969696983,0.2727272727272727,-0.36363636363636354,-0.5606060606060607,0.196969696969697,0.5454545454545454,3,16,-1,0.196969696969697,0.5454545454545454,3,0.46969696969696983,0.2727272727272727,11,0.5303030303030303,1.8030303030303032,2.7272727272727275,0.803030303030303,0.8
2013-14,2013-09-17,Group stage,FC Copenhagen,Juventus,8,10,0.875,0.875,1.7,0.8,0.375,0.5,0.5,0.4,5,9,916,160,D,1,1,365,160,-0.825,-0.07499999999999996,0.07499999999999996,0.825,-0.125,0.09999999999999998,-4,-2,205,0.125,0.09999999999999998,4,0.825,0.07499999999999996,14,0.875,2.575,1.675,0.875,0.7333333333333334
2013-14,2013-09-17,Group stage,Galatasaray,Real Madrid,10,36,1.4,1.4,2.388888888888889,0.9166666666666666,0.5,0.6666666666666666,0.4,0.5,10,9,161,140,A,1,1,161,140,-0.9888888888888889,-0.4833333333333333,0.4833333333333333,0.9888888888888889,-0.16666666666666663,-0.09999999999999998,1,-26,21,0.16666666666666663,0.09999999999999998,1,0.9888888888888889,0.4833333333333333,19,1.1666666666666665,3.7888888888888888,2.3166666666666664,0.8333333333333334,0.9333333333333333
2013-14,2013-09-17,Group stage,Manchester Utd,Leverkusen,27,8,1.5185185185185186,0.8888888888888888,1.25,2.25,0.5555555555555556,0.375,0.5384615384615384,0.0,4,4,196,559,H,1,1,196,365,0.2685185185185186,1.3611111111111112,-0.7314814814814814,0.36111111111111116,0.18055555555555558,0.5384615384615384,0,19,-169,0.18055555555555558,0.5384615384615384,0,0.2685185185185186,1.3611111111111112,8,0.9305555555555556,2.7685185185185186,3.138888888888889,0.8194444444444444,1.0
2013-14,2013-09-17,Group stage,Olympiacos,Paris SG,12,10,1.4166666666666667,1.25,2.0,0.8,0.5,0.6,0.6666666666666666,0.6,9,9,287,160,A,1,1,287,160,-0.5833333333333333,-0.44999999999999996,0.6166666666666667,0.75,-0.09999999999999998,0.06666666666666665,0,2,127,0.09999999999999998,0.06666666666666665,0,0.5833333333333333,0.44999999999999996,18,1.1,3.416666666666667,2.05,0.9,1.0
2013-14,2013-09-17,Group stage,Real Sociedad,Shakhtar D.,0,24,0.0,0.0,1.625,1.4583333333333333,0.0,0.4583333333333333,0.0,0.4166666666666667,0,4,-1,196,A,0,1,0,196,-1.625,1.4583333333333333,-1.4583333333333333,1.625,-0.4583333333333333,-0.4166666666666667,-4,-24,-196,0.4583333333333333,0.4166666666666667,4,1.625,1.4583333333333333,4,0.4583333333333333,1.625,1.4583333333333333,0.5416666666666667,0.7333333333333334
2013-14,2013-09-17,Group stage,Viktoria Plzeň,Manchester City,6,12,0.6666666666666666,1.8333333333333333,1.3333333333333333,1.4166666666666667,0.16666666666666666,0.25,0.0,0.16666666666666666,4,3,651,287,A,1,1,365,287,-0.6666666666666666,-0.4166666666666665,-0.7500000000000001,-0.5,-0.08333333333333334,-0.16666666666666666,1,-6,78,0.08333333333333334,0.16666666666666666,1,0.6666666666666666,0.4166666666666665,7,0.41666666666666663,2.0,3.25,0.9166666666666666,0.9333333333333333
2013-14,2013-09-18,Group stage,Atlético Madrid,Zenit,0,14,0.0,0.0,1.1428571428571428,1.2857142857142858,0.0,0.35714285714285715,0.0,0.14285714285714285,0,7,-1,288,H,0,1,0,288,-1.1428571428571428,1.2857142857142858,-1.2857142857142858,1.1428571428571428,-0.35714285714285715,-0.14285714285714285,-7,-14,-288,0.35714285714285715,0.14285714285714285,7,1.1428571428571428,1.2857142857142858,7,0.35714285714285715,1.1428571428571428,1.2857142857142858,0.6428571428571428,0.5333333333333333
2013-14,2013-09-18,Group stage,Austria Wien,Porto,0,14,0.0,0.0,1.2857142857142858,0.9285714285714286,0.0,0.5,0.0,0.2857142857142857,0,7,-1,189,A,0,1,0,189,-1.2857142857142858,0.9285714285714286,-0.9285714285714286,1.2857142857142858,-0.5,-0.2857142857142857,-7,-14,-189,0.5,0.2857142857142857,7,1.2857142857142858,0.9285714285714286,7,0.5,1.2857142857142858,0.9285714285714286,0.5,0.5333333333333333
2013-14,2013-09-18,Group stage,Barcelona,Ajax,37,18,2.2432432432432434,0.972972972972973,1.1111111111111112,1.7777777777777777,0.5945945945945946,0.2777777777777778,0.6842105263157895,0.2222222222222222,5,4,140,288,H,1,1,140,288,1.1321321321321323,0.8048048048048047,0.46546546546546574,0.13813813813813813,0.31681681681681684,0.4619883040935673,1,19,-148,0.31681681681681684,0.4619883040935673,1,1.1321321321321323,0.8048048048048047,9,0.8723723723723724,3.3543543543543546,2.7507507507507505,0.6831831831831832,0.9333333333333333
2013-14,2013-09-18,Group stage,Chelsea,Basel,29,14,2.0,1.0,1.4285714285714286,2.0,0.5517241379310345,0.42857142857142855,0.7857142857142857,0.2857142857142857,9,10,287,554,A,1,1,287,365,0.5714285714285714,1.0,0.0,0.4285714285714286,0.12315270935960593,0.5,-1,15,-78,0.12315270935960593,0.5,1,0.5714285714285714,1.0,19,0.9802955665024631,3.428571428571429,3.0,0.8768472906403941,0.9333333333333333
2013-14,2013-09-18,Group stage,Marseille,Arsenal,18,24,1.2222222222222223,0.8333333333333334,1.8333333333333333,1.3333333333333333,0.4444444444444444,0.5416666666666666,0.4444444444444444,0.3333333333333333,6,7,533,189,A,1,1,365,189,-0.6111111111111109,0.4999999999999999,-0.11111111111111094,0.9999999999999999,-0.09722222222222221,0.1111111111111111,-1,-6,176,0.09722222222222221,0.1111111111111111,1,0.6111111111111109,0.4999999999999999,13,0.986111111111111,3.0555555555555554,2.1666666666666665,0.9027777777777778,0.9333333333333333
2013-14,2013-09-18,Group stage,Milan,Celtic,26,8,1.2307692307692308,1.2307692307692308,1.125,1.625,0.3076923076923077,0.375,0.38461538461538464,0.25,7,6,190,196,H,1,1,190,196,0.10576923076923084,0.39423076923076916,-0.39423076923076916,-0.10576923076923084,-0.06730769230769229,0.13461538461538464,1,18,-6,0.06730769230769229,0.13461538461538464,1,0.10576923076923084,0.39423076923076916,13,0.6826923076923077,2.355769230769231,2.855769230769231,0.9326923076923077,0.9333333333333333
2013-14,2013-09-18,Group stage,Napoli,Dortmund,8,19,1.75,1.375,1.5789473684210527,1.368421052631579,0.5,0.42105263157894735,0.75,0.1111111111111111,9,7,553,116,H,1,1,365,116,0.17105263157894735,-0.006578947368421018,0.381578947368421,0.20394736842105265,0.07894736842105265,0.6388888888888888,2,-11,249,0.07894736842105265,0.6388888888888888,2,0.17105263157894735,0.006578947368421018,16,0.9210526315789473,3.3289473684210527,2.7434210526315788,0.9210526315789473,0.8666666666666667
2013-14,2013-09-18,Group stage,Schalke 04,Steaua,20,0,1.75,1.2,0.0,0.0,0.5,0.0,0.6,0.0,6,0,190,-1,H,1,0,190,0,1.75,-1.2,1.75,-1.2,0.5,0.6,6,20,190,0.5,0.6,6,1.75,1.2,6,0.5,1.75,1.2,0.5,0.6
2013-14,2013-10-01,Group stage,Ajax,Milan,19,27,1.0526315789473684,1.894736842105263,1.2592592592592593,1.1851851851851851,0.2631578947368421,0.3333333333333333,0.3333333333333333,0.23076923076923078,4,9,13,13,D,1,1,13,13,-0.20662768031189094,-0.7095516569200779,-0.13255360623781676,-0.6354775828460038,-0.07017543859649122,0.10256410256410253,-5,-8,0,0.07017543859649122,0.10256410256410253,5,0.20662768031189094,0.7095516569200779,13,0.5964912280701754,2.3118908382066277,3.079922027290448,0.9298245614035088,0.6666666666666667
2013-14,2013-10-01,Group stage,Arsenal,Napoli,25,9,1.84,1.32,1.7777777777777777,1.3333333333333333,0.56,0.5555555555555556,0.75,0.25,9,12,13,13,H,1,1,13,13,0.0622222222222224,0.013333333333333197,0.5066666666666668,0.4577777777777776,0.004444444444444473,0.5,-3,16,0,0.004444444444444473,0.5,3,0.0622222222222224,0.013333333333333197,21,1.1155555555555556,3.6177777777777775,2.6533333333333333,0.9955555555555555,0.8
2013-14,2013-10-01,Group stage,Basel,Schalke 04,15,21,1.4666666666666666,1.9333333333333333,1.8095238095238095,1.1428571428571428,0.4666666666666667,0.5238095238095238,0.5714285714285714,0.4,12,8,13,13,A,1,1,13,13,-0.34285714285714297,-0.7904761904761906,0.32380952380952377,-0.12380952380952381,-0.05714285714285716,0.17142857142857137,4,-6,0,0.05714285714285716,0.17142857142857137,4,0.34285714285714297,0.7904761904761906,20,0.9904761904761905,3.276190476190476,3.076190476190476,0.9428571428571428,0.7333333333333334
2013-14,2013-10-01,Group stage,Celtic,Barcelona,9,38,1.0,1.6666666666666667,2.289473684210526,0.9473684210526315,0.3333333333333333,0.6052631578947368,0.5,0.5,3,5,13,13,A,1,1,13,13,-1.289473684210526,-0.7192982456140352,0.052631578947368474,0.6228070175438594,-0.2719298245614035,0.0,-2,-29,0,0.2719298245614035,0.0,2,1.289473684210526,0.7192982456140352,8,0.9385964912280702,3.289473684210526,2.6140350877192984,0.7280701754385965,0.8666666666666667
2013-14,2013-10-01,Group stage,Dortmund,Marseille,20,19,1.55,1.4,1.2105263157894737,0.8947368421052632,0.4,0.42105263157894735,0.7,0.4444444444444444,6,3,13,13,H,1,1,13,13,0.33947368421052637,-0.5052631578947367,0.6552631578947369,-0.18947368421052624,-0.021052631578947323,0.25555555555555554,3,1,0,0.021052631578947323,0.25555555555555554,3,0.33947368421052637,0.5052631578947367,9,0.8210526315789474,2.7605263157894737,2.294736842105263,0.9789473684210527,0.8
2013-14,2013-10-01,Group stage,Porto,Atlético Madrid,15,1,1.2666666666666666,0.8666666666666667,3.0,1.0,0.5333333333333333,1.0,0.7142857142857143,0.0,9,3,13,13,A,1,1,13,13,-1.7333333333333334,0.1333333333333333,0.2666666666666666,2.1333333333333333,-0.4666666666666667,0.7142857142857143,6,14,0,0.4666666666666667,0.7142857142857143,6,1.7333333333333334,0.1333333333333333,12,1.5333333333333332,4.266666666666667,1.8666666666666667,0.5333333333333333,0.6
2013-14,2013-10-01,Group stage,Steaua,Chelsea,1,30,0.0,3.0,1.9666666666666666,1.0333333333333334,0.0,0.5333333333333333,0.0,0.3333333333333333,0,6,13,13,A,1,1,13,13,-1.9666666666666666,-1.9666666666666666,-1.0333333333333334,-1.0333333333333334,-0.5333333333333333,-0.3333333333333333,-6,-29,0,0.5333333333333333,0.3333333333333333,6,1.9666666666666666,1.9666666666666666,6,0.5333333333333333,1.9666666666666666,4.033333333333333,0.4666666666666667,0.6
2013-14,2013-10-01,Group stage,Zenit,Austria Wien,15,1,1.1333333333333333,1.4,0.0,1.0,0.3333333333333333,0.0,0.5714285714285714,0.0,7,0,13,13,D,1,1,13,13,1.1333333333333333,-0.3999999999999999,0.1333333333333333,-1.4,0.3333333333333333,0.5714285714285714,7,14,0,0.3333333333333333,0.5714285714285714,7,1.1333333333333333,0.3999999999999999,7,0.3333333333333333,1.1333333333333333,2.4,0.6666666666666667,0.5333333333333333
2013-14,2013-10-02,Group stage,Anderlecht,Olympiacos,7,13,0.5714285714285714,1.5714285714285714,1.3846153846153846,1.4615384615384615,0.14285714285714285,0.46153846153846156,0.3333333333333333,0.3333333333333333,4,9,15,15,A,1,1,15,15,-0.8131868131868132,-0.10989010989010994,-0.8901098901098901,-0.18681318681318682,-0.3186813186813187,0.0,-5,-6,0,0.3186813186813187,0.0,5,0.8131868131868132,0.10989010989010994,13,0.6043956043956045,1.956043956043956,3.032967032967033,0.6813186813186813,0.6666666666666667
2013-14,2013-10-02,Group stage,CSKA Moscow,Viktoria Plzeň,9,7,1.2222222222222223,1.7777777777777777,0.5714285714285714,2.0,0.2222222222222222,0.14285714285714285,0.25,0.3333333333333333,4,4,15,15,H,1,1,15,15,0.6507936507936509,0.22222222222222232,-0.7777777777777777,-1.2063492063492063,0.07936507936507936,-0.08333333333333331,0,2,0,0.07936507936507936,0.08333333333333331,0,0.6507936507936509,0.22222222222222232,8,0.36507936507936506,1.7936507936507937,3.7777777777777777,0.9206349206349207,1.0
2013-14,2013-10-02,Group stage,Juventus,Galatasaray,11,11,1.6363636363636365,0.8181818181818182,1.3636363636363635,1.8181818181818181,0.45454545454545453,0.45454545454545453,0.6,0.6,7,7,15,15,D,1,1,15,15,0.27272727272727293,0.9999999999999999,-0.18181818181818166,0.5454545454545453,0.0,0.0,0,0,0,0.0,0.0,0,0.27272727272727293,0.9999999999999999,14,0.9090909090909091,3.0,2.6363636363636362,1.0,1.0
2013-14,2013-10-02,Group stage,Leverkusen,Real Sociedad,9,1,1.3333333333333333,2.4444444444444446,0.0,2.0,0.3333333333333333,0.0,0.75,0.0,4,0,15,15,H,1,1,15,15,1.3333333333333333,-0.44444444444444464,-0.6666666666666667,-2.4444444444444446,0.3333333333333333,0.75,4,8,0,0.3333333333333333,0.75,4,1.3333333333333333,0.44444444444444464,4,0.3333333333333333,1.3333333333333333,4.444444444444445,0.6666666666666667,0.7333333333333334
2013-14,2013-10-02,Group stage,Manchester City,Bayern Munich,13,35,1.4615384615384615,1.3076923076923077,2.257142857142857,0.8857142857142857,0.3076923076923077,0.7142857142857143,0.3333333333333333,0.5882352941176471,5,15,15,15,A,1,1,15,15,-0.7956043956043957,-0.42197802197802203,0.5758241758241758,0.9494505494505494,-0.4065934065934066,-0.25490196078431376,-10,-22,0,0.4065934065934066,0.25490196078431376,10,0.7956043956043957,0.42197802197802203,20,1.021978021978022,3.718681318681319,2.1934065934065936,0.5934065934065934,0.33333333333333337
2013-14,2013-10-02,Group stage,Paris SG,Benfica,11,23,2.1818181818181817,0.8181818181818182,1.173913043478261,1.173913043478261,0.6363636363636364,0.391304347826087,0.6,0.18181818181818182,9,10,15,15,H,1,1,15,15,1.0079051383399207,0.35573122529644274,1.0079051383399207,0.35573122529644274,0.24505928853754938,0.41818181818181815,-1,-12,0,0.24505928853754938,0.41818181818181815,1,1.0079051383399207,0.35573122529644274,19,1.0276679841897234,3.3557312252964424,1.992094861660079,0.7549407114624507,0.9333333333333333
2013-14,2013-10-02,Group stage,Real Madrid,FC Copenhagen,37,9,2.4864864864864864,0.918918918918919,0.8888888888888888,0.8888888888888888,0.6756756756756757,0.3333333333333333,0.8333333333333334,0.25,9,5,15,15,H,1,1,15,15,1.5975975975975976,-0.03003003003003013,1.5975975975975976,-0.03003003003003013,0.34234234234234234,0.5833333333333334,4,28,0,0.34234234234234234,0.5833333333333334,4,1.5975975975975976,0.03003003003003013,14,1.009009009009009,3.3753753753753752,1.8078078078078077,0.6576576576576576,0.7333333333333334
2013-14,2013-10-02,Group stage,Shakhtar D.,Manchester Utd,25,28,1.64,1.4,1.6071428571428572,0.9285714285714286,0.48,0.5714285714285714,0.5,0.5714285714285714,7,4,15,15,D,1,1,15,15,0.032857142857142696,-0.4714285714285713,0.7114285714285713,0.2071428571428573,-0.09142857142857141,-0.0714285714285714,3,-3,0,0.09142857142857141,0.0714285714285714,3,0.032857142857142696,0.4714285714285713,11,1.0514285714285714,3.2471428571428573,2.3285714285714283,0.9085714285714286,0.8
2013-14,2013-10-22,Group stage,Arsenal,Dortmund,26,21,1.8461538461538463,1.2692307692307692,1.619047619047619,1.3333333333333333,0.5769230769230769,0.42857142857142855,0.7692307692307693,0.1,9,6,21,21,A,1,1,21,21,0.2271062271062272,0.0641025641025641,0.512820512820513,0.3498168498168499,0.14835164835164832,0.6692307692307693,3,5,0,0.14835164835164832,0.6692307692307693,3,0.2271062271062272,0.0641025641025641,15,1.0054945054945055,3.4652014652014653,2.602564102564102,0.8516483516483517,0.8
2013-14,2013-10-22,Group stage,Austria Wien,Atlético Madrid,2,2,0.0,0.5,2.5,1.0,0.0,1.0,0.0,1.0,1,6,21,21,A,1,1,21,21,-2.5,0.5,-1.0,2.0,-1.0,-1.0,-5,0,0,1.0,1.0,5,2.5,0.5,7,1.0,2.5,1.5,0.0,0.6666666666666667
2013-14,2013-10-22,Group stage,Celtic,Ajax,10,20,0.9,1.6,1.05,1.85,0.3,0.25,0.4,0.2,3,2,21,21,H,1,1,21,21,-0.15000000000000002,0.25,-0.9500000000000001,-0.55,0.04999999999999999,0.2,1,-10,0,0.04999999999999999,0.2,1,0.15000000000000002,0.25,5,0.55,1.9500000000000002,3.45,0.95,0.9333333333333333
2013-14,2013-10-22,Group stage,Marseille,Napoli,20,10,1.15,1.0,1.6,1.4,0.4,0.5,0.4,0.2,0,9,21,21,A,1,1,21,21,-0.4500000000000002,0.3999999999999999,-0.25,0.6000000000000001,-0.09999999999999998,0.2,-9,10,0,0.09999999999999998,0.2,9,0.4500000000000002,0.3999999999999999,9,0.9,2.75,2.4,0.9,0.4
2013-14,2013-10-22,Group stage,Milan,Barcelona,28,39,1.25,1.1785714285714286,2.2564102564102564,0.9230769230769231,0.32142857142857145,0.6153846153846154,0.42857142857142855,0.5263157894736842,7,7,21,21,D,1,1,21,21,-1.0064102564102564,-0.2554945054945055,0.32692307692307687,1.0778388278388278,-0.29395604395604397,-0.09774436090225563,0,-11,0,0.29395604395604397,0.09774436090225563,0,1.0064102564102564,0.2554945054945055,14,0.9368131868131868,3.5064102564102564,2.1016483516483517,0.706043956043956,1.0
2013-14,2013-10-22,Group stage,Porto,Zenit,16,16,1.25,0.9375,1.0625,1.3125,0.5,0.3125,0.625,0.125,6,5,21,21,A,1,1,21,21,0.1875,0.375,-0.0625,0.125,0.1875,0.5,1,0,0,0.1875,0.5,1,0.1875,0.375,11,0.8125,2.3125,2.25,0.8125,0.9333333333333333
2013-14,2013-10-22,Group stage,Schalke 04,Chelsea,22,31,1.7727272727272727,1.0909090909090908,2.032258064516129,1.0,0.5454545454545454,0.5483870967741935,0.6363636363636364,0.375,8,9,21,21,A,1,1,21,21,-0.2595307917888563,-0.09090909090909083,0.7727272727272727,0.9413489736070382,-0.0029325513196480912,0.26136363636363635,-1,-9,0,0.0029325513196480912,0.26136363636363635,1,0.2595307917888563,0.09090909090909083,17,1.093841642228739,3.8049853372434015,2.090909090909091,0.9970674486803519,0.9333333333333333
2013-14,2013-10-22,Group stage,Steaua,Basel,2,16,0.0,3.5,1.375,1.875,0.0,0.4375,0.0,0.375,0,9,21,21,D,1,1,21,21,-1.375,-1.625,-1.875,-2.125,-0.4375,-0.375,-9,-14,0,0.4375,0.375,9,1.375,1.625,9,0.4375,1.375,5.375,0.5625,0.4
2013-14,2013-10-23,Group stage,Anderlecht,Paris SG,8,12,0.5,1.75,2.25,0.75,0.125,0.6666666666666666,0.25,0.6666666666666666,4,9,21,21,A,1,1,21,21,-1.75,-1.0,-0.25,0.5,-0.5416666666666666,-0.41666666666666663,-5,-4,0,0.5416666666666666,0.41666666666666663,5,1.75,1.0,13,0.7916666666666666,2.75,2.5,0.45833333333333337,0.6666666666666667
2013-14,2013-10-23,Group stage,Bayern Munich,Viktoria Plzeň,36,8,2.2777777777777777,0.8888888888888888,0.75,2.125,0.7222222222222222,0.125,0.8333333333333334,0.25,15,4,21,21,H,1,1,21,21,1.5277777777777777,1.2361111111111112,0.15277777777777768,-0.13888888888888884,0.5972222222222222,0.5833333333333334,11,28,0,0.5972222222222222,0.5833333333333334,11,1.5277777777777777,1.2361111111111112,19,0.8472222222222222,3.0277777777777777,3.013888888888889,0.4027777777777778,0.2666666666666667
2013-14,2013-10-23,Group stage,Benfica,Olympiacos,24,14,1.125,1.25,1.5,1.3571428571428572,0.375,0.5,0.5833333333333334,0.42857142857142855,10,9,21,21,D,1,1,21,21,-0.375,0.1071428571428572,-0.2321428571428572,0.25,-0.125,0.15476190476190482,1,10,0,0.125,0.15476190476190482,1,0.375,0.1071428571428572,19,0.875,2.625,2.607142857142857,0.875,0.9333333333333333
2013-14,2013-10-23,Group stage,CSKA Moscow,Manchester City,10,14,1.4,1.8,1.4285714285714286,1.4285714285714286,0.3,0.2857142857142857,0.4,0.2857142857142857,7,5,21,21,A,1,1,21,21,-0.028571428571428692,-0.37142857142857144,-0.028571428571428692,-0.37142857142857144,0.01428571428571429,0.11428571428571432,2,-4,0,0.01428571428571429,0.11428571428571432,2,0.028571428571428692,0.37142857142857144,12,0.5857142857142856,2.8285714285714283,3.2285714285714286,0.9857142857142858,0.8666666666666667
2013-14,2013-10-23,Group stage,Galatasaray,FC Copenhagen,12,10,1.4166666666666667,1.8333333333333333,0.8,1.2,0.4166666666666667,0.3,0.3333333333333333,0.2,7,5,21,21,H,1,1,21,21,0.6166666666666667,-0.6333333333333333,0.21666666666666679,-1.0333333333333332,0.1166666666666667,0.1333333333333333,2,2,0,0.1166666666666667,0.1333333333333333,2,0.6166666666666667,0.6333333333333333,12,0.7166666666666667,2.216666666666667,3.033333333333333,0.8833333333333333,0.8666666666666667
2013-14,2013-10-23,Group stage,Leverkusen,Shakhtar D.,10,26,1.4,2.3,1.6153846153846154,1.3846153846153846,0.4,0.46153846153846156,0.8,0.46153846153846156,4,5,21,21,H,1,1,21,21,-0.2153846153846155,-0.9153846153846152,0.01538461538461533,-0.6846153846153844,-0.06153846153846154,0.3384615384615385,-1,-16,0,0.06153846153846154,0.3384615384615385,1,0.2153846153846155,0.9153846153846152,9,0.8615384615384616,3.0153846153846153,3.6846153846153844,0.9384615384615385,0.9333333333333333
2013-14,2013-10-23,Group stage,Manchester Utd,Real Sociedad,29,2,1.5862068965517242,0.9310344827586207,0.5,2.0,0.5517241379310345,0.0,0.5714285714285714,0.0,5,0,21,21,H,1,1,21,21,1.0862068965517242,1.0689655172413794,-0.4137931034482758,-0.43103448275862066,0.5517241379310345,0.5714285714285714,5,27,0,0.5517241379310345,0.5714285714285714,5,1.0862068965517242,1.0689655172413794,5,0.5517241379310345,2.086206896551724,2.9310344827586206,0.4482758620689655,0.6666666666666667
2013-14,2013-10-23,Group stage,Real Madrid,Juventus,38,12,2.526315789473684,0.8947368421052632,1.6666666666666667,0.9166666666666666,0.6842105263157895,0.4166666666666667,0.8421052631578947,0.3333333333333333,9,5,21,21,H,1,1,21,21,0.8596491228070173,0.021929824561403466,1.6096491228070176,0.7719298245614036,0.2675438596491228,0.5087719298245614,4,26,0,0.2675438596491228,0.5087719298245614,4,0.8596491228070173,0.021929824561403466,14,1.1008771929824561,4.192982456140351,1.8114035087719298,0.7324561403508771,0.7333333333333334
2013-14,2013-11-05,Group stage,FC Copenhagen,Galatasaray,11,13,0.8181818181818182,1.3636363636363635,1.5384615384615385,1.7692307692307692,0.2727272727272727,0.46153846153846156,0.4,0.5,2,7,13,13,H,1,1,13,13,-0.7202797202797203,0.4055944055944056,-0.9510489510489509,0.174825174825175,-0.18881118881118886,-0.09999999999999998,-5,-2,0,0.18881118881118886,0.09999999999999998,5,0.7202797202797203,0.4055944055944056,9,0.7342657342657343,2.3566433566433567,3.1328671328671325,0.8111888111888111,0.6666666666666667
2013-14,2013-11-05,Group stage,Juventus,Real Madrid,13,39,1.6153846153846154,1.0,2.5128205128205128,0.8974358974358975,0.38461538461538464,0.6923076923076923,0.5,0.5263157894736842,2,12,13,13,D,1,1,13,13,-0.8974358974358974,-0.10256410256410253,0.717948717948718,1.5128205128205128,-0.30769230769230765,-0.02631578947368418,-10,-26,0,0.30769230769230765,0.02631578947368418,10,0.8974358974358974,0.10256410256410253,14,1.0769230769230769,4.128205128205128,1.8974358974358974,0.6923076923076923,0.33333333333333337
2013-14,2013-11-05,Group stage,Manchester City,CSKA Moscow,15,11,1.4666666666666666,1.4,1.3636363636363635,1.8181818181818181,0.3333333333333333,0.2727272727272727,0.2857142857142857,0.2,7,4,13,13,H,1,1,13,13,0.10303030303030303,0.4181818181818182,-0.35151515151515156,-0.036363636363636376,0.06060606060606061,0.08571428571428569,3,4,0,0.06060606060606061,0.08571428571428569,3,0.10303030303030303,0.4181818181818182,11,0.606060606060606,2.83030303030303,3.218181818181818,0.9393939393939394,0.8
2013-14,2013-11-05,Group stage,Olympiacos,Benfica,15,25,1.4666666666666666,1.3333333333333333,1.12,1.24,0.4666666666666667,0.36,0.5714285714285714,0.16666666666666666,7,8,13,13,H,1,1,13,13,0.34666666666666646,-0.09333333333333327,0.22666666666666657,-0.21333333333333315,0.10666666666666669,0.40476190476190477,-1,-10,0,0.10666666666666669,0.40476190476190477,1,0.34666666666666646,0.09333333333333327,15,0.8266666666666667,2.586666666666667,2.5733333333333333,0.8933333333333333,0.9333333333333333
2013-14,2013-11-05,Group stage,Paris SG,Anderlecht,13,9,2.4615384615384617,0.6923076923076923,0.4444444444444444,2.111111111111111,0.6923076923076923,0.1111111111111111,0.6666666666666666,0.0,11,1,13,13,D,1,1,13,13,2.017094017094017,1.4188034188034189,0.3504273504273505,-0.24786324786324787,0.5811965811965811,0.6666666666666666,10,4,0,0.5811965811965811,0.6666666666666666,10,2.017094017094017,1.4188034188034189,12,0.8034188034188035,2.9059829059829063,2.8034188034188032,0.41880341880341887,0.33333333333333337
2013-14,2013-11-05,Group stage,Real Sociedad,Manchester Utd,3,30,0.3333333333333333,1.6666666666666667,1.5666666666666667,0.9,0.0,0.5666666666666667,0.0,0.5333333333333333,0,8,13,13,D,1,1,13,13,-1.2333333333333334,-0.7666666666666667,-0.5666666666666667,-0.10000000000000009,-0.5666666666666667,-0.5333333333333333,-8,-27,0,0.5666666666666667,0.5333333333333333,8,1.2333333333333334,0.7666666666666667,8,0.5666666666666667,1.9,2.566666666666667,0.43333333333333335,0.4666666666666667
2013-14,2013-11-05,Group stage,Shakhtar D.,Leverkusen,27,11,1.5555555555555556,1.4814814814814814,1.6363636363636365,2.090909090909091,0.4444444444444444,0.45454545454545453,0.46153846153846156,0.0,5,6,13,13,D,1,1,13,13,-0.08080808080808088,0.6094276094276094,-0.5353535353535352,0.15488215488215507,-0.01010101010101011,0.46153846153846156,-1,16,0,0.01010101010101011,0.46153846153846156,1,0.08080808080808088,0.6094276094276094,11,0.898989898989899,3.191919191919192,3.5723905723905722,0.9898989898989898,0.9333333333333333
2013-14,2013-11-05,Group stage,Viktoria Plzeň,Bayern Munich,9,37,0.6666666666666666,2.4444444444444446,2.3513513513513513,0.8648648648648649,0.1111111111111111,0.7297297297297297,0.0,0.6111111111111112,4,15,13,13,A,1,1,13,13,-1.6846846846846848,-1.5795795795795797,-0.19819819819819828,-0.09309309309309333,-0.6186186186186187,-0.6111111111111112,-11,-28,0,0.6186186186186187,0.6111111111111112,11,1.6846846846846848,1.5795795795795797,19,0.8408408408408408,3.018018018018018,3.3093093093093096,0.38138138138138133,0.2666666666666667
2013-14,2013-11-06,Group stage,Ajax,Celtic,21,11,1.0476190476190477,1.8571428571428572,1.0,1.5454545454545454,0.23809523809523808,0.36363636363636365,0.3,0.2,1,3,15,15,H,1,1,15,15,0.04761904761904767,-0.3116883116883118,-0.49783549783549774,-0.8571428571428572,-0.12554112554112556,0.09999999999999998,-2,10,0,0.12554112554112556,0.09999999999999998,2,0.04761904761904767,0.3116883116883118,4,0.6017316017316017,2.0476190476190474,3.4025974025974026,0.8744588744588744,0.8666666666666667
2013-14,2013-11-06,Group stage,Atlético Madrid,Austria Wien,3,3,2.6666666666666665,0.6666666666666666,0.0,1.3333333333333333,1.0,0.0,1.0,0.0,9,1,15,15,H,1,1,15,15,2.6666666666666665,0.6666666666666666,1.3333333333333333,-0.6666666666666666,1.0,1.0,8,0,0,1.0,1.0,8,2.6666666666666665,0.6666666666666666,10,1.0,2.6666666666666665,2.0,0.0,0.4666666666666667
2013-14,2013-11-06,Group stage,Barcelona,Milan,40,29,2.225,0.925,1.2413793103448276,1.1724137931034482,0.6,0.3103448275862069,0.7,0.21428571428571427,7,8,15,15,H,1,1,15,15,0.9836206896551725,0.24741379310344813,1.052586206896552,0.3163793103448276,0.28965517241379307,0.48571428571428565,-1,11,0,0.28965517241379307,0.48571428571428565,1,0.9836206896551725,0.24741379310344813,15,0.9103448275862069,3.466379310344828,2.097413793103448,0.710344827586207,0.9333333333333333
2013-14,2013-11-06,Group stage,Basel,Steaua,17,3,1.3529411764705883,1.8235294117647058,0.3333333333333333,2.6666666666666665,0.4117647058823529,0.0,0.5,0.0,7,1,15,15,D,1,1,15,15,1.019607843137255,0.8431372549019607,-1.3137254901960782,-1.4901960784313726,0.4117647058823529,0.5,6,14,0,0.4117647058823529,0.5,6,1.019607843137255,0.8431372549019607,8,0.4117647058823529,1.6862745098039216,4.490196078431373,0.5882352941176471,0.6
2013-14,2013-11-06,Group stage,Chelsea,Schalke 04,32,23,2.0625,0.96875,1.6956521739130435,1.173913043478261,0.5625,0.5217391304347826,0.7333333333333333,0.45454545454545453,9,7,15,15,H,1,1,15,15,0.36684782608695654,0.20516304347826098,0.888586956521739,0.7269021739130435,0.040760869565217406,0.27878787878787875,2,9,0,0.040760869565217406,0.27878787878787875,2,0.36684782608695654,0.20516304347826098,16,1.0842391304347827,3.7581521739130435,2.1426630434782608,0.9592391304347826,0.8666666666666667
2013-14,2013-11-06,Group stage,Dortmund,Arsenal,22,27,1.6363636363636365,1.3181818181818181,1.8148148148148149,1.2962962962962963,0.45454545454545453,0.5555555555555556,0.7272727272727273,0.38461538461538464,6,9,15,15,A,1,1,15,15,-0.17845117845117842,-0.02188552188552184,0.3400673400673402,0.49663299663299676,-0.10101010101010105,0.34265734265734266,-3,-5,0,0.10101010101010105,0.34265734265734266,3,0.17845117845117842,0.02188552188552184,15,1.0101010101010102,3.4511784511784516,2.614478114478114,0.898989898989899,0.8
2013-14,2013-11-06,Group stage,Napoli,Marseille,11,21,1.6363636363636365,1.3636363636363635,1.1428571428571428,1.0476190476190477,0.5454545454545454,0.38095238095238093,0.8,0.4,9,0,15,15,H,1,1,15,15,0.49350649350649367,-0.31601731601731586,0.5887445887445888,-0.22077922077922074,0.16450216450216448,0.4,9,-10,0,0.16450216450216448,0.4,9,0.49350649350649367,0.31601731601731586,9,0.9264069264069263,2.779220779220779,2.411255411255411,0.8354978354978355,0.4
2013-14,2013-11-06,Group stage,Zenit,Porto,17,17,1.0588235294117647,1.2352941176470589,1.1764705882352942,0.9411764705882353,0.35294117647058826,0.47058823529411764,0.5,0.375,8,6,15,15,D,1,1,15,15,-0.11764705882352944,-0.2941176470588236,0.11764705882352944,-0.05882352941176472,-0.11764705882352938,0.125,2,0,0,0.11764705882352938,0.125,2,0.11764705882352944,0.2941176470588236,14,0.8235294117647058,2.235294117647059,2.1764705882352944,0.8823529411764706,0.8666666666666667
2013-14,2013-11-26,Group stage,Ajax,Barcelona,22,41,1.0454545454545454,1.7727272727272727,2.2439024390243905,0.926829268292683,0.2727272727272727,0.6097560975609756,0.36363636363636365,0.5,4,10,20,20,H,1,1,20,20,-1.198447893569845,-0.8458980044345897,0.11862527716186244,0.47117516629711775,-0.3370288248337029,-0.13636363636363635,-6,-19,0,0.3370288248337029,0.13636363636363635,6,1.198447893569845,0.8458980044345897,14,0.8824833702882483,3.289356984478936,2.699556541019956,0.6629711751662971,0.6
2013-14,2013-11-26,Group stage,Arsenal,Marseille,28,22,1.7857142857142858,1.25,1.1818181818181819,1.1363636363636365,0.5714285714285714,0.36363636363636365,0.7142857142857143,0.36363636363636365,12,0,20,20,H,1,1,20,20,0.6038961038961039,-0.11363636363636354,0.6493506493506493,-0.06818181818181812,0.20779220779220775,0.35064935064935066,12,6,0,0.20779220779220775,0.35064935064935066,12,0.6038961038961039,0.11363636363636354,12,0.935064935064935,2.9675324675324677,2.3863636363636367,0.7922077922077922,0.19999999999999996
2013-14,2013-11-26,Group stage,Basel,Chelsea,18,33,1.3333333333333333,1.7777777777777777,2.090909090909091,0.9393939393939394,0.3888888888888889,0.5757575757575758,0.4444444444444444,0.4117647058823529,5,12,20,20,H,1,1,20,20,-0.7575757575757576,-0.8383838383838382,0.3939393939393938,0.31313131313131315,-0.1868686868686869,0.0326797385620915,-7,-15,0,0.1868686868686869,0.0326797385620915,7,0.7575757575757576,0.8383838383838382,17,0.9646464646464648,3.424242424242424,2.717171717171717,0.8131313131313131,0.5333333333333333
2013-14,2013-11-26,Group stage,Celtic,Milan,12,30,0.9166666666666666,1.5,1.2333333333333334,1.2333333333333334,0.3333333333333333,0.3,0.5,0.2,3,5,20,20,A,1,1,20,20,-0.31666666666666676,-0.2666666666666666,-0.31666666666666676,-0.2666666666666666,0.033333333333333326,0.3,-2,-18,0,0.033333333333333326,0.3,2,0.31666666666666676,0.2666666666666666,8,0.6333333333333333,2.15,2.7333333333333334,0.9666666666666667,0.8666666666666667
2013-14,2013-11-26,Group stage,Dortmund,Napoli,23,12,1.565217391304348,1.3043478260869565,1.75,1.4166666666666667,0.43478260869565216,0.5833333333333334,0.6666666666666666,0.3333333333333333,6,9,20,20,H,1,1,20,20,-0.1847826086956521,0.1123188405797102,0.14855072463768115,0.44565217391304346,-0.1485507246376812,0.3333333333333333,-3,11,0,0.1485507246376812,0.3333333333333333,3,0.1847826086956521,0.1123188405797102,15,1.0181159420289856,3.3152173913043477,2.721014492753623,0.8514492753623188,0.8
2013-14,2013-11-26,Group stage,Porto,Austria Wien,18,4,1.1666666666666667,0.9444444444444444,0.0,2.0,0.4444444444444444,0.0,0.5555555555555556,0.0,4,1,20,20,D,1,1,20,20,1.1666666666666667,1.0555555555555556,-0.8333333333333333,-0.9444444444444444,0.4444444444444444,0.5555555555555556,3,14,0,0.4444444444444444,0.5555555555555556,3,1.1666666666666667,1.0555555555555556,5,0.4444444444444444,1.1666666666666667,2.9444444444444446,0.5555555555555556,0.8
2013-14,2013-11-26,Group stage,Steaua,Schalke 04,4,24,0.5,2.25,1.625,1.25,0.0,0.5,0.0,0.4166666666666667,2,6,20,20,D,1,1,20,20,-1.125,-1.0,-0.75,-0.625,-0.5,-0.4166666666666667,-4,-20,0,0.5,0.4166666666666667,4,1.125,1.0,8,0.5,2.125,3.5,0.5,0.7333333333333334
2013-14,2013-11-26,Group stage,Zenit,Atlético Madrid,18,4,1.0555555555555556,1.2222222222222223,3.0,0.5,0.3333333333333333,1.0,0.4444444444444444,1.0,8,12,20,20,D,1,1,20,20,-1.9444444444444444,-0.7222222222222223,0.5555555555555556,1.7777777777777777,-0.6666666666666667,-0.5555555555555556,-4,14,0,0.6666666666666667,0.5555555555555556,4,1.9444444444444444,0.7222222222222223,20,1.3333333333333333,4.055555555555555,1.7222222222222223,0.33333333333333326,0.7333333333333334
2013-14,2013-11-27,Group stage,Anderlecht,Benfica,10,26,0.5,2.0,1.0769230769230769,1.2307692307692308,0.1,0.34615384615384615,0.2,0.15384615384615385,2,5,22,22,A,1,1,22,22,-0.5769230769230769,-0.7692307692307692,-0.7307692307692308,-0.9230769230769231,-0.24615384615384614,0.046153846153846156,-3,-16,0,0.24615384615384614,0.046153846153846156,3,0.5769230769230769,0.7692307692307692,7,0.4461538461538461,1.5769230769230769,3.230769230769231,0.7538461538461538,0.8
2013-14,2013-11-27,Group stage,CSKA Moscow,Bayern Munich,12,38,1.4166666666666667,2.0833333333333335,2.3157894736842106,0.8421052631578947,0.25,0.7368421052631579,0.3333333333333333,0.631578947368421,3,15,22,22,A,1,1,22,22,-0.8991228070175439,-1.2412280701754388,0.574561403508772,0.23245614035087714,-0.48684210526315785,-0.2982456140350877,-12,-26,0,0.48684210526315785,0.2982456140350877,12,0.8991228070175439,1.2412280701754388,18,0.9868421052631579,3.7324561403508776,2.925438596491228,0.5131578947368421,0.19999999999999996
2013-14,2013-11-27,Group stage,Juventus,FC Copenhagen,14,12,1.6428571428571428,1.0714285714285714,0.8333333333333334,1.25,0.35714285714285715,0.3333333333333333,0.42857142857142855,0.16666666666666666,3,5,22,22,H,1,1,22,22,0.8095238095238094,0.1785714285714286,0.3928571428571428,-0.23809523809523803,0.023809523809523836,0.26190476190476186,-2,2,0,0.023809523809523836,0.26190476190476186,2,0.8095238095238094,0.1785714285714286,8,0.6904761904761905,2.4761904761904763,2.321428571428571,0.9761904761904762,0.8666666666666667
2013-14,2013-11-27,Group stage,Leverkusen,Manchester Utd,12,31,1.5,1.9166666666666667,1.5161290322580645,0.8709677419354839,0.4166666666666667,0.5483870967741935,0.8333333333333334,0.5,7,8,22,22,A,1,1,22,22,-0.016129032258064502,-1.045698924731183,0.6290322580645161,-0.40053763440860224,-0.13172043010752682,0.33333333333333337,-1,-19,0,0.13172043010752682,0.33333333333333337,1,0.016129032258064502,1.045698924731183,15,0.9650537634408602,3.0161290322580645,2.7876344086021505,0.8682795698924732,0.9333333333333333
2013-14,2013-11-27,Group stage,Manchester City,Viktoria Plzeň,16,10,1.6875,1.4375,0.6,2.3,0.375,0.1,0.375,0.2,9,1,22,22,H,1,1,22,22,1.0875,0.8624999999999998,-0.6124999999999998,-0.8375,0.275,0.175,8,6,0,0.275,0.175,8,1.0875,0.8624999999999998,10,0.475,2.2875,3.7375,0.725,0.4666666666666667
2013-14,2013-11-27,Group stage,Paris SG,Olympiacos,14,16,2.357142857142857,0.7142857142857143,1.4375,1.25,0.6428571428571429,0.5,0.5714285714285714,0.375,11,10,22,22,H,1,1,22,22,0.9196428571428572,0.5357142857142857,1.1071428571428572,0.7232142857142857,0.1428571428571429,0.1964285714285714,1,-2,0,0.1428571428571429,0.1964285714285714,1,0.9196428571428572,0.5357142857142857,21,1.1428571428571428,3.794642857142857,1.9642857142857144,0.8571428571428571,0.9333333333333333
2013-14,2013-11-27,Group stage,Real Madrid,Galatasaray,40,14,2.5,0.925,1.4285714285714286,1.7142857142857142,0.675,0.42857142857142855,0.85,0.42857142857142855,13,7,22,22,H,1,1,22,22,1.0714285714285714,0.7892857142857141,0.7857142857142858,0.5035714285714286,0.2464285714285715,0.42142857142857143,6,26,0,0.2464285714285715,0.42142857142857143,6,1.0714285714285714,0.7892857142857141,20,1.1035714285714286,3.928571428571429,2.6392857142857142,0.7535714285714286,0.6
2013-14,2013-11-27,Group stage,Shakhtar D.,Real Sociedad,28,4,1.5,1.4285714285714286,0.25,1.25,0.42857142857142855,0.0,0.42857142857142855,0.0,5,1,22,22,H,1,1,22,22,1.25,-0.1785714285714286,0.25,-1.1785714285714286,0.42857142857142855,0.42857142857142855,4,24,0,0.42857142857142855,0.42857142857142855,4,1.25,0.1785714285714286,6,0.42857142857142855,1.75,2.678571428571429,0.5714285714285714,0.7333333333333334
2013-14,2013-12-10,Group stage,Bayern Munich,Manchester City,39,17,2.3333333333333335,0.8461538461538461,1.8235294117647058,1.4705882352941178,0.7435897435897436,0.4117647058823529,0.8421052631578947,0.375,15,12,13,13,A,1,1,13,13,0.5098039215686276,0.6244343891402716,0.8627450980392157,0.9773755656108597,0.3318250377073907,0.4671052631578947,3,22,0,0.3318250377073907,0.4671052631578947,3,0.5098039215686276,0.6244343891402716,27,1.1553544494720964,4.1568627450980395,2.316742081447964,0.6681749622926093,0.8
2013-14,2013-12-10,Group stage,Benfica,Paris SG,27,15,1.1481481481481481,1.2592592592592593,2.3333333333333335,0.7333333333333333,0.37037037037037035,0.6666666666666666,0.5384615384615384,0.7142857142857143,7,13,13,13,H,1,1,13,13,-1.1851851851851853,-0.525925925925926,0.41481481481481486,1.0740740740740742,-0.2962962962962963,-0.17582417582417587,-6,12,0,0.2962962962962963,0.17582417582417587,6,1.1851851851851853,0.525925925925926,20,1.037037037037037,3.481481481481482,1.9925925925925925,0.7037037037037037,0.6
2013-14,2013-12-10,Group stage,FC Copenhagen,Real Madrid,13,41,0.8461538461538461,1.3846153846153846,2.5365853658536586,0.926829268292683,0.3076923076923077,0.6829268292682927,0.5,0.5,4,13,13,13,A,1,1,13,13,-1.6904315196998123,-0.4577861163227016,-0.08067542213883683,1.151969981238274,-0.375234521575985,0.0,-9,-28,0,0.375234521575985,0.0,9,1.6904315196998123,0.4577861163227016,17,0.9906191369606004,3.382739212007505,2.3114446529080674,0.624765478424015,0.4
2013-14,2013-12-10,Group stage,Manchester Utd,Shakhtar D.,32,29,1.625,0.84375,1.5862068965517242,1.3793103448275863,0.5625,0.4482758620689655,0.6,0.42857142857142855,11,8,13,13,H,1,1,13,13,0.0387931034482758,0.5355603448275863,0.2456896551724137,0.7424568965517242,0.11422413793103448,0.17142857142857143,3,3,0,0.11422413793103448,0.17142857142857143,3,0.0387931034482758,0.5355603448275863,19,1.0107758620689655,3.211206896551724,2.2230603448275863,0.8857758620689655,0.8
2013-14,2013-12-10,Group stage,Olympiacos,Anderlecht,17,11,1.411764705882353,1.2941176470588236,0.6363636363636364,2.090909090909091,0.47058823529411764,0.09090909090909091,0.625,0.0,7,1,13,13,H,1,1,13,13,0.7754010695187167,0.7967914438502672,-0.6791443850267378,-0.6577540106951872,0.3796791443850267,0.625,6,6,0,0.3796791443850267,0.625,6,0.7754010695187167,0.7967914438502672,8,0.5614973262032086,2.0481283422459895,3.385026737967914,0.6203208556149733,0.6
2013-14,2013-12-10,Group stage,Real Sociedad,Leverkusen,5,13,0.2,1.8,1.3846153846153846,2.1538461538461537,0.0,0.38461538461538464,0.0,0.0,1,7,13,13,A,1,1,13,13,-1.1846153846153846,0.3538461538461537,-1.9538461538461538,-0.41538461538461546,-0.38461538461538464,0.0,-6,-8,0,0.38461538461538464,0.0,6,1.1846153846153846,0.3538461538461537,8,0.38461538461538464,1.5846153846153845,3.953846153846154,0.6153846153846154,0.6
2013-14,2013-12-10,Group stage,Viktoria Plzeň,CSKA Moscow,11,13,0.7272727272727273,2.4545454545454546,1.3846153846153846,2.1538461538461537,0.09090909090909091,0.23076923076923078,0.0,0.16666666666666666,0,3,13,13,H,1,1,13,13,-0.6573426573426573,-0.30069930069930084,-1.4265734265734265,-1.06993006993007,-0.13986013986013987,-0.16666666666666666,-3,-2,0,0.13986013986013987,0.16666666666666666,3,0.6573426573426573,0.30069930069930084,3,0.32167832167832167,2.1118881118881117,4.608391608391608,0.8601398601398601,0.8
2013-14,2013-12-11,Group stage,Atlético Madrid,Porto,5,19,2.6,0.6,1.1578947368421053,0.9473684210526315,0.8,0.42105263157894735,1.0,0.3333333333333333,13,5,15,15,H,1,1,15,15,1.4421052631578948,0.34736842105263155,1.6526315789473687,0.5578947368421053,0.3789473684210527,0.6666666666666667,8,-14,0,0.3789473684210527,0.6666666666666667,8,1.4421052631578948,0.34736842105263155,18,1.2210526315789474,3.7578947368421054,1.5473684210526315,0.6210526315789473,0.4666666666666667
2013-14,2013-12-11,Group stage,Austria Wien,Zenit,5,19,0.2,1.8,1.0526315789473684,1.2105263157894737,0.0,0.3157894736842105,0.0,0.2222222222222222,2,6,15,15,H,1,1,15,15,-0.8526315789473684,-0.5894736842105264,-1.0105263157894737,-0.7473684210526317,-0.3157894736842105,-0.2222222222222222,-4,-14,0,0.3157894736842105,0.2222222222222222,4,0.8526315789473684,0.5894736842105264,8,0.3157894736842105,1.2526315789473683,3.0105263157894737,0.6842105263157895,0.7333333333333334
2013-14,2013-12-11,Group stage,Barcelona,Celtic,42,13,2.2142857142857144,0.9523809523809523,0.8461538461538461,1.6153846153846154,0.5952380952380952,0.3076923076923077,0.7142857142857143,0.16666666666666666,10,3,15,15,H,1,1,15,15,1.3681318681318682,0.6630036630036631,0.598901098901099,-0.10622710622710618,0.2875457875457875,0.5476190476190477,7,29,0,0.2875457875457875,0.5476190476190477,7,1.3681318681318682,0.6630036630036631,13,0.9029304029304029,3.0604395604395607,2.5677655677655675,0.7124542124542125,0.5333333333333333
2013-14,2013-12-11,Group stage,Chelsea,Steaua,34,5,2.0294117647058822,0.9411764705882353,0.4,1.8,0.5588235294117647,0.0,0.75,0.0,9,3,15,15,H,1,1,15,15,1.6294117647058823,0.8588235294117648,0.2294117647058822,-0.5411764705882353,0.5588235294117647,0.75,6,29,0,0.5588235294117647,0.75,6,1.6294117647058823,0.8588235294117648,12,0.5588235294117647,2.429411764705882,2.7411764705882353,0.4411764705882353,0.6
2013-14,2013-12-11,Group stage,Galatasaray,Juventus,15,15,1.4,1.8666666666666667,1.7333333333333334,1.0666666666666667,0.4,0.4,0.42857142857142855,0.2857142857142857,4,6,14,14,H,1,1,14,14,-0.3333333333333335,-0.8,0.33333333333333326,-0.1333333333333333,0.0,0.14285714285714285,-2,0,0,0.0,0.14285714285714285,2,0.3333333333333335,0.8,10,0.8,3.1333333333333333,2.9333333333333336,1.0,0.8666666666666667
2013-14,2013-12-11,Group stage,Marseille,Dortmund,23,24,1.1304347826086956,1.173913043478261,1.625,1.2916666666666667,0.34782608695652173,0.4583333333333333,0.36363636363636365,0.18181818181818182,0,9,15,15,A,1,1,15,15,-0.49456521739130443,0.11775362318840576,-0.16123188405797118,0.451086956521739,-0.11050724637681159,0.18181818181818182,-9,-1,0,0.11050724637681159,0.18181818181818182,9,0.49456521739130443,0.11775362318840576,9,0.806159420289855,2.7554347826086953,2.4655797101449277,0.8894927536231885,0.4
2013-14,2013-12-11,Group stage,Milan,Ajax,31,23,1.2903225806451613,1.1935483870967742,1.0869565217391304,1.7391304347826086,0.3225806451612903,0.30434782608695654,0.4,0.18181818181818182,8,7,15,15,D,1,1,15,15,0.20336605890603088,0.5455820476858344,-0.4488078541374474,-0.10659186535764387,0.018232819074333773,0.2181818181818182,1,8,0,0.018232819074333773,0.2181818181818182,1,0.20336605890603088,0.5455820476858344,15,0.6269284712482468,2.377279102384292,2.932678821879383,0.9817671809256663,0.9333333333333333
2013-14,2013-12-11,Group stage,Napoli,Arsenal,13,29,1.6923076923076923,1.5384615384615385,1.793103448275862,1.206896551724138,0.5384615384615384,0.5862068965517241,0.8333333333333334,0.42857142857142855,9,12,15,15,H,1,1,15,15,-0.10079575596816981,-0.33156498673740065,0.4854111405835544,0.25464190981432355,-0.04774535809018565,0.4047619047619048,-3,-16,0,0.04774535809018565,0.4047619047619048,3,0.10079575596816981,0.33156498673740065,21,1.1246684350132625,3.4854111405835546,2.7453580901856762,0.9522546419098143,0.8
2013-14,2013-12-11,Group stage,Schalke 04,Basel,25,19,1.56,1.2,1.3157894736842106,1.6842105263157894,0.48,0.42105263157894735,0.5833333333333334,0.3333333333333333,7,8,15,15,H,1,1,15,15,0.24421052631578943,0.4842105263157894,-0.12421052631578933,0.11578947368421066,0.05894736842105264,0.25000000000000006,-1,6,0,0.05894736842105264,0.25000000000000006,1,0.24421052631578943,0.4842105263157894,15,0.9010526315789473,2.8757894736842107,2.8842105263157896,0.9410526315789474,0.9333333333333333
2013-14,2014-02-18,Round of 16,Leverkusen,Paris SG,14,16,1.3571428571428572,2.0,2.25,0.8125,0.42857142857142855,0.625,0.7142857142857143,0.625,10,10,70,70,A,1,1,70,70,-0.8928571428571428,-1.1875,0.5446428571428572,0.25,-0.19642857142857145,0.0892857142857143,0,-2,0,0.19642857142857145,0.0892857142857143,0,0.8928571428571428,1.1875,20,1.0535714285714286,3.607142857142857,2.8125,0.8035714285714286,1.0
2013-14,2014-02-18,Round of 16,Manchester City,Barcelona,18,43,1.8888888888888888,1.5,2.302325581395349,0.9534883720930233,0.4444444444444444,0.6046511627906976,0.4444444444444444,0.47619047619047616,12,10,70,69,A,1,1,70,69,-0.4134366925064601,-0.5465116279069767,0.9354005167958656,0.8023255813953489,-0.16020671834625322,-0.031746031746031744,2,-25,1,0.16020671834625322,0.031746031746031744,2,0.4134366925064601,0.5465116279069767,22,1.049095607235142,4.191214470284238,2.453488372093023,0.8397932816537468,0.8666666666666667
2013-14,2014-02-19,Round of 16,Arsenal,Bayern Munich,30,40,1.7333333333333334,1.2333333333333334,2.325,0.9,0.5666666666666667,0.725,0.7333333333333333,0.65,9,12,70,71,A,1,1,70,71,-0.5916666666666668,-0.33333333333333337,0.8333333333333334,1.0916666666666668,-0.15833333333333333,0.08333333333333326,-3,-10,-1,0.15833333333333333,0.08333333333333326,3,0.5916666666666668,0.33333333333333337,21,1.2916666666666665,4.058333333333334,2.1333333333333333,0.8416666666666667,0.8
2013-14,2014-02-19,Round of 16,Milan,Atlético Madrid,32,6,1.25,1.15625,2.5,0.5,0.3125,0.8333333333333334,0.375,0.6666666666666666,6,13,70,70,A,1,1,70,70,-1.25,-0.65625,0.75,1.34375,-0.5208333333333334,-0.29166666666666663,-7,26,0,0.5208333333333334,0.29166666666666663,7,1.25,0.65625,19,1.1458333333333335,3.75,1.65625,0.47916666666666663,0.5333333333333333
2013-14,2014-02-25,Round of 16,Olympiacos,Manchester Utd,18,33,1.5,1.2777777777777777,1.606060606060606,0.8181818181818182,0.5,0.5757575757575758,0.6666666666666666,0.5294117647058824,10,11,77,77,H,1,1,77,77,-0.10606060606060597,-0.45959595959595945,0.6818181818181818,0.3282828282828283,-0.0757575757575758,0.13725490196078427,-1,-15,0,0.0757575757575758,0.13725490196078427,1,0.10606060606060597,0.45959595959595945,21,1.0757575757575757,3.106060606060606,2.095959595959596,0.9242424242424242,0.9333333333333333
2013-14,2014-02-25,Round of 16,Zenit,Dortmund,20,25,1.05,1.35,1.64,1.28,0.3,0.48,0.4,0.25,6,12,76,76,A,1,1,76,76,-0.5899999999999999,-0.07000000000000006,-0.22999999999999998,0.2899999999999998,-0.18,0.15000000000000002,-6,-5,0,0.18,0.15000000000000002,6,0.5899999999999999,0.07000000000000006,18,0.78,2.69,2.63,0.8200000000000001,0.6
2013-14,2014-02-26,Round of 16,Galatasaray,Chelsea,16,35,1.375,1.75,2.0,0.9142857142857143,0.4375,0.5714285714285714,0.5,0.3888888888888889,7,12,77,77,D,1,1,77,77,-0.625,-0.8357142857142857,0.46071428571428574,0.25,-0.1339285714285714,0.1111111111111111,-5,-19,0,0.1339285714285714,0.1111111111111111,5,0.625,0.8357142857142857,19,1.0089285714285714,3.375,2.664285714285714,0.8660714285714286,0.6666666666666667
2013-14,2014-02-26,Round of 16,Schalke 04,Real Madrid,26,42,1.5769230769230769,1.1538461538461537,2.5238095238095237,0.9047619047619048,0.5,0.6904761904761905,0.6153846153846154,0.5238095238095238,7,13,77,78,A,1,1,77,78,-0.9468864468864469,-0.24908424908424898,0.6721611721611721,1.36996336996337,-0.19047619047619047,0.09157509157509158,-6,-16,-1,0.19047619047619047,0.09157509157509158,6,0.9468864468864469,0.24908424908424898,20,1.1904761904761905,4.1007326007326,2.0586080586080584,0.8095238095238095,0.6
2013-14,2014-03-11,Round of 16,Atlético Madrid,Milan,7,33,2.2857142857142856,0.42857142857142855,1.2121212121212122,1.1515151515151516,0.8571428571428571,0.30303030303030304,1.0,0.25,13,5,20,20,H,1,1,20,20,1.0735930735930734,0.722943722943723,1.134199134199134,0.7835497835497836,0.554112554112554,0.75,8,-26,0,0.554112554112554,0.75,8,1.0735930735930734,0.722943722943723,18,1.1601731601731602,3.4978354978354975,1.5800865800865802,0.445887445887446,0.4666666666666667
2013-14,2014-03-11,Round of 16,Bayern Munich,Arsenal,41,31,2.317073170731707,0.8780487804878049,1.6774193548387097,1.2580645161290323,0.7317073170731707,0.5483870967741935,0.8,0.4,12,6,20,20,D,1,1,20,20,0.6396538158929974,0.38001573564122737,1.059008654602675,0.7993705743509049,0.1833202202989772,0.4,6,10,0,0.1833202202989772,0.4,6,0.6396538158929974,0.38001573564122737,18,1.2800944138473642,3.9944925255704167,2.1361132966168372,0.8166797797010228,0.6
2013-14,2014-03-12,Round of 16,Barcelona,Manchester City,44,19,2.2954545454545454,0.9318181818181818,1.7894736842105263,1.5263157894736843,0.6136363636363636,0.42105263157894735,0.7272727272727273,0.4444444444444444,10,12,22,22,H,1,1,22,22,0.5059808612440191,0.5944976076555025,0.7691387559808611,0.8576555023923446,0.1925837320574163,0.2828282828282829,-2,25,0,0.1925837320574163,0.2828282828282829,2,0.5059808612440191,0.5944976076555025,22,1.034688995215311,4.0849282296650715,2.458133971291866,0.8074162679425837,0.8666666666666667
2013-14,2014-03-12,Round of 16,Paris SG,Leverkusen,17,15,2.3529411764705883,0.7647058823529411,1.2666666666666666,2.1333333333333333,0.6470588235294118,0.4,0.625,0.14285714285714285,10,7,22,22,H,1,1,22,22,1.0862745098039217,1.3686274509803922,0.219607843137255,0.5019607843137255,0.24705882352941178,0.48214285714285715,3,2,0,0.24705882352941178,0.48214285714285715,3,1.0862745098039217,1.3686274509803922,17,1.0470588235294118,3.619607843137255,2.8980392156862744,0.7529411764705882,0.8
2013-14,2014-03-18,Round of 16,Chelsea,Galatasaray,36,17,1.9722222222222223,0.9166666666666666,1.3529411764705883,1.7058823529411764,0.5555555555555556,0.4117647058823529,0.7647058823529411,0.375,10,7,20,20,H,1,1,20,20,0.619281045751634,0.7892156862745098,0.2663398692810459,0.4362745098039217,0.14379084967320266,0.3897058823529411,3,19,0,0.14379084967320266,0.3897058823529411,3,0.619281045751634,0.7892156862745098,17,0.9673202614379085,3.3251633986928106,2.622549019607843,0.8562091503267973,0.8
2013-14,2014-03-18,Round of 16,Real Madrid,Schalke 04,43,27,2.604651162790698,0.9069767441860465,1.5555555555555556,1.3333333333333333,0.6976744186046512,0.48148148148148145,0.8571428571428571,0.38461538461538464,13,4,20,20,H,1,1,20,20,1.0490956072351423,0.4263565891472868,1.2713178294573646,0.6485788113695091,0.21619293712316973,0.47252747252747246,9,16,0,0.21619293712316973,0.47252747252747246,9,1.0490956072351423,0.4263565891472868,17,1.1791559000861327,4.160206718346253,2.24031007751938,0.7838070628768303,0.4
2013-14,2014-03-19,Round of 16,Dortmund,Zenit,26,21,1.7307692307692308,1.3076923076923077,1.0952380952380953,1.4761904761904763,0.5,0.2857142857142857,0.6923076923076923,0.2,12,5,22,22,A,1,1,22,22,0.6355311355311355,0.16849816849816857,0.25457875457875456,-0.21245421245421237,0.2142857142857143,0.4923076923076923,7,5,0,0.2142857142857143,0.4923076923076923,7,0.6355311355311355,0.16849816849816857,17,0.7857142857142857,2.826007326007326,2.7838827838827838,0.7857142857142857,0.5333333333333333
2013-14,2014-03-19,Round of 16,Manchester Utd,Olympiacos,34,19,1.5588235294117647,0.8529411764705882,1.5263157894736843,1.2105263157894737,0.5588235294117647,0.5263157894736842,0.625,0.3333333333333333,10,10,22,22,H,1,1,22,22,0.03250773993808043,0.35758513931888547,0.34829721362229105,0.6733746130030961,0.03250773993808054,0.2916666666666667,0,15,0,0.03250773993808054,0.2916666666666667,0,0.03250773993808043,0.35758513931888547,20,1.085139318885449,3.085139318885449,2.0634674922600618,0.9674922600619195,1.0
2013-14,2014-04-01,Quarter-finals,Barcelona,Atlético Madrid,45,8,2.2888888888888888,0.9333333333333333,2.5,0.5,0.6222222222222222,0.875,0.7391304347826086,0.75,12,13,20,21,D,1,1,20,21,-0.21111111111111125,-0.43333333333333335,1.7888888888888888,1.5666666666666667,-0.25277777777777777,-0.010869565217391353,-1,37,-1,0.25277777777777777,0.010869565217391353,1,0.21111111111111125,0.43333333333333335,25,1.4972222222222222,4.788888888888889,1.4333333333333333,0.7472222222222222,0.9333333333333333
2013-14,2014-04-01,Quarter-finals,Manchester Utd,Bayern Munich,35,42,1.6,0.8285714285714286,2.2857142857142856,0.8809523809523809,0.5714285714285714,0.7142857142857143,0.6470588235294118,0.6666666666666666,10,10,13,21,D,1,1,13,21,-0.6857142857142855,0.052380952380952306,0.7190476190476192,1.4571428571428569,-0.1428571428571429,-0.019607843137254832,0,-7,-8,0.1428571428571429,0.019607843137254832,0,0.6857142857142855,0.052380952380952306,20,1.2857142857142856,3.8857142857142857,1.7095238095238097,0.8571428571428571,1.0
2013-14,2014-04-02,Quarter-finals,Paris SG,Chelsea,18,37,2.3333333333333335,0.7777777777777778,1.972972972972973,0.8918918918918919,0.6666666666666666,0.5675675675675675,0.6666666666666666,0.3684210526315789,10,10,21,15,H,1,1,21,15,0.36036036036036045,0.1141141141141141,1.4414414414414416,1.1951951951951951,0.09909909909909909,0.2982456140350877,0,-19,6,0.09909909909909909,0.2982456140350877,0,0.36036036036036045,0.1141141141141141,20,1.234234234234234,4.306306306306307,1.6696696696696698,0.9009009009009009,1.0
2013-14,2014-04-02,Quarter-finals,Real Madrid,Dortmund,44,27,2.6136363636363638,0.9090909090909091,1.7037037037037037,1.3333333333333333,0.7045454545454546,0.48148148148148145,0.8636363636363636,0.3076923076923077,13,9,15,14,H,1,1,15,14,0.90993265993266,0.4242424242424242,1.2803030303030305,0.7946127946127947,0.22306397306397313,0.5559440559440559,4,17,1,0.22306397306397313,0.5559440559440559,4,0.90993265993266,0.4242424242424242,22,1.186026936026936,4.3173400673400675,2.242424242424242,0.7769360269360268,0.7333333333333334
2013-14,2014-04-08,Quarter-finals,Chelsea,Paris SG,38,19,1.9473684210526316,0.9473684210526315,2.3684210526315788,0.7894736842105263,0.5526315789473685,0.6842105263157895,0.7777777777777778,0.6666666666666666,7,12,6,6,H,1,1,6,6,-0.4210526315789471,-0.1578947368421052,1.1578947368421053,1.4210526315789473,-0.13157894736842102,0.11111111111111116,-5,19,0,0.13157894736842102,0.11111111111111116,5,0.4210526315789471,0.1578947368421052,19,1.236842105263158,4.315789473684211,1.736842105263158,0.868421052631579,0.6666666666666667
2013-14,2014-04-08,Quarter-finals,Dortmund,Real Madrid,28,45,1.6428571428571428,1.3928571428571428,2.6222222222222222,0.8888888888888888,0.4642857142857143,0.7111111111111111,0.6428571428571429,0.5454545454545454,9,15,6,6,H,1,1,6,6,-0.9793650793650794,-0.503968253968254,0.753968253968254,1.2293650793650794,-0.24682539682539684,0.09740259740259749,-6,-17,0,0.24682539682539684,0.09740259740259749,6,0.9793650793650794,0.503968253968254,24,1.1753968253968254,4.265079365079365,2.2817460317460316,0.7531746031746032,0.6
2013-14,2014-04-09,Quarter-finals,Atlético Madrid,Barcelona,9,46,2.3333333333333335,0.5555555555555556,2.260869565217391,0.9347826086956522,0.7777777777777778,0.6086956521739131,1.0,0.5,11,10,8,8,H,1,1,8,8,0.07246376811594235,0.37922705314009664,1.3985507246376812,1.7053140096618356,0.1690821256038647,0.5,1,-37,0,0.1690821256038647,0.5,1,0.07246376811594235,0.37922705314009664,21,1.3864734299516908,4.594202898550725,1.4903381642512077,0.8309178743961353,0.9333333333333333
2013-14,2014-04-09,Quarter-finals,Bayern Munich,Manchester Utd,43,36,2.255813953488372,0.8837209302325582,1.5833333333333333,0.8333333333333334,0.6976744186046512,0.5555555555555556,0.7619047619047619,0.5,8,10,8,8,H,1,1,8,8,0.6724806201550388,-0.050387596899224785,1.4224806201550386,0.6996124031007751,0.1421188630490956,0.26190476190476186,-2,7,0,0.1421188630490956,0.26190476190476186,2,0.6724806201550388,0.050387596899224785,18,1.2532299741602069,3.8391472868217056,1.7170542635658914,0.8578811369509044,0.8666666666666667
2013-14,2014-04-22,Semi-finals,Atlético Madrid,Chelsea,10,39,2.2,0.5,1.9487179487179487,0.9230769230769231,0.8,0.5641025641025641,1.0,0.35,13,10,13,14,D,1,1,13,14,0.2512820512820515,0.42307692307692313,1.276923076923077,1.4487179487179487,0.23589743589743595,0.65,3,-29,-1,0.23589743589743595,0.65,3,0.2512820512820515,0.42307692307692313,23,1.3641025641025641,4.148717948717949,1.4230769230769231,0.764102564102564,0.8
2013-14,2014-04-23,Semi-finals,Real Madrid,Bayern Munich,46,44,2.5652173913043477,0.9130434782608695,2.272727272727273,0.8863636363636364,0.6956521739130435,0.7045454545454546,0.8695652173913043,0.6363636363636364,12,8,15,14,H,1,1,15,14,0.29249011857707474,-0.02667984189723316,1.6788537549407114,1.3596837944664033,-0.008893280632411127,0.23320158102766797,4,2,1,0.008893280632411127,0.23320158102766797,4,0.29249011857707474,0.02667984189723316,20,1.400197628458498,4.837944664031621,1.7994071146245059,0.9911067193675889,0.7333333333333334
2013-14,2014-04-29,Semi-finals,Bayern Munich,Real Madrid,45,47,2.2222222222222223,0.8888888888888888,2.5319148936170213,0.8936170212765957,0.6888888888888889,0.7021276595744681,0.7727272727272727,0.5217391304347826,8,12,6,6,A,1,1,6,6,-0.30969267139479895,0.004728132387706863,1.3286052009456266,1.6430260047281324,-0.013238770685579215,0.2509881422924901,-4,-2,0,0.013238770685579215,0.2509881422924901,4,0.30969267139479895,0.004728132387706863,20,1.391016548463357,4.754137115839244,1.7825059101654845,0.9867612293144208,0.7333333333333334
2013-14,2014-04-30,Semi-finals,Chelsea,Atlético Madrid,40,11,1.9,0.9,2.0,0.45454545454545453,0.55,0.7272727272727273,0.7894736842105263,0.6,8,11,8,8,A,1,1,8,8,-0.10000000000000009,-0.4454545454545455,1.4454545454545453,1.1,-0.17727272727272725,0.18947368421052635,-3,29,0,0.17727272727272725,0.18947368421052635,3,0.10000000000000009,0.4454545454545455,19,1.2772727272727273,3.9,1.3545454545454545,0.8227272727272728,0.8
2013-14,2014-05-24,Final,Real Madrid,Atlético Madrid,48,12,2.5625,0.875,2.0833333333333335,0.5,0.7083333333333334,0.75,0.875,0.6666666666666666,12,11,25,24,H,1,1,25,24,0.4791666666666665,-0.375,2.0625,1.2083333333333335,-0.04166666666666663,0.20833333333333337,1,36,1,0.04166666666666663,0.20833333333333337,1,0.4791666666666665,0.375,23,1.4583333333333335,4.645833333333334,1.375,0.9583333333333334,0.9333333333333333
2014-15,2014-09-16,Group stage,Benfica,Zenit,28,22,1.1785714285714286,1.25,1.1363636363636365,1.4545454545454546,0.39285714285714285,0.3181818181818182,0.5714285714285714,0.2727272727272727,7,5,280,181,A,1,1,280,181,0.04220779220779214,0.20454545454545459,-0.275974025974026,-0.11363636363636354,0.07467532467532467,0.2987012987012987,2,6,99,0.07467532467532467,0.2987012987012987,2,0.04220779220779214,0.20454545454545459,12,0.711038961038961,2.314935064935065,2.7045454545454546,0.9253246753246753,0.8666666666666667
2014-15,2014-09-16,Group stage,Dortmund,Arsenal,29,32,1.6551724137931034,1.3448275862068966,1.65625,1.25,0.4827586206896552,0.53125,0.6666666666666666,0.375,9,7,161,189,H,1,1,161,189,-0.0010775862068965747,-0.09482758620689657,0.4051724137931034,0.3114224137931034,-0.048491379310344807,0.29166666666666663,2,-3,-28,0.048491379310344807,0.29166666666666663,2,0.0010775862068965747,0.09482758620689657,16,1.0140086206896552,3.311422413793103,2.594827586206897,0.9515086206896552,0.8666666666666667
2014-15,2014-09-16,Group stage,Galatasaray,Anderlecht,18,12,1.2777777777777777,1.7222222222222223,0.6666666666666666,2.1666666666666665,0.3888888888888889,0.08333333333333333,0.4444444444444444,0.0,4,1,182,280,D,1,1,182,280,0.611111111111111,0.4444444444444442,-0.8888888888888888,-1.0555555555555558,0.3055555555555556,0.4444444444444444,3,6,-98,0.3055555555555556,0.4444444444444444,3,0.611111111111111,0.4444444444444442,5,0.4722222222222222,1.9444444444444442,3.888888888888889,0.6944444444444444,0.8
2014-15,2014-09-16,Group stage,Juventus,Malmö,16,0,1.625,1.0625,0.0,0.0,0.375,0.0,0.5,0.0,5,0,279,-1,H,1,0,279,0,1.625,-1.0625,1.625,-1.0625,0.375,0.5,5,16,279,0.375,0.5,5,1.625,1.0625,5,0.375,1.625,1.0625,0.625,0.6666666666666667
2014-15,2014-09-16,Group stage,Liverpool,Ludogorets,0,0,0.0,0.0,0.0,0.0,0.0,0.0,0.0,0.0,0,0,-1,-1,H,0,0,0,0,0.0,0.0,0.0,0.0,0.0,0.0,0,0,0,0.0,0.0,0,0.0,0.0,0,0.0,0.0,0.0,1.0,1.0
2014-15,2014-09-16,Group stage,Monaco,Leverkusen,0,16,0.0,0.0,1.25,2.125,0.0,0.375,0.0,0.125,0,4,-1,188,H,0,1,0,188,-1.25,2.125,-2.125,1.25,-0.375,-0.125,-4,-16,-188,0.375,0.125,4,1.25,2.125,4,0.375,1.25,2.125,0.625,0.7333333333333334
2014-15,2014-09-16,Group stage,Olympiacos,Atlético Madrid,20,13,1.45,1.3,2.0,0.7692307692307693,0.5,0.6923076923076923,0.7,0.5714285714285714,9,8,181,115,H,1,1,181,115,-0.55,-0.5307692307692308,0.6807692307692307,0.7,-0.1923076923076923,0.12857142857142856,1,7,66,0.1923076923076923,0.12857142857142856,1,0.55,0.5307692307692308,17,1.1923076923076923,3.45,2.0692307692307694,0.8076923076923077,0.9333333333333333
2014-15,2014-09-16,Group stage,Real Madrid,Basel,49,20,2.5918367346938775,0.8775510204081632,1.25,1.7,0.7142857142857143,0.4,0.88,0.3,12,5,115,279,H,1,1,115,279,1.3418367346938775,0.8224489795918367,0.8918367346938776,0.37244897959183676,0.3142857142857143,0.5800000000000001,7,29,-164,0.3142857142857143,0.5800000000000001,7,1.3418367346938775,0.8224489795918367,17,1.1142857142857143,3.8418367346938775,2.5775510204081633,0.6857142857142857,0.5333333333333333
2014-15,2014-09-17,Group stage,Ajax,Paris SG,24,20,1.0416666666666667,1.6666666666666667,2.25,0.85,0.2916666666666667,0.65,0.4166666666666667,0.6,8,9,280,162,D,1,1,280,162,-1.2083333333333333,-0.8166666666666668,0.19166666666666676,0.5833333333333333,-0.35833333333333334,-0.1833333333333333,-1,4,118,0.35833333333333334,0.1833333333333333,1,1.2083333333333333,0.8166666666666668,17,0.9416666666666667,3.291666666666667,2.5166666666666666,0.6416666666666666,0.9333333333333333
2014-15,2014-09-17,Group stage,Athletic Club,Shakhtar D.,0,30,0.0,0.0,1.5333333333333334,1.3666666666666667,0.0,0.43333333333333335,0.0,0.4,0,5,-1,281,D,0,1,0,281,-1.5333333333333334,1.3666666666666667,-1.3666666666666667,1.5333333333333334,-0.43333333333333335,-0.4,-5,-30,-281,0.43333333333333335,0.4,5,1.5333333333333334,1.3666666666666667,5,0.43333333333333335,1.5333333333333334,1.3666666666666667,0.5666666666666667,0.6666666666666667
2014-15,2014-09-17,Group stage,Barcelona,APOEL FC,47,10,2.2127659574468086,0.9361702127659575,0.9,1.5,0.5957446808510638,0.3,0.7083333333333334,0.0,10,3,161,896,H,1,1,161,365,1.3127659574468087,0.5638297872340425,0.7127659574468086,-0.036170212765957444,0.2957446808510638,0.7083333333333334,7,37,-204,0.2957446808510638,0.7083333333333334,7,1.3127659574468087,0.5638297872340425,13,0.8957446808510638,3.1127659574468085,2.4361702127659575,0.7042553191489362,0.5333333333333333
2014-15,2014-09-17,Group stage,Bayern Munich,Manchester City,46,20,2.1739130434782608,0.9565217391304348,1.75,1.55,0.6739130434782609,0.4,0.7391304347826086,0.4,5,9,141,189,H,1,1,141,189,0.42391304347826075,0.5934782608695652,0.6239130434782607,0.7934782608695652,0.27391304347826084,0.3391304347826086,-4,26,-48,0.27391304347826084,0.3391304347826086,4,0.42391304347826075,0.5934782608695652,14,1.0739130434782609,3.9239130434782608,2.506521739130435,0.7260869565217392,0.7333333333333334
2014-15,2014-09-17,Group stage,Chelsea,Schalke 04,41,28,1.8780487804878048,0.9512195121951219,1.5357142857142858,1.3928571428571428,0.5365853658536586,0.4642857142857143,0.75,0.35714285714285715,7,4,140,183,D,1,1,140,183,0.34233449477351896,0.4416376306620209,0.485191637630662,0.5844947735191639,0.07229965156794427,0.39285714285714285,3,13,-43,0.07229965156794427,0.39285714285714285,3,0.34233449477351896,0.4416376306620209,11,1.000871080139373,3.4137630662020904,2.3440766550522647,0.9277003484320557,0.8
2014-15,2014-09-17,Group stage,NK Maribor,Sporting CP,0,0,0.0,0.0,0.0,0.0,0.0,0.0,0.0,0.0,0,0,-1,-1,D,0,0,0,0,0.0,0.0,0.0,0.0,0.0,0.0,0,0,0,0.0,0.0,0,0.0,0.0,0,0.0,0.0,0.0,1.0,1.0
2014-15,2014-09-17,Group stage,Porto,BATE Borisov,20,12,1.1,1.0,0.9166666666666666,2.4166666666666665,0.4,0.16666666666666666,0.5,0.16666666666666666,2,3,280,651,H,1,1,280,365,0.18333333333333346,1.4166666666666665,-1.3166666666666664,-0.08333333333333337,0.23333333333333336,0.33333333333333337,-1,8,-85,0.23333333333333336,0.33333333333333337,1,0.18333333333333346,1.4166666666666665,5,0.5666666666666667,2.0166666666666666,3.4166666666666665,0.7666666666666666,0.9333333333333333
2014-15,2014-09-17,Group stage,Roma,CSKA Moscow,8,14,1.5,2.125,1.3571428571428572,2.142857142857143,0.375,0.21428571428571427,0.5,0.14285714285714285,7,3,1289,281,H,1,1,365,281,0.1428571428571428,0.017857142857142794,-0.6428571428571428,-0.7678571428571428,0.16071428571428573,0.35714285714285715,4,-6,84,0.16071428571428573,0.35714285714285715,4,0.1428571428571428,0.017857142857142794,10,0.5892857142857143,2.857142857142857,4.267857142857142,0.8392857142857143,0.7333333333333334
2014-15,2014-09-30,Group stage,APOEL FC,Ajax,11,25,0.8181818181818182,1.4545454545454546,1.04,1.64,0.2727272727272727,0.28,0.6,0.16666666666666666,3,8,13,13,D,1,1,13,13,-0.2218181818181818,0.18545454545454532,-0.8218181818181817,-0.41454545454545455,-0.0072727272727273196,0.43333333333333335,-5,-14,0,0.0072727272727273196,0.43333333333333335,5,0.2218181818181818,0.18545454545454532,11,0.5527272727272727,1.8581818181818184,3.0945454545454547,0.9927272727272727,0.6666666666666667
2014-15,2014-09-30,Group stage,BATE Borisov,Athletic Club,13,1,0.8461538461538461,2.6923076923076925,0.0,0.0,0.15384615384615385,0.0,0.16666666666666666,0.0,0,1,13,13,H,1,1,13,13,0.8461538461538461,-2.6923076923076925,0.8461538461538461,-2.6923076923076925,0.15384615384615385,0.16666666666666666,-1,12,0,0.15384615384615385,0.16666666666666666,1,0.8461538461538461,2.6923076923076925,1,0.15384615384615385,0.8461538461538461,2.6923076923076925,0.8461538461538461,0.9333333333333333
2014-15,2014-09-30,Group stage,CSKA Moscow,Bayern Munich,15,47,1.3333333333333333,2.3333333333333335,2.148936170212766,0.9361702127659575,0.2,0.6808510638297872,0.2857142857142857,0.6086956521739131,0,7,13,13,A,1,1,13,13,-0.8156028368794328,-1.397163120567376,0.3971631205673758,-0.18439716312056742,-0.4808510638297872,-0.3229813664596274,-7,-32,0,0.4808510638297872,0.3229813664596274,7,0.8156028368794328,1.397163120567376,7,0.8808510638297873,3.4822695035460995,3.269503546099291,0.5191489361702128,0.5333333333333333
2014-15,2014-09-30,Group stage,Manchester City,Roma,21,9,1.6666666666666667,1.5238095238095237,1.8888888888888888,2.0,0.38095238095238093,0.4444444444444444,0.4,0.25,6,7,13,13,D,1,1,13,13,-0.2222222222222221,0.4761904761904763,-0.33333333333333326,0.3650793650793651,-0.06349206349206349,0.15000000000000002,-1,12,0,0.06349206349206349,0.15000000000000002,1,0.2222222222222221,0.4761904761904763,13,0.8253968253968254,3.5555555555555554,3.5238095238095237,0.9365079365079365,0.9333333333333333
2014-15,2014-09-30,Group stage,Paris SG,Barcelona,21,48,2.1904761904761907,0.8571428571428571,2.1875,0.9166666666666666,0.6190476190476191,0.6041666666666666,0.7,0.4782608695652174,10,10,13,13,H,1,1,13,13,0.0029761904761906877,0.059523809523809534,1.2738095238095242,1.3303571428571428,0.014880952380952439,0.22173913043478255,0,-27,0,0.014880952380952439,0.22173913043478255,0,0.0029761904761906877,0.059523809523809534,20,1.2232142857142856,4.377976190476191,1.7738095238095237,0.9851190476190476,1.0
2014-15,2014-09-30,Group stage,Schalke 04,NK Maribor,29,1,1.5172413793103448,1.3793103448275863,1.0,1.0,0.4482758620689655,0.0,0.5714285714285714,0.0,5,1,13,13,D,1,1,13,13,0.5172413793103448,-0.3793103448275863,0.5172413793103448,-0.3793103448275863,0.4482758620689655,0.5714285714285714,4,28,0,0.4482758620689655,0.5714285714285714,4,0.5172413793103448,0.3793103448275863,6,0.4482758620689655,2.5172413793103448,2.3793103448275863,0.5517241379310345,0.7333333333333334
2014-15,2014-09-30,Group stage,Shakhtar D.,Porto,31,21,1.4838709677419355,1.3225806451612903,1.3333333333333333,0.9523809523809523,0.41935483870967744,0.42857142857142855,0.4666666666666667,0.3,5,5,13,13,D,1,1,13,13,0.15053763440860224,-0.37019969278033793,0.5314900153609832,0.010752688172043001,-0.009216589861751112,0.16666666666666669,0,10,0,0.009216589861751112,0.16666666666666669,0,0.15053763440860224,0.37019969278033793,10,0.847926267281106,2.817204301075269,2.2749615975422426,0.9907834101382489,1.0
2014-15,2014-09-30,Group stage,Sporting CP,Chelsea,1,42,1.0,1.0,1.8571428571428572,0.9523809523809523,0.0,0.5238095238095238,0.0,0.3333333333333333,1,5,13,13,A,1,1,13,13,-0.8571428571428572,-0.04761904761904767,0.04761904761904767,0.8571428571428572,-0.5238095238095238,-0.3333333333333333,-4,-41,0,0.5238095238095238,0.3333333333333333,4,0.8571428571428572,0.04761904761904767,6,0.5238095238095238,2.857142857142857,1.9523809523809523,0.47619047619047616,0.7333333333333334
2014-15,2014-10-01,Group stage,Anderlecht,Dortmund,13,30,0.6923076923076923,2.076923076923077,1.6666666666666667,1.3,0.07692307692307693,0.5,0.16666666666666666,0.2857142857142857,2,9,15,15,A,1,1,15,15,-0.9743589743589745,-0.776923076923077,-0.6076923076923078,-0.41025641025641035,-0.4230769230769231,-0.11904761904761904,-7,-17,0,0.4230769230769231,0.11904761904761904,7,0.9743589743589745,0.776923076923077,11,0.5769230769230769,2.358974358974359,3.3769230769230774,0.5769230769230769,0.5333333333333333
2014-15,2014-10-01,Group stage,Arsenal,Galatasaray,33,19,1.606060606060606,1.2727272727272727,1.263157894736842,1.6842105263157894,0.5151515151515151,0.3684210526315789,0.6875,0.3333333333333333,4,5,15,15,H,1,1,15,15,0.34290271132376393,0.4114832535885167,-0.07814992025518341,-0.009569377990430672,0.1467304625199362,0.3541666666666667,-1,14,0,0.1467304625199362,0.3541666666666667,1,0.34290271132376393,0.4114832535885167,9,0.8835725677830941,2.869218500797448,2.956937799043062,0.8532695374800638,0.9333333333333333
2014-15,2014-10-01,Group stage,Atlético Madrid,Juventus,14,17,2.0,0.9285714285714286,1.6470588235294117,1.0,0.6428571428571429,0.4117647058823529,0.8333333333333334,0.25,7,7,15,15,H,1,1,15,15,0.3529411764705883,0.0714285714285714,1.0,0.7184873949579831,0.23109243697478998,0.5833333333333334,0,-3,0,0.23109243697478998,0.5833333333333334,0,0.3529411764705883,0.0714285714285714,14,1.0546218487394958,3.6470588235294117,1.9285714285714286,0.76890756302521,1.0
2014-15,2014-10-01,Group stage,Basel,Liverpool,21,1,1.2380952380952381,1.8571428571428572,2.0,1.0,0.38095238095238093,1.0,0.5,0.0,5,3,15,15,H,1,1,15,15,-0.7619047619047619,-0.8571428571428572,0.23809523809523814,0.1428571428571428,-0.6190476190476191,0.5,2,20,0,0.6190476190476191,0.5,2,0.7619047619047619,0.8571428571428572,8,1.380952380952381,3.238095238095238,2.857142857142857,0.38095238095238093,0.8666666666666667
2014-15,2014-10-01,Group stage,Leverkusen,Benfica,17,29,1.1764705882352942,2.0588235294117645,1.1379310344827587,1.2758620689655173,0.35294117647058826,0.3793103448275862,0.625,0.21428571428571427,3,7,15,15,H,1,1,15,15,0.03853955375253548,-0.7829614604462471,-0.09939148073022319,-0.9208924949290058,-0.02636916835699793,0.4107142857142857,-4,-12,0,0.02636916835699793,0.4107142857142857,4,0.03853955375253548,0.7829614604462471,10,0.7322515212981744,2.314401622718053,3.334685598377282,0.973630831643002,0.7333333333333334
2014-15,2014-10-01,Group stage,Ludogorets,Real Madrid,1,50,1.0,2.0,2.64,0.88,0.0,0.72,0.0,0.5416666666666666,0,12,15,15,A,1,1,15,15,-1.6400000000000001,-1.12,0.12,0.6400000000000001,-0.72,-0.5416666666666666,-12,-49,0,0.72,0.5416666666666666,12,1.6400000000000001,1.12,12,0.72,3.64,2.88,0.28,0.19999999999999996
2014-15,2014-10-01,Group stage,Malmö,Olympiacos,1,21,0.0,2.0,1.5238095238095237,1.3333333333333333,0.0,0.5238095238095238,0.0,0.3,0,9,15,15,H,1,1,15,15,-1.5238095238095237,-0.6666666666666667,-1.3333333333333333,-0.4761904761904763,-0.5238095238095238,-0.3,-9,-20,0,0.5238095238095238,0.3,9,1.5238095238095237,0.6666666666666667,9,0.5238095238095238,1.5238095238095237,3.333333333333333,0.47619047619047616,0.4
2014-15,2014-10-01,Group stage,Zenit,Monaco,23,1,1.173913043478261,1.391304347826087,1.0,0.0,0.34782608695652173,1.0,0.36363636363636365,0.0,7,3,15,15,D,1,1,15,15,0.17391304347826098,-1.391304347826087,1.173913043478261,-0.3913043478260869,-0.6521739130434783,0.36363636363636365,4,22,0,0.6521739130434783,0.36363636363636365,4,0.17391304347826098,1.391304347826087,10,1.3478260869565217,2.1739130434782608,1.391304347826087,0.34782608695652173,0.7333333333333334
2014-15,2014-10-21,Group stage,APOEL FC,Paris SG,12,22,0.8333333333333334,1.4166666666666667,2.227272727272727,0.9090909090909091,0.25,0.6363636363636364,0.5,0.5454545454545454,4,10,21,21,A,1,1,21,21,-1.3939393939393936,-0.5075757575757577,-0.07575757575757569,0.8106060606060603,-0.38636363636363635,-0.045454545454545414,-6,-10,0,0.38636363636363635,0.045454545454545414,6,1.3939393939393936,0.5075757575757577,14,0.8863636363636364,3.0606060606060606,2.3257575757575757,0.6136363636363636,0.6
2014-15,2014-10-21,Group stage,BATE Borisov,Shakhtar D.,14,32,0.9285714285714286,2.5714285714285716,1.5,1.34375,0.21428571428571427,0.40625,0.2857142857142857,0.375,3,6,21,21,A,1,1,21,21,-0.5714285714285714,-1.2276785714285716,-0.4151785714285714,-1.0714285714285716,-0.19196428571428573,-0.0892857142857143,-3,-18,0,0.19196428571428573,0.0892857142857143,3,0.5714285714285714,1.2276785714285716,9,0.6205357142857143,2.428571428571429,3.9151785714285716,0.8080357142857143,0.8
2014-15,2014-10-21,Group stage,Barcelona,Ajax,49,26,2.183673469387755,0.9591836734693877,1.0384615384615385,1.6153846153846154,0.5918367346938775,0.2692307692307692,0.72,0.15384615384615385,7,9,21,21,H,1,1,21,21,1.1452119309262165,0.6562009419152277,0.5682888540031397,0.07927786499215084,0.3226059654631083,0.5661538461538461,-2,23,0,0.3226059654631083,0.5661538461538461,2,1.1452119309262165,0.6562009419152277,16,0.8610675039246467,3.2221350078492934,2.574568288854003,0.6773940345368916,0.8666666666666667
2014-15,2014-10-21,Group stage,CSKA Moscow,Manchester City,16,22,1.25,2.25,1.6363636363636365,1.5,0.1875,0.36363636363636365,0.25,0.36363636363636365,0,4,21,21,D,1,1,21,21,-0.38636363636363646,-0.75,-0.25,-0.6136363636363635,-0.17613636363636365,-0.11363636363636365,-4,-6,0,0.17613636363636365,0.11363636363636365,4,0.38636363636363646,0.75,4,0.5511363636363636,2.8863636363636367,3.75,0.8238636363636364,0.7333333333333334
2014-15,2014-10-21,Group stage,Chelsea,NK Maribor,43,2,1.8372093023255813,0.9302325581395349,1.0,1.0,0.5348837209302325,0.0,0.7142857142857143,0.0,8,2,21,21,H,1,1,21,21,0.8372093023255813,0.06976744186046513,0.8372093023255813,0.06976744186046513,0.5348837209302325,0.7142857142857143,6,41,0,0.5348837209302325,0.7142857142857143,6,0.8372093023255813,0.06976744186046513,10,0.5348837209302325,2.837209302325581,1.9302325581395348,0.4651162790697675,0.6
2014-15,2014-10-21,Group stage,Porto,Athletic Club,22,2,1.3636363636363635,1.0,0.5,1.0,0.4090909090909091,0.0,0.5454545454545454,0.0,6,1,21,21,H,1,1,21,21,0.8636363636363635,0.0,0.36363636363636354,-0.5,0.4090909090909091,0.5454545454545454,5,20,0,0.4090909090909091,0.5454545454545454,5,0.8636363636363635,0.0,7,0.4090909090909091,1.8636363636363635,2.0,0.5909090909090908,0.6666666666666667
2014-15,2014-10-21,Group stage,Roma,Bayern Munich,10,48,1.8,1.9,2.125,0.9166666666666666,0.4,0.6875,0.6,0.625,5,9,21,21,A,1,1,21,21,-0.32499999999999996,-0.9833333333333333,0.8833333333333334,0.2250000000000001,-0.2875,-0.025000000000000022,-4,-38,0,0.2875,0.025000000000000022,4,0.32499999999999996,0.9833333333333333,14,1.0875,3.925,2.8166666666666664,0.7125,0.7333333333333334
2014-15,2014-10-21,Group stage,Schalke 04,Sporting CP,30,2,1.5,1.3666666666666667,0.5,1.0,0.43333333333333335,0.0,0.5333333333333333,0.0,5,1,21,21,H,1,1,21,21,1.0,-0.3666666666666667,0.5,-0.8666666666666667,0.43333333333333335,0.5333333333333333,4,28,0,0.43333333333333335,0.5333333333333333,4,1.0,0.3666666666666667,6,0.43333333333333335,2.0,2.3666666666666667,0.5666666666666667,0.7333333333333334
2014-15,2014-10-22,Group stage,Anderlecht,Arsenal,14,34,0.6428571428571429,2.142857142857143,1.6764705882352942,1.2647058823529411,0.07142857142857142,0.5294117647058824,0.14285714285714285,0.35294117647058826,2,4,21,21,A,1,1,21,21,-1.0336134453781511,-0.8781512605042017,-0.6218487394957982,-0.46638655462184864,-0.45798319327731096,-0.2100840336134454,-2,-20,0,0.45798319327731096,0.2100840336134454,2,1.0336134453781511,0.8781512605042017,6,0.6008403361344538,2.319327731092437,3.407563025210084,0.542016806722689,0.8666666666666667
2014-15,2014-10-22,Group stage,Atlético Madrid,Malmö,15,2,1.9333333333333333,0.8666666666666667,1.0,1.0,0.6666666666666666,0.5,0.8571428571428571,0.0,7,3,21,21,H,1,1,21,21,0.9333333333333333,0.1333333333333333,0.9333333333333333,0.1333333333333333,0.16666666666666663,0.8571428571428571,4,13,0,0.16666666666666663,0.8571428571428571,4,0.9333333333333333,0.1333333333333333,10,1.1666666666666665,2.9333333333333336,1.8666666666666667,0.8333333333333334,0.7333333333333334
2014-15,2014-10-22,Group stage,Galatasaray,Dortmund,20,31,1.25,1.8,1.7096774193548387,1.2580645161290323,0.35,0.5161290322580645,0.4,0.3333333333333333,5,9,21,21,A,1,1,21,21,-0.45967741935483875,-0.5419354838709678,-0.008064516129032251,-0.0903225806451613,-0.16612903225806452,0.06666666666666671,-4,-11,0,0.16612903225806452,0.06666666666666671,4,0.45967741935483875,0.5419354838709678,14,0.8661290322580645,2.959677419354839,3.0580645161290323,0.8338709677419355,0.7333333333333334
2014-15,2014-10-22,Group stage,Leverkusen,Zenit,18,24,1.2777777777777777,2.0,1.125,1.3333333333333333,0.3888888888888889,0.3333333333333333,0.6666666666666666,0.3333333333333333,6,7,21,21,H,1,1,21,21,0.15277777777777768,-0.6666666666666667,-0.05555555555555558,-0.875,0.05555555555555558,0.3333333333333333,-1,-6,0,0.05555555555555558,0.3333333333333333,1,0.15277777777777768,0.6666666666666667,13,0.7222222222222222,2.4027777777777777,3.333333333333333,0.9444444444444444,0.9333333333333333
2014-15,2014-10-22,Group stage,Liverpool,Real Madrid,2,51,1.0,1.0,2.627450980392157,0.8823529411764706,0.5,0.7254901960784313,1.0,0.56,3,15,21,21,A,1,1,21,21,-1.6274509803921569,-0.11764705882352944,0.11764705882352944,1.6274509803921569,-0.22549019607843135,0.43999999999999995,-12,-49,0,0.22549019607843135,0.43999999999999995,12,1.6274509803921569,0.11764705882352944,18,1.2254901960784315,3.627450980392157,1.8823529411764706,0.7745098039215687,0.19999999999999996
2014-15,2014-10-22,Group stage,Ludogorets,Basel,2,22,1.0,2.0,1.2272727272727273,1.7727272727272727,0.0,0.4090909090909091,0.0,0.2727272727272727,0,7,21,21,H,1,1,21,21,-0.2272727272727273,-0.2272727272727273,-0.7727272727272727,-0.7727272727272727,-0.4090909090909091,-0.2727272727272727,-7,-20,0,0.4090909090909091,0.2727272727272727,7,0.2272727272727273,0.2272727272727273,7,0.4090909090909091,2.2272727272727275,3.7727272727272725,0.5909090909090908,0.5333333333333333
2014-15,2014-10-22,Group stage,Monaco,Benfica,2,30,0.5,0.0,1.1333333333333333,1.3333333333333333,0.5,0.36666666666666664,1.0,0.2,4,6,21,21,D,1,1,21,21,-0.6333333333333333,1.3333333333333333,-0.8333333333333333,1.1333333333333333,0.13333333333333336,0.8,-2,-28,0,0.13333333333333336,0.8,2,0.6333333333333333,1.3333333333333333,10,0.8666666666666667,1.6333333333333333,1.3333333333333333,0.8666666666666667,0.8666666666666667
2014-15,2014-10-22,Group stage,Olympiacos,Juventus,22,18,1.4545454545454546,1.3636363636363635,1.5555555555555556,1.0,0.5,0.3888888888888889,0.7272727272727273,0.2222222222222222,9,7,21,21,H,1,1,21,21,-0.101010101010101,-0.36363636363636354,0.4545454545454546,0.19191919191919204,0.1111111111111111,0.5050505050505051,2,4,0,0.1111111111111111,0.5050505050505051,2,0.101010101010101,0.36363636363636354,16,0.8888888888888888,3.0101010101010104,2.3636363636363633,0.8888888888888888,0.8666666666666667
2014-15,2014-11-04,Group stage,Arsenal,Anderlecht,35,15,1.6857142857142857,1.2571428571428571,0.6666666666666666,2.1333333333333333,0.5428571428571428,0.06666666666666667,0.7058823529411765,0.0,7,1,13,13,D,1,1,13,13,1.019047619047619,0.8761904761904762,-0.4476190476190476,-0.5904761904761905,0.47619047619047616,0.7058823529411765,6,20,0,0.47619047619047616,0.7058823529411765,6,1.019047619047619,0.8761904761904762,8,0.6095238095238095,2.3523809523809525,3.3904761904761904,0.5238095238095238,0.6
2014-15,2014-11-04,Group stage,Basel,Ludogorets,23,3,1.173913043478261,1.7391304347826086,1.0,1.3333333333333333,0.391304347826087,0.3333333333333333,0.5454545454545454,0.0,6,3,13,13,H,1,1,13,13,0.17391304347826098,-0.4057971014492754,-0.15942028985507228,-0.7391304347826086,0.05797101449275366,0.5454545454545454,3,20,0,0.05797101449275366,0.5454545454545454,3,0.17391304347826098,0.4057971014492754,9,0.7246376811594203,2.1739130434782608,3.072463768115942,0.9420289855072463,0.8
2014-15,2014-11-04,Group stage,Benfica,Monaco,31,3,1.096774193548387,1.2903225806451613,0.3333333333333333,0.0,0.3548387096774194,0.3333333333333333,0.5333333333333333,0.0,7,5,13,13,H,1,1,13,13,0.7634408602150538,-1.2903225806451613,1.096774193548387,-0.956989247311828,0.021505376344086058,0.5333333333333333,2,28,0,0.021505376344086058,0.5333333333333333,2,0.7634408602150538,1.2903225806451613,12,0.6881720430107527,1.4301075268817203,1.2903225806451613,0.978494623655914,0.8666666666666667
2014-15,2014-11-04,Group stage,Dortmund,Galatasaray,32,21,1.78125,1.21875,1.1904761904761905,1.9047619047619047,0.53125,0.3333333333333333,0.6875,0.3,12,2,13,13,H,1,1,13,13,0.5907738095238095,0.6860119047619047,-0.12351190476190466,-0.028273809523809534,0.19791666666666669,0.3875,10,11,0,0.19791666666666669,0.3875,10,0.5907738095238095,0.6860119047619047,14,0.8645833333333333,2.9717261904761907,3.1235119047619047,0.8020833333333333,0.33333333333333337
2014-15,2014-11-04,Group stage,Juventus,Olympiacos,19,23,1.4736842105263157,1.0,1.434782608695652,1.3043478260869565,0.3684210526315789,0.5217391304347826,0.5555555555555556,0.2727272727272727,6,9,13,13,H,1,1,13,13,0.0389016018306636,0.30434782608695654,0.16933638443935917,0.4347826086956521,-0.15331807780320367,0.2828282828282829,-3,-4,0,0.15331807780320367,0.2828282828282829,3,0.0389016018306636,0.30434782608695654,15,0.8901601830663615,2.908466819221968,2.3043478260869565,0.8466819221967963,0.8
2014-15,2014-11-04,Group stage,Malmö,Atlético Madrid,3,16,0.6666666666666666,2.3333333333333335,2.125,0.8125,0.3333333333333333,0.6875,1.0,0.5,3,9,13,13,A,1,1,13,13,-1.4583333333333335,-1.5208333333333335,-0.14583333333333337,-0.20833333333333348,-0.3541666666666667,0.5,-6,-13,0,0.3541666666666667,0.5,6,1.4583333333333335,1.5208333333333335,12,1.0208333333333333,2.7916666666666665,3.1458333333333335,0.6458333333333333,0.6
2014-15,2014-11-04,Group stage,Real Madrid,Liverpool,52,3,2.6346153846153846,0.8653846153846154,0.6666666666666666,1.6666666666666667,0.7307692307692307,0.3333333333333333,0.8846153846153846,0.0,15,3,13,13,H,1,1,13,13,1.967948717948718,0.8012820512820513,0.9679487179487178,-0.1987179487179488,0.3974358974358974,0.8846153846153846,12,49,0,0.3974358974358974,0.8846153846153846,12,1.967948717948718,0.8012820512820513,18,1.064102564102564,3.301282051282051,2.532051282051282,0.6025641025641026,0.19999999999999996
2014-15,2014-11-04,Group stage,Zenit,Leverkusen,25,19,1.08,1.36,1.3157894736842106,1.894736842105263,0.32,0.42105263157894735,0.3333333333333333,0.1111111111111111,7,6,13,13,A,1,1,13,13,-0.23578947368421055,0.534736842105263,-0.814736842105263,-0.04421052631578948,-0.10105263157894734,0.2222222222222222,1,6,0,0.10105263157894734,0.2222222222222222,1,0.23578947368421055,0.534736842105263,13,0.7410526315789474,2.3957894736842107,3.254736842105263,0.8989473684210527,0.9333333333333333
2014-15,2014-11-05,Group stage,Ajax,Barcelona,27,50,1.037037037037037,1.6666666666666667,2.2,0.96,0.25925925925925924,0.6,0.38461538461538464,0.4583333333333333,6,7,15,15,A,1,1,15,15,-1.1629629629629632,-0.7066666666666668,0.07703703703703701,0.5333333333333334,-0.34074074074074073,-0.07371794871794868,-1,-23,0,0.34074074074074073,0.07371794871794868,1,1.1629629629629632,0.7066666666666668,13,0.8592592592592592,3.2370370370370374,2.626666666666667,0.6592592592592592,0.9333333333333333
2014-15,2014-11-05,Group stage,Athletic Club,Porto,3,23,0.6666666666666666,1.3333333333333333,1.391304347826087,1.0,0.0,0.43478260869565216,0.0,0.2727272727272727,1,8,15,15,A,1,1,15,15,-0.7246376811594203,-0.33333333333333326,-0.33333333333333337,0.05797101449275366,-0.43478260869565216,-0.2727272727272727,-7,-20,0,0.43478260869565216,0.2727272727272727,7,0.7246376811594203,0.33333333333333326,9,0.43478260869565216,2.0579710144927534,2.333333333333333,0.5652173913043479,0.5333333333333333
2014-15,2014-11-05,Group stage,Bayern Munich,Roma,49,11,2.2244897959183674,0.9183673469387755,1.7272727272727273,2.3636363636363638,0.6938775510204082,0.36363636363636365,0.75,0.2,9,4,15,15,H,1,1,15,15,0.4972170686456401,1.4452690166975883,-0.13914656771799638,0.8089053803339518,0.3302411873840445,0.55,5,38,0,0.3302411873840445,0.55,5,0.4972170686456401,1.4452690166975883,13,1.0575139146567718,3.9517625231910944,3.282003710575139,0.6697588126159555,0.6666666666666667
2014-15,2014-11-05,Group stage,Manchester City,CSKA Moscow,23,17,1.6521739130434783,1.5217391304347827,1.2941176470588236,2.235294117647059,0.34782608695652173,0.17647058823529413,0.36363636363636365,0.125,2,1,15,15,A,1,1,15,15,0.3580562659846547,0.7135549872122762,-0.5831202046035806,-0.2276214833759591,0.1713554987212276,0.23863636363636365,1,6,0,0.1713554987212276,0.23863636363636365,1,0.3580562659846547,0.7135549872122762,3,0.5242966751918159,2.946291560102302,3.7570332480818416,0.8286445012787724,0.9333333333333333
2014-15,2014-11-05,Group stage,NK Maribor,Chelsea,3,44,0.6666666666666666,2.6666666666666665,1.9318181818181819,0.9090909090909091,0.0,0.5454545454545454,0.0,0.36363636363636365,2,8,15,15,D,1,1,15,15,-1.2651515151515151,-1.7575757575757573,-0.24242424242424243,-0.7348484848484846,-0.5454545454545454,-0.36363636363636365,-6,-41,0,0.5454545454545454,0.36363636363636365,6,1.2651515151515151,1.7575757575757573,10,0.5454545454545454,2.5984848484848486,3.5757575757575757,0.4545454545454546,0.6
2014-15,2014-11-05,Group stage,Paris SG,APOEL FC,23,13,2.1739130434782608,0.8695652173913043,0.7692307692307693,1.3846153846153846,0.6521739130434783,0.23076923076923078,0.7272727272727273,0.0,10,1,15,15,H,1,1,15,15,1.4046822742474916,0.5150501672240803,0.7892976588628762,-0.10033444816053505,0.4214046822742475,0.7272727272727273,9,10,0,0.4214046822742475,0.7272727272727273,9,1.4046822742474916,0.5150501672240803,11,0.8829431438127091,2.94314381270903,2.254180602006689,0.5785953177257526,0.4
2014-15,2014-11-05,Group stage,Shakhtar D.,BATE Borisov,33,15,1.6666666666666667,1.303030303030303,0.8666666666666667,2.8666666666666667,0.42424242424242425,0.2,0.4375,0.14285714285714285,8,3,15,15,H,1,1,15,15,0.8,1.5636363636363637,-1.2,-0.4363636363636363,0.22424242424242424,0.29464285714285715,5,18,0,0.22424242424242424,0.29464285714285715,5,0.8,1.5636363636363637,11,0.6242424242424243,2.533333333333333,4.16969696969697,0.7757575757575758,0.6666666666666667
2014-15,2014-11-05,Group stage,Sporting CP,Schalke 04,3,31,1.3333333333333333,2.0,1.5806451612903225,1.4193548387096775,0.0,0.45161290322580644,0.0,0.3333333333333333,1,5,15,15,H,1,1,15,15,-0.24731182795698925,-0.5806451612903225,-0.08602150537634423,-0.4193548387096775,-0.45161290322580644,-0.3333333333333333,-4,-28,0,0.45161290322580644,0.3333333333333333,4,0.24731182795698925,0.5806451612903225,6,0.45161290322580644,2.913978494623656,3.4193548387096775,0.5483870967741935,0.7333333333333334
2014-15,2014-11-25,Group stage,APOEL FC,Barcelona,14,51,0.7142857142857143,1.3571428571428572,2.196078431372549,0.9411764705882353,0.21428571428571427,0.6078431372549019,0.42857142857142855,0.48,1,9,20,20,A,1,1,20,20,-1.4817927170868348,-0.4159663865546219,-0.22689075630252098,0.838935574229692,-0.3935574229691876,-0.051428571428571435,-8,-37,0,0.3935574229691876,0.051428571428571435,8,1.4817927170868348,0.4159663865546219,10,0.8221288515406162,2.9103641456582636,2.2983193277310923,0.6064425770308124,0.4666666666666667
2014-15,2014-11-25,Group stage,BATE Borisov,Porto,16,24,0.8125,3.0,1.4166666666666667,0.9583333333333334,0.1875,0.4583333333333333,0.25,0.3333333333333333,3,10,20,20,A,1,1,20,20,-0.6041666666666667,-2.0416666666666665,-0.14583333333333337,-1.5833333333333333,-0.2708333333333333,-0.08333333333333331,-7,-8,0,0.2708333333333333,0.08333333333333331,7,0.6041666666666667,2.0416666666666665,13,0.6458333333333333,2.229166666666667,3.9583333333333335,0.7291666666666667,0.5333333333333333
2014-15,2014-11-25,Group stage,CSKA Moscow,Roma,18,12,1.3333333333333333,2.1666666666666665,1.5833333333333333,2.3333333333333335,0.2222222222222222,0.3333333333333333,0.2222222222222222,0.16666666666666666,4,4,20,20,D,1,1,20,20,-0.25,0.16666666666666696,-1.0000000000000002,-0.5833333333333333,-0.1111111111111111,0.05555555555555555,0,6,0,0.1111111111111111,0.05555555555555555,0,0.25,0.16666666666666696,8,0.5555555555555556,2.9166666666666665,4.5,0.8888888888888888,1.0
2014-15,2014-11-25,Group stage,Manchester City,Bayern Munich,24,50,1.625,1.5416666666666667,2.22,0.9,0.3333333333333333,0.7,0.3333333333333333,0.64,2,12,20,20,H,1,1,20,20,-0.5950000000000002,-0.6416666666666667,0.725,0.6783333333333335,-0.36666666666666664,-0.3066666666666667,-10,-26,0,0.36666666666666664,0.3066666666666667,10,0.5950000000000002,0.6416666666666667,14,1.0333333333333332,3.845,2.441666666666667,0.6333333333333333,0.33333333333333337
2014-15,2014-11-25,Group stage,Paris SG,Ajax,24,28,2.125,0.8333333333333334,1.0,1.6785714285714286,0.6666666666666666,0.25,0.75,0.14285714285714285,10,3,20,20,H,1,1,20,20,1.125,0.8452380952380952,0.4464285714285714,0.16666666666666663,0.41666666666666663,0.6071428571428572,7,-4,0,0.41666666666666663,0.6071428571428572,7,1.125,0.8452380952380952,13,0.9166666666666666,3.125,2.511904761904762,0.5833333333333334,0.5333333333333333
2014-15,2014-11-25,Group stage,Schalke 04,Chelsea,32,45,1.59375,1.5,1.9111111111111112,0.9111111111111111,0.4375,0.5333333333333333,0.5625,0.34782608695652173,5,8,20,20,A,1,1,20,20,-0.3173611111111112,-0.5888888888888889,0.6826388888888889,0.4111111111111112,-0.09583333333333333,0.21467391304347827,-3,-13,0,0.09583333333333333,0.21467391304347827,3,0.3173611111111112,0.5888888888888889,13,0.9708333333333333,3.5048611111111114,2.411111111111111,0.9041666666666667,0.8
2014-15,2014-11-25,Group stage,Shakhtar D.,Athletic Club,34,4,1.7647058823529411,1.2647058823529411,0.5,1.5,0.4411764705882353,0.0,0.47058823529411764,0.0,8,1,20,20,A,1,1,20,20,1.2647058823529411,0.23529411764705888,0.2647058823529411,-0.7647058823529411,0.4411764705882353,0.47058823529411764,7,30,0,0.4411764705882353,0.47058823529411764,7,1.2647058823529411,0.23529411764705888,9,0.4411764705882353,2.264705882352941,2.764705882352941,0.5588235294117647,0.5333333333333333
2014-15,2014-11-25,Group stage,Sporting CP,NK Maribor,4,4,2.0,2.0,0.75,2.25,0.25,0.0,0.5,0.0,4,3,20,20,H,1,1,20,20,1.25,0.25,-0.25,-1.25,0.25,0.5,1,0,0,0.25,0.5,1,1.25,0.25,7,0.25,2.75,4.25,0.75,0.9333333333333333
2014-15,2014-11-26,Group stage,Anderlecht,Galatasaray,16,22,0.8125,2.1875,1.1818181818181819,2.0,0.0625,0.3181818181818182,0.125,0.2727272727272727,2,1,22,22,H,1,1,22,22,-0.3693181818181819,-0.1875,-1.1875,-1.0056818181818181,-0.2556818181818182,-0.1477272727272727,1,-6,0,0.2556818181818182,0.1477272727272727,1,0.3693181818181819,0.1875,3,0.3806818181818182,1.9943181818181819,4.1875,0.7443181818181819,0.9333333333333333
2014-15,2014-11-26,Group stage,Arsenal,Dortmund,36,33,1.7222222222222223,1.3055555555555556,1.8484848484848484,1.2121212121212122,0.5277777777777778,0.5454545454545454,0.6666666666666666,0.375,8,15,22,22,H,1,1,22,22,-0.12626262626262608,-0.09343434343434343,0.5101010101010102,0.5429292929292928,-0.017676767676767624,0.29166666666666663,-7,3,0,0.017676767676767624,0.29166666666666663,7,0.12626262626262608,0.09343434343434343,23,1.073232323232323,3.570707070707071,2.5176767676767677,0.9823232323232324,0.5333333333333333
2014-15,2014-11-26,Group stage,Atlético Madrid,Olympiacos,17,24,2.1176470588235294,0.7647058823529411,1.4583333333333333,1.375,0.7058823529411765,0.5,0.875,0.25,9,6,22,22,H,1,1,22,22,0.6593137254901962,0.6102941176470589,0.7426470588235294,0.6936274509803921,0.20588235294117652,0.625,3,-7,0,0.20588235294117652,0.625,3,0.6593137254901962,0.6102941176470589,15,1.2058823529411766,3.575980392156863,2.139705882352941,0.7941176470588235,0.8
2014-15,2014-11-26,Group stage,Basel,Real Madrid,24,53,1.2916666666666667,1.6666666666666667,2.6037735849056602,0.8490566037735849,0.4166666666666667,0.7358490566037735,0.5833333333333334,0.5769230769230769,6,15,22,22,A,1,1,22,22,-1.3121069182389935,-0.8176100628930818,0.4426100628930818,0.9371069182389935,-0.31918238993710685,0.0064102564102564985,-9,-29,0,0.31918238993710685,0.0064102564102564985,9,1.3121069182389935,0.8176100628930818,21,1.1525157232704402,3.895440251572327,2.515723270440252,0.6808176100628931,0.4
2014-15,2014-11-26,Group stage,Leverkusen,Monaco,20,4,1.35,1.85,0.25,0.25,0.45,0.25,0.7,0.0,9,5,22,22,A,1,1,22,22,1.1,-1.6,1.1,-1.6,0.2,0.7,4,16,0,0.2,0.7,4,1.1,1.6,14,0.7,1.6,2.1,0.8,0.7333333333333334
2014-15,2014-11-26,Group stage,Ludogorets,Liverpool,4,4,0.75,2.0,0.5,1.5,0.25,0.25,0.5,0.0,3,3,22,22,D,1,1,22,22,0.25,-0.5,-0.75,-1.5,0.0,0.5,0,0,0,0.0,0.5,0,0.25,0.5,6,0.5,1.25,3.5,1.0,1.0
2014-15,2014-11-26,Group stage,Malmö,Juventus,4,20,0.5,2.25,1.55,1.05,0.25,0.4,0.5,0.2,3,6,22,22,A,1,1,22,22,-1.05,-1.2,-0.55,-0.7,-0.15000000000000002,0.3,-3,-16,0,0.15000000000000002,0.3,3,1.05,1.2,9,0.65,2.05,3.3,0.85,0.8
2014-15,2014-11-26,Group stage,Zenit,Benfica,26,32,1.0769230769230769,1.3846153846153846,1.09375,1.25,0.3076923076923077,0.375,0.3076923076923077,0.1875,7,7,22,22,H,1,1,22,22,-0.016826923076923128,-0.13461538461538458,-0.17307692307692313,-0.2908653846153846,-0.06730769230769229,0.12019230769230771,0,-6,0,0.06730769230769229,0.12019230769230771,0,0.016826923076923128,0.13461538461538458,14,0.6826923076923077,2.1706730769230766,2.6346153846153846,0.9326923076923077,1.0
2014-15,2014-12-09,Group stage,Benfica,Leverkusen,33,21,1.0606060606060606,1.2424242424242424,1.2857142857142858,1.8095238095238095,0.36363636363636365,0.42857142857142855,0.5625,0.2,4,9,13,13,D,1,1,13,13,-0.22510822510822526,0.5670995670995671,-0.748917748917749,0.04329004329004338,-0.0649350649350649,0.3625,-5,12,0,0.0649350649350649,0.3625,5,0.22510822510822526,0.5670995670995671,13,0.7922077922077921,2.346320346320346,3.051948051948052,0.9350649350649352,0.6666666666666667
2014-15,2014-12-09,Group stage,Dortmund,Anderlecht,34,17,1.7941176470588236,1.2352941176470589,0.8823529411764706,2.0588235294117645,0.5294117647058824,0.11764705882352941,0.7058823529411765,0.0,12,5,13,13,D,1,1,13,13,0.911764705882353,0.8235294117647056,-0.2647058823529409,-0.3529411764705883,0.4117647058823529,0.7058823529411765,7,17,0,0.4117647058823529,0.7058823529411765,7,0.911764705882353,0.8235294117647056,17,0.6470588235294118,2.6764705882352944,3.2941176470588234,0.5882352941176471,0.5333333333333333
2014-15,2014-12-09,Group stage,Galatasaray,Arsenal,23,37,1.1304347826086956,2.0,1.7297297297297298,1.2702702702702702,0.30434782608695654,0.5405405405405406,0.36363636363636365,0.3888888888888889,1,10,13,13,A,1,1,13,13,-0.5992949471210343,-0.7297297297297298,-0.1398354876615746,-0.2702702702702702,-0.23619271445358403,-0.02525252525252525,-9,-14,0,0.23619271445358403,0.02525252525252525,9,0.5992949471210343,0.7297297297297298,11,0.8448883666274971,2.860164512338425,3.27027027027027,0.763807285546416,0.4
2014-15,2014-12-09,Group stage,Juventus,Atlético Madrid,21,18,1.5714285714285714,1.0,2.2222222222222223,0.7222222222222222,0.42857142857142855,0.7222222222222222,0.6,0.5555555555555556,9,12,13,13,D,1,1,13,13,-0.6507936507936509,-0.2777777777777778,0.8492063492063492,1.2222222222222223,-0.29365079365079366,0.0444444444444444,-3,3,0,0.29365079365079366,0.0444444444444444,3,0.6507936507936509,0.2777777777777778,21,1.1507936507936507,3.7936507936507935,1.7222222222222223,0.7063492063492063,0.8
2014-15,2014-12-09,Group stage,Liverpool,Basel,5,25,0.8,1.6,1.24,1.64,0.2,0.4,0.5,0.25,4,6,13,13,D,1,1,13,13,-0.43999999999999995,0.039999999999999813,-0.8399999999999999,-0.3600000000000001,-0.2,0.25,-2,-20,0,0.2,0.25,2,0.43999999999999995,0.039999999999999813,10,0.6000000000000001,2.04,3.24,0.8,0.8666666666666667
2014-15,2014-12-09,Group stage,Monaco,Zenit,5,27,0.4,0.2,1.0740740740740742,1.3333333333333333,0.4,0.3333333333333333,0.5,0.3076923076923077,8,7,13,13,H,1,1,13,13,-0.6740740740740742,1.1333333333333333,-0.9333333333333332,0.8740740740740742,0.06666666666666671,0.1923076923076923,1,-22,0,0.06666666666666671,0.1923076923076923,1,0.6740740740740742,1.1333333333333333,15,0.7333333333333334,1.4740740740740743,1.5333333333333332,0.9333333333333333,0.9333333333333333
2014-15,2014-12-09,Group stage,Olympiacos,Malmö,25,5,1.4,1.48,0.4,2.2,0.48,0.2,0.75,0.0,6,3,13,13,H,1,1,13,13,0.9999999999999999,0.7200000000000002,-0.8000000000000003,-1.08,0.27999999999999997,0.75,3,20,0,0.27999999999999997,0.75,3,0.9999999999999999,0.7200000000000002,9,0.6799999999999999,1.7999999999999998,3.68,0.72,0.8
2014-15,2014-12-09,Group stage,Real Madrid,Ludogorets,54,5,2.574074074074074,0.8333333333333334,1.0,2.0,0.7407407407407407,0.2,0.8888888888888888,0.0,15,4,13,13,H,1,1,13,13,1.574074074074074,1.1666666666666665,0.574074074074074,0.16666666666666663,0.5407407407407407,0.8888888888888888,11,49,0,0.5407407407407407,0.8888888888888888,11,1.574074074074074,1.1666666666666665,19,0.9407407407407407,3.574074074074074,2.8333333333333335,0.45925925925925926,0.2666666666666667
2014-15,2014-12-10,Group stage,Ajax,APOEL FC,29,15,1.0,1.7241379310344827,0.6666666666666666,1.5333333333333334,0.2413793103448276,0.2,0.35714285714285715,0.0,2,1,15,15,H,1,1,15,15,0.33333333333333337,-0.19080459770114921,-0.5333333333333334,-1.0574712643678161,0.041379310344827586,0.35714285714285715,1,14,0,0.041379310344827586,0.35714285714285715,1,0.33333333333333337,0.19080459770114921,3,0.4413793103448276,1.6666666666666665,3.2574712643678163,0.9586206896551724,0.9333333333333333
2014-15,2014-12-10,Group stage,Athletic Club,BATE Borisov,5,17,0.6,1.2,0.7647058823529411,3.0,0.2,0.17647058823529413,0.0,0.125,4,3,15,15,H,1,1,15,15,-0.16470588235294115,1.8,-2.4,-0.43529411764705883,0.023529411764705882,-0.125,1,-12,0,0.023529411764705882,0.125,1,0.16470588235294115,1.8,7,0.3764705882352941,1.3647058823529412,4.2,0.9764705882352941,0.9333333333333333
2014-15,2014-12-10,Group stage,Barcelona,Paris SG,52,25,2.230769230769231,0.9230769230769231,2.16,0.84,0.6153846153846154,0.68,0.7307692307692307,0.5833333333333334,12,13,15,15,H,1,1,15,15,0.0707692307692307,-0.08307692307692316,1.390769230769231,1.236923076923077,-0.06461538461538463,0.14743589743589736,-1,27,0,0.06461538461538463,0.14743589743589736,1,0.0707692307692307,0.08307692307692316,25,1.2953846153846156,4.390769230769231,1.7630769230769232,0.9353846153846154,0.9333333333333333
2014-15,2014-12-10,Group stage,Bayern Munich,CSKA Moscow,51,19,2.215686274509804,0.9411764705882353,1.3157894736842106,2.1052631578947367,0.6862745098039216,0.21052631578947367,0.76,0.2222222222222222,12,5,15,15,H,1,1,15,15,0.8998968008255934,1.1640866873065014,0.11042311661506732,0.37461300309597534,0.4757481940144479,0.5377777777777778,7,32,0,0.4757481940144479,0.5377777777777778,7,0.8998968008255934,1.1640866873065014,17,0.8968008255933952,3.5314757481940147,3.046439628482972,0.5242518059855521,0.5333333333333333
2014-15,2014-12-10,Group stage,Chelsea,Sporting CP,46,5,1.9782608695652173,0.8913043478260869,2.2,1.8,0.5434782608695652,0.4,0.7272727272727273,0.0,11,7,15,15,H,1,1,15,15,-0.22173913043478288,0.9086956521739131,0.17826086956521725,1.3086956521739133,0.14347826086956517,0.7272727272727273,4,41,0,0.14347826086956517,0.7272727272727273,4,0.22173913043478288,0.9086956521739131,18,0.9434782608695652,4.178260869565218,2.6913043478260867,0.8565217391304348,0.7333333333333334
2014-15,2014-12-10,Group stage,NK Maribor,Schalke 04,5,33,0.8,2.4,1.5454545454545454,1.606060606060606,0.0,0.42424242424242425,0.0,0.3125,3,5,15,15,A,1,1,15,15,-0.7454545454545454,-0.793939393939394,-0.8060606060606059,-0.8545454545454545,-0.42424242424242425,-0.3125,-2,-28,0,0.42424242424242425,0.3125,2,0.7454545454545454,0.793939393939394,8,0.42424242424242425,2.3454545454545457,4.006060606060606,0.5757575757575757,0.8666666666666667
2014-15,2014-12-10,Group stage,Porto,Shakhtar D.,25,35,1.48,0.92,1.7142857142857142,1.2571428571428571,0.48,0.42857142857142855,0.5833333333333334,0.4117647058823529,13,8,15,15,D,1,1,15,15,-0.2342857142857142,0.3371428571428571,0.22285714285714286,0.7942857142857142,0.051428571428571435,0.17156862745098045,5,-10,0,0.051428571428571435,0.17156862745098045,5,0.2342857142857142,0.3371428571428571,21,0.9085714285714286,3.194285714285714,2.177142857142857,0.9485714285714286,0.6666666666666667
2014-15,2014-12-10,Group stage,Roma,Manchester City,13,25,1.5384615384615385,2.230769230769231,1.68,1.56,0.3076923076923077,0.36,0.5,0.3333333333333333,5,5,15,15,A,1,1,15,15,-0.1415384615384614,-0.6707692307692308,-0.021538461538461506,-0.5507692307692309,-0.05230769230769228,0.16666666666666669,0,-12,0,0.05230769230769228,0.16666666666666669,0,0.1415384615384614,0.6707692307692308,10,0.6676923076923077,3.2184615384615385,3.790769230769231,0.9476923076923077,1.0
2014-15,2015-02-17,Round of 16,Paris SG,Chelsea,26,47,2.1153846153846154,0.9230769230769231,2.0,0.8936170212765957,0.6538461538461539,0.5531914893617021,0.7692307692307693,0.375,12,13,69,69,D,1,1,69,69,0.11538461538461542,-0.029459901800327426,1.2217675941080197,1.0769230769230769,0.1006546644844517,0.3942307692307693,-1,-21,0,0.1006546644844517,0.3942307692307693,1,0.11538461538461542,0.029459901800327426,25,1.207037643207856,4.115384615384615,1.8166939443535188,0.8993453355155483,0.9333333333333333
2014-15,2015-02-17,Round of 16,Shakhtar D.,Bayern Munich,36,52,1.6944444444444444,1.25,2.230769230769231,0.9230769230769231,0.4166666666666667,0.6923076923076923,0.4444444444444444,0.6153846153846154,8,12,69,69,D,1,1,69,69,-0.5363247863247864,-0.32692307692307687,0.7713675213675213,0.9807692307692308,-0.2756410256410256,-0.170940170940171,-4,-16,0,0.2756410256410256,0.170940170940171,4,0.5363247863247864,0.32692307692307687,20,1.108974358974359,3.9252136752136755,2.1730769230769234,0.7243589743589745,0.7333333333333334
2014-15,2015-02-18,Round of 16,Basel,Porto,26,26,1.2307692307692308,1.6153846153846154,1.4615384615384615,0.9230769230769231,0.38461538461538464,0.46153846153846156,0.5384615384615384,0.38461538461538464,7,11,71,70,D,1,1,71,70,-0.23076923076923062,-0.6923076923076923,0.3076923076923077,-0.15384615384615397,-0.07692307692307693,0.1538461538461538,-4,0,1,0.07692307692307693,0.1538461538461538,4,0.23076923076923062,0.6923076923076923,18,0.8461538461538463,2.6923076923076925,2.5384615384615383,0.9230769230769231,0.7333333333333334
2014-15,2015-02-18,Round of 16,Schalke 04,Real Madrid,34,55,1.5294117647058822,1.5588235294117647,2.6,0.8181818181818182,0.4411764705882353,0.7454545454545455,0.5294117647058824,0.5925925925925926,7,15,70,71,A,1,1,70,71,-1.0705882352941178,-0.7406417112299465,0.711229946524064,1.0411764705882354,-0.3042780748663102,-0.0631808278867102,-8,-21,-1,0.3042780748663102,0.0631808278867102,8,1.0705882352941178,0.7406417112299465,22,1.1866310160427807,4.129411764705882,2.377005347593583,0.6957219251336898,0.4666666666666667
2014-15,2015-02-24,Round of 16,Juventus,Dortmund,22,35,1.5,0.9545454545454546,1.7714285714285714,1.2285714285714286,0.4090909090909091,0.5142857142857142,0.5454545454545454,0.35294117647058826,7,10,77,77,H,1,1,77,77,-0.27142857142857135,0.27402597402597406,0.27142857142857135,0.8168831168831168,-0.10519480519480512,0.19251336898395716,-3,-13,0,0.10519480519480512,0.19251336898395716,3,0.27142857142857135,0.27402597402597406,17,0.9233766233766234,3.2714285714285714,2.1831168831168832,0.8948051948051949,0.8
2014-15,2015-02-24,Round of 16,Manchester City,Barcelona,26,53,1.6923076923076923,1.5,2.2452830188679247,0.9245283018867925,0.38461538461538464,0.6226415094339622,0.38461538461538464,0.5,8,12,76,76,A,1,1,76,76,-0.5529753265602324,-0.5754716981132075,0.7677793904208998,0.7452830188679247,-0.2380261248185776,-0.11538461538461536,-4,-27,0,0.2380261248185776,0.11538461538461536,4,0.5529753265602324,0.5754716981132075,20,1.007256894049347,3.937590711175617,2.4245283018867925,0.7619738751814225,0.7333333333333334
2014-15,2015-02-25,Round of 16,Arsenal,Monaco,38,6,1.7894736842105263,1.263157894736842,0.6666666666666666,0.16666666666666666,0.5526315789473685,0.5,0.6842105263157895,0.3333333333333333,13,8,78,78,A,1,1,78,78,1.1228070175438596,-1.0964912280701753,1.6228070175438596,-0.5964912280701754,0.052631578947368474,0.3508771929824562,5,32,0,0.052631578947368474,0.3508771929824562,5,1.1228070175438596,1.0964912280701753,21,1.0526315789473686,2.456140350877193,1.4298245614035088,0.9473684210526315,0.6666666666666667
2014-15,2015-02-25,Round of 16,Leverkusen,Atlético Madrid,22,19,1.2272727272727273,1.7272727272727273,2.1052631578947367,0.6842105263157895,0.4090909090909091,0.6842105263157895,0.6363636363636364,0.5,10,13,78,78,H,1,1,78,78,-0.8779904306220094,-1.0430622009569377,0.5430622009569378,0.37799043062200943,-0.2751196172248804,0.13636363636363635,-3,3,0,0.2751196172248804,0.13636363636363635,3,0.8779904306220094,1.0430622009569377,23,1.0933014354066986,3.332535885167464,2.411483253588517,0.7248803827751196,0.8
2014-15,2015-03-10,Round of 16,Porto,Basel,27,27,1.4444444444444444,0.9259259259259259,1.2222222222222223,1.5925925925925926,0.4444444444444444,0.37037037037037035,0.5384615384615384,0.23076923076923078,11,5,20,20,H,1,1,20,20,0.2222222222222221,0.6666666666666666,-0.14814814814814814,0.2962962962962964,0.07407407407407407,0.30769230769230765,6,0,0,0.07407407407407407,0.30769230769230765,6,0.2222222222222221,0.6666666666666666,16,0.8148148148148148,2.666666666666667,2.5185185185185186,0.9259259259259259,0.6
2014-15,2015-03-10,Round of 16,Real Madrid,Schalke 04,56,35,2.5892857142857144,0.8035714285714286,1.4857142857142858,1.5714285714285714,0.75,0.42857142857142855,0.8928571428571429,0.35294117647058826,15,6,20,20,A,1,1,20,20,1.1035714285714286,0.7678571428571428,1.017857142857143,0.6821428571428572,0.32142857142857145,0.5399159663865547,9,21,0,0.32142857142857145,0.5399159663865547,9,1.1035714285714286,0.7678571428571428,21,1.1785714285714286,4.075,2.375,0.6785714285714286,0.4
2014-15,2015-03-11,Round of 16,Bayern Munich,Shakhtar D.,53,37,2.188679245283019,0.9056603773584906,1.6486486486486487,1.2162162162162162,0.6792452830188679,0.40540540540540543,0.7692307692307693,0.3888888888888889,10,8,22,22,H,1,1,22,22,0.5400305966343701,0.31055583885772564,0.9724630290668026,0.7429882712901581,0.27383987761346246,0.3803418803418804,2,16,0,0.27383987761346246,0.3803418803418804,2,0.5400305966343701,0.31055583885772564,18,1.0846506884242733,3.8373278939316675,2.121876593574707,0.7261601223865375,0.8666666666666667
2014-15,2015-03-11,Round of 16,Chelsea,Paris SG,48,27,1.9791666666666667,0.8958333333333334,2.074074074074074,0.9259259259259259,0.5416666666666666,0.6296296296296297,0.7391304347826086,0.5384615384615384,11,10,22,22,D,1,1,22,22,-0.09490740740740722,0.03009259259259256,1.053240740740741,1.1782407407407405,-0.08796296296296302,0.2006688963210702,1,21,0,0.08796296296296302,0.2006688963210702,1,0.09490740740740722,0.03009259259259256,21,1.1712962962962963,4.0532407407407405,1.8217592592592593,0.912037037037037,0.9333333333333333
2014-15,2015-03-17,Round of 16,Atlético Madrid,Leverkusen,20,23,2.0,0.7,1.2173913043478262,1.6521739130434783,0.65,0.43478260869565216,0.8888888888888888,0.18181818181818182,10,10,20,20,H,1,1,20,20,0.7826086956521738,0.9521739130434783,0.34782608695652173,0.5173913043478262,0.21521739130434786,0.707070707070707,0,-3,0,0.21521739130434786,0.707070707070707,0,0.7826086956521738,0.9521739130434783,20,1.0847826086956522,3.217391304347826,2.3521739130434782,0.7847826086956522,1.0
2014-15,2015-03-17,Round of 16,Monaco,Arsenal,7,39,1.0,0.2857142857142857,1.7692307692307692,1.3076923076923077,0.5714285714285714,0.5384615384615384,0.6666666666666666,0.42105263157894735,10,10,20,20,A,1,1,20,20,-0.7692307692307692,1.021978021978022,-0.3076923076923077,1.4835164835164836,0.03296703296703296,0.24561403508771928,0,-32,0,0.03296703296703296,0.24561403508771928,0,0.7692307692307692,1.021978021978022,20,1.10989010989011,2.769230769230769,1.5934065934065935,0.967032967032967,1.0
2014-15,2015-03-18,Round of 16,Barcelona,Manchester City,54,27,2.240740740740741,0.9259259259259259,1.6666666666666667,1.5185185185185186,0.6296296296296297,0.37037037037037035,0.7407407407407407,0.38461538461538464,15,7,22,22,H,1,1,22,22,0.5740740740740742,0.5925925925925927,0.7222222222222223,0.7407407407407408,0.2592592592592593,0.35612535612535606,8,27,0,0.2592592592592593,0.35612535612535606,8,0.5740740740740742,0.5925925925925927,22,1.0,3.9074074074074074,2.4444444444444446,0.7407407407407407,0.4666666666666667
2014-15,2015-03-18,Round of 16,Dortmund,Juventus,36,23,1.75,1.25,1.5217391304347827,0.9565217391304348,0.5,0.43478260869565216,0.6666666666666666,0.2727272727272727,7,10,22,22,A,1,1,22,22,0.2282608695652173,-0.2934782608695652,0.7934782608695652,0.2717391304347827,0.06521739130434784,0.3939393939393939,-3,13,0,0.06521739130434784,0.3939393939393939,3,0.2282608695652173,0.2934782608695652,17,0.9347826086956521,3.2717391304347827,2.2065217391304346,0.9347826086956521,0.8
2014-15,2015-04-14,Quarter-finals,Atlético Madrid,Real Madrid,21,57,1.9523809523809523,0.6666666666666666,2.5964912280701755,0.8596491228070176,0.6666666666666666,0.7368421052631579,0.9,0.6071428571428571,10,12,28,35,D,1,1,28,35,-0.6441102756892232,0.19298245614035092,1.0927318295739348,1.929824561403509,-0.07017543859649122,0.2928571428571429,-2,-36,-7,0.07017543859649122,0.2928571428571429,2,0.6441102756892232,0.19298245614035092,22,1.4035087719298245,4.548872180451128,1.526315789473684,0.9298245614035088,0.8666666666666667
2014-15,2015-04-14,Quarter-finals,Juventus,Monaco,24,8,1.5833333333333333,0.9166666666666666,0.875,0.5,0.4583333333333333,0.5,0.5833333333333334,0.5,13,9,27,28,H,1,1,27,28,0.7083333333333333,-0.41666666666666663,1.0833333333333333,-0.04166666666666663,-0.041666666666666685,0.08333333333333337,4,16,-1,0.041666666666666685,0.08333333333333337,4,0.7083333333333333,0.41666666666666663,22,0.9583333333333333,2.458333333333333,1.4166666666666665,0.9583333333333333,0.7333333333333334
2014-15,2015-04-15,Quarter-finals,Paris SG,Barcelona,28,55,2.0714285714285716,0.9642857142857143,2.2181818181818183,0.9090909090909091,0.6071428571428571,0.6363636363636364,0.7142857142857143,0.5185185185185185,8,15,35,28,A,1,1,35,28,-0.14675324675324664,-0.05519480519480524,1.1623376623376624,1.2538961038961038,-0.02922077922077926,0.1957671957671958,-7,-27,7,0.02922077922077926,0.1957671957671958,7,0.14675324675324664,0.05519480519480524,23,1.2435064935064934,4.28961038961039,1.8733766233766234,0.9707792207792207,0.5333333333333333
2014-15,2015-04-15,Quarter-finals,Porto,Bayern Munich,28,54,1.5357142857142858,0.8928571428571429,2.2777777777777777,0.8888888888888888,0.4642857142857143,0.6851851851851852,0.5714285714285714,0.5925925925925926,11,10,36,35,H,1,1,36,35,-0.7420634920634919,-0.003968253968254065,0.646825396825397,1.3849206349206349,-0.22089947089947093,-0.021164021164021163,1,-26,1,0.22089947089947093,0.021164021164021163,1,0.7420634920634919,0.003968253968254065,21,1.1494708994708995,3.8134920634920633,1.7817460317460316,0.7791005291005291,0.9333333333333333
2014-15,2015-04-21,Quarter-finals,Barcelona,Paris SG,56,29,2.232142857142857,0.9107142857142857,2.0344827586206895,1.0344827586206897,0.6428571428571429,0.5862068965517241,0.75,0.5,15,5,6,6,H,1,1,6,6,0.1976600985221677,0.12376847290640403,1.1976600985221675,1.123768472906404,0.05665024630541882,0.25,10,27,0,0.05665024630541882,0.25,10,0.1976600985221677,0.12376847290640403,20,1.229064039408867,4.266625615763546,1.9451970443349755,0.9433497536945812,0.33333333333333337
2014-15,2015-04-21,Quarter-finals,Bayern Munich,Porto,55,29,2.2545454545454544,0.9272727272727272,1.5862068965517242,0.896551724137931,0.6727272727272727,0.4827586206896552,0.7777777777777778,0.35714285714285715,7,11,6,6,H,1,1,6,6,0.6683385579937302,-0.0307210031347962,1.3579937304075234,0.658934169278997,0.18996865203761754,0.42063492063492064,-4,26,0,0.18996865203761754,0.42063492063492064,4,0.6683385579937302,0.0307210031347962,18,1.1554858934169279,3.8407523510971786,1.8238244514106583,0.8100313479623824,0.7333333333333334
2014-15,2015-04-22,Quarter-finals,Monaco,Juventus,9,25,0.7777777777777778,0.5555555555555556,1.56,0.88,0.4444444444444444,0.48,0.5,0.3333333333333333,9,13,8,8,D,1,1,8,8,-0.7822222222222223,0.3244444444444444,-0.10222222222222221,1.0044444444444445,-0.03555555555555556,0.16666666666666669,-4,-16,0,0.03555555555555556,0.16666666666666669,4,0.7822222222222223,0.3244444444444444,22,0.9244444444444444,2.3377777777777777,1.4355555555555557,0.9644444444444444,0.7333333333333334
2014-15,2015-04-22,Quarter-finals,Real Madrid,Atlético Madrid,58,22,2.5517241379310347,0.8448275862068966,1.8636363636363635,0.6363636363636364,0.7241379310344828,0.6363636363636364,0.8620689655172413,0.45454545454545453,10,8,8,8,H,1,1,8,8,0.6880877742946712,-0.20846394984326022,1.9153605015673985,1.018808777429467,0.08777429467084641,0.4075235109717868,2,36,0,0.08777429467084641,0.4075235109717868,2,0.6880877742946712,0.20846394984326022,18,1.3605015673981191,4.415360501567398,1.481191222570533,0.9122257053291536,0.8666666666666667
2014-15,2015-05-05,Semi-finals,Juventus,Real Madrid,26,59,1.5,0.8461538461538461,2.5254237288135593,0.8305084745762712,0.46153846153846156,0.7288135593220338,0.6153846153846154,0.5862068965517241,11,10,13,13,H,1,1,13,13,-1.0254237288135593,-0.01564537157757495,0.6694915254237288,1.679269882659713,-0.2672750977835723,0.02917771883289133,1,-33,0,0.2672750977835723,0.02917771883289133,1,1.0254237288135593,0.01564537157757495,21,1.1903520208604954,4.025423728813559,1.6766623207301175,0.7327249022164277,0.9333333333333333
2014-15,2015-05-06,Semi-finals,Barcelona,Bayern Munich,57,56,2.2280701754385963,0.8947368421052632,2.3214285714285716,0.9285714285714286,0.6491228070175439,0.6785714285714286,0.7586206896551724,0.5714285714285714,15,10,15,15,H,1,1,15,15,-0.0933583959899753,0.03383458646616544,1.2994987468671677,1.4266917293233083,-0.029448621553884724,0.18719211822660098,5,1,0,0.029448621553884724,0.18719211822660098,5,0.0933583959899753,0.03383458646616544,25,1.3276942355889725,4.549498746867168,1.8233082706766917,0.9705513784461153,0.6666666666666667
2014-15,2015-05-12,Semi-finals,Bayern Munich,Barcelona,57,58,2.280701754385965,0.9649122807017544,2.2413793103448274,0.8793103448275862,0.6666666666666666,0.6551724137931034,0.7857142857142857,0.5357142857142857,7,15,6,6,H,1,1,6,6,0.039322444041137494,-0.0856019358741682,1.4013914095583786,1.2764670296430731,0.011494252873563204,0.25,-8,-1,0,0.011494252873563204,0.25,8,0.039322444041137494,0.0856019358741682,22,1.3218390804597702,4.522081064730792,1.8442226255293406,0.9885057471264368,0.4666666666666667
2014-15,2015-05-13,Semi-finals,Real Madrid,Juventus,60,27,2.5,0.85,1.5185185185185186,0.8518518518518519,0.7166666666666667,0.48148148148148145,0.8666666666666667,0.3076923076923077,7,13,8,8,D,1,1,8,8,0.9814814814814814,0.0018518518518518823,1.6481481481481481,0.6685185185185186,0.23518518518518522,0.558974358974359,-6,33,0,0.23518518518518522,0.558974358974359,6,0.9814814814814814,0.0018518518518518823,20,1.1981481481481482,4.018518518518519,1.7018518518518517,0.7648148148148148,0.6
2014-15,2015-06-06,Final,Juventus,Barcelona,28,59,1.5,0.8571428571428571,2.23728813559322,0.9152542372881356,0.4642857142857143,0.6440677966101694,0.6428571428571429,0.5172413793103449,11,12,24,25,A,1,1,24,25,-0.7372881355932202,0.0581113801452785,0.5847457627118644,1.380145278450363,-0.17978208232445514,0.12561576354679804,-1,-31,-1,0.17978208232445514,0.12561576354679804,1,0.7372881355932202,0.0581113801452785,23,1.1083535108958837,3.73728813559322,1.7723970944309926,0.8202179176755449,0.9333333333333333
2015-16,2015-09-15,Group stage,Benfica,FC Astana,34,0,1.0294117647058822,1.2058823529411764,0.0,0.0,0.35294117647058826,0.0,0.5294117647058824,0.0,5,0,280,-1,H,1,0,280,0,1.0294117647058822,-1.2058823529411764,1.0294117647058822,-1.2058823529411764,0.35294117647058826,0.5294117647058824,5,34,280,0.35294117647058826,0.5294117647058824,5,1.0294117647058822,1.2058823529411764,5,0.35294117647058826,1.0294117647058822,1.2058823529411764,0.6470588235294117,0.6666666666666667
2015-16,2015-09-15,Group stage,Galatasaray,Atlético Madrid,24,23,1.125,2.0833333333333335,1.7826086956521738,0.6521739130434783,0.2916666666666667,0.6086956521739131,0.3333333333333333,0.4166666666666667,0,5,280,146,A,1,1,280,146,-0.6576086956521738,-1.4311594202898552,0.47282608695652173,-0.30072463768115965,-0.3170289855072464,-0.08333333333333337,-5,1,134,0.3170289855072464,0.08333333333333337,5,0.6576086956521738,1.4311594202898552,5,0.9003623188405798,2.907608695652174,2.7355072463768115,0.6829710144927537,0.6666666666666667
2015-16,2015-09-15,Group stage,Manchester City,Juventus,28,29,1.6071428571428572,1.5,1.4827586206896552,0.9310344827586207,0.35714285714285715,0.4482758620689655,0.35714285714285715,0.2857142857142857,6,8,181,101,A,1,1,181,101,0.12438423645320196,-0.5689655172413793,0.6761083743842365,-0.01724137931034475,-0.09113300492610837,0.07142857142857145,-2,-1,80,0.09113300492610837,0.07142857142857145,2,0.12438423645320196,0.5689655172413793,14,0.8054187192118227,3.0899014778325125,2.4310344827586206,0.9088669950738917,0.8666666666666667
2015-16,2015-09-15,Group stage,PSV,Manchester Utd,0,37,0.0,0.0,1.5675675675675675,0.8918918918918919,0.0,0.5405405405405406,0.0,0.47368421052631576,0,7,-1,524,H,0,1,0,365,-1.5675675675675675,0.8918918918918919,-0.8918918918918919,1.5675675675675675,-0.5405405405405406,-0.47368421052631576,-7,-37,-365,0.5405405405405406,0.47368421052631576,7,1.5675675675675675,0.8918918918918919,7,0.5405405405405406,1.5675675675675675,0.8918918918918919,0.45945945945945943,0.5333333333333333
2015-16,2015-09-15,Group stage,Paris SG,Malmö,30,6,1.9666666666666666,1.0666666666666667,0.6666666666666666,2.5,0.5666666666666667,0.16666666666666666,0.6666666666666666,0.0,2,3,147,280,H,1,1,147,280,1.2999999999999998,1.4333333333333333,-0.5333333333333334,-0.4,0.4,0.6666666666666666,-1,24,-133,0.4,0.6666666666666666,1,1.2999999999999998,1.4333333333333333,5,0.7333333333333333,2.6333333333333333,3.5666666666666664,0.6,0.9333333333333333
2015-16,2015-09-15,Group stage,Real Madrid,Shakhtar D.,61,38,2.4754098360655736,0.8524590163934426,1.605263157894737,1.368421052631579,0.7049180327868853,0.39473684210526316,0.8387096774193549,0.3684210526315789,5,5,125,188,H,1,1,125,188,0.8701466781708367,0.5159620362381364,1.1069887834339946,0.7528041415012944,0.3101811906816221,0.47028862478777594,0,23,-63,0.3101811906816221,0.47028862478777594,0,0.8701466781708367,0.5159620362381364,10,1.0996548748921484,4.08067299396031,2.2208800690250214,0.6898188093183779,1.0
2015-16,2015-09-15,Group stage,Sevilla,Gladbach,0,0,0.0,0.0,0.0,0.0,0.0,0.0,0.0,0.0,0,0,-1,-1,H,0,0,0,0,0.0,0.0,0.0,0.0,0.0,0.0,0,0,0,0.0,0.0,0,0.0,0.0,0,0.0,0.0,0.0,1.0,1.0
2015-16,2015-09-15,Group stage,Wolfsburg,CSKA Moscow,0,20,0.0,0.0,1.25,2.15,0.0,0.2,0.0,0.2,0,5,-1,279,H,0,1,0,279,-1.25,2.15,-2.15,1.25,-0.2,-0.2,-5,-20,-279,0.2,0.2,5,1.25,2.15,5,0.2,1.25,2.15,0.8,0.6666666666666667
2015-16,2015-09-16,Group stage,Chelsea,Maccabi Tel Aviv,49,0,1.9795918367346939,0.9183673469387755,0.0,0.0,0.5306122448979592,0.0,0.7083333333333334,0.0,9,0,189,-1,H,1,0,189,0,1.9795918367346939,-0.9183673469387755,1.9795918367346939,-0.9183673469387755,0.5306122448979592,0.7083333333333334,9,49,189,0.5306122448979592,0.7083333333333334,9,1.9795918367346939,0.9183673469387755,9,0.5306122448979592,1.9795918367346939,0.9183673469387755,0.4693877551020408,0.4
2015-16,2015-09-16,Group stage,Dinamo Zagreb,Arsenal,12,40,0.3333333333333333,3.0,1.775,1.275,0.0,0.55,0.0,0.45,1,10,1016,183,H,1,1,365,183,-1.4416666666666667,-1.725,-0.9416666666666667,-1.225,-0.55,-0.45,-9,-28,182,0.55,0.45,9,1.4416666666666667,1.725,11,0.55,2.1083333333333334,4.275,0.44999999999999996,0.4
2015-16,2015-09-16,Group stage,Dynamo Kyiv,Porto,6,30,1.0,1.6666666666666667,1.5666666666666667,1.0666666666666667,0.16666666666666666,0.4666666666666667,0.3333333333333333,0.3333333333333333,5,8,1016,148,D,1,1,365,148,-0.5666666666666667,-0.6000000000000001,-0.06666666666666665,-0.10000000000000009,-0.30000000000000004,0.0,-3,-24,217,0.30000000000000004,0.0,3,0.5666666666666667,0.6000000000000001,13,0.6333333333333333,2.5666666666666664,2.7333333333333334,0.7,0.8
2015-16,2015-09-16,Group stage,Gent,Lyon,0,16,0.0,0.0,1.375,1.375,0.0,0.375,0.0,0.25,0,7,-1,1288,D,0,1,0,365,-1.375,1.375,-1.375,1.375,-0.375,-0.25,-7,-16,-365,0.375,0.25,7,1.375,1.375,7,0.375,1.375,1.375,0.625,0.5333333333333333
2015-16,2015-09-16,Group stage,Leverkusen,BATE Borisov,24,18,1.1666666666666667,1.625,0.7222222222222222,2.9444444444444446,0.4166666666666667,0.16666666666666666,0.6666666666666666,0.1111111111111111,7,3,183,280,H,1,1,183,280,0.44444444444444453,1.3194444444444446,-1.777777777777778,-0.9027777777777778,0.25,0.5555555555555556,4,6,-97,0.25,0.5555555555555556,4,0.44444444444444453,1.3194444444444446,10,0.5833333333333334,1.8888888888888888,4.569444444444445,0.75,0.7333333333333334
2015-16,2015-09-16,Group stage,Olympiacos,Bayern Munich,26,58,1.5,1.5,2.293103448275862,0.9827586206896551,0.5,0.6724137931034483,0.7692307692307693,0.5517241379310345,6,9,281,127,A,1,1,281,127,-0.7931034482758621,-0.5172413793103449,0.5172413793103449,0.7931034482758621,-0.1724137931034483,0.2175066312997348,-3,-32,154,0.1724137931034483,0.2175066312997348,3,0.7931034482758621,0.5172413793103449,15,1.1724137931034484,3.793103448275862,2.4827586206896552,0.8275862068965517,0.8
2015-16,2015-09-16,Group stage,Roma,Barcelona,14,60,1.4285714285714286,2.2142857142857144,2.25,0.9166666666666666,0.2857142857142857,0.65,0.42857142857142855,0.5333333333333333,2,12,280,102,D,1,1,280,102,-0.8214285714285714,-1.297619047619048,0.511904761904762,0.03571428571428559,-0.3642857142857143,-0.10476190476190478,-10,-46,178,0.3642857142857143,0.10476190476190478,10,0.8214285714285714,1.297619047619048,14,0.9357142857142857,3.678571428571429,3.130952380952381,0.6357142857142857,0.33333333333333337
2015-16,2015-09-16,Group stage,Valencia,Zenit,22,28,1.9545454545454546,1.0454545454545454,1.0357142857142858,1.3571428571428572,0.4090909090909091,0.32142857142857145,0.5454545454545454,0.2857142857142857,8,4,924,281,A,1,1,365,281,0.9188311688311688,0.3116883116883118,0.5974025974025974,-0.009740259740259605,0.08766233766233766,0.2597402597402597,4,-6,84,0.08766233766233766,0.2597402597402597,4,0.9188311688311688,0.3116883116883118,12,0.7305194805194806,2.9902597402597406,2.4025974025974026,0.9123376623376623,0.7333333333333334
2015-16,2015-09-29,Group stage,Arsenal,Olympiacos,41,27,1.7560975609756098,1.2926829268292683,1.4444444444444444,1.5555555555555556,0.5365853658536586,0.48148148148148145,0.65,0.23076923076923078,9,6,13,13,A,1,1,13,13,0.31165311653116534,0.26287262872628725,0.20054200542005418,0.1517615176151761,0.055103884372177114,0.41923076923076924,3,14,0,0.055103884372177114,0.41923076923076924,3,0.31165311653116534,0.26287262872628725,15,1.01806684733514,3.200542005420054,2.848238482384824,0.9448961156278228,0.8
2015-16,2015-09-29,Group stage,BATE Borisov,Roma,19,15,0.7368421052631579,3.0,1.4,2.1333333333333333,0.15789473684210525,0.26666666666666666,0.2222222222222222,0.14285714285714285,0,2,13,13,H,1,1,13,13,-0.6631578947368421,-0.8666666666666667,-1.3964912280701753,-1.6,-0.10877192982456141,0.07936507936507936,-2,4,0,0.10877192982456141,0.07936507936507936,2,0.6631578947368421,0.8666666666666667,2,0.4245614035087719,2.136842105263158,5.133333333333333,0.8912280701754386,0.8666666666666667
2015-16,2015-09-29,Group stage,Barcelona,Leverkusen,61,25,2.2295081967213113,0.9180327868852459,1.28,1.6,0.639344262295082,0.44,0.7666666666666667,0.16666666666666666,10,7,13,13,H,1,1,13,13,0.9495081967213113,0.6819672131147542,0.6295081967213112,0.3619672131147541,0.199344262295082,0.6000000000000001,3,36,0,0.199344262295082,0.6000000000000001,3,0.9495081967213113,0.6819672131147542,17,1.079344262295082,3.5095081967213115,2.518032786885246,0.8006557377049179,0.8
2015-16,2015-09-29,Group stage,Bayern Munich,Dinamo Zagreb,59,13,2.305084745762712,0.9661016949152542,0.46153846153846156,2.8461538461538463,0.6779661016949152,0.07692307692307693,0.7931034482758621,0.0,9,4,13,13,H,1,1,13,13,1.8435462842242503,1.880052151238592,-0.5410691003911343,-0.5045632333767927,0.6010430247718384,0.7931034482758621,5,46,0,0.6010430247718384,0.7931034482758621,5,1.8435462842242503,1.880052151238592,13,0.7548891786179921,2.7666232073011736,3.8122555410691006,0.39895697522816165,0.6666666666666667
2015-16,2015-09-29,Group stage,Lyon,Valencia,17,23,1.3529411764705883,1.3529411764705883,1.9565217391304348,1.1304347826086956,0.35294117647058826,0.391304347826087,0.5,0.2727272727272727,8,5,13,13,A,1,1,13,13,-0.6035805626598465,-0.22250639386189275,0.22250639386189275,0.6035805626598465,-0.038363171355498715,0.2272727272727273,3,-6,0,0.038363171355498715,0.2272727272727273,3,0.6035805626598465,0.22250639386189275,13,0.7442455242966752,3.3094629156010233,2.483375959079284,0.9616368286445013,0.8
2015-16,2015-09-29,Group stage,Maccabi Tel Aviv,Dynamo Kyiv,1,7,0.0,4.0,1.1428571428571428,1.7142857142857142,0.0,0.14285714285714285,0.0,0.0,0,3,13,13,A,1,1,13,13,-1.1428571428571428,-2.2857142857142856,-1.7142857142857142,-2.857142857142857,-0.14285714285714285,0.0,-3,-6,0,0.14285714285714285,0.0,3,1.1428571428571428,2.2857142857142856,3,0.14285714285714285,1.1428571428571428,5.714285714285714,0.8571428571428572,0.8
2015-16,2015-09-29,Group stage,Porto,Chelsea,31,50,1.5806451612903225,1.096774193548387,2.02,0.9,0.45161290322580644,0.54,0.6,0.36,8,11,13,13,H,1,1,13,13,-0.4393548387096775,-0.196774193548387,0.6806451612903225,0.923225806451613,-0.0883870967741936,0.24,-3,-19,0,0.0883870967741936,0.24,3,0.4393548387096775,0.196774193548387,19,0.9916129032258065,3.6006451612903225,1.996774193548387,0.9116129032258065,0.8
2015-16,2015-09-29,Group stage,Zenit,Gent,29,1,1.103448275862069,1.3793103448275863,1.0,1.0,0.3448275862068966,0.0,0.35714285714285715,0.0,6,1,13,13,H,1,1,13,13,0.10344827586206895,-0.3793103448275863,0.10344827586206895,-0.3793103448275863,0.3448275862068966,0.35714285714285715,5,28,0,0.3448275862068966,0.35714285714285715,5,0.10344827586206895,0.3793103448275863,7,0.3448275862068966,2.103448275862069,2.3793103448275863,0.6551724137931034,0.6666666666666667
2015-16,2015-09-30,Group stage,Atlético Madrid,Benfica,24,35,1.7916666666666667,0.625,1.0571428571428572,1.1714285714285715,0.625,0.37142857142857144,0.8181818181818182,0.17647058823529413,7,8,15,15,A,1,1,15,15,0.7345238095238096,0.5464285714285715,0.6202380952380953,0.43214285714285716,0.25357142857142856,0.6417112299465241,-1,-11,0,0.25357142857142856,0.6417112299465241,1,0.7345238095238096,0.5464285714285715,15,0.9964285714285714,2.848809523809524,1.7964285714285715,0.7464285714285714,0.9333333333333333
2015-16,2015-09-30,Group stage,CSKA Moscow,PSV,21,1,1.1904761904761905,2.0952380952380953,2.0,1.0,0.19047619047619047,1.0,0.2,0.0,5,3,15,15,H,1,1,15,15,-0.8095238095238095,-1.0952380952380953,0.19047619047619047,-0.09523809523809534,-0.8095238095238095,0.2,2,20,0,0.8095238095238095,0.2,2,0.8095238095238095,1.0952380952380953,8,1.1904761904761905,3.1904761904761907,3.0952380952380953,0.19047619047619047,0.8666666666666667
2015-16,2015-09-30,Group stage,FC Astana,Galatasaray,1,25,0.0,2.0,1.08,2.08,0.0,0.28,0.0,0.25,0,0,15,15,D,1,1,15,15,-1.08,0.08000000000000007,-2.08,-0.9199999999999999,-0.28,-0.25,0,-24,0,0.28,0.25,0,1.08,0.08000000000000007,0,0.28,1.08,4.08,0.72,1.0
2015-16,2015-09-30,Group stage,Gladbach,Manchester City,1,29,0.0,3.0,1.5862068965517242,1.5172413793103448,0.0,0.3448275862068966,0.0,0.35714285714285715,0,6,15,15,A,1,1,15,15,-1.5862068965517242,-1.4827586206896552,-1.5172413793103448,-1.4137931034482758,-0.3448275862068966,-0.35714285714285715,-6,-28,0,0.3448275862068966,0.35714285714285715,6,1.5862068965517242,1.4827586206896552,6,0.3448275862068966,1.5862068965517242,4.517241379310345,0.6551724137931034,0.6
2015-16,2015-09-30,Group stage,Juventus,Sevilla,30,1,1.5,0.9333333333333333,3.0,0.0,0.4666666666666667,1.0,0.6,0.0,8,3,15,15,H,1,1,15,15,-1.5,-0.9333333333333333,1.5,2.0666666666666664,-0.5333333333333333,0.6,5,29,0,0.5333333333333333,0.6,5,1.5,0.9333333333333333,11,1.4666666666666668,4.5,0.9333333333333333,0.4666666666666667,0.6666666666666667
2015-16,2015-09-30,Group stage,Malmö,Real Madrid,7,62,0.5714285714285714,2.4285714285714284,2.5,0.8387096774193549,0.14285714285714285,0.7096774193548387,0.3333333333333333,0.5666666666666667,0,8,15,15,A,1,1,15,15,-1.9285714285714286,-1.5898617511520734,-0.2672811059907835,0.07142857142857162,-0.566820276497696,-0.23333333333333334,-8,-55,0,0.566820276497696,0.23333333333333334,8,1.9285714285714286,1.5898617511520734,8,0.8525345622119815,3.071428571428571,3.2672811059907834,0.43317972350230405,0.4666666666666667
2015-16,2015-09-30,Group stage,Manchester Utd,Wolfsburg,38,1,1.5526315789473684,0.9210526315789473,1.0,0.0,0.5263157894736842,1.0,0.6111111111111112,0.0,4,3,15,15,H,1,1,15,15,0.5526315789473684,-0.9210526315789473,1.5526315789473684,0.07894736842105265,-0.4736842105263158,0.6111111111111112,1,37,0,0.4736842105263158,0.6111111111111112,1,0.5526315789473684,0.9210526315789473,7,1.526315789473684,2.552631578947368,0.9210526315789473,0.5263157894736842,0.9333333333333333
2015-16,2015-09-30,Group stage,Shakhtar D.,Paris SG,39,31,1.564102564102564,1.435897435897436,1.967741935483871,1.032258064516129,0.38461538461538464,0.5806451612903226,0.42105263157894735,0.4666666666666667,2,5,15,15,A,1,1,15,15,-0.4036393713813069,-0.4036393713813069,0.5318444995864351,0.5318444995864351,-0.19602977667493798,-0.04561403508771933,-3,8,0,0.19602977667493798,0.04561403508771933,3,0.4036393713813069,0.4036393713813069,7,0.9652605459057073,3.531844499586435,2.468155500413565,0.8039702233250621,0.8
2015-16,2015-10-20,Group stage,Arsenal,Bayern Munich,42,60,1.7619047619047619,1.3333333333333333,2.35,0.95,0.5238095238095238,0.6833333333333333,0.6190476190476191,0.5666666666666667,6,12,21,21,H,1,1,21,21,-0.5880952380952382,-0.3833333333333333,0.8119047619047619,1.0166666666666668,-0.1595238095238095,0.05238095238095242,-6,-18,0,0.1595238095238095,0.05238095238095242,6,0.5880952380952382,0.3833333333333333,18,1.2071428571428573,4.111904761904762,2.283333333333333,0.8404761904761905,0.6
2015-16,2015-10-20,Group stage,BATE Borisov,Barcelona,20,62,0.85,2.95,2.225806451612903,0.9193548387096774,0.2,0.6451612903225806,0.3,0.5161290322580645,3,10,21,21,A,1,1,21,21,-1.375806451612903,-2.0306451612903227,-0.0693548387096774,-0.7241935483870972,-0.4451612903225806,-0.2161290322580645,-7,-42,0,0.4451612903225806,0.2161290322580645,7,1.375806451612903,2.0306451612903227,13,0.8451612903225807,3.075806451612903,3.8693548387096777,0.5548387096774194,0.5333333333333333
2015-16,2015-10-20,Group stage,Dinamo Zagreb,Olympiacos,14,28,0.42857142857142855,3.0,1.5,1.5714285714285714,0.07142857142857142,0.5,0.14285714285714285,0.2857142857142857,4,6,21,21,A,1,1,21,21,-1.0714285714285714,-1.4285714285714286,-1.1428571428571428,-1.5,-0.4285714285714286,-0.14285714285714285,-2,-14,0,0.4285714285714286,0.14285714285714285,2,1.0714285714285714,1.4285714285714286,10,0.5714285714285714,1.9285714285714286,4.571428571428571,0.5714285714285714,0.8666666666666667
2015-16,2015-10-20,Group stage,Dynamo Kyiv,Chelsea,8,51,1.25,1.5,2.0,0.9215686274509803,0.25,0.5294117647058824,0.25,0.34615384615384615,6,8,21,21,D,1,1,21,21,-0.75,-0.5784313725490197,0.32843137254901966,0.5,-0.27941176470588236,-0.09615384615384615,-2,-43,0,0.27941176470588236,0.09615384615384615,2,0.75,0.5784313725490197,14,0.7794117647058824,3.25,2.4215686274509802,0.7205882352941176,0.8666666666666667
2015-16,2015-10-20,Group stage,Leverkusen,Roma,26,16,1.2692307692307692,1.6153846153846154,1.4375,2.1875,0.4230769230769231,0.25,0.6923076923076923,0.125,7,2,21,21,D,1,1,21,21,-0.16826923076923084,0.5721153846153846,-0.9182692307692308,-0.17788461538461542,0.17307692307692307,0.5673076923076923,5,10,0,0.17307692307692307,0.5673076923076923,5,0.16826923076923084,0.5721153846153846,9,0.6730769230769231,2.706730769230769,3.8028846153846154,0.8269230769230769,0.6666666666666667
2015-16,2015-10-20,Group stage,Porto,Maccabi Tel Aviv,32,2,1.59375,1.09375,0.0,3.0,0.46875,0.0,0.625,0.0,10,0,21,21,H,1,1,21,21,1.59375,1.90625,-1.40625,-1.09375,0.46875,0.625,10,30,0,0.46875,0.625,10,1.59375,1.90625,10,0.46875,1.59375,4.09375,0.53125,0.33333333333333337
2015-16,2015-10-20,Group stage,Valencia,Gent,24,2,1.9166666666666667,1.0833333333333333,1.0,1.5,0.4166666666666667,0.0,0.5,0.0,7,1,21,21,H,1,1,21,21,0.9166666666666667,0.41666666666666674,0.41666666666666674,-0.08333333333333326,0.4166666666666667,0.5,6,22,0,0.4166666666666667,0.5,6,0.9166666666666667,0.41666666666666674,8,0.4166666666666667,2.916666666666667,2.583333333333333,0.5833333333333333,0.6
2015-16,2015-10-20,Group stage,Zenit,Lyon,30,18,1.1333333333333333,1.3666666666666667,1.2777777777777777,1.3333333333333333,0.36666666666666664,0.3333333333333333,0.4,0.2222222222222222,9,7,21,21,H,1,1,21,21,-0.14444444444444438,-0.03333333333333344,-0.19999999999999996,-0.08888888888888902,0.033333333333333326,0.1777777777777778,2,12,0,0.033333333333333326,0.1777777777777778,2,0.14444444444444438,0.03333333333333344,16,0.7,2.411111111111111,2.7,0.9666666666666667,0.8666666666666667
2015-16,2015-10-21,Group stage,Atlético Madrid,FC Astana,25,2,1.76,0.68,1.0,2.0,0.6,0.0,0.75,0.0,7,1,21,21,H,1,1,21,21,0.76,1.3199999999999998,-0.24,0.31999999999999995,0.6,0.75,6,23,0,0.6,0.75,6,0.76,1.3199999999999998,8,0.6,2.76,2.68,0.4,0.6
2015-16,2015-10-21,Group stage,CSKA Moscow,Manchester Utd,22,39,1.2727272727272727,2.090909090909091,1.564102564102564,0.9230769230769231,0.22727272727272727,0.5384615384615384,0.2727272727272727,0.45,7,7,21,21,D,1,1,21,21,-0.2913752913752914,-1.1678321678321677,0.3496503496503496,-0.5268065268065267,-0.31118881118881114,-0.1772727272727273,0,-17,0,0.31118881118881114,0.1772727272727273,0,0.2913752913752914,1.1678321678321677,14,0.7657342657342657,2.836829836829837,3.013986013986014,0.6888111888111889,1.0
2015-16,2015-10-21,Group stage,Galatasaray,Benfica,26,36,1.1153846153846154,2.076923076923077,1.0833333333333333,1.1666666666666667,0.2692307692307692,0.3888888888888889,0.3076923076923077,0.2222222222222222,1,10,21,21,H,1,1,21,21,0.03205128205128216,-0.9102564102564104,-0.05128205128205132,-0.9935897435897438,-0.11965811965811968,0.0854700854700855,-9,-10,0,0.11965811965811968,0.0854700854700855,9,0.03205128205128216,0.9102564102564104,11,0.6581196581196581,2.198717948717949,3.2435897435897436,0.8803418803418803,0.4
2015-16,2015-10-21,Group stage,Juventus,Gladbach,31,2,1.5161290322580645,0.9032258064516129,0.5,2.5,0.4838709677419355,0.0,0.625,0.0,10,0,21,21,D,1,1,21,21,1.0161290322580645,1.596774193548387,-0.9838709677419355,-0.4032258064516129,0.4838709677419355,0.625,10,29,0,0.4838709677419355,0.625,10,1.0161290322580645,1.596774193548387,10,0.4838709677419355,2.0161290322580645,3.403225806451613,0.5161290322580645,0.33333333333333337
2015-16,2015-10-21,Group stage,Malmö,Shakhtar D.,8,40,0.5,2.375,1.525,1.475,0.125,0.375,0.25,0.35,0,2,21,21,H,1,1,21,21,-1.025,-0.8999999999999999,-0.9750000000000001,-0.8500000000000001,-0.25,-0.09999999999999998,-2,-32,0,0.25,0.09999999999999998,2,1.025,0.8999999999999999,2,0.5,2.025,3.85,0.75,0.8666666666666667
2015-16,2015-10-21,Group stage,Manchester City,Sevilla,30,2,1.6,1.5,1.5,1.0,0.36666666666666664,0.5,0.3333333333333333,0.0,6,3,21,21,H,1,1,21,21,0.10000000000000009,-0.5,0.6000000000000001,0.0,-0.13333333333333336,0.3333333333333333,3,28,0,0.13333333333333336,0.3333333333333333,3,0.10000000000000009,0.5,9,0.8666666666666667,3.1,2.5,0.8666666666666667,0.8
2015-16,2015-10-21,Group stage,Paris SG,Real Madrid,32,63,2.0,1.0,2.492063492063492,0.8253968253968254,0.59375,0.7142857142857143,0.6875,0.5806451612903226,7,10,21,21,D,1,1,21,21,-0.4920634920634921,-0.17460317460317465,1.1746031746031746,1.492063492063492,-0.1205357142857143,0.10685483870967738,-3,-31,0,0.1205357142857143,0.10685483870967738,3,0.4920634920634921,0.17460317460317465,17,1.3080357142857144,4.492063492063492,1.8253968253968254,0.8794642857142857,0.8
2015-16,2015-10-21,Group stage,Wolfsburg,PSV,2,2,1.0,1.0,2.0,2.0,0.5,0.5,1.0,0.0,3,3,21,21,H,1,1,21,21,-1.0,1.0,-1.0,1.0,0.0,1.0,0,0,0,0.0,1.0,0,1.0,1.0,6,1.0,3.0,3.0,1.0,1.0
2015-16,2015-11-03,Group stage,Benfica,Galatasaray,37,27,1.0810810810810811,1.1891891891891893,1.1481481481481481,2.037037037037037,0.3783783783783784,0.2962962962962963,0.5555555555555556,0.23076923076923078,7,4,13,13,H,1,1,13,13,-0.067067067067067,0.847847847847848,-0.9559559559559561,-0.041041041041041115,0.08208208208208212,0.3247863247863248,3,10,0,0.08208208208208212,0.3247863247863248,3,0.067067067067067,0.847847847847848,11,0.6746746746746747,2.2292292292292295,3.2262262262262267,0.9179179179179179,0.8
2015-16,2015-11-03,Group stage,FC Astana,Atlético Madrid,3,26,0.6666666666666666,2.6666666666666665,1.8461538461538463,0.6538461538461539,0.0,0.6153846153846154,0.0,0.46153846153846156,1,7,13,13,D,1,1,13,13,-1.1794871794871797,-2.0128205128205128,0.012820512820512775,-0.8205128205128203,-0.6153846153846154,-0.46153846153846156,-6,-23,0,0.6153846153846154,0.46153846153846156,6,1.1794871794871797,2.0128205128205128,8,0.6153846153846154,2.5128205128205128,3.3205128205128203,0.3846153846153846,0.6
2015-16,2015-11-03,Group stage,Gladbach,Juventus,3,32,0.3333333333333333,1.6666666666666667,1.46875,0.875,0.0,0.46875,0.0,0.3333333333333333,1,8,13,13,D,1,1,13,13,-1.1354166666666667,-0.7916666666666667,-0.5416666666666667,-0.19791666666666674,-0.46875,-0.3333333333333333,-7,-29,0,0.46875,0.3333333333333333,7,1.1354166666666667,0.7916666666666667,9,0.46875,1.8020833333333333,2.541666666666667,0.53125,0.5333333333333333
2015-16,2015-11-03,Group stage,Manchester Utd,CSKA Moscow,40,23,1.55,0.925,1.2608695652173914,2.0434782608695654,0.525,0.21739130434782608,0.631578947368421,0.18181818181818182,5,5,13,13,H,1,1,13,13,0.2891304347826087,1.1184782608695654,-0.49347826086956537,0.3358695652173913,0.30760869565217397,0.4497607655502392,0,17,0,0.30760869565217397,0.4497607655502392,0,0.2891304347826087,1.1184782608695654,10,0.7423913043478261,2.8108695652173914,2.9684782608695652,0.692391304347826,1.0
2015-16,2015-11-03,Group stage,PSV,Wolfsburg,3,3,1.3333333333333333,2.0,1.3333333333333333,0.6666666666666666,0.3333333333333333,0.6666666666666666,1.0,0.0,3,6,13,13,H,1,1,13,13,0.0,-1.3333333333333335,0.6666666666666666,-0.6666666666666667,-0.3333333333333333,1.0,-3,0,0,0.3333333333333333,1.0,3,0.0,1.3333333333333335,9,1.0,2.6666666666666665,2.6666666666666665,0.6666666666666667,0.8
2015-16,2015-11-03,Group stage,Real Madrid,Paris SG,64,33,2.453125,0.8125,1.9393939393939394,0.9696969696969697,0.703125,0.5757575757575758,0.84375,0.5,8,7,13,13,H,1,1,13,13,0.5137310606060606,0.15719696969696972,1.4834280303030303,1.1268939393939394,0.1273674242424242,0.34375,1,31,0,0.1273674242424242,0.34375,1,0.5137310606060606,0.15719696969696972,15,1.2788825757575757,4.3925189393939394,1.7821969696969697,0.8726325757575758,0.9333333333333333
2015-16,2015-11-03,Group stage,Sevilla,Manchester City,3,31,1.3333333333333333,1.3333333333333333,1.6129032258064515,1.4838709677419355,0.3333333333333333,0.3870967741935484,1.0,0.4,3,6,13,13,A,1,1,13,13,-0.27956989247311825,0.15053763440860224,-0.15053763440860224,0.27956989247311825,-0.05376344086021506,0.6,-3,-28,0,0.05376344086021506,0.6,3,0.27956989247311825,0.15053763440860224,9,0.7204301075268817,2.946236559139785,2.817204301075269,0.946236559139785,0.8
2015-16,2015-11-03,Group stage,Shakhtar D.,Malmö,41,9,1.4878048780487805,1.4634146341463414,0.5555555555555556,2.111111111111111,0.36585365853658536,0.2222222222222222,0.4,0.0,1,3,13,13,H,1,1,13,13,0.9322493224932249,0.6476964769647697,-0.6233062330623307,-0.9078590785907859,0.14363143631436315,0.4,-2,32,0,0.14363143631436315,0.4,2,0.9322493224932249,0.6476964769647697,4,0.5880758807588076,2.0433604336043363,3.5745257452574526,0.8563685636856369,0.8666666666666667
2015-16,2015-11-04,Group stage,Barcelona,BATE Borisov,63,21,2.2222222222222223,0.9047619047619048,0.8095238095238095,2.9047619047619047,0.6507936507936508,0.19047619047619047,0.7741935483870968,0.1,10,3,15,15,H,1,1,15,15,1.4126984126984128,2.0,-0.6825396825396823,-0.09523809523809523,0.46031746031746035,0.6741935483870968,7,42,0,0.46031746031746035,0.6741935483870968,7,1.4126984126984128,2.0,13,0.8412698412698413,3.0317460317460316,3.8095238095238093,0.5396825396825397,0.5333333333333333
2015-16,2015-11-04,Group stage,Bayern Munich,Arsenal,61,43,2.3114754098360657,0.9672131147540983,1.7674418604651163,1.302325581395349,0.6721311475409836,0.5348837209302325,0.8,0.42857142857142855,9,6,15,15,H,1,1,15,15,0.5440335493709494,0.3351124666412506,1.0091498284407168,0.800228745711018,0.13724742661075107,0.3714285714285715,3,18,0,0.13724742661075107,0.3714285714285715,3,0.5440335493709494,0.3351124666412506,15,1.207014868471216,4.078917270301182,2.2695386961494473,0.8627525733892489,0.8
2015-16,2015-11-04,Group stage,Chelsea,Dynamo Kyiv,52,9,1.9615384615384615,0.9038461538461539,1.1111111111111112,1.3333333333333333,0.5192307692307693,0.2222222222222222,0.72,0.25,6,6,15,15,H,1,1,15,15,0.8504273504273503,0.4294871794871794,0.6282051282051282,0.2072649572649573,0.29700854700854706,0.47,0,43,0,0.29700854700854706,0.47,0,0.8504273504273503,0.4294871794871794,12,0.7414529914529915,3.0726495726495724,2.2371794871794872,0.7029914529914529,1.0
2015-16,2015-11-04,Group stage,Gent,Valencia,3,25,1.0,1.6666666666666667,1.92,1.08,0.0,0.44,0.0,0.3333333333333333,1,7,15,15,H,1,1,15,15,-0.9199999999999999,-0.5866666666666667,-0.08000000000000007,0.2533333333333332,-0.44,-0.3333333333333333,-6,-22,0,0.44,0.3333333333333333,6,0.9199999999999999,0.5866666666666667,8,0.44,2.92,2.746666666666667,0.56,0.6
2015-16,2015-11-04,Group stage,Lyon,Zenit,19,31,1.263157894736842,1.4210526315789473,1.1935483870967742,1.3548387096774193,0.3157894736842105,0.3870967741935484,0.4444444444444444,0.3333333333333333,4,12,15,15,A,1,1,15,15,0.06960950764006779,-0.06621392190152808,-0.09168081494057723,-0.2275042444821731,-0.07130730050933787,0.1111111111111111,-8,-12,0,0.07130730050933787,0.1111111111111111,8,0.06960950764006779,0.06621392190152808,16,0.7028862478777589,2.4567062818336165,2.775891341256367,0.9286926994906621,0.4666666666666667
2015-16,2015-11-04,Group stage,Maccabi Tel Aviv,Porto,3,33,0.0,2.6666666666666665,1.606060606060606,1.0606060606060606,0.0,0.48484848484848486,0.0,0.3125,0,10,15,15,A,1,1,15,15,-1.606060606060606,-1.606060606060606,-1.0606060606060606,-1.0606060606060606,-0.48484848484848486,-0.3125,-10,-30,0,0.48484848484848486,0.3125,10,1.606060606060606,1.606060606060606,10,0.48484848484848486,1.606060606060606,3.727272727272727,0.5151515151515151,0.33333333333333337
2015-16,2015-11-04,Group stage,Olympiacos,Dinamo Zagreb,29,15,1.4827586206896552,1.5172413793103448,0.4,2.8666666666666667,0.5172413793103449,0.06666666666666667,0.7142857142857143,0.0,9,4,15,15,H,1,1,15,15,1.0827586206896553,1.349425287356322,-1.3839080459770114,-1.1172413793103448,0.4505747126436782,0.7142857142857143,5,14,0,0.4505747126436782,0.7142857142857143,5,1.0827586206896553,1.349425287356322,13,0.5839080459770115,1.8827586206896552,4.3839080459770114,0.5494252873563218,0.6666666666666667
2015-16,2015-11-04,Group stage,Roma,Leverkusen,17,27,1.588235294117647,2.2941176470588234,1.3703703703703705,1.7037037037037037,0.23529411764705882,0.4074074074074074,0.375,0.15384615384615385,3,7,15,15,H,1,1,15,15,0.2178649237472765,-0.5904139433551197,-0.11546840958605675,-0.9237472766884529,-0.17211328976034856,0.22115384615384615,-4,-10,0,0.17211328976034856,0.22115384615384615,4,0.2178649237472765,0.5904139433551197,10,0.6427015250544662,2.9586056644880174,3.997821350762527,0.8278867102396514,0.7333333333333334
2015-16,2015-11-24,Group stage,Arsenal,Dinamo Zagreb,44,16,1.75,1.3863636363636365,0.4375,2.8125,0.5227272727272727,0.0625,0.6363636363636364,0.0,6,4,20,20,H,1,1,20,20,1.3125,1.4261363636363635,-1.0625,-0.9488636363636365,0.4602272727272727,0.6363636363636364,2,28,0,0.4602272727272727,0.6363636363636364,2,1.3125,1.4261363636363635,10,0.5852272727272727,2.1875,4.198863636363637,0.5397727272727273,0.8666666666666667
2015-16,2015-11-24,Group stage,BATE Borisov,Leverkusen,22,28,0.7727272727272727,2.909090909090909,1.3928571428571428,1.75,0.18181818181818182,0.39285714285714285,0.2727272727272727,0.14285714285714285,3,4,20,20,D,1,1,20,20,-0.6201298701298701,-1.1590909090909092,-0.9772727272727273,-1.5162337662337664,-0.21103896103896103,0.12987012987012986,-1,-6,0,0.21103896103896103,0.12987012987012986,1,0.6201298701298701,1.1590909090909092,7,0.5746753246753247,2.1655844155844157,4.659090909090909,0.788961038961039,0.9333333333333333
2015-16,2015-11-24,Group stage,Barcelona,Roma,64,18,2.234375,0.890625,1.6666666666666667,2.2777777777777777,0.65625,0.2777777777777778,0.78125,0.1111111111111111,13,5,20,20,H,1,1,20,20,0.5677083333333333,1.3871527777777777,-0.04340277777777768,0.7760416666666667,0.3784722222222222,0.6701388888888888,8,46,0,0.3784722222222222,0.6701388888888888,8,0.5677083333333333,1.3871527777777777,18,0.9340277777777778,3.901041666666667,3.1684027777777777,0.6215277777777778,0.4666666666666667
2015-16,2015-11-24,Group stage,Bayern Munich,Olympiacos,62,30,2.3548387096774195,0.967741935483871,1.5,1.5,0.6774193548387096,0.5333333333333333,0.8064516129032258,0.3333333333333333,12,12,20,20,H,1,1,20,20,0.8548387096774195,0.532258064516129,0.8548387096774195,0.532258064516129,0.1440860215053763,0.47311827956989244,0,32,0,0.1440860215053763,0.47311827956989244,0,0.8548387096774195,0.532258064516129,24,1.210752688172043,3.8548387096774195,2.467741935483871,0.8559139784946237,1.0
2015-16,2015-11-24,Group stage,Lyon,Gent,20,4,1.2,1.45,1.0,1.25,0.3,0.25,0.4,0.0,1,4,20,20,A,1,1,20,20,0.19999999999999996,-0.19999999999999996,-0.050000000000000044,-0.44999999999999996,0.04999999999999999,0.4,-3,16,0,0.04999999999999999,0.4,3,0.19999999999999996,0.19999999999999996,5,0.55,2.2,2.7,0.95,0.8
2015-16,2015-11-24,Group stage,Maccabi Tel Aviv,Chelsea,4,53,0.25,2.75,1.9622641509433962,0.9056603773584906,0.0,0.5283018867924528,0.0,0.3333333333333333,0,8,20,20,A,1,1,20,20,-1.7122641509433962,-1.8443396226415094,-0.6556603773584906,-0.7877358490566038,-0.5283018867924528,-0.3333333333333333,-8,-49,0,0.5283018867924528,0.3333333333333333,8,1.7122641509433962,1.8443396226415094,8,0.5283018867924528,2.2122641509433962,3.6556603773584904,0.4716981132075472,0.4666666666666667
2015-16,2015-11-24,Group stage,Porto,Dynamo Kyiv,34,10,1.6470588235294117,1.0588235294117647,1.1,1.4,0.5,0.2,0.6470588235294118,0.2,10,6,20,20,A,1,1,20,20,0.5470588235294116,0.3411764705882352,0.24705882352941178,0.04117647058823537,0.3,0.4470588235294118,4,24,0,0.3,0.4470588235294118,4,0.5470588235294116,0.3411764705882352,16,0.7,2.7470588235294118,2.458823529411765,0.7,0.7333333333333334
2015-16,2015-11-24,Group stage,Zenit,Valencia,32,26,1.21875,1.3125,1.8461538461538463,1.0769230769230769,0.40625,0.4230769230769231,0.4375,0.3076923076923077,12,7,20,20,H,1,1,20,20,-0.6274038461538463,-0.23557692307692313,0.14182692307692313,0.5336538461538463,-0.016826923076923073,0.1298076923076923,5,6,0,0.016826923076923073,0.1298076923076923,5,0.6274038461538463,0.23557692307692313,19,0.8293269230769231,3.0649038461538463,2.3894230769230766,0.9831730769230769,0.6666666666666667
2015-16,2015-11-25,Group stage,Atlético Madrid,Galatasaray,27,28,1.7777777777777777,0.6296296296296297,1.1428571428571428,2.0357142857142856,0.5925925925925926,0.2857142857142857,0.7692307692307693,0.21428571428571427,7,4,22,22,H,1,1,22,22,0.6349206349206349,1.4060846560846558,-0.2579365079365079,0.5132275132275131,0.30687830687830686,0.554945054945055,3,-1,0,0.30687830687830686,0.554945054945055,3,0.6349206349206349,1.4060846560846558,11,0.8783068783068783,2.9206349206349205,2.6653439153439153,0.6931216931216931,0.8
2015-16,2015-11-25,Group stage,CSKA Moscow,Wolfsburg,24,4,1.2083333333333333,2.0,1.0,1.0,0.20833333333333334,0.5,0.25,0.0,4,6,22,22,A,1,1,22,22,0.20833333333333326,-1.0,0.20833333333333326,-1.0,-0.29166666666666663,0.25,-2,20,0,0.29166666666666663,0.25,2,0.20833333333333326,1.0,10,0.7083333333333334,2.208333333333333,3.0,0.7083333333333334,0.8666666666666667
2015-16,2015-11-25,Group stage,FC Astana,Benfica,4,38,0.5,2.0,1.105263157894737,1.1842105263157894,0.0,0.39473684210526316,0.0,0.21052631578947367,2,10,22,22,D,1,1,22,22,-0.605263157894737,-0.8157894736842106,-0.6842105263157894,-0.894736842105263,-0.39473684210526316,-0.21052631578947367,-8,-34,0,0.39473684210526316,0.21052631578947367,8,0.605263157894737,0.8157894736842106,12,0.39473684210526316,1.605263157894737,3.1842105263157894,0.6052631578947368,0.4666666666666667
2015-16,2015-11-25,Group stage,Gladbach,Sevilla,4,4,0.5,1.5,1.25,1.75,0.0,0.25,0.0,0.0,2,3,22,22,H,1,1,22,22,-0.75,0.25,-1.25,-0.25,-0.25,0.0,-1,0,0,0.25,0.0,1,0.75,0.25,5,0.25,1.75,3.25,0.75,0.9333333333333333
2015-16,2015-11-25,Group stage,Juventus,Manchester City,33,32,1.4545454545454546,0.8787878787878788,1.65625,1.46875,0.45454545454545453,0.40625,0.5882352941176471,0.4375,8,9,22,22,H,1,1,22,22,-0.20170454545454541,0.5899621212121212,-0.014204545454545414,0.7774621212121212,0.04829545454545453,0.15073529411764708,-1,1,0,0.04829545454545453,0.15073529411764708,1,0.20170454545454541,0.5899621212121212,17,0.8607954545454546,3.1107954545454546,2.347537878787879,0.9517045454545454,0.9333333333333333
2015-16,2015-11-25,Group stage,Malmö,Paris SG,10,34,0.5,2.3,1.8823529411764706,0.9705882352941176,0.2,0.5588235294117647,0.4,0.47058823529411764,3,7,22,22,A,1,1,22,22,-1.3823529411764706,-1.329411764705882,-0.47058823529411764,-0.41764705882352926,-0.3588235294117647,-0.07058823529411762,-4,-24,0,0.3588235294117647,0.07058823529411762,4,1.3823529411764706,1.329411764705882,10,0.7588235294117647,2.3823529411764706,3.2705882352941176,0.6411764705882352,0.7333333333333334
2015-16,2015-11-25,Group stage,Manchester Utd,PSV,41,4,1.5365853658536586,0.9024390243902439,1.5,1.5,0.5365853658536586,0.5,0.65,0.0,7,6,22,22,D,1,1,22,22,0.03658536585365857,0.5975609756097561,0.03658536585365857,0.5975609756097561,0.03658536585365857,0.65,1,37,0,0.03658536585365857,0.65,1,0.03658536585365857,0.5975609756097561,13,1.0365853658536586,3.0365853658536586,2.402439024390244,0.9634146341463414,0.9333333333333333
2015-16,2015-11-25,Group stage,Shakhtar D.,Real Madrid,42,65,1.5476190476190477,1.4285714285714286,2.4307692307692306,0.8,0.38095238095238093,0.7076923076923077,0.42857142857142855,0.5625,3,11,22,22,A,1,1,22,22,-0.8831501831501829,-0.6285714285714286,0.7476190476190476,1.002197802197802,-0.3267399267399268,-0.13392857142857145,-8,-23,0,0.3267399267399268,0.13392857142857145,8,0.8831501831501829,0.6285714285714286,14,1.0886446886446888,3.9783882783882785,2.2285714285714286,0.6732600732600732,0.4666666666666667
2015-16,2015-12-08,Group stage,Benfica,Atlético Madrid,39,28,1.1282051282051282,1.205128205128205,1.7857142857142858,0.6071428571428571,0.38461538461538464,0.6071428571428571,0.5789473684210527,0.42857142857142855,10,10,13,13,A,1,1,13,13,-0.6575091575091576,-0.597985347985348,0.5210622710622711,0.5805860805860807,-0.22252747252747246,0.1503759398496241,0,11,0,0.22252747252747246,0.1503759398496241,0,0.6575091575091576,0.597985347985348,20,0.9917582417582418,2.9139194139194142,1.812271062271062,0.7774725274725276,1.0
2015-16,2015-12-08,Group stage,Galatasaray,FC Astana,29,5,1.103448275862069,2.0344827586206895,0.8,2.0,0.27586206896551724,0.0,0.35714285714285715,0.0,4,3,13,13,D,1,1,13,13,0.3034482758620689,-0.0344827586206895,-0.896551724137931,-1.2344827586206895,0.27586206896551724,0.35714285714285715,1,24,0,0.27586206896551724,0.35714285714285715,1,0.3034482758620689,0.0344827586206895,7,0.27586206896551724,1.903448275862069,4.0344827586206895,0.7241379310344828,0.9333333333333333
2015-16,2015-12-08,Group stage,Manchester City,Gladbach,33,5,1.606060606060606,1.4545454545454546,1.2,1.6,0.3939393939393939,0.2,0.375,0.0,9,5,13,13,H,1,1,13,13,0.406060606060606,0.1454545454545455,0.006060606060605878,-0.25454545454545463,0.1939393939393939,0.375,4,28,0,0.1939393939393939,0.375,4,0.406060606060606,0.1454545454545455,14,0.593939393939394,2.8060606060606057,3.0545454545454547,0.8060606060606061,0.7333333333333334
2015-16,2015-12-08,Group stage,PSV,CSKA Moscow,5,25,1.2,1.2,1.16,2.0,0.4,0.2,1.0,0.16666666666666666,7,4,13,13,H,1,1,13,13,0.040000000000000036,0.8,-0.8,-0.040000000000000036,0.2,0.8333333333333334,3,-20,0,0.2,0.8333333333333334,3,0.040000000000000036,0.8,11,0.6000000000000001,2.36,3.2,0.8,0.8
2015-16,2015-12-08,Group stage,Paris SG,Shakhtar D.,35,43,1.9714285714285715,0.9428571428571428,1.5813953488372092,1.4883720930232558,0.5714285714285714,0.37209302325581395,0.6470588235294118,0.3333333333333333,10,3,13,13,H,1,1,13,13,0.3900332225913623,0.545514950166113,0.48305647840531574,0.6385382059800664,0.19933554817275745,0.3137254901960785,7,-8,0,0.19933554817275745,0.3137254901960785,7,0.3900332225913623,0.545514950166113,13,0.9435215946843853,3.552823920265781,2.431229235880399,0.8006644518272426,0.5333333333333333
2015-16,2015-12-08,Group stage,Real Madrid,Malmö,66,11,2.4545454545454546,0.8333333333333334,0.45454545454545453,2.5454545454545454,0.7121212121212122,0.18181818181818182,0.8484848484848485,0.0,13,3,13,13,H,1,1,13,13,2.0,1.712121212121212,-0.09090909090909083,-0.37878787878787884,0.5303030303030303,0.8484848484848485,10,55,0,0.5303030303030303,0.8484848484848485,10,2.0,1.712121212121212,16,0.893939393939394,2.909090909090909,3.378787878787879,0.4696969696969697,0.33333333333333337
2015-16,2015-12-08,Group stage,Sevilla,Juventus,5,34,1.4,2.2,1.4411764705882353,0.8529411764705882,0.2,0.47058823529411764,0.5,0.3125,3,11,13,13,H,1,1,13,13,-0.04117647058823537,-1.3470588235294119,0.5470588235294117,-0.7588235294117649,-0.27058823529411763,0.1875,-8,-29,0,0.27058823529411763,0.1875,8,0.04117647058823537,1.3470588235294119,14,0.6705882352941177,2.841176470588235,3.0529411764705885,0.7294117647058824,0.4666666666666667
2015-16,2015-12-08,Group stage,Wolfsburg,Manchester Utd,5,42,1.2,0.8,1.5,0.8809523809523809,0.6,0.5238095238095238,1.0,0.42857142857142855,9,8,13,13,H,1,1,13,13,-0.30000000000000004,0.08095238095238089,0.319047619047619,0.7,0.07619047619047614,0.5714285714285714,1,-37,0,0.07619047619047614,0.5714285714285714,1,0.30000000000000004,0.08095238095238089,17,1.1238095238095238,2.7,1.680952380952381,0.9238095238095239,0.9333333333333333
2015-16,2015-12-09,Group stage,Chelsea,Porto,54,35,2.0,0.8888888888888888,1.6,1.0857142857142856,0.5370370370370371,0.4857142857142857,0.7307692307692307,0.35294117647058826,10,10,15,15,H,1,1,15,15,0.3999999999999999,0.1968253968253968,0.9142857142857144,0.7111111111111112,0.05132275132275138,0.37782805429864247,0,19,0,0.05132275132275138,0.37782805429864247,0,0.3999999999999999,0.1968253968253968,20,1.0227513227513227,3.6,1.9746031746031745,0.9486772486772486,1.0
2015-16,2015-12-09,Group stage,Dinamo Zagreb,Bayern Munich,17,63,0.4117647058823529,2.823529411764706,2.380952380952381,0.9523809523809523,0.058823529411764705,0.6825396825396826,0.125,0.5483870967741935,3,12,15,15,A,1,1,15,15,-1.9691876750700281,-1.8711484593837537,-0.5406162464985994,-0.44257703081232513,-0.6237161531279178,-0.4233870967741935,-9,-46,0,0.6237161531279178,0.4233870967741935,9,1.9691876750700281,1.8711484593837537,15,0.7413632119514473,2.7927170868347337,3.775910364145658,0.37628384687208216,0.4
2015-16,2015-12-09,Group stage,Dynamo Kyiv,Maccabi Tel Aviv,11,5,1.1818181818181819,1.2727272727272727,0.2,3.0,0.2727272727272727,0.0,0.2,0.0,8,0,15,15,H,1,1,15,15,0.9818181818181819,1.7272727272727273,-1.8181818181818181,-1.0727272727272728,0.2727272727272727,0.2,8,6,0,0.2727272727272727,0.2,8,0.9818181818181819,1.7272727272727273,8,0.2727272727272727,1.3818181818181818,4.2727272727272725,0.7272727272727273,0.4666666666666667
2015-16,2015-12-09,Group stage,Gent,Zenit,5,33,1.2,1.2,1.2424242424242424,1.2727272727272727,0.4,0.42424242424242425,0.5,0.375,7,15,15,15,H,1,1,15,15,-0.042424242424242475,0.07272727272727275,-0.07272727272727275,0.042424242424242475,-0.024242424242424232,0.125,-8,-28,0,0.024242424242424232,0.125,8,0.042424242424242475,0.07272727272727275,22,0.8242424242424242,2.4424242424242424,2.4727272727272727,0.9757575757575758,0.4666666666666667
2015-16,2015-12-09,Group stage,Leverkusen,Barcelona,29,65,1.3793103448275863,1.7241379310344827,2.292307692307692,0.8923076923076924,0.3793103448275862,0.6615384615384615,0.6428571428571429,0.53125,5,13,15,15,D,1,1,15,15,-0.9129973474801059,-0.8318302387267903,0.48700265251989394,0.5681697612732095,-0.28222811671087533,0.1116071428571429,-8,-36,0,0.28222811671087533,0.1116071428571429,8,0.9129973474801059,0.8318302387267903,18,1.0408488063660477,3.6716180371352785,2.616445623342175,0.7177718832891247,0.4666666666666667
2015-16,2015-12-09,Group stage,Olympiacos,Arsenal,31,45,1.4516129032258065,1.5806451612903225,1.7777777777777777,1.3555555555555556,0.5161290322580645,0.5333333333333333,0.7333333333333333,0.4090909090909091,9,6,15,15,A,1,1,15,15,-0.3261648745519712,-0.22508960573476688,0.09605734767025087,0.19713261648745517,-0.017204301075268824,0.32424242424242417,3,-14,0,0.017204301075268824,0.32424242424242417,3,0.3261648745519712,0.22508960573476688,15,1.0494623655913977,3.229390681003584,2.936200716845878,0.9827956989247312,0.8
2015-16,2015-12-09,Group stage,Roma,BATE Borisov,19,23,1.631578947368421,2.473684210526316,0.782608695652174,2.8260869565217392,0.2631578947368421,0.17391304347826086,0.4444444444444444,0.09090909090909091,5,4,15,15,D,1,1,15,15,0.8489702517162471,0.3524027459954233,-1.1945080091533182,-1.691075514874142,0.08924485125858123,0.3535353535353535,1,-4,0,0.08924485125858123,0.3535353535353535,1,0.8489702517162471,0.3524027459954233,9,0.43707093821510296,2.414187643020595,5.299771167048055,0.9107551487414187,0.9333333333333333
2015-16,2015-12-09,Group stage,Valencia,Lyon,27,21,1.7777777777777777,1.1111111111111112,1.1904761904761905,1.4761904761904763,0.4074074074074074,0.2857142857142857,0.5384615384615384,0.2,6,1,15,15,A,1,1,15,15,0.5873015873015872,0.3650793650793651,0.3015873015873014,0.0793650793650793,0.12169312169312169,0.3384615384615384,5,6,0,0.12169312169312169,0.3384615384615384,5,0.5873015873015872,0.3650793650793651,7,0.693121693121693,2.9682539682539684,2.5873015873015874,0.8783068783068784,0.6666666666666667
2015-16,2016-02-16,Round of 16,Benfica,Zenit,40,34,1.125,1.225,1.2352941176470589,1.2941176470588236,0.375,0.4117647058823529,0.55,0.35294117647058826,7,12,70,69,H,1,1,70,69,-0.11029411764705888,0.0691176470588235,-0.1691176470588236,0.010294117647058787,-0.03676470588235292,0.1970588235294118,-5,6,1,0.03676470588235292,0.1970588235294118,5,0.11029411764705888,0.0691176470588235,19,0.7867647058823529,2.360294117647059,2.519117647058824,0.9632352941176471,0.6666666666666667
2015-16,2016-02-16,Round of 16,Paris SG,Chelsea,36,55,1.9722222222222223,0.9166666666666666,2.0,0.8727272727272727,0.5833333333333334,0.5454545454545454,0.6666666666666666,0.35714285714285715,10,10,70,69,H,1,1,70,69,-0.02777777777777768,-0.043939393939393945,1.0994949494949497,1.0833333333333335,0.037878787878787956,0.3095238095238095,0,-19,1,0.037878787878787956,0.3095238095238095,0,0.02777777777777768,0.043939393939393945,20,1.128787878787879,3.9722222222222223,1.7893939393939393,0.962121212121212,1.0
2015-16,2016-02-17,Round of 16,Gent,Wolfsburg,6,6,1.3333333333333333,1.1666666666666667,1.5,1.0,0.5,0.6666666666666666,0.6666666666666666,0.3333333333333333,9,9,70,71,A,1,1,70,71,-0.16666666666666674,-0.16666666666666674,0.33333333333333326,0.33333333333333326,-0.16666666666666663,0.3333333333333333,0,0,-1,0.16666666666666663,0.3333333333333333,0,0.16666666666666674,0.16666666666666674,18,1.1666666666666665,2.833333333333333,2.166666666666667,0.8333333333333334,1.0
2015-16,2016-02-17,Round of 16,Roma,Real Madrid,20,67,1.55,2.35,2.537313432835821,0.8208955223880597,0.25,0.7164179104477612,0.4,0.5757575757575758,5,13,70,71,A,1,1,70,71,-0.9873134328358211,-1.5291044776119405,0.7291044776119403,0.18731343283582103,-0.46641791044776115,-0.17575757575757578,-8,-47,-1,0.46641791044776115,0.17575757575757578,8,0.9873134328358211,1.5291044776119405,18,0.9664179104477612,4.087313432835821,3.1708955223880597,0.5335820895522388,0.4666666666666667
2015-16,2016-02-23,Round of 16,Arsenal,Barcelona,46,66,1.8043478260869565,1.326086956521739,2.272727272727273,0.8939393939393939,0.5434782608695652,0.6515151515151515,0.6521739130434783,0.5151515151515151,9,13,76,76,A,1,1,76,76,-0.4683794466403164,-0.4321475625823451,0.9104084321475626,0.9466403162055339,-0.1080368906455863,0.13702239789196313,-4,-20,0,0.1080368906455863,0.13702239789196313,4,0.4683794466403164,0.4321475625823451,22,1.1949934123847168,4.0770750988142295,2.220026350461133,0.8919631093544137,0.7333333333333334
2015-16,2016-02-23,Round of 16,Juventus,Bayern Munich,35,64,1.4,0.8571428571428571,2.375,0.9375,0.45714285714285713,0.6875,0.6111111111111112,0.5625,8,12,77,76,D,1,1,77,76,-0.9750000000000001,0.0803571428571429,0.4624999999999999,1.5178571428571428,-0.23035714285714287,0.04861111111111116,-4,-29,1,0.23035714285714287,0.04861111111111116,4,0.9750000000000001,0.0803571428571429,20,1.144642857142857,3.775,1.7946428571428572,0.7696428571428571,0.7333333333333334
2015-16,2016-02-24,Round of 16,Dynamo Kyiv,Manchester City,12,34,1.1666666666666667,1.1666666666666667,1.6764705882352942,1.4705882352941178,0.3333333333333333,0.4117647058823529,0.3333333333333333,0.4117647058823529,10,12,77,78,A,1,1,77,78,-0.5098039215686274,0.303921568627451,-0.303921568627451,0.5098039215686274,-0.0784313725490196,-0.0784313725490196,-2,-22,-1,0.0784313725490196,0.0784313725490196,2,0.5098039215686274,0.303921568627451,22,0.7450980392156863,2.843137254901961,2.6372549019607847,0.9215686274509804,0.8666666666666667
2015-16,2016-02-24,Round of 16,PSV,Atlético Madrid,6,29,1.3333333333333333,1.1666666666666667,1.793103448275862,0.6206896551724138,0.5,0.6206896551724138,1.0,0.4666666666666667,7,10,78,78,D,1,1,78,78,-0.45977011494252884,-0.5459770114942529,0.7126436781609194,0.6264367816091954,-0.12068965517241381,0.5333333333333333,-3,-23,0,0.12068965517241381,0.5333333333333333,3,0.45977011494252884,0.5459770114942529,17,1.1206896551724137,3.126436781609195,1.7873563218390807,0.8793103448275862,0.8
2015-16,2016-03-08,Round of 16,Real Madrid,Roma,68,21,2.5294117647058822,0.8088235294117647,1.4761904761904763,2.3333333333333335,0.7205882352941176,0.23809523809523808,0.8529411764705882,0.1,13,5,20,20,H,1,1,20,20,1.053221288515406,1.5245098039215688,0.19607843137254877,0.6673669467787116,0.48249299719887956,0.7529411764705882,8,47,0,0.48249299719887956,0.7529411764705882,8,1.053221288515406,1.5245098039215688,18,0.9586834733893557,4.0056022408963585,3.1421568627450984,0.5175070028011204,0.4666666666666667
2015-16,2016-03-08,Round of 16,Wolfsburg,Gent,7,7,1.7142857142857142,1.1428571428571428,1.4285714285714286,1.4285714285714286,0.7142857142857143,0.42857142857142855,1.0,0.3333333333333333,12,9,20,20,H,1,1,20,20,0.2857142857142856,0.2857142857142858,0.2857142857142856,0.2857142857142858,0.28571428571428575,0.6666666666666667,3,0,0,0.28571428571428575,0.6666666666666667,3,0.2857142857142856,0.2857142857142858,21,1.1428571428571428,3.142857142857143,2.571428571428571,0.7142857142857142,0.8
2015-16,2016-03-09,Round of 16,Chelsea,Paris SG,56,37,1.9821428571428572,0.8928571428571429,1.972972972972973,0.918918918918919,0.5357142857142857,0.5945945945945946,0.7407407407407407,0.5,10,10,22,22,A,1,1,22,22,0.00916988416988418,0.026061776061776065,1.0632239382239383,1.08011583011583,-0.05888030888030893,0.2407407407407407,0,19,0,0.05888030888030893,0.2407407407407407,0,0.00916988416988418,0.026061776061776065,20,1.1303088803088803,3.9551158301158305,1.8117760617760619,0.9411196911196911,1.0
2015-16,2016-03-09,Round of 16,Zenit,Benfica,35,41,1.2,1.2857142857142858,1.1219512195121952,1.1951219512195121,0.4,0.3902439024390244,0.47058823529411764,0.2,9,7,22,22,A,1,1,22,22,0.07804878048780473,-0.09059233449477366,0.004878048780487809,-0.16376306620209058,0.009756097560975618,0.27058823529411763,2,-6,0,0.009756097560975618,0.27058823529411763,2,0.07804878048780473,0.09059233449477366,16,0.7902439024390244,2.3219512195121954,2.480836236933798,0.9902439024390244,0.8666666666666667
2015-16,2016-03-15,Round of 16,Atlético Madrid,PSV,30,7,1.7333333333333334,0.6,1.1428571428571428,1.0,0.6,0.42857142857142855,0.7857142857142857,0.0,11,8,20,20,D,1,1,20,20,0.5904761904761906,0.4,0.7333333333333334,0.5428571428571428,0.17142857142857143,0.7857142857142857,3,23,0,0.17142857142857143,0.7857142857142857,3,0.5904761904761906,0.4,19,1.0285714285714285,2.876190476190476,1.6,0.8285714285714285,0.8
2015-16,2016-03-15,Round of 16,Manchester City,Dynamo Kyiv,35,13,1.7142857142857142,1.457142857142857,1.1538461538461537,1.3076923076923077,0.42857142857142855,0.3076923076923077,0.4117647058823529,0.3333333333333333,12,7,20,20,D,1,1,20,20,0.5604395604395604,-0.14945054945054936,0.4065934065934065,-0.30329670329670333,0.12087912087912084,0.0784313725490196,5,22,0,0.12087912087912084,0.0784313725490196,5,0.5604395604395604,0.14945054945054936,19,0.7362637362637363,2.8681318681318677,2.764835164835165,0.8791208791208791,0.6666666666666667
2015-16,2016-03-16,Round of 16,Barcelona,Arsenal,67,47,2.2686567164179103,0.8805970149253731,1.7659574468085106,1.3404255319148937,0.6567164179104478,0.5319148936170213,0.7878787878787878,0.43478260869565216,13,9,22,22,H,1,1,22,22,0.5026992696093997,0.45982851698952054,0.9282311845030167,0.8853604318831375,0.1248015242934265,0.3530961791831357,4,20,0,0.1248015242934265,0.3530961791831357,4,0.5026992696093997,0.45982851698952054,22,1.1886313115274691,4.034614163226421,2.221022546840267,0.8751984757065735,0.7333333333333334
2015-16,2016-03-16,Round of 16,Bayern Munich,Juventus,65,36,2.3692307692307693,0.9538461538461539,1.4166666666666667,0.8888888888888888,0.676923076923077,0.4444444444444444,0.8125,0.29411764705882354,10,6,22,22,H,1,1,22,22,0.9525641025641025,-0.06495726495726506,1.4803418803418804,0.46282051282051284,0.23247863247863254,0.5183823529411764,4,29,0,0.23247863247863254,0.5183823529411764,4,0.9525641025641025,0.06495726495726506,16,1.1213675213675214,3.7858974358974358,1.8427350427350428,0.7675213675213675,0.7333333333333334
2015-16,2016-04-05,Quarter-finals,Barcelona,Atlético Madrid,68,31,2.2794117647058822,0.8823529411764706,1.6774193548387097,0.5806451612903226,0.6617647058823529,0.5806451612903226,0.7941176470588235,0.4375,13,9,20,21,H,1,1,20,21,0.6019924098671725,-0.30170777988614794,1.6987666034155597,0.7950664136622392,0.0811195445920303,0.3566176470588235,4,37,-1,0.0811195445920303,0.3566176470588235,4,0.6019924098671725,0.30170777988614794,22,1.2424098671726755,3.956831119544592,1.462998102466793,0.9188804554079697,0.7333333333333334
2015-16,2016-04-05,Quarter-finals,Bayern Munich,Benfica,66,42,2.393939393939394,0.9696969696969697,1.1428571428571428,1.1904761904761905,0.6818181818181818,0.40476190476190477,0.8181818181818182,0.23809523809523808,13,10,20,27,H,1,1,20,27,1.2510822510822512,0.22077922077922074,1.2034632034632036,0.17316017316017307,0.277056277056277,0.5800865800865802,3,24,-7,0.277056277056277,0.5800865800865802,3,1.2510822510822512,0.22077922077922074,23,1.0865800865800865,3.536796536796537,2.1601731601731604,0.722943722943723,0.8
2015-16,2016-04-06,Quarter-finals,Paris SG,Manchester City,38,36,1.9736842105263157,0.9210526315789473,1.6666666666666667,1.4166666666666667,0.6052631578947368,0.4166666666666667,0.6842105263157895,0.4444444444444444,12,10,28,22,D,1,1,28,22,0.30701754385964897,0.4956140350877194,0.557017543859649,0.7456140350877194,0.18859649122807015,0.23976608187134507,2,2,6,0.18859649122807015,0.23976608187134507,2,0.30701754385964897,0.4956140350877194,22,1.0219298245614035,3.6403508771929824,2.337719298245614,0.8114035087719298,0.8666666666666667
2015-16,2016-04-06,Quarter-finals,Wolfsburg,Real Madrid,8,69,1.625,1.0,2.5217391304347827,0.7971014492753623,0.75,0.7246376811594203,1.0,0.5882352941176471,12,15,29,29,H,1,1,29,29,-0.8967391304347827,-0.2028985507246377,0.8278985507246377,1.5217391304347827,0.025362318840579712,0.4117647058823529,-3,-61,0,0.025362318840579712,0.4117647058823529,3,0.8967391304347827,0.2028985507246377,27,1.4746376811594204,4.146739130434783,1.7971014492753623,0.9746376811594203,0.8
2015-16,2016-04-12,Quarter-finals,Manchester City,Paris SG,37,39,1.6756756756756757,1.4324324324324325,1.9743589743589745,0.9487179487179487,0.40540540540540543,0.5897435897435898,0.3888888888888889,0.5263157894736842,8,13,6,6,H,1,1,6,6,-0.2986832986832988,-0.4837144837144838,0.726957726957727,0.541926541926542,-0.18433818433818433,-0.1374269005847953,-5,-2,0,0.18433818433818433,0.1374269005847953,5,0.2986832986832988,0.4837144837144838,21,0.9951489951489951,3.65003465003465,2.3811503811503814,0.8156618156618156,0.6666666666666667
2015-16,2016-04-12,Quarter-finals,Real Madrid,Wolfsburg,70,9,2.4857142857142858,0.8142857142857143,1.6666666666666667,0.8888888888888888,0.7142857142857143,0.7777777777777778,0.8571428571428571,0.5,12,15,6,6,H,1,1,6,6,0.819047619047619,0.07460317460317456,1.596825396825397,0.8523809523809525,-0.06349206349206349,0.3571428571428571,-3,61,0,0.06349206349206349,0.3571428571428571,3,0.819047619047619,0.07460317460317456,27,1.492063492063492,4.152380952380953,1.7031746031746031,0.9365079365079365,0.8
2015-16,2016-04-13,Quarter-finals,Atlético Madrid,Barcelona,32,69,1.65625,0.625,2.2753623188405796,0.8840579710144928,0.5625,0.6666666666666666,0.7333333333333333,0.5294117647058824,8,13,8,8,H,1,1,8,8,-0.6191123188405796,0.2590579710144928,0.7721920289855072,1.6503623188405796,-0.10416666666666663,0.20392156862745092,-5,-37,0,0.10416666666666663,0.20392156862745092,5,0.6191123188405796,0.2590579710144928,21,1.2291666666666665,3.9316123188405796,1.5090579710144927,0.8958333333333334,0.6666666666666667
2015-16,2016-04-13,Quarter-finals,Benfica,Bayern Munich,43,67,1.1162790697674418,1.186046511627907,2.373134328358209,0.9552238805970149,0.3953488372093023,0.6865671641791045,0.5714285714285714,0.5454545454545454,7,13,8,8,D,1,1,8,8,-1.256855258590767,-0.23082263103089218,0.16105518917042694,1.1870878167303018,-0.29121832696980215,0.025974025974025983,-6,-24,0,0.29121832696980215,0.025974025974025983,6,1.256855258590767,0.23082263103089218,20,1.0819160013884068,3.4894133981256505,2.141270392224922,0.7087816730301979,0.6
2015-16,2016-04-26,Semi-finals,Manchester City,Real Madrid,38,71,1.6578947368421053,1.394736842105263,2.492957746478873,0.8028169014084507,0.42105263157894735,0.7183098591549296,0.42105263157894735,0.5714285714285714,11,12,14,14,D,1,1,14,14,-0.8350630096367677,-0.5919199406968123,0.8550778354336546,1.09822090437361,-0.2972572275759823,-0.15037593984962405,-1,-33,0,0.2972572275759823,0.15037593984962405,1,0.8350630096367677,0.5919199406968123,23,1.1393624907338769,4.150852483320978,2.197553743513714,0.7027427724240177,0.9333333333333333
2015-16,2016-04-27,Semi-finals,Atlético Madrid,Bayern Munich,33,68,1.6666666666666667,0.6060606060606061,2.3676470588235294,0.9705882352941176,0.5757575757575758,0.6764705882352942,0.75,0.5294117647058824,8,11,14,14,H,1,1,14,14,-0.7009803921568627,0.36452762923351156,0.6960784313725491,1.7615864527629235,-0.10071301247771836,0.22058823529411764,-3,-35,0,0.10071301247771836,0.22058823529411764,3,0.7009803921568627,0.36452762923351156,19,1.25222816399287,4.034313725490196,1.5766488413547237,0.8992869875222816,0.8
2015-16,2016-05-03,Semi-finals,Bayern Munich,Atlético Madrid,69,34,2.3333333333333335,0.9710144927536232,1.6470588235294117,0.5882352941176471,0.6666666666666666,0.5882352941176471,0.8235294117647058,0.4117647058823529,8,8,6,6,H,1,1,6,6,0.6862745098039218,-0.3827791986359761,1.7450980392156863,0.6760443307757885,0.07843137254901955,0.4117647058823529,0,35,0,0.07843137254901955,0.4117647058823529,0,0.6862745098039218,0.3827791986359761,16,1.2549019607843137,3.980392156862745,1.5592497868712702,0.9215686274509804,1.0
2015-16,2016-05-04,Semi-finals,Real Madrid,Manchester City,72,39,2.4583333333333335,0.7916666666666666,1.6153846153846154,1.358974358974359,0.7083333333333334,0.41025641025641024,0.8611111111111112,0.42105263157894735,10,9,8,8,H,1,1,8,8,0.8429487179487181,0.5673076923076924,1.0993589743589745,0.8237179487179488,0.29807692307692313,0.4400584795321638,1,33,0,0.29807692307692313,0.4400584795321638,1,0.8429487179487181,0.5673076923076924,19,1.1185897435897436,4.073717948717949,2.1506410256410255,0.7019230769230769,0.9333333333333333
2015-16,2016-05-28,Final,Real Madrid,Atlético Madrid,73,35,2.4383561643835616,0.7808219178082192,1.6285714285714286,0.6285714285714286,0.7123287671232876,0.5714285714285714,0.8648648648648649,0.3888888888888889,10,7,24,25,D,1,1,24,25,0.8097847358121331,-0.15225048923679063,1.809784735812133,0.8477495107632094,0.14090019569471623,0.475975975975976,3,38,-1,0.14090019569471623,0.475975975975976,3,0.8097847358121331,0.15225048923679063,17,1.283757338551859,4.06692759295499,1.4093933463796477,0.8590998043052838,0.8
2016-17,2016-09-13,Group stage,Barcelona,Celtic,70,14,2.242857142857143,0.9,0.8571428571428571,1.9285714285714286,0.6571428571428571,0.2857142857142857,0.8,0.14285714285714285,10,3,153,1007,H,1,1,153,365,1.3857142857142857,1.0285714285714285,0.3142857142857143,-0.04285714285714293,0.37142857142857144,0.6571428571428573,7,56,-212,0.37142857142857144,0.6571428571428573,7,1.3857142857142857,1.0285714285714285,13,0.9428571428571428,3.1,2.8285714285714287,0.6285714285714286,0.5333333333333333
2016-17,2016-09-13,Group stage,Basel,Ludogorets,28,6,1.1785714285714286,1.6785714285714286,0.8333333333333334,2.3333333333333335,0.35714285714285715,0.16666666666666666,0.5,0.0,5,4,553,644,D,1,1,365,365,0.34523809523809523,0.6547619047619049,-1.1547619047619049,-0.8452380952380952,0.1904761904761905,0.5,1,22,0,0.1904761904761905,0.5,1,0.34523809523809523,0.6547619047619049,9,0.5238095238095238,2.011904761904762,4.011904761904762,0.8095238095238095,0.9333333333333333
2016-17,2016-09-13,Group stage,Bayern Munich,Rostov,70,0,2.3285714285714287,0.9714285714285714,0.0,0.0,0.6714285714285714,0.0,0.8285714285714286,0.0,10,0,133,-1,H,1,0,133,0,2.3285714285714287,-0.9714285714285714,2.3285714285714287,-0.9714285714285714,0.6714285714285714,0.8285714285714286,10,70,133,0.6714285714285714,0.8285714285714286,10,2.3285714285714287,0.9714285714285714,10,0.6714285714285714,2.3285714285714287,0.9714285714285714,0.3285714285714286,0.33333333333333337
2016-17,2016-09-13,Group stage,Benfica,Beşiktaş,44,0,1.1363636363636365,1.2045454545454546,0.0,0.0,0.38636363636363635,0.0,0.5454545454545454,0.0,7,0,153,-1,D,1,0,153,0,1.1363636363636365,-1.2045454545454546,1.1363636363636365,-1.2045454545454546,0.38636363636363635,0.5454545454545454,7,44,153,0.38636363636363635,0.5454545454545454,7,1.1363636363636365,1.2045454545454546,7,0.38636363636363635,1.1363636363636365,1.2045454545454546,0.6136363636363636,0.5333333333333333
2016-17,2016-09-13,Group stage,Dynamo Kyiv,Napoli,14,14,1.0714285714285714,1.2142857142857142,1.7142857142857142,1.4285714285714286,0.2857142857142857,0.5714285714285714,0.2857142857142857,0.2857142857142857,7,9,182,1007,A,1,1,182,365,-0.6428571428571428,0.2142857142857144,-0.3571428571428572,0.5,-0.2857142857142857,0.0,-2,0,-183,0.2857142857142857,0.0,2,0.6428571428571428,0.2142857142857144,16,0.8571428571428571,2.7857142857142856,2.642857142857143,0.7142857142857143,0.8666666666666667
2016-17,2016-09-13,Group stage,PSV,Atlético Madrid,8,36,1.0,0.875,1.6111111111111112,0.6388888888888888,0.375,0.5555555555555556,0.75,0.3684210526315789,9,7,182,108,A,1,1,182,108,-0.6111111111111112,-0.23611111111111116,0.36111111111111116,0.7361111111111112,-0.18055555555555558,0.3815789473684211,2,-28,74,0.18055555555555558,0.3815789473684211,2,0.6111111111111112,0.23611111111111116,16,0.9305555555555556,2.611111111111111,1.5138888888888888,0.8194444444444444,0.8666666666666667
2016-17,2016-09-13,Group stage,Paris SG,Arsenal,40,48,1.925,0.95,1.75,1.375,0.575,0.5208333333333334,0.65,0.4166666666666667,10,6,154,181,D,1,1,154,181,0.17500000000000004,0.42500000000000004,0.55,0.8,0.054166666666666585,0.23333333333333334,4,-8,-27,0.054166666666666585,0.23333333333333334,4,0.17500000000000004,0.42500000000000004,16,1.0958333333333332,3.675,2.325,0.9458333333333334,0.7333333333333334
2016-17,2016-09-14,Group stage,Club Brugge,Leicester City,0,0,0.0,0.0,0.0,0.0,0.0,0.0,0.0,0.0,0,0,-1,-1,A,0,0,0,0,0.0,0.0,0.0,0.0,0.0,0.0,0,0,0,0.0,0.0,0,0.0,0.0,0,0.0,0.0,0.0,1.0,1.0
2016-17,2016-09-14,Group stage,Juventus,Sevilla,37,6,1.4324324324324325,0.972972972972973,1.3333333333333333,1.8333333333333333,0.43243243243243246,0.3333333333333333,0.5789473684210527,0.0,5,3,182,281,D,1,1,182,281,0.0990990990990992,0.8603603603603602,-0.4009009009009008,0.36036036036036023,0.09909909909909914,0.5789473684210527,2,31,-99,0.09909909909909914,0.5789473684210527,2,0.0990990990990992,0.8603603603603602,8,0.7657657657657657,2.7657657657657655,2.8063063063063063,0.9009009009009008,0.8666666666666667
2016-17,2016-09-14,Group stage,Legia Warsaw,Dortmund,0,37,0.0,0.0,1.7027027027027026,1.2972972972972974,0.0,0.4864864864864865,0.0,0.3333333333333333,0,4,-1,546,A,0,1,0,365,-1.7027027027027026,1.2972972972972974,-1.2972972972972974,1.7027027027027026,-0.4864864864864865,-0.3333333333333333,-4,-37,-365,0.4864864864864865,0.3333333333333333,4,1.7027027027027026,1.2972972972972974,4,0.4864864864864865,1.7027027027027026,1.2972972972972974,0.5135135135135135,0.7333333333333334
2016-17,2016-09-14,Group stage,Leverkusen,CSKA Moscow,30,26,1.3666666666666667,1.7,1.1538461538461537,2.0,0.36666666666666664,0.19230769230769232,0.6,0.15384615384615385,3,4,280,281,D,1,1,280,281,0.21282051282051295,0.30000000000000004,-0.6333333333333333,-0.5461538461538462,0.17435897435897432,0.4461538461538461,-1,4,-1,0.17435897435897432,0.4461538461538461,1,0.21282051282051295,0.30000000000000004,7,0.558974358974359,2.5205128205128204,3.7,0.8256410256410257,0.9333333333333333
2016-17,2016-09-14,Group stage,Lyon,Dinamo Zagreb,22,18,1.2272727272727273,1.4090909090909092,0.3888888888888889,2.7777777777777777,0.3181818181818182,0.05555555555555555,0.36363636363636365,0.0,3,0,280,280,H,1,1,280,280,0.8383838383838385,1.3686868686868685,-1.5505050505050504,-1.0202020202020203,0.26262626262626265,0.36363636363636365,3,4,0,0.26262626262626265,0.36363636363636365,3,0.8383838383838385,1.3686868686868685,3,0.3737373737373737,1.6161616161616161,4.186868686868687,0.7373737373737373,0.8
2016-17,2016-09-14,Group stage,Manchester City,Gladbach,40,6,1.575,1.35,1.3333333333333333,2.0,0.4,0.16666666666666666,0.4,0.0,6,5,133,281,H,1,1,133,281,0.2416666666666667,0.6499999999999999,-0.42500000000000004,-0.01666666666666683,0.23333333333333336,0.4,1,34,-148,0.23333333333333336,0.4,1,0.2416666666666667,0.6499999999999999,11,0.5666666666666667,2.908333333333333,3.35,0.7666666666666666,0.9333333333333333
2016-17,2016-09-14,Group stage,Porto,FC Copenhagen,36,14,1.5555555555555556,1.1111111111111112,0.7857142857142857,1.4285714285714286,0.4722222222222222,0.2857142857142857,0.6111111111111112,0.14285714285714285,9,3,280,1009,D,1,1,280,365,0.7698412698412699,0.31746031746031744,0.12698412698412698,-0.32539682539682546,0.1865079365079365,0.4682539682539683,6,22,-85,0.1865079365079365,0.4682539682539683,6,0.7698412698412699,0.31746031746031744,12,0.7579365079365079,2.3412698412698414,2.5396825396825395,0.8134920634920635,0.6
2016-17,2016-09-14,Group stage,Real Madrid,Sporting CP,74,6,2.418918918918919,0.7837837837837838,2.0,2.0,0.7027027027027027,0.3333333333333333,0.8421052631578947,0.0,8,6,109,644,H,1,1,109,365,0.41891891891891886,1.2162162162162162,0.41891891891891886,1.2162162162162162,0.3693693693693694,0.8421052631578947,2,68,-256,0.3693693693693694,0.8421052631578947,2,0.41891891891891886,1.2162162162162162,14,1.0360360360360361,4.418918918918919,2.7837837837837838,0.6306306306306306,0.8666666666666667
2016-17,2016-09-14,Group stage,Tottenham,Monaco,10,10,1.9,1.6,0.7,0.5,0.4,0.4,0.6,0.4,5,7,1981,511,A,1,1,365,365,1.2,-1.1,1.4,-0.9000000000000001,0.0,0.19999999999999996,-2,0,0,0.0,0.19999999999999996,2,1.2,1.1,12,0.8,2.5999999999999996,2.1,1.0,0.8666666666666667
2016-17,2016-09-27,Group stage,CSKA Moscow,Tottenham,27,11,1.1851851851851851,2.0,1.8181818181818181,1.6363636363636365,0.18518518518518517,0.36363636363636365,0.23076923076923078,0.2,2,4,13,13,A,1,1,13,13,-0.632996632996633,-0.36363636363636354,-0.45117845117845135,-0.18181818181818188,-0.17845117845117847,0.03076923076923077,-2,16,0,0.17845117845117847,0.03076923076923077,2,0.632996632996633,0.36363636363636354,6,0.5488215488215489,3.0033670033670035,3.6363636363636367,0.8215488215488216,0.8666666666666667
2016-17,2016-09-27,Group stage,Dinamo Zagreb,Juventus,19,38,0.3684210526315789,2.789473684210526,1.394736842105263,0.9473684210526315,0.05263157894736842,0.42105263157894735,0.1111111111111111,0.2777777777777778,0,5,13,13,A,1,1,13,13,-1.026315789473684,-1.8421052631578947,-0.5789473684210527,-1.394736842105263,-0.3684210526315789,-0.16666666666666669,-5,-19,0,0.3684210526315789,0.16666666666666669,5,1.026315789473684,1.8421052631578947,5,0.47368421052631576,1.763157894736842,3.7368421052631575,0.631578947368421,0.6666666666666667
2016-17,2016-09-27,Group stage,Dortmund,Real Madrid,38,75,1.8157894736842106,1.263157894736842,2.4133333333333336,0.7866666666666666,0.5,0.7066666666666667,0.631578947368421,0.5555555555555556,4,11,13,13,D,1,1,13,13,-0.5975438596491229,-0.4764912280701754,1.029122807017544,1.1501754385964915,-0.20666666666666667,0.07602339181286544,-7,-37,0,0.20666666666666667,0.07602339181286544,7,0.5975438596491229,0.4764912280701754,15,1.2066666666666666,4.229122807017545,2.0498245614035087,0.7933333333333333,0.5333333333333333
2016-17,2016-09-27,Group stage,FC Copenhagen,Club Brugge,15,1,0.8,1.4,0.0,3.0,0.26666666666666666,0.0,0.42857142857142855,0.0,4,0,13,13,H,1,1,13,13,0.8,1.6,-2.2,-1.4,0.26666666666666666,0.42857142857142855,4,14,0,0.26666666666666666,0.42857142857142855,4,0.8,1.6,4,0.26666666666666666,0.8,4.4,0.7333333333333334,0.7333333333333334
2016-17,2016-09-27,Group stage,Leicester City,Porto,1,37,3.0,0.0,1.5405405405405406,1.1081081081081081,1.0,0.4594594594594595,0.0,0.3333333333333333,3,7,13,13,H,1,1,13,13,1.4594594594594594,1.1081081081081081,1.8918918918918919,1.5405405405405406,0.5405405405405406,-0.3333333333333333,-4,-36,0,0.5405405405405406,0.3333333333333333,4,1.4594594594594594,1.1081081081081081,10,1.4594594594594594,4.54054054054054,1.1081081081081081,0.45945945945945943,0.7333333333333334
2016-17,2016-09-27,Group stage,Monaco,Leverkusen,11,31,0.8181818181818182,0.5454545454545454,1.3870967741935485,1.7096774193548387,0.45454545454545453,0.3548387096774194,0.4,0.13333333333333333,7,4,13,13,D,1,1,13,13,-0.5689149560117303,1.1642228739002933,-0.8914956011730205,0.8416422287390031,0.09970674486803516,0.2666666666666667,3,-20,0,0.09970674486803516,0.2666666666666667,3,0.5689149560117303,1.1642228739002933,11,0.8093841642228738,2.205278592375367,2.255131964809384,0.9002932551319649,0.8
2016-17,2016-09-27,Group stage,Sevilla,Lyon,7,23,1.1428571428571428,1.5714285714285714,1.3043478260869565,1.3478260869565217,0.2857142857142857,0.34782608695652173,0.6666666666666666,0.2727272727272727,4,6,13,13,H,1,1,13,13,-0.16149068322981375,-0.22360248447204967,-0.20496894409937894,-0.26708074534161486,-0.06211180124223603,0.3939393939393939,-2,-16,0,0.06211180124223603,0.3939393939393939,2,0.16149068322981375,0.22360248447204967,10,0.6335403726708074,2.4472049689440993,2.919254658385093,0.937888198757764,0.8666666666666667
2016-17,2016-09-27,Group stage,Sporting CP,Legia Warsaw,7,1,1.8571428571428572,2.0,0.0,6.0,0.2857142857142857,0.0,0.6666666666666666,0.0,6,0,13,13,H,1,1,13,13,1.8571428571428572,4.0,-4.142857142857142,-2.0,0.2857142857142857,0.6666666666666666,6,6,0,0.2857142857142857,0.6666666666666666,6,1.8571428571428572,4.0,6,0.2857142857142857,1.8571428571428572,8.0,0.7142857142857143,0.6
2016-17,2016-09-28,Group stage,Arsenal,Basel,49,29,1.7346938775510203,1.3673469387755102,1.1724137931034482,1.6551724137931034,0.5102040816326531,0.3448275862068966,0.625,0.21428571428571427,7,3,15,15,H,1,1,15,15,0.5622800844475722,0.28782547501759326,0.07952146375791691,-0.194933145672062,0.1653764954257565,0.4107142857142857,4,20,0,0.1653764954257565,0.4107142857142857,4,0.5622800844475722,0.28782547501759326,10,0.8550316678395496,2.9071076706544687,3.0225193525686134,0.8346235045742435,0.7333333333333334
2016-17,2016-09-28,Group stage,Atlético Madrid,Bayern Munich,37,71,1.5945945945945945,0.6216216216216216,2.3661971830985915,0.9577464788732394,0.5675675675675675,0.676056338028169,0.7647058823529411,0.5142857142857142,10,10,15,15,H,1,1,15,15,-0.771602588503997,0.3361248572516178,0.6368481157213551,1.74457556147697,-0.10848877046060146,0.2504201680672269,0,-34,0,0.10848877046060146,0.2504201680672269,0,0.771602588503997,0.3361248572516178,20,1.2436239055957365,3.960791777693186,1.579368100494861,0.8915112295393985,1.0
2016-17,2016-09-28,Group stage,Beşiktaş,Dynamo Kyiv,1,15,1.0,1.0,1.0666666666666667,1.2666666666666666,0.0,0.26666666666666666,0.0,0.2857142857142857,1,7,15,15,D,1,1,15,15,-0.06666666666666665,0.2666666666666666,-0.2666666666666666,0.06666666666666665,-0.26666666666666666,-0.2857142857142857,-6,-14,0,0.26666666666666666,0.2857142857142857,6,0.06666666666666665,0.2666666666666666,8,0.26666666666666666,2.0666666666666664,2.2666666666666666,0.7333333333333334,0.6
2016-17,2016-09-28,Group stage,Celtic,Manchester City,15,41,0.8,2.2666666666666666,1.6341463414634145,1.3170731707317074,0.26666666666666666,0.4146341463414634,0.42857142857142855,0.4,3,8,15,14,D,1,1,15,14,-0.8341463414634145,-0.9495934959349592,-0.5170731707317073,-0.6325203252032521,-0.14796747967479673,0.028571428571428525,-5,-26,1,0.14796747967479673,0.028571428571428525,5,0.8341463414634145,0.9495934959349592,11,0.6813008130081301,2.4341463414634146,3.583739837398374,0.8520325203252033,0.6666666666666667
2016-17,2016-09-28,Group stage,Gladbach,Barcelona,7,71,1.1428571428571428,2.2857142857142856,2.3098591549295775,0.8873239436619719,0.14285714285714285,0.6619718309859155,0.3333333333333333,0.5142857142857142,5,12,14,15,A,1,1,14,15,-1.1670020120724347,-1.3983903420523136,0.2555331991951709,0.02414486921529191,-0.5191146881287727,-0.18095238095238092,-7,-64,-1,0.5191146881287727,0.18095238095238092,7,1.1670020120724347,1.3983903420523136,17,0.8048289738430583,3.4527162977867203,3.1730382293762576,0.4808853118712273,0.5333333333333333
2016-17,2016-09-28,Group stage,Ludogorets,Paris SG,7,41,0.8571428571428571,2.142857142857143,1.9024390243902438,0.9512195121951219,0.14285714285714285,0.5609756097560976,0.3333333333333333,0.5,5,8,15,15,A,1,1,15,15,-1.0452961672473866,-1.1916376306620209,-0.09407665505226481,-0.24041811846689898,-0.41811846689895477,-0.16666666666666669,-3,-34,0,0.41811846689895477,0.16666666666666669,3,1.0452961672473866,1.1916376306620209,13,0.7038327526132404,2.759581881533101,3.0940766550522647,0.5818815331010452,0.8
2016-17,2016-09-28,Group stage,Napoli,Benfica,15,45,1.7333333333333334,1.4,1.1333333333333333,1.2,0.6,0.37777777777777777,0.8571428571428571,0.22727272727272727,12,8,15,15,H,1,1,15,15,0.6000000000000001,-0.19999999999999996,0.5333333333333334,-0.2666666666666666,0.2222222222222222,0.6298701298701298,4,-30,0,0.2222222222222222,0.6298701298701298,4,0.6000000000000001,0.19999999999999996,20,0.9777777777777777,2.8666666666666667,2.5999999999999996,0.7777777777777778,0.7333333333333334
2016-17,2016-09-28,Group stage,Rostov,PSV,1,9,0.0,5.0,0.8888888888888888,0.8888888888888888,0.0,0.3333333333333333,0.0,0.0,0,6,15,15,D,1,1,15,15,-0.8888888888888888,-4.111111111111111,-0.8888888888888888,-4.111111111111111,-0.3333333333333333,0.0,-6,-8,0,0.3333333333333333,0.0,6,0.8888888888888888,4.111111111111111,6,0.3333333333333333,0.8888888888888888,5.888888888888889,0.6666666666666667,0.6
2016-17,2016-10-18,Group stage,CSKA Moscow,Monaco,28,12,1.1428571428571428,1.9642857142857142,0.8333333333333334,0.5833333333333334,0.17857142857142858,0.4166666666666667,0.21428571428571427,0.5,1,5,21,21,D,1,1,21,21,0.3095238095238094,-1.380952380952381,0.5595238095238094,-1.130952380952381,-0.2380952380952381,-0.2857142857142857,-4,16,0,0.2380952380952381,0.2857142857142857,4,0.3095238095238094,1.380952380952381,6,0.5952380952380952,1.9761904761904763,2.5476190476190474,0.7619047619047619,0.7333333333333334
2016-17,2016-10-18,Group stage,Club Brugge,Porto,2,38,0.0,3.5,1.5,1.105263157894737,0.0,0.4473684210526316,0.0,0.3157894736842105,0,4,21,21,A,1,1,21,21,-1.5,-2.394736842105263,-1.105263157894737,-2.0,-0.4473684210526316,-0.3157894736842105,-4,-36,0,0.4473684210526316,0.3157894736842105,4,1.5,2.394736842105263,4,0.4473684210526316,1.5,4.605263157894737,0.5526315789473684,0.7333333333333334
2016-17,2016-10-18,Group stage,Dinamo Zagreb,Sevilla,20,8,0.35,2.85,1.125,1.375,0.05,0.375,0.1,0.0,0,7,21,21,A,1,1,21,21,-0.775,-1.475,-1.025,-1.725,-0.325,0.1,-7,12,0,0.325,0.1,7,0.775,1.475,7,0.425,1.475,4.225,0.675,0.5333333333333333
2016-17,2016-10-18,Group stage,Leicester City,FC Copenhagen,2,16,2.0,0.0,1.0,1.3125,1.0,0.3125,1.0,0.125,6,7,21,21,H,1,1,21,21,1.0,1.3125,0.6875,1.0,0.6875,0.875,-1,-14,0,0.6875,0.875,1,1.0,1.3125,13,1.3125,3.0,1.3125,0.3125,0.9333333333333333
2016-17,2016-10-18,Group stage,Leverkusen,Tottenham,32,12,1.375,1.6875,1.75,1.5,0.34375,0.4166666666666667,0.5625,0.3333333333333333,4,4,21,21,D,1,1,21,21,-0.375,-0.1875,-0.125,0.0625,-0.07291666666666669,0.22916666666666669,0,20,0,0.07291666666666669,0.22916666666666669,0,0.375,0.1875,8,0.7604166666666667,3.125,3.1875,0.9270833333333333,1.0
2016-17,2016-10-18,Group stage,Lyon,Juventus,24,39,1.25,1.3333333333333333,1.4615384615384615,0.9230769230769231,0.3333333333333333,0.4358974358974359,0.4166666666666667,0.3157894736842105,6,5,21,21,A,1,1,21,21,-0.21153846153846145,-0.41025641025641013,0.32692307692307687,0.1282051282051282,-0.10256410256410259,0.10087719298245618,1,-15,0,0.10256410256410259,0.10087719298245618,1,0.21153846153846145,0.41025641025641013,11,0.7692307692307692,2.7115384615384617,2.2564102564102564,0.8974358974358974,0.9333333333333333
2016-17,2016-10-18,Group stage,Real Madrid,Legia Warsaw,76,2,2.4078947368421053,0.8026315789473685,0.0,4.0,0.6973684210526315,0.0,0.8461538461538461,0.0,9,0,21,21,H,1,1,21,21,2.4078947368421053,3.1973684210526314,-1.5921052631578947,-0.8026315789473685,0.6973684210526315,0.8461538461538461,9,74,0,0.6973684210526315,0.8461538461538461,9,2.4078947368421053,3.1973684210526314,9,0.6973684210526315,2.4078947368421053,4.802631578947368,0.3026315789473685,0.4
2016-17,2016-10-18,Group stage,Sporting CP,Dortmund,8,39,1.875,1.75,1.8205128205128205,1.2820512820512822,0.375,0.48717948717948717,0.75,0.3684210526315789,9,5,21,21,A,1,1,21,21,0.054487179487179516,-0.46794871794871784,0.5929487179487178,0.07051282051282048,-0.11217948717948717,0.3815789473684211,4,-31,0,0.11217948717948717,0.3815789473684211,4,0.054487179487179516,0.46794871794871784,14,0.8621794871794872,3.6955128205128203,3.032051282051282,0.8878205128205128,0.7333333333333334
2016-17,2016-10-19,Group stage,Arsenal,Ludogorets,50,8,1.74,1.34,0.875,2.25,0.52,0.125,0.64,0.0,7,2,21,21,H,1,1,21,21,0.865,0.9099999999999999,-0.51,-0.4650000000000001,0.395,0.64,5,42,0,0.395,0.64,5,0.865,0.9099999999999999,9,0.645,2.615,3.59,0.605,0.6666666666666667
2016-17,2016-10-19,Group stage,Barcelona,Manchester City,72,42,2.3055555555555554,0.8888888888888888,1.6666666666666667,1.3571428571428572,0.6666666666666666,0.40476190476190477,0.8055555555555556,0.38095238095238093,12,8,21,21,H,1,1,21,21,0.6388888888888886,0.46825396825396837,0.9484126984126982,0.7777777777777779,0.26190476190476186,0.42460317460317465,4,30,0,0.26190476190476186,0.42460317460317465,4,0.6388888888888886,0.46825396825396837,20,1.0714285714285714,3.9722222222222223,2.246031746031746,0.7380952380952381,0.7333333333333334
2016-17,2016-10-19,Group stage,Bayern Munich,PSV,72,10,2.3333333333333335,0.9583333333333334,1.0,1.0,0.6666666666666666,0.3,0.8333333333333334,0.0,7,6,21,21,H,1,1,21,21,1.3333333333333335,0.04166666666666663,1.3333333333333335,0.04166666666666663,0.36666666666666664,0.8333333333333334,1,62,0,0.36666666666666664,0.8333333333333334,1,1.3333333333333335,0.04166666666666663,13,0.9666666666666666,3.3333333333333335,1.9583333333333335,0.6333333333333333,0.9333333333333333
2016-17,2016-10-19,Group stage,Celtic,Gladbach,16,8,0.9375,2.3125,1.125,2.25,0.25,0.125,0.375,0.0,1,4,21,21,A,1,1,21,21,-0.1875,-0.0625,-1.3125,-1.1875,0.125,0.375,-3,8,0,0.125,0.375,3,0.1875,0.0625,5,0.375,2.0625,4.5625,0.875,0.8
2016-17,2016-10-19,Group stage,Dynamo Kyiv,Benfica,16,46,1.0625,1.25,1.1521739130434783,1.2608695652173914,0.25,0.3695652173913043,0.25,0.21739130434782608,5,5,21,21,A,1,1,21,21,-0.08967391304347827,0.010869565217391353,-0.19836956521739135,-0.09782608695652173,-0.11956521739130432,0.03260869565217392,0,-30,0,0.11956521739130432,0.03260869565217392,0,0.08967391304347827,0.010869565217391353,10,0.6195652173913043,2.2146739130434785,2.5108695652173916,0.8804347826086957,1.0
2016-17,2016-10-19,Group stage,Napoli,Beşiktaş,16,2,1.875,1.4375,1.0,1.0,0.625,0.0,0.875,0.0,12,2,21,21,A,1,1,21,21,0.875,-0.4375,0.875,-0.4375,0.625,0.875,10,14,0,0.625,0.875,10,0.875,0.4375,14,0.625,2.875,2.4375,0.375,0.33333333333333337
2016-17,2016-10-19,Group stage,Paris SG,Basel,42,30,1.9285714285714286,0.9523809523809523,1.1333333333333333,1.6666666666666667,0.5714285714285714,0.3333333333333333,0.6190476190476191,0.2,8,3,21,21,H,1,1,21,21,0.7952380952380953,0.7142857142857144,0.26190476190476186,0.18095238095238098,0.23809523809523808,0.41904761904761906,5,12,0,0.23809523809523808,0.41904761904761906,5,0.7952380952380953,0.7142857142857144,11,0.9047619047619047,3.0619047619047617,2.619047619047619,0.7619047619047619,0.6666666666666667
2016-17,2016-10-19,Group stage,Rostov,Atlético Madrid,2,38,1.0,3.5,1.5789473684210527,0.6052631578947368,0.0,0.5789473684210527,0.0,0.4,1,10,21,21,A,1,1,21,21,-0.5789473684210527,-2.8947368421052633,0.39473684210526316,-1.9210526315789473,-0.5789473684210527,-0.4,-9,-36,0,0.5789473684210527,0.4,9,0.5789473684210527,2.8947368421052633,11,0.5789473684210527,2.5789473684210527,4.105263157894737,0.42105263157894735,0.4
2016-17,2016-11-01,Group stage,Atlético Madrid,Rostov,39,3,1.564102564102564,0.5897435897435898,0.6666666666666666,2.6666666666666665,0.5897435897435898,0.0,0.7777777777777778,0.0,10,1,13,13,H,1,1,13,13,0.8974358974358975,2.0769230769230766,-1.1025641025641024,0.07692307692307687,0.5897435897435898,0.7777777777777778,9,36,0,0.5897435897435898,0.7777777777777778,9,0.8974358974358975,2.0769230769230766,11,0.5897435897435898,2.230769230769231,3.2564102564102564,0.41025641025641024,0.4
2016-17,2016-11-01,Group stage,Basel,Paris SG,31,43,1.096774193548387,1.7096774193548387,1.9534883720930232,0.9302325581395349,0.3225806451612903,0.5813953488372093,0.4666666666666667,0.5238095238095238,2,8,13,13,A,1,1,13,13,-0.8567141785446362,-0.7794448612153039,0.16654163540885214,0.24381095273818443,-0.258814703675919,-0.05714285714285716,-6,-12,0,0.258814703675919,0.05714285714285716,6,0.8567141785446362,0.7794448612153039,10,0.9039759939984997,3.05026256564141,2.6399099774943737,0.741185296324081,0.6
2016-17,2016-11-01,Group stage,Benfica,Dynamo Kyiv,47,17,1.1702127659574468,1.2340425531914894,1.0,1.2941176470588236,0.3829787234042553,0.23529411764705882,0.5217391304347826,0.25,5,2,13,13,H,1,1,13,13,0.17021276595744683,0.06007509386733423,-0.12390488110137676,-0.23404255319148937,0.1476846057571965,0.2717391304347826,3,30,0,0.1476846057571965,0.2717391304347826,3,0.17021276595744683,0.06007509386733423,7,0.6182728410513141,2.170212765957447,2.528160200250313,0.8523153942428034,0.8
2016-17,2016-11-01,Group stage,Beşiktaş,Napoli,3,17,1.6666666666666667,1.3333333333333333,1.8823529411764706,1.5294117647058822,0.3333333333333333,0.5882352941176471,0.0,0.375,5,9,13,13,D,1,1,13,13,-0.21568627450980382,0.196078431372549,0.1372549019607845,0.5490196078431373,-0.25490196078431376,-0.375,-4,-14,0,0.25490196078431376,0.375,4,0.21568627450980382,0.196078431372549,14,0.9215686274509804,3.549019607843137,2.8627450980392153,0.7450980392156863,0.7333333333333334
2016-17,2016-11-01,Group stage,Gladbach,Celtic,9,17,1.2222222222222223,2.0,0.8823529411764706,2.2941176470588234,0.2222222222222222,0.23529411764705882,0.25,0.125,6,1,13,13,D,1,1,13,13,0.33986928104575176,0.2941176470588234,-1.071895424836601,-1.1176470588235294,-0.01307189542483661,0.125,5,-8,0,0.01307189542483661,0.125,5,0.33986928104575176,0.2941176470588234,7,0.45751633986928103,2.104575163398693,4.294117647058823,0.9869281045751634,0.6666666666666667
2016-17,2016-11-01,Group stage,Ludogorets,Arsenal,9,51,0.7777777777777778,2.6666666666666665,1.8235294117647058,1.3137254901960784,0.1111111111111111,0.5294117647058824,0.25,0.4,2,7,13,13,A,1,1,13,13,-1.045751633986928,-1.352941176470588,-0.5359477124183006,-0.8431372549019607,-0.41830065359477125,-0.15000000000000002,-5,-42,0,0.41830065359477125,0.15000000000000002,5,1.045751633986928,1.352941176470588,9,0.6405228758169934,2.6013071895424837,3.980392156862745,0.5816993464052287,0.6666666666666667
2016-17,2016-11-01,Group stage,Manchester City,Barcelona,43,73,1.627906976744186,1.4186046511627908,2.328767123287671,0.8767123287671232,0.3953488372093023,0.6712328767123288,0.42857142857142855,0.5277777777777778,5,12,13,13,H,1,1,13,13,-0.7008601465434852,-0.5418923223956675,0.7511946479770628,0.9101624721248804,-0.2758840395030265,-0.09920634920634924,-7,-30,0,0.2758840395030265,0.09920634920634924,7,0.7008601465434852,0.5418923223956675,17,1.0665817139216311,3.956674100031857,2.295316979929914,0.7241159604969736,0.5333333333333333
2016-17,2016-11-01,Group stage,PSV,Bayern Munich,11,73,1.0,1.2727272727272727,2.356164383561644,0.958904109589041,0.2727272727272727,0.6712328767123288,0.6,0.5,3,9,13,13,A,1,1,13,13,-1.356164383561644,-0.31382316313823166,0.04109589041095896,1.0834371108343712,-0.3985056039850561,0.09999999999999998,-6,-62,0,0.3985056039850561,0.09999999999999998,6,1.356164383561644,0.31382316313823166,12,0.9439601494396015,3.356164383561644,2.231631382316314,0.6014943960149439,0.6
2016-17,2016-11-02,Group stage,Dortmund,Sporting CP,40,9,1.825,1.275,1.7777777777777777,1.7777777777777777,0.5,0.3333333333333333,0.6,0.0,7,6,15,15,H,1,1,15,15,0.047222222222222276,0.5027777777777778,0.047222222222222276,0.5027777777777778,0.16666666666666669,0.6,1,31,0,0.16666666666666669,0.6,1,0.047222222222222276,0.5027777777777778,13,0.8333333333333333,3.602777777777778,3.0527777777777776,0.8333333333333333,0.9333333333333333
2016-17,2016-11-02,Group stage,FC Copenhagen,Leicester City,17,3,0.9411764705882353,1.2941176470588236,1.6666666666666667,0.0,0.29411764705882354,1.0,0.5,1.0,4,9,15,15,D,1,1,15,15,-0.7254901960784315,-1.2941176470588236,0.9411764705882353,0.37254901960784315,-0.7058823529411764,-0.5,-5,14,0,0.7058823529411764,0.5,5,0.7254901960784315,1.2941176470588236,13,1.2941176470588236,2.607843137254902,1.2941176470588236,0.2941176470588236,0.6666666666666667
2016-17,2016-11-02,Group stage,Juventus,Lyon,40,25,1.45,0.9,1.2,1.32,0.45,0.32,0.55,0.25,8,6,15,15,D,1,1,15,15,0.25,0.42000000000000004,0.1299999999999999,0.29999999999999993,0.13,0.30000000000000004,2,15,0,0.13,0.30000000000000004,2,0.25,0.42000000000000004,14,0.77,2.65,2.22,0.87,0.8666666666666667
2016-17,2016-11-02,Group stage,Legia Warsaw,Real Madrid,3,77,0.3333333333333333,4.333333333333333,2.4415584415584415,0.8051948051948052,0.0,0.7012987012987013,0.0,0.5405405405405406,0,11,15,15,D,1,1,15,15,-2.108225108225108,-3.528138528138528,-0.4718614718614719,-1.8917748917748916,-0.7012987012987013,-0.5405405405405406,-11,-74,0,0.7012987012987013,0.5405405405405406,11,2.108225108225108,3.528138528138528,11,0.7012987012987013,2.774891774891775,5.138528138528138,0.2987012987012987,0.2666666666666667
2016-17,2016-11-02,Group stage,Monaco,CSKA Moscow,13,29,0.8461538461538461,0.6153846153846154,1.1379310344827587,1.9310344827586208,0.38461538461538464,0.1724137931034483,0.3333333333333333,0.14285714285714285,6,2,15,15,H,1,1,15,15,-0.29177718832891253,1.3156498673740054,-1.0848806366047747,0.5225464190981433,0.21220159151193635,0.19047619047619047,4,-16,0,0.21220159151193635,0.19047619047619047,4,0.29177718832891253,1.3156498673740054,8,0.557029177718833,1.9840848806366047,2.546419098143236,0.7877984084880636,0.7333333333333334
2016-17,2016-11-02,Group stage,Porto,Club Brugge,39,3,1.5128205128205128,1.1025641025641026,0.3333333333333333,3.0,0.46153846153846156,0.0,0.5789473684210527,0.0,4,0,15,15,H,1,1,15,15,1.1794871794871795,1.8974358974358974,-1.4871794871794872,-0.7692307692307694,0.46153846153846156,0.5789473684210527,4,36,0,0.46153846153846156,0.5789473684210527,4,1.1794871794871795,1.8974358974358974,4,0.46153846153846156,1.846153846153846,4.102564102564102,0.5384615384615384,0.7333333333333334
2016-17,2016-11-02,Group stage,Sevilla,Dinamo Zagreb,9,21,1.1111111111111112,1.2222222222222223,0.3333333333333333,2.761904761904762,0.4444444444444444,0.047619047619047616,0.75,0.0,10,0,15,15,H,1,1,15,15,0.7777777777777779,1.5396825396825395,-1.6507936507936507,-0.8888888888888891,0.3968253968253968,0.75,10,-12,0,0.3968253968253968,0.75,10,0.7777777777777779,1.5396825396825395,10,0.49206349206349204,1.4444444444444444,3.984126984126984,0.6031746031746033,0.33333333333333337
2016-17,2016-11-02,Group stage,Tottenham,Leverkusen,13,33,1.6153846153846154,1.3846153846153846,1.3333333333333333,1.6363636363636365,0.38461538461538464,0.3333333333333333,0.5,0.125,4,5,15,15,A,1,1,15,15,0.28205128205128216,0.2517482517482519,-0.020979020979021046,-0.05128205128205132,0.05128205128205132,0.375,-1,-20,0,0.05128205128205132,0.375,1,0.28205128205128216,0.2517482517482519,9,0.717948717948718,2.948717948717949,3.020979020979021,0.9487179487179487,0.9333333333333333
2016-17,2016-11-22,Group stage,CSKA Moscow,Leverkusen,30,34,1.1,1.9666666666666666,1.3235294117647058,1.588235294117647,0.16666666666666666,0.35294117647058826,0.2,0.17647058823529413,2,7,20,20,D,1,1,20,20,-0.22352941176470575,-0.3784313725490196,-0.4882352941176469,-0.6431372549019607,-0.1862745098039216,0.023529411764705882,-5,-4,0,0.1862745098039216,0.023529411764705882,5,0.22352941176470575,0.3784313725490196,9,0.5196078431372549,2.423529411764706,3.5549019607843135,0.8137254901960784,0.6666666666666667
2016-17,2016-11-22,Group stage,Dinamo Zagreb,Lyon,22,26,0.3181818181818182,2.8181818181818183,1.1923076923076923,1.3076923076923077,0.045454545454545456,0.3076923076923077,0.09090909090909091,0.23076923076923078,0,7,20,20,A,1,1,20,20,-0.8741258741258742,-1.5104895104895106,-0.9895104895104896,-1.625874125874126,-0.26223776223776224,-0.13986013986013987,-7,-4,0,0.26223776223776224,0.13986013986013987,7,0.8741258741258742,1.5104895104895106,7,0.3531468531468532,1.5104895104895104,4.125874125874126,0.7377622377622377,0.5333333333333333
2016-17,2016-11-22,Group stage,Dortmund,Legia Warsaw,41,4,1.8048780487804879,1.2439024390243902,1.0,4.0,0.5121951219512195,0.0,0.6190476190476191,0.0,10,1,20,20,H,1,1,20,20,0.8048780487804879,2.7560975609756095,-2.1951219512195124,-0.24390243902439024,0.5121951219512195,0.6190476190476191,9,37,0,0.5121951219512195,0.6190476190476191,9,0.8048780487804879,2.7560975609756095,11,0.5121951219512195,2.8048780487804876,5.2439024390243905,0.4878048780487805,0.4
2016-17,2016-11-22,Group stage,FC Copenhagen,Porto,18,40,0.8888888888888888,1.2222222222222223,1.5,1.075,0.2777777777777778,0.475,0.4444444444444444,0.35,5,7,20,20,D,1,1,20,20,-0.6111111111111112,-0.14722222222222237,-0.18611111111111112,0.2777777777777777,-0.1972222222222222,0.09444444444444444,-2,-22,0,0.1972222222222222,0.09444444444444444,2,0.6111111111111112,0.14722222222222237,12,0.7527777777777778,2.388888888888889,2.2972222222222225,0.8027777777777778,0.8666666666666667
2016-17,2016-11-22,Group stage,Leicester City,Club Brugge,4,4,1.25,0.0,0.25,2.5,0.75,0.0,1.0,0.0,10,0,20,20,H,1,1,20,20,1.0,2.5,-1.25,0.25,0.75,1.0,10,0,0,0.75,1.0,10,1.0,2.5,10,0.75,1.5,2.5,0.25,0.33333333333333337
2016-17,2016-11-22,Group stage,Monaco,Tottenham,14,14,1.0,0.5714285714285714,1.5,1.3571428571428572,0.42857142857142855,0.35714285714285715,0.42857142857142855,0.2857142857142857,9,4,20,20,H,1,1,20,20,-0.5,0.7857142857142858,-0.3571428571428572,0.9285714285714286,0.0714285714285714,0.14285714285714285,5,0,0,0.0714285714285714,0.14285714285714285,5,0.5,0.7857142857142858,13,0.7857142857142857,2.5,1.9285714285714286,0.9285714285714286,0.6666666666666667
2016-17,2016-11-22,Group stage,Sevilla,Juventus,10,41,1.4,1.1,1.4390243902439024,0.9024390243902439,0.5,0.43902439024390244,0.8,0.35,13,8,20,20,A,1,1,20,20,-0.039024390243902474,-0.19756097560975616,0.497560975609756,0.3390243902439023,0.06097560975609756,0.45000000000000007,5,-31,0,0.06097560975609756,0.45000000000000007,5,0.039024390243902474,0.19756097560975616,21,0.9390243902439024,2.8390243902439023,2.002439024390244,0.9390243902439024,0.6666666666666667
2016-17,2016-11-22,Group stage,Sporting CP,Real Madrid,10,78,1.6,1.7,2.448717948717949,0.8333333333333334,0.3,0.6923076923076923,0.6,0.5263157894736842,3,9,20,20,A,1,1,20,20,-0.8487179487179488,-0.8666666666666666,0.7666666666666667,0.748717948717949,-0.3923076923076923,0.0736842105263158,-6,-68,0,0.3923076923076923,0.0736842105263158,6,0.8487179487179488,0.8666666666666666,12,0.9923076923076923,4.0487179487179485,2.533333333333333,0.6076923076923078,0.6
2016-17,2016-11-23,Group stage,Arsenal,Paris SG,52,44,1.8461538461538463,1.3269230769230769,1.9545454545454546,0.9318181818181818,0.5384615384615384,0.5909090909090909,0.6538461538461539,0.5454545454545454,10,10,22,22,D,1,1,22,22,-0.10839160839160833,-0.3951048951048951,0.9143356643356645,0.6276223776223777,-0.0524475524475525,0.10839160839160844,0,8,0,0.0524475524475525,0.10839160839160844,0,0.10839160839160833,0.3951048951048951,20,1.1293706293706294,3.800699300699301,2.2587412587412588,0.9475524475524475,1.0
2016-17,2016-11-23,Group stage,Atlético Madrid,PSV,40,12,1.575,0.6,1.0,1.3333333333333333,0.6,0.25,0.7894736842105263,0.0,13,2,22,22,H,1,1,22,22,0.575,0.7333333333333333,0.2416666666666667,0.4,0.35,0.7894736842105263,11,28,0,0.35,0.7894736842105263,11,0.575,0.7333333333333333,15,0.85,2.575,1.9333333333333331,0.65,0.2666666666666667
2016-17,2016-11-23,Group stage,Beşiktaş,Benfica,4,48,1.5,1.25,1.1666666666666667,1.2083333333333333,0.25,0.3958333333333333,0.0,0.25,6,8,22,22,D,1,1,22,22,0.33333333333333326,-0.04166666666666674,0.29166666666666674,-0.08333333333333326,-0.14583333333333331,-0.25,-2,-44,0,0.14583333333333331,0.25,2,0.33333333333333326,0.04166666666666674,14,0.6458333333333333,2.666666666666667,2.458333333333333,0.8541666666666667,0.8666666666666667
2016-17,2016-11-23,Group stage,Celtic,Barcelona,18,74,0.8888888888888888,2.2222222222222223,2.310810810810811,0.9054054054054054,0.2222222222222222,0.6621621621621622,0.3333333333333333,0.5135135135135135,2,9,22,22,A,1,1,22,22,-1.4219219219219221,-1.316816816816817,-0.016516516516516533,0.08858858858858865,-0.43993993993993996,-0.18018018018018017,-7,-56,0,0.43993993993993996,0.18018018018018017,7,1.4219219219219221,1.316816816816817,11,0.8843843843843844,3.1996996996997,3.1276276276276276,0.56006006006006,0.5333333333333333
2016-17,2016-11-23,Group stage,Gladbach,Manchester City,10,44,1.2,1.9,1.6590909090909092,1.4090909090909092,0.2,0.4090909090909091,0.2,0.36363636363636365,4,7,22,22,D,1,1,22,22,-0.4590909090909092,-0.49090909090909074,-0.20909090909090922,-0.24090909090909074,-0.2090909090909091,-0.16363636363636364,-3,-34,0,0.2090909090909091,0.16363636363636364,3,0.4590909090909092,0.49090909090909074,11,0.6090909090909091,2.8590909090909093,3.309090909090909,0.7909090909090909,0.8
2016-17,2016-11-23,Group stage,Ludogorets,Basel,10,32,0.9,2.7,1.09375,1.71875,0.1,0.3125,0.2,0.1875,1,1,22,22,D,1,1,22,22,-0.19374999999999998,-0.9812500000000002,-0.81875,-1.6062500000000002,-0.2125,0.012500000000000011,0,-22,0,0.2125,0.012500000000000011,0,0.19374999999999998,0.9812500000000002,2,0.4125,1.99375,4.41875,0.7875,1.0
2016-17,2016-11-23,Group stage,Napoli,Dynamo Kyiv,18,18,1.8333333333333333,1.5,0.9444444444444444,1.2777777777777777,0.5555555555555556,0.2222222222222222,0.7777777777777778,0.2222222222222222,10,2,22,22,D,1,1,22,22,0.8888888888888888,-0.22222222222222232,0.5555555555555556,-0.5555555555555556,0.33333333333333337,0.5555555555555556,8,0,0,0.33333333333333337,0.5555555555555556,8,0.8888888888888888,0.22222222222222232,12,0.7777777777777778,2.7777777777777777,2.7777777777777777,0.6666666666666666,0.4666666666666667
2016-17,2016-11-23,Group stage,Rostov,Bayern Munich,4,74,0.75,2.5,2.3513513513513513,0.9594594594594594,0.0,0.6756756756756757,0.0,0.5135135135135135,1,12,22,22,H,1,1,22,22,-1.6013513513513513,-1.5405405405405406,-0.20945945945945943,-0.14864864864864868,-0.6756756756756757,-0.5135135135135135,-11,-70,0,0.6756756756756757,0.5135135135135135,11,1.6013513513513513,1.5405405405405406,13,0.6756756756756757,3.1013513513513513,3.4594594594594597,0.32432432432432434,0.2666666666666667
2016-17,2016-12-06,Group stage,Barcelona,Gladbach,75,11,2.3066666666666666,0.8933333333333333,1.1818181818181819,1.8181818181818181,0.6666666666666666,0.18181818181818182,0.8108108108108109,0.2,12,5,13,13,H,1,1,13,13,1.1248484848484848,0.9248484848484848,0.4884848484848485,0.28848484848484857,0.4848484848484848,0.6108108108108108,7,64,0,0.4848484848484848,0.6108108108108108,7,1.1248484848484848,0.9248484848484848,17,0.8484848484848484,3.4884848484848483,2.7115151515151514,0.5151515151515151,0.5333333333333333
2016-17,2016-12-06,Group stage,Basel,Arsenal,33,53,1.0606060606060606,1.6666666666666667,1.849056603773585,1.3396226415094339,0.30303030303030304,0.5283018867924528,0.4375,0.4230769230769231,2,11,13,13,A,1,1,13,13,-0.7884505431675244,-0.32704402515723285,-0.27901658090337333,0.1823899371069182,-0.22527158376214979,0.014423076923076927,-9,-20,0,0.22527158376214979,0.014423076923076927,9,0.7884505431675244,0.32704402515723285,13,0.8313321898227559,2.9096626643796455,3.0062893081761004,0.7747284162378503,0.4
2016-17,2016-12-06,Group stage,Bayern Munich,Atlético Madrid,75,41,2.3466666666666667,0.9866666666666667,1.5853658536585367,0.5853658536585366,0.6666666666666666,0.6097560975609756,0.8378378378378378,0.42857142857142855,9,15,13,13,H,1,1,13,13,0.76130081300813,-0.40130081300813014,1.76130081300813,0.59869918699187,0.05691056910569103,0.4092664092664093,-6,34,0,0.05691056910569103,0.4092664092664093,6,0.76130081300813,0.40130081300813014,24,1.2764227642276422,3.9320325203252033,1.5720325203252032,0.943089430894309,0.6
2016-17,2016-12-06,Group stage,Benfica,Napoli,49,19,1.2040816326530612,1.2448979591836735,1.736842105263158,1.4210526315789473,0.3877551020408163,0.5263157894736842,0.5416666666666666,0.3333333333333333,8,8,13,13,A,1,1,13,13,-0.5327604726100967,0.17615467239527383,-0.21697099892588612,0.49194414607948445,-0.13856068743286787,0.20833333333333331,0,30,0,0.13856068743286787,0.20833333333333331,0,0.5327604726100967,0.17615467239527383,16,0.9140708915145005,2.9409237379162194,2.6659505907626206,0.8614393125671321,1.0
2016-17,2016-12-06,Group stage,Dynamo Kyiv,Beşiktaş,19,5,0.8947368421052632,1.2105263157894737,1.8,1.6,0.21052631578947367,0.2,0.2222222222222222,0.5,2,7,13,13,H,1,1,13,13,-0.9052631578947369,0.3894736842105264,-0.7052631578947369,0.5894736842105264,0.010526315789473661,-0.2777777777777778,-5,14,0,0.010526315789473661,0.2777777777777778,5,0.9052631578947369,0.3894736842105264,9,0.4105263157894737,2.694736842105263,2.810526315789474,0.9894736842105263,0.6666666666666667
2016-17,2016-12-06,Group stage,Manchester City,Celtic,45,19,1.6444444444444444,1.4,0.8421052631578947,2.210526315789474,0.4,0.21052631578947367,0.45454545454545453,0.1111111111111111,8,2,13,13,D,1,1,13,13,0.8023391812865497,0.810526315789474,-0.5660818713450295,-0.5578947368421052,0.18947368421052635,0.3434343434343434,6,26,0,0.18947368421052635,0.3434343434343434,6,0.8023391812865497,0.810526315789474,10,0.6105263157894737,2.486549707602339,3.610526315789474,0.8105263157894737,0.6
2016-17,2016-12-06,Group stage,PSV,Rostov,13,5,0.9230769230769231,1.3846153846153846,1.2,2.4,0.23076923076923078,0.2,0.5,0.0,1,4,13,13,D,1,1,13,13,-0.2769230769230768,1.0153846153846153,-1.4769230769230768,-0.18461538461538463,0.03076923076923077,0.5,-3,8,0,0.03076923076923077,0.5,3,0.2769230769230768,1.0153846153846153,5,0.4307692307692308,2.123076923076923,3.7846153846153845,0.9692307692307692,0.8
2016-17,2016-12-06,Group stage,Paris SG,Ludogorets,45,11,1.9555555555555555,0.9555555555555556,0.8181818181818182,2.4545454545454546,0.5777777777777777,0.09090909090909091,0.6363636363636364,0.0,11,2,13,13,D,1,1,13,13,1.1373737373737374,1.4989898989898989,-0.4989898989898991,-0.13737373737373737,0.4868686868686868,0.6363636363636364,9,34,0,0.4868686868686868,0.6363636363636364,9,1.1373737373737374,1.4989898989898989,13,0.6686868686868687,2.7737373737373736,3.4101010101010103,0.5131313131313132,0.4
2016-17,2016-12-07,Group stage,Club Brugge,FC Copenhagen,5,19,0.4,2.4,0.8421052631578947,1.1578947368421053,0.0,0.2631578947368421,0.0,0.1111111111111111,0,6,15,15,A,1,1,15,15,-0.44210526315789467,-1.2421052631578946,-0.7578947368421053,-1.5578947368421052,-0.2631578947368421,-0.1111111111111111,-6,-14,0,0.2631578947368421,0.1111111111111111,6,0.44210526315789467,1.2421052631578946,6,0.2631578947368421,1.2421052631578946,3.557894736842105,0.736842105263158,0.6
2016-17,2016-12-07,Group stage,Juventus,Dinamo Zagreb,42,23,1.4761904761904763,0.9047619047619048,0.30434782608695654,2.739130434782609,0.4523809523809524,0.043478260869565216,0.5238095238095238,0.0,11,0,15,15,H,1,1,15,15,1.1718426501035197,1.8343685300207042,-1.2629399585921326,-0.6004140786749482,0.40890269151138714,0.5238095238095238,11,19,0,0.40890269151138714,0.5238095238095238,11,1.1718426501035197,1.8343685300207042,11,0.4958592132505176,1.7805383022774328,3.6438923395445135,0.5910973084886129,0.2666666666666667
2016-17,2016-12-07,Group stage,Legia Warsaw,Sporting CP,5,11,1.6,4.8,1.5454545454545454,1.7272727272727273,0.0,0.2727272727272727,0.0,0.0,1,3,15,15,H,1,1,15,15,0.054545454545454675,-3.0727272727272723,-0.1272727272727272,-3.2545454545454544,-0.2727272727272727,0.0,-2,-6,0,0.2727272727272727,0.0,2,0.054545454545454675,3.0727272727272723,4,0.2727272727272727,3.1454545454545455,6.527272727272727,0.7272727272727273,0.8666666666666667
2016-17,2016-12-07,Group stage,Leverkusen,Monaco,35,15,1.3142857142857143,1.5714285714285714,1.0666666666666667,0.6,0.34285714285714286,0.4666666666666667,0.5294117647058824,0.42857142857142855,7,11,15,15,H,1,1,15,15,0.24761904761904763,-0.9714285714285714,0.7142857142857143,-0.5047619047619047,-0.12380952380952381,0.10084033613445381,-4,20,0,0.12380952380952381,0.10084033613445381,4,0.24761904761904763,0.9714285714285714,18,0.8095238095238095,2.380952380952381,2.1714285714285713,0.8761904761904762,0.7333333333333334
2016-17,2016-12-07,Group stage,Lyon,Sevilla,27,11,1.1851851851851851,1.2592592592592593,1.3636363636363635,1.2727272727272727,0.3333333333333333,0.45454545454545453,0.38461538461538464,0.2,7,10,15,15,D,1,1,15,15,-0.17845117845117842,0.013468013468013407,-0.08754208754208759,0.10437710437710424,-0.12121212121212122,0.18461538461538463,-3,16,0,0.12121212121212122,0.18461538461538463,3,0.17845117845117842,0.013468013468013407,17,0.7878787878787878,2.5488215488215484,2.531986531986532,0.8787878787878788,0.8
2016-17,2016-12-07,Group stage,Porto,Leicester City,41,5,1.4634146341463414,1.048780487804878,1.4,0.2,0.4634146341463415,0.8,0.6,0.5,8,13,15,15,H,1,1,15,15,0.06341463414634152,-0.8487804878048781,1.2634146341463415,0.3512195121951218,-0.33658536585365856,0.09999999999999998,-5,36,0,0.33658536585365856,0.09999999999999998,5,0.06341463414634152,0.8487804878048781,21,1.2634146341463415,2.8634146341463413,1.248780487804878,0.6634146341463414,0.6666666666666667
2016-17,2016-12-07,Group stage,Real Madrid,Dortmund,79,42,2.4430379746835444,0.8354430379746836,1.9523809523809523,1.3095238095238095,0.6962025316455697,0.5238095238095238,0.85,0.4,11,13,15,15,D,1,1,15,15,0.4906570223025921,0.474080771549126,1.133514165159735,1.1169379144062688,0.17239300783604583,0.44999999999999996,-2,37,0,0.17239300783604583,0.44999999999999996,2,0.4906570223025921,0.474080771549126,24,1.2200120554550935,4.3954189270644966,2.144966847498493,0.8276069921639542,0.8666666666666667
2016-17,2016-12-07,Group stage,Tottenham,CSKA Moscow,15,31,1.4666666666666666,1.4,1.096774193548387,1.935483870967742,0.3333333333333333,0.16129032258064516,0.42857142857142855,0.13333333333333333,4,3,15,15,H,1,1,15,15,0.36989247311827955,0.5354838709677421,-0.46881720430107543,-0.3032258064516129,0.17204301075268816,0.2952380952380952,1,-16,0,0.17204301075268816,0.2952380952380952,1,0.36989247311827955,0.5354838709677421,7,0.4946236559139785,2.563440860215054,3.335483870967742,0.8279569892473119,0.9333333333333333
2016-17,2017-02-14,Round of 16,Benfica,Dortmund,50,43,1.2,1.26,1.9534883720930232,1.3255813953488371,0.38,0.5116279069767442,0.52,0.38095238095238093,7,11,70,69,H,1,1,70,69,-0.7534883720930232,0.06558139534883711,-0.12558139534883717,0.6934883720930232,-0.1316279069767442,0.1390476190476191,-4,7,1,0.1316279069767442,0.1390476190476191,4,0.7534883720930232,0.06558139534883711,18,0.8916279069767442,3.1534883720930234,2.585581395348837,0.8683720930232558,0.7333333333333334
2016-17,2017-02-14,Round of 16,Paris SG,Barcelona,46,76,1.9565217391304348,0.9782608695652174,2.3289473684210527,0.881578947368421,0.5652173913043478,0.6710526315789473,0.6086956521739131,0.5263157894736842,11,12,70,70,H,1,1,70,70,-0.37242562929061784,-0.09668192219679639,1.0749427917620138,1.3506864988558354,-0.10583524027459956,0.0823798627002289,-1,-30,0,0.10583524027459956,0.0823798627002289,1,0.37242562929061784,0.09668192219679639,23,1.236270022883295,4.285469107551488,1.8598398169336385,0.8941647597254004,0.9333333333333333
2016-17,2017-02-15,Round of 16,Bayern Munich,Arsenal,76,54,2.3289473684210527,0.9736842105263158,1.8888888888888888,1.3333333333333333,0.6710526315789473,0.5370370370370371,0.8421052631578947,0.4444444444444444,9,13,71,71,H,1,1,71,71,0.4400584795321638,0.35964912280701744,0.9956140350877194,0.915204678362573,0.13401559454191025,0.39766081871345027,-4,22,0,0.13401559454191025,0.39766081871345027,4,0.4400584795321638,0.35964912280701744,22,1.2080896686159845,4.2178362573099415,2.307017543859649,0.8659844054580897,0.7333333333333334
2016-17,2017-02-15,Round of 16,Real Madrid,Napoli,80,20,2.4375,0.85,1.75,1.4,0.6875,0.55,0.8292682926829268,0.4,9,8,70,71,H,1,1,70,71,0.6875,0.5499999999999999,1.0375,0.9,0.13749999999999996,0.42926829268292677,1,60,-1,0.13749999999999996,0.42926829268292677,1,0.6875,0.5499999999999999,17,1.2375,4.1875,2.25,0.8625,0.9333333333333333
2016-17,2017-02-21,Round of 16,Leverkusen,Atlético Madrid,36,42,1.3611111111111112,1.5277777777777777,1.5476190476190477,0.5952380952380952,0.3611111111111111,0.5952380952380952,0.5555555555555556,0.4090909090909091,9,12,76,77,A,1,1,76,77,-0.1865079365079365,-0.9325396825396824,0.7658730158730159,0.019841269841269993,-0.23412698412698413,0.14646464646464646,-3,-6,-1,0.23412698412698413,0.14646464646464646,3,0.1865079365079365,0.9325396825396824,21,0.9563492063492063,2.908730158730159,2.123015873015873,0.7658730158730158,0.8
2016-17,2017-02-21,Round of 16,Manchester City,Monaco,46,16,1.6304347826086956,1.391304347826087,1.0,0.75,0.391304347826087,0.4375,0.43478260869565216,0.375,6,8,77,76,H,1,1,77,76,0.6304347826086956,-0.6413043478260869,0.8804347826086956,-0.3913043478260869,-0.04619565217391303,0.05978260869565216,-2,30,1,0.04619565217391303,0.05978260869565216,2,0.6304347826086956,0.6413043478260869,14,0.8288043478260869,2.6304347826086953,2.141304347826087,0.9538043478260869,0.8666666666666667
2016-17,2017-02-22,Round of 16,Porto,Juventus,42,43,1.5476190476190477,1.0238095238095237,1.4883720930232558,0.8837209302325582,0.47619047619047616,0.46511627906976744,0.6190476190476191,0.38095238095238093,10,13,77,77,A,1,1,77,77,0.05924695459579188,-0.14008859357696557,0.6638981173864895,0.46456256921373207,0.011074197120708729,0.23809523809523814,-3,-1,0,0.011074197120708729,0.23809523809523814,3,0.05924695459579188,0.14008859357696557,23,0.9413067552602437,3.0359911406423032,1.9075304540420819,0.9889258028792913,0.8
2016-17,2017-02-22,Round of 16,Sevilla,Leicester City,12,6,1.25,1.1666666666666667,1.1666666666666667,1.0,0.4166666666666667,0.6666666666666666,0.6666666666666666,0.3333333333333333,10,10,77,77,H,1,1,77,77,0.08333333333333326,-0.16666666666666674,0.25,0.0,-0.24999999999999994,0.3333333333333333,0,6,0,0.24999999999999994,0.3333333333333333,0,0.08333333333333326,0.16666666666666674,20,1.0833333333333333,2.416666666666667,2.166666666666667,0.75,1.0
2016-17,2017-03-07,Round of 16,Arsenal,Bayern Munich,55,77,1.8727272727272728,1.4,2.3636363636363638,0.974025974025974,0.5272727272727272,0.6753246753246753,0.6296296296296297,0.5,10,12,20,20,A,1,1,20,20,-0.49090909090909096,-0.4259740259740259,0.8987012987012988,0.9636363636363638,-0.1480519480519481,0.12962962962962965,-2,-22,0,0.1480519480519481,0.12962962962962965,2,0.49090909090909096,0.4259740259740259,22,1.2025974025974024,4.236363636363636,2.374025974025974,0.8519480519480519,0.8666666666666667
2016-17,2017-03-07,Round of 16,Napoli,Real Madrid,21,81,1.7142857142857142,1.4761904761904763,2.4444444444444446,0.8518518518518519,0.5238095238095238,0.691358024691358,0.7,0.5384615384615384,5,11,20,20,A,1,1,20,20,-0.7301587301587305,-0.6243386243386244,0.8624338624338623,0.9682539682539684,-0.16754850088183415,0.16153846153846152,-6,-60,0,0.16754850088183415,0.16153846153846152,6,0.7301587301587305,0.6243386243386244,16,1.2151675485008817,4.158730158730159,2.3280423280423284,0.8324514991181658,0.6
2016-17,2017-03-08,Round of 16,Barcelona,Paris SG,77,47,2.2987012987012987,0.922077922077922,2.0,0.9574468085106383,0.6623376623376623,0.574468085106383,0.8157894736842105,0.5217391304347826,9,11,22,22,H,1,1,22,22,0.2987012987012987,0.035368886432716296,1.3412544901906602,1.077922077922078,0.0878695772312793,0.2940503432494279,-2,30,0,0.0878695772312793,0.2940503432494279,2,0.2987012987012987,0.035368886432716296,20,1.2368057474440453,4.298701298701299,1.8795247305885603,0.9121304227687207,0.8666666666666667
2016-17,2017-03-08,Round of 16,Dortmund,Benfica,44,51,1.9090909090909092,1.3181818181818181,1.196078431372549,1.2352941176470589,0.5,0.39215686274509803,0.6363636363636364,0.24,10,10,22,22,H,1,1,22,22,0.7130124777183602,-0.08288770053475925,0.6737967914438503,-0.12210338680926913,0.10784313725490197,0.39636363636363636,0,-7,0,0.10784313725490197,0.39636363636363636,0,0.7130124777183602,0.08288770053475925,20,0.892156862745098,3.1051693404634584,2.553475935828877,0.892156862745098,1.0
2016-17,2017-03-14,Round of 16,Juventus,Porto,44,43,1.5,0.8636363636363636,1.5116279069767442,1.0465116279069768,0.4772727272727273,0.46511627906976744,0.5454545454545454,0.3333333333333333,13,10,20,20,H,1,1,20,20,-0.011627906976744207,0.18287526427061318,0.4534883720930232,0.6479915433403806,0.012156448202959858,0.2121212121212121,3,1,0,0.012156448202959858,0.2121212121212121,3,0.011627906976744207,0.18287526427061318,23,0.9423890063424947,3.011627906976744,1.9101479915433406,0.9878435517970401,0.8
2016-17,2017-03-14,Round of 16,Leicester City,Sevilla,7,13,1.1428571428571428,1.1428571428571428,1.3076923076923077,1.1538461538461537,0.5714285714285714,0.46153846153846156,1.0,0.16666666666666666,7,10,20,20,H,1,1,20,20,-0.16483516483516492,0.01098901098901095,-0.01098901098901095,0.16483516483516492,0.10989010989010983,0.8333333333333334,-3,-6,0,0.10989010989010983,0.8333333333333334,3,0.16483516483516492,0.01098901098901095,17,1.0329670329670328,2.4505494505494507,2.2967032967032965,0.8901098901098902,0.8
2016-17,2017-03-15,Round of 16,Atlético Madrid,Leverkusen,43,37,1.6046511627906976,0.627906976744186,1.3783783783783783,1.5945945945945945,0.6046511627906976,0.35135135135135137,0.8,0.16666666666666666,12,8,22,22,D,1,1,22,22,0.22627278441231935,0.9666876178504085,0.010056568196103122,0.7504714016341922,0.25329981143934627,0.6333333333333334,4,6,0,0.25329981143934627,0.6333333333333334,4,0.22627278441231935,0.9666876178504085,20,0.956002514142049,2.983029541169076,2.2225015713387806,0.7467001885606537,0.7333333333333334
2016-17,2017-03-15,Round of 16,Monaco,Manchester City,17,47,1.1176470588235294,1.0,1.702127659574468,1.425531914893617,0.4117647058823529,0.40425531914893614,0.5,0.34782608695652173,7,8,22,22,H,1,1,22,22,-0.5844806007509387,0.42553191489361697,-0.30788485607008753,0.7021276595744681,0.0075093867334167785,0.15217391304347827,-1,-30,0,0.0075093867334167785,0.15217391304347827,1,0.5844806007509387,0.42553191489361697,15,0.816020025031289,2.8197747183979978,2.425531914893617,0.9924906132665832,0.9333333333333333
2016-17,2017-04-11,Quarter-finals,Juventus,Barcelona,45,78,1.488888888888889,0.8444444444444444,2.3461538461538463,0.9230769230769231,0.4888888888888889,0.6666666666666666,0.5652173913043478,0.5128205128205128,13,9,28,34,H,1,1,28,34,-0.8572649572649573,0.07863247863247869,0.5658119658119658,1.5017094017094017,-0.17777777777777776,0.05239687848383501,4,-33,-6,0.17777777777777776,0.05239687848383501,4,0.8572649572649573,0.07863247863247869,22,1.1555555555555554,3.835042735042735,1.7675213675213675,0.8222222222222222,0.7333333333333334
2016-17,2017-04-12,Quarter-finals,Atlético Madrid,Leicester City,44,8,1.5681818181818181,0.6136363636363636,1.25,1.0,0.5909090909090909,0.625,0.7619047619047619,0.25,10,7,28,29,H,1,1,28,29,0.3181818181818181,0.38636363636363635,0.5681818181818181,0.6363636363636364,-0.03409090909090906,0.5119047619047619,3,36,-1,0.03409090909090906,0.5119047619047619,3,0.3181818181818181,0.38636363636363635,17,1.2159090909090908,2.8181818181818183,1.6136363636363638,0.9659090909090909,0.8
2016-17,2017-04-12,Quarter-finals,Bayern Munich,Real Madrid,78,82,2.3974358974358974,0.9743589743589743,2.451219512195122,0.8536585365853658,0.6794871794871795,0.6951219512195121,0.8461538461538461,0.55,12,11,36,36,A,1,1,36,36,-0.05378361475922455,-0.1207004377736085,1.5437773608505316,1.4768605378361475,-0.01563477173233263,0.2961538461538461,1,-4,0,0.01563477173233263,0.2961538461538461,1,0.05378361475922455,0.1207004377736085,23,1.3746091307066917,4.84865540963102,1.8280175109443402,0.9843652282676674,0.9333333333333333
2016-17,2017-04-12,Quarter-finals,Dortmund,Monaco,45,18,1.9555555555555555,1.288888888888889,1.2222222222222223,1.0,0.5111111111111111,0.4444444444444444,0.6521739130434783,0.3333333333333333,10,9,35,28,A,1,1,35,28,0.7333333333333332,-0.288888888888889,0.9555555555555555,-0.06666666666666665,0.06666666666666665,0.31884057971014496,1,27,7,0.06666666666666665,0.31884057971014496,1,0.7333333333333332,0.288888888888889,19,0.9555555555555555,3.177777777777778,2.2888888888888888,0.9333333333333333,0.9333333333333333
2016-17,2017-04-18,Quarter-finals,Leicester City,Atlético Madrid,9,45,1.1111111111111112,1.0,1.5555555555555556,0.6,0.5555555555555556,0.6,1.0,0.43478260869565216,6,10,6,6,D,1,1,6,6,-0.4444444444444444,-0.4,0.5111111111111112,0.5555555555555556,-0.0444444444444444,0.5652173913043479,-4,-36,0,0.0444444444444444,0.5652173913043479,4,0.4444444444444444,0.4,16,1.1555555555555554,2.666666666666667,1.6,0.9555555555555556,0.7333333333333334
2016-17,2017-04-18,Quarter-finals,Real Madrid,Bayern Munich,83,79,2.4457831325301207,0.8554216867469879,2.3797468354430378,0.9873417721518988,0.6987951807228916,0.6708860759493671,0.8333333333333334,0.5128205128205128,13,9,6,6,H,1,1,6,6,0.06603629708708292,0.13192008540491085,1.458441360378222,1.5243251486960498,0.027909104773524485,0.3205128205128206,4,4,0,0.027909104773524485,0.3205128205128206,4,0.06603629708708292,0.13192008540491085,22,1.3696812566722587,4.825529967973159,1.8427634588988866,0.9720908952264755,0.7333333333333334
2016-17,2017-04-19,Quarter-finals,Barcelona,Juventus,79,46,2.3164556962025316,0.9493670886075949,1.5217391304347827,0.8260869565217391,0.6582278481012658,0.5,0.8205128205128205,0.4090909090909091,9,15,8,8,D,1,1,8,8,0.7947165657677489,-0.12328013208585575,1.4903687396807923,0.5723720418271878,0.15822784810126578,0.41142191142191137,-6,33,0,0.15822784810126578,0.41142191142191137,6,0.7947165657677489,0.12328013208585575,24,1.1582278481012658,3.8381948266373143,1.775454045129334,0.8417721518987342,0.6
2016-17,2017-04-19,Quarter-finals,Monaco,Dortmund,19,46,1.3157894736842106,1.0526315789473684,1.9565217391304348,1.326086956521739,0.47368421052631576,0.5,0.5555555555555556,0.36363636363636365,9,7,7,7,H,1,1,7,7,-0.6407322654462242,0.27345537757437066,-0.010297482837528404,0.9038901601830664,-0.026315789473684237,0.19191919191919193,2,-27,0,0.026315789473684237,0.19191919191919193,2,0.6407322654462242,0.27345537757437066,16,0.9736842105263157,3.272311212814645,2.3787185354691074,0.9736842105263157,0.8666666666666667
2016-17,2017-05-02,Semi-finals,Real Madrid,Atlético Madrid,84,46,2.4642857142857144,0.8690476190476191,1.5434782608695652,0.6086956521739131,0.7023809523809523,0.5869565217391305,0.8372093023255814,0.4166666666666667,13,8,14,14,H,1,1,14,14,0.9208074534161492,-0.260351966873706,1.8555900621118013,0.6744306418219461,0.11542443064182184,0.42054263565891475,5,38,0,0.11542443064182184,0.42054263565891475,5,0.9208074534161492,0.260351966873706,21,1.289337474120083,4.00776397515528,1.4777432712215322,0.8845755693581782,0.6666666666666667
2016-17,2017-05-03,Semi-finals,Monaco,Juventus,20,47,1.4,1.05,1.4893617021276595,0.8085106382978723,0.5,0.48936170212765956,0.6,0.391304347826087,9,13,14,14,A,1,1,14,14,-0.08936170212765959,-0.24148936170212776,0.5914893617021276,0.43936170212765946,0.010638297872340441,0.208695652173913,-4,-27,0,0.010638297872340441,0.208695652173913,4,0.08936170212765959,0.24148936170212776,22,0.9893617021276595,2.889361702127659,1.8585106382978722,0.9893617021276595,0.7333333333333334
2016-17,2017-05-09,Semi-finals,Juventus,Monaco,48,21,1.5,0.7916666666666666,1.3333333333333333,1.0952380952380953,0.5,0.47619047619047616,0.5833333333333334,0.4,13,9,6,6,H,1,1,6,6,0.16666666666666674,0.3035714285714287,0.40476190476190466,0.5416666666666666,0.023809523809523836,0.18333333333333335,4,27,0,0.023809523809523836,0.18333333333333335,4,0.16666666666666674,0.3035714285714287,22,0.9761904761904762,2.833333333333333,1.8869047619047619,0.9761904761904762,0.7333333333333334
2016-17,2017-05-10,Semi-finals,Atlético Madrid,Real Madrid,47,85,1.5106382978723405,0.6595744680851063,2.4705882352941178,0.8588235294117647,0.574468085106383,0.7058823529411765,0.7727272727272727,0.5609756097560976,8,15,8,8,H,1,1,8,8,-0.9599499374217773,0.19924906132665832,0.6518147684605758,1.8110137672090114,-0.13141426783479349,0.2117516629711751,-7,-38,0,0.13141426783479349,0.2117516629711751,7,0.9599499374217773,0.19924906132665832,23,1.2803504380475594,3.981226533166458,1.518397997496871,0.8685857321652065,0.5333333333333333
2016-17,2017-06-03,Final,Juventus,Real Madrid,49,86,1.510204081632653,0.7959183673469388,2.453488372093023,0.872093023255814,0.5102040816326531,0.6976744186046512,0.6,0.5476190476190477,13,12,25,24,A,1,1,25,24,-0.9432842904603702,0.07617465590887518,0.638111058376839,1.6575700047460844,-0.1874703369719981,0.052380952380952306,1,-37,1,0.1874703369719981,0.052380952380952306,1,0.9432842904603702,0.07617465590887518,25,1.2078785002373043,3.963692453725676,1.6680113906027527,0.8125296630280019,0.9333333333333333
2017-18,2017-09-12,Group stage,Barcelona,Juventus,80,50,2.2875,0.9375,1.5,0.86,0.65,0.5,0.8,0.4166666666666667,7,10,146,101,H,1,1,146,101,0.7875000000000001,-0.07750000000000001,1.4275000000000002,0.5625,0.15000000000000002,0.38333333333333336,-3,30,45,0.15000000000000002,0.38333333333333336,3,0.7875000000000001,0.07750000000000001,17,1.15,3.7875,1.7974999999999999,0.85,0.8
2017-18,2017-09-12,Group stage,Bayern Munich,Anderlecht,80,18,2.375,1.025,0.8888888888888888,2.0,0.6625,0.1111111111111111,0.825,0.0,9,5,147,1008,H,1,1,147,365,1.4861111111111112,0.9750000000000001,0.375,-0.13611111111111107,0.5513888888888889,0.825,4,62,-218,0.5513888888888889,0.825,4,1.4861111111111112,0.9750000000000001,14,0.773611111111111,3.263888888888889,3.025,0.44861111111111107,0.7333333333333334
2017-18,2017-09-12,Group stage,Benfica,CSKA Moscow,52,32,1.1730769230769231,1.2884615384615385,1.09375,1.96875,0.38461538461538464,0.15625,0.5384615384615384,0.125,7,2,188,279,A,1,1,188,279,0.07932692307692313,0.6802884615384615,-0.7956730769230769,-0.19471153846153855,0.22836538461538464,0.41346153846153844,5,20,-91,0.22836538461538464,0.41346153846153844,5,0.07932692307692313,0.6802884615384615,9,0.5408653846153846,2.2668269230769234,3.2572115384615383,0.7716346153846154,0.6666666666666667
2017-18,2017-09-12,Group stage,Celtic,Paris SG,20,48,0.85,2.15,1.9791666666666667,1.0625,0.2,0.5625,0.3,0.5,3,8,280,188,A,1,1,280,188,-1.1291666666666669,-1.0875,-0.21250000000000002,-0.17083333333333317,-0.3625,-0.2,-5,-28,92,0.3625,0.2,5,1.1291666666666669,1.0875,11,0.7625,2.8291666666666666,3.2125,0.6375,0.6666666666666667
2017-18,2017-09-12,Group stage,Chelsea,Qarabağ,57,0,1.9649122807017543,0.9122807017543859,0.0,0.0,0.5263157894736842,0.0,0.7142857142857143,0.0,9,0,552,-1,H,1,0,365,0,1.9649122807017543,-0.9122807017543859,1.9649122807017543,-0.9122807017543859,0.5263157894736842,0.7142857142857143,9,57,365,0.5263157894736842,0.7142857142857143,9,1.9649122807017543,0.9122807017543859,9,0.5263157894736842,1.9649122807017543,0.9122807017543859,0.4736842105263158,0.4
2017-18,2017-09-12,Group stage,Manchester Utd,Basel,43,34,1.5116279069767442,0.9302325581395349,1.0588235294117647,1.7352941176470589,0.5116279069767442,0.29411764705882354,0.6190476190476191,0.17647058823529413,8,1,644,280,H,1,1,365,280,0.4528043775649795,0.805061559507524,-0.22366621067031467,0.12859097127222985,0.21751025991792067,0.4425770308123249,7,9,85,0.21751025991792067,0.4425770308123249,7,0.4528043775649795,0.805061559507524,9,0.8057455540355678,2.5704514363885087,2.6655266757865936,0.7824897400820794,0.5333333333333333
2017-18,2017-09-12,Group stage,Olympiacos,Sporting CP,32,12,1.40625,1.625,1.4166666666666667,1.6666666666666667,0.5,0.25,0.6875,0.0,9,3,643,279,A,1,1,365,279,-0.01041666666666674,0.04166666666666674,-0.26041666666666674,-0.20833333333333326,0.25,0.6875,6,20,86,0.25,0.6875,6,0.01041666666666674,0.04166666666666674,12,0.75,2.822916666666667,3.291666666666667,0.75,0.6
2017-18,2017-09-12,Group stage,Roma,Atlético Madrid,22,48,1.4090909090909092,2.3181818181818183,1.5208333333333333,0.6666666666666666,0.22727272727272727,0.5833333333333334,0.36363636363636365,0.4,4,8,553,125,D,1,1,365,125,-0.11174242424242409,-1.6515151515151518,0.7424242424242425,-0.7973484848484851,-0.3560606060606061,-0.036363636363636376,-4,-26,240,0.3560606060606061,0.036363636363636376,4,0.11174242424242409,1.6515151515151518,12,0.8106060606060607,2.929924242424242,2.984848484848485,0.6439393939393939,0.7333333333333334
2017-18,2017-09-13,Group stage,Feyenoord,Manchester City,0,48,0.0,0.0,1.6875,1.4583333333333333,0.0,0.3958333333333333,0.0,0.3333333333333333,0,8,-1,182,A,0,1,0,182,-1.6875,1.4583333333333333,-1.4583333333333333,1.6875,-0.3958333333333333,-0.3333333333333333,-8,-48,-182,0.3958333333333333,0.3333333333333333,8,1.6875,1.4583333333333333,8,0.3958333333333333,1.6875,1.4583333333333333,0.6041666666666667,0.4666666666666667
2017-18,2017-09-13,Group stage,Liverpool,Sevilla,6,14,0.8333333333333334,1.5,1.2142857142857142,1.2142857142857142,0.16666666666666666,0.42857142857142855,0.3333333333333333,0.14285714285714285,2,7,1009,183,D,1,1,365,183,-0.3809523809523808,-0.2857142857142858,-0.3809523809523808,-0.2857142857142858,-0.26190476190476186,0.19047619047619047,-5,-8,182,0.26190476190476186,0.19047619047619047,5,0.3809523809523808,0.2857142857142858,9,0.5952380952380952,2.0476190476190474,2.7142857142857144,0.7380952380952381,0.6666666666666667
2017-18,2017-09-13,Group stage,NK Maribor,Spartak Moscow,6,12,0.6666666666666666,2.1666666666666665,1.1666666666666667,2.0,0.0,0.3333333333333333,0.0,0.3333333333333333,2,3,1008,1743,D,1,1,365,365,-0.5000000000000001,-0.16666666666666652,-1.3333333333333335,-0.9999999999999998,-0.3333333333333333,-0.3333333333333333,-1,-6,0,0.3333333333333333,0.3333333333333333,1,0.5000000000000001,0.16666666666666652,5,0.3333333333333333,1.8333333333333335,4.166666666666666,0.6666666666666667,0.9333333333333333
2017-18,2017-09-13,Group stage,Porto,Beşiktaş,44,6,1.4772727272727273,1.0454545454545454,1.5,2.3333333333333335,0.45454545454545453,0.16666666666666666,0.5909090909090909,0.3333333333333333,7,6,183,281,A,1,1,183,281,-0.022727272727272707,1.287878787878788,-0.8560606060606062,0.4545454545454546,0.28787878787878785,0.2575757575757576,1,38,-98,0.28787878787878785,0.2575757575757576,1,0.022727272727272707,1.287878787878788,13,0.6212121212121212,2.9772727272727275,3.378787878787879,0.7121212121212122,0.9333333333333333
2017-18,2017-09-13,Group stage,RB Leipzig,Monaco,0,22,0.0,0.0,1.3181818181818181,1.1363636363636365,0.0,0.45454545454545453,0.0,0.36363636363636365,0,9,-1,127,D,0,1,0,127,-1.3181818181818181,1.1363636363636365,-1.1363636363636365,1.3181818181818181,-0.45454545454545453,-0.36363636363636365,-9,-22,-127,0.45454545454545453,0.36363636363636365,9,1.3181818181818181,1.1363636363636365,9,0.45454545454545453,1.3181818181818181,1.1363636363636365,0.5454545454545454,0.4
2017-18,2017-09-13,Group stage,Real Madrid,APOEL FC,87,16,2.471264367816092,0.8735632183908046,0.625,1.6875,0.7011494252873564,0.1875,0.8409090909090909,0.0,12,1,102,1008,H,1,1,102,365,1.846264367816092,0.8139367816091954,0.7837643678160919,-0.24856321839080464,0.5136494252873564,0.8409090909090909,11,71,-263,0.5136494252873564,0.8409090909090909,11,1.846264367816092,0.8139367816091954,13,0.8886494252873564,3.096264367816092,2.561063218390805,0.48635057471264365,0.2666666666666667
2017-18,2017-09-13,Group stage,Shakhtar D.,Napoli,44,22,1.5454545454545454,1.5,1.6818181818181819,1.5454545454545454,0.36363636363636365,0.5,0.4090909090909091,0.36363636363636365,3,5,645,190,H,1,1,365,190,-0.13636363636363646,0.045454545454545414,0.0,0.18181818181818188,-0.13636363636363635,0.04545454545454547,-2,22,175,0.13636363636363635,0.04545454545454547,2,0.13636363636363646,0.045454545454545414,8,0.8636363636363636,3.2272727272727275,3.0454545454545454,0.8636363636363636,0.8666666666666667
2017-18,2017-09-13,Group stage,Tottenham,Dortmund,16,47,1.5625,1.375,1.9361702127659575,1.3617021276595744,0.375,0.48936170212765956,0.5,0.34782608695652173,7,4,280,147,H,1,1,280,147,-0.37367021276595747,-0.013297872340425565,0.20079787234042556,0.5611702127659575,-0.11436170212765956,0.15217391304347827,3,-31,133,0.11436170212765956,0.15217391304347827,3,0.37367021276595747,0.013297872340425565,11,0.8643617021276595,3.4986702127659575,2.7367021276595747,0.8856382978723405,0.8
2017-18,2017-09-26,Group stage,APOEL FC,Tottenham,17,17,0.5882352941176471,1.7647058823529411,1.6470588235294117,1.3529411764705883,0.17647058823529413,0.4117647058823529,0.375,0.25,0,7,13,13,A,1,1,13,13,-1.0588235294117645,-0.4117647058823528,-0.7647058823529412,-0.11764705882352944,-0.2352941176470588,0.125,-7,0,0,0.2352941176470588,0.125,7,1.0588235294117645,0.4117647058823528,7,0.5882352941176471,2.235294117647059,3.1176470588235294,0.7647058823529412,0.5333333333333333
2017-18,2017-09-26,Group stage,Beşiktaş,RB Leipzig,7,1,1.7142857142857142,2.142857142857143,1.0,1.0,0.2857142857142857,0.0,0.0,0.0,8,1,13,13,H,1,1,13,13,0.7142857142857142,-1.1428571428571428,0.7142857142857142,-1.1428571428571428,0.2857142857142857,0.0,7,6,0,0.2857142857142857,0.0,7,0.7142857142857142,1.1428571428571428,9,0.2857142857142857,2.7142857142857144,3.142857142857143,0.7142857142857143,0.5333333333333333
2017-18,2017-09-26,Group stage,Dortmund,Real Madrid,48,88,1.9166666666666667,1.3958333333333333,2.477272727272727,0.8636363636363636,0.4791666666666667,0.7045454545454546,0.625,0.5581395348837209,3,12,13,13,A,1,1,13,13,-0.5606060606060603,-0.5321969696969696,1.0530303030303032,1.0814393939393938,-0.2253787878787879,0.06686046511627908,-9,-40,0,0.2253787878787879,0.06686046511627908,9,0.5606060606060603,0.5321969696969696,15,1.1837121212121213,4.393939393939394,2.259469696969697,0.7746212121212122,0.4
2017-18,2017-09-26,Group stage,Manchester City,Shakhtar D.,49,45,1.7346938775510203,1.4285714285714286,1.5555555555555556,1.488888888888889,0.40816326530612246,0.37777777777777777,0.4583333333333333,0.3181818181818182,8,6,13,13,H,1,1,13,13,0.17913832199546476,0.060317460317460325,0.2458049886621314,0.12698412698412698,0.03038548752834469,0.14015151515151514,2,4,0,0.03038548752834469,0.14015151515151514,2,0.17913832199546476,0.060317460317460325,14,0.7859410430839002,3.2902494331065757,2.9174603174603178,0.9696145124716553,0.8666666666666667
2017-18,2017-09-26,Group stage,Monaco,Porto,23,45,1.3043478260869565,1.1304347826086956,1.4666666666666666,1.0888888888888888,0.43478260869565216,0.4444444444444444,0.5454545454545454,0.3181818181818182,7,4,13,13,A,1,1,13,13,-0.16231884057971002,-0.04154589371980677,0.21545893719806775,0.336231884057971,-0.009661835748792258,0.22727272727272724,3,-22,0,0.009661835748792258,0.22727272727272724,3,0.16231884057971002,0.04154589371980677,11,0.8792270531400965,2.771014492753623,2.2193236714975844,0.9903381642512077,0.8
2017-18,2017-09-26,Group stage,Napoli,Feyenoord,23,1,1.6521739130434783,1.565217391304348,0.0,4.0,0.4782608695652174,0.0,0.6363636363636364,0.0,4,0,13,13,H,1,1,13,13,1.6521739130434783,2.4347826086956523,-2.3478260869565215,-1.565217391304348,0.4782608695652174,0.6363636363636364,4,22,0,0.4782608695652174,0.6363636363636364,4,1.6521739130434783,2.4347826086956523,4,0.4782608695652174,1.6521739130434783,5.565217391304348,0.5217391304347826,0.7333333333333334
2017-18,2017-09-26,Group stage,Sevilla,NK Maribor,15,7,1.2666666666666666,1.2666666666666666,0.7142857142857143,2.0,0.4,0.0,0.7142857142857143,0.0,5,2,13,13,H,1,1,13,13,0.5523809523809523,0.7333333333333334,-0.7333333333333334,-0.5523809523809523,0.4,0.7142857142857143,3,8,0,0.4,0.7142857142857143,3,0.5523809523809523,0.7333333333333334,7,0.4,1.980952380952381,3.2666666666666666,0.6,0.8
2017-18,2017-09-26,Group stage,Spartak Moscow,Liverpool,13,7,1.1538461538461537,1.9230769230769231,1.0,1.5714285714285714,0.3076923076923077,0.14285714285714285,0.3333333333333333,0.0,4,3,13,13,D,1,1,13,13,0.15384615384615374,-0.35164835164835173,-0.41758241758241765,-0.9230769230769231,0.16483516483516486,0.3333333333333333,1,6,0,0.16483516483516486,0.3333333333333333,1,0.15384615384615374,0.35164835164835173,7,0.45054945054945056,2.1538461538461537,3.4945054945054945,0.8351648351648351,0.9333333333333333
2017-18,2017-09-27,Group stage,Anderlecht,Celtic,19,21,0.8421052631578947,2.0526315789473686,0.8095238095238095,2.2857142857142856,0.10526315789473684,0.19047619047619047,0.2222222222222222,0.1,5,2,15,15,A,1,1,15,15,0.032581453634085156,0.233082706766917,-1.443609022556391,-1.243107769423559,-0.08521303258145363,0.1222222222222222,3,-2,0,0.08521303258145363,0.1222222222222222,3,0.032581453634085156,0.233082706766917,7,0.2957393483709273,1.6516290726817042,4.338345864661655,0.9147869674185464,0.8
2017-18,2017-09-27,Group stage,Atlético Madrid,Chelsea,49,58,1.489795918367347,0.6530612244897959,2.0344827586206895,0.896551724137931,0.5714285714285714,0.5344827586206896,0.782608695652174,0.3448275862068966,8,9,15,15,A,1,1,15,15,-0.5446868402533425,0.24349049964813518,0.593244194229416,1.3814215341308937,0.036945812807881784,0.43778110944527737,-1,-9,0,0.036945812807881784,0.43778110944527737,1,0.5446868402533425,0.24349049964813518,17,1.1059113300492611,3.5242786769880365,1.5496129486277268,0.9630541871921182,0.9333333333333333
2017-18,2017-09-27,Group stage,Basel,Benfica,35,53,1.0285714285714285,1.7714285714285714,1.169811320754717,1.3018867924528301,0.2857142857142857,0.37735849056603776,0.4117647058823529,0.23076923076923078,1,4,15,15,H,1,1,15,15,-0.14123989218328847,-0.46954177897574123,-0.27331536388140165,-0.6016172506738544,-0.09164420485175206,0.18099547511312214,-3,-18,0,0.09164420485175206,0.18099547511312214,3,0.14123989218328847,0.46954177897574123,5,0.6630727762803235,2.1983827493261456,3.0733153638814015,0.9083557951482479,0.8
2017-18,2017-09-27,Group stage,Juventus,Olympiacos,51,33,1.4705882352941178,0.9019607843137255,1.4242424242424243,1.6666666666666667,0.49019607843137253,0.48484848484848486,0.5769230769230769,0.3125,7,6,15,15,H,1,1,15,15,0.04634581105169344,0.7647058823529412,-0.196078431372549,0.5222816399286988,0.005347593582887666,0.26442307692307687,1,18,0,0.005347593582887666,0.26442307692307687,1,0.04634581105169344,0.7647058823529412,13,0.9750445632798574,2.894830659536542,2.5686274509803924,0.9946524064171123,0.9333333333333333
2017-18,2017-09-27,Group stage,Paris SG,Bayern Munich,49,81,2.0408163265306123,1.0408163265306123,2.382716049382716,1.0123456790123457,0.5714285714285714,0.6666666666666666,0.625,0.5,8,9,15,15,H,1,1,15,15,-0.3418997228521037,-0.028470647518266556,1.0284706475182666,1.3418997228521037,-0.09523809523809523,0.125,-1,-32,0,0.09523809523809523,0.125,1,0.3418997228521037,0.028470647518266556,17,1.2380952380952381,4.423532375913329,2.053162005542958,0.9047619047619048,0.9333333333333333
2017-18,2017-09-27,Group stage,Qarabağ,Roma,1,23,0.0,6.0,1.3478260869565217,2.217391304347826,0.0,0.21739130434782608,0.0,0.09090909090909091,0,2,15,15,A,1,1,15,15,-1.3478260869565217,-3.782608695652174,-2.217391304347826,-4.6521739130434785,-0.21739130434782608,-0.09090909090909091,-2,-22,0,0.21739130434782608,0.09090909090909091,2,1.3478260869565217,3.782608695652174,2,0.21739130434782608,1.3478260869565217,8.217391304347826,0.782608695652174,0.8666666666666667
2017-18,2017-09-27,Group stage,Sporting CP,Barcelona,13,81,1.5384615384615385,1.6923076923076923,2.2962962962962963,0.9259259259259259,0.3076923076923077,0.654320987654321,0.5,0.5,3,7,15,15,A,1,1,15,15,-0.7578347578347577,-0.7663817663817664,0.6125356125356126,0.603988603988604,-0.3466286799620133,0.0,-4,-68,0,0.3466286799620133,0.0,4,0.7578347578347577,0.7663817663817664,10,0.9620132953466287,3.834757834757835,2.618233618233618,0.6533713200379867,0.7333333333333334
2017-18,2017-09-28,Group stage,CSKA Moscow,Manchester Utd,33,44,1.121212121212121,1.9393939393939394,1.5454545454545454,0.9090909090909091,0.18181818181818182,0.5227272727272727,0.1875,0.4090909090909091,5,8,16,16,A,1,1,16,16,-0.4242424242424243,-1.0303030303030303,0.21212121212121204,-0.39393939393939403,-0.3409090909090909,-0.22159090909090912,-3,-11,0,0.3409090909090909,0.22159090909090912,3,0.4242424242424243,1.0303030303030303,13,0.7045454545454546,2.6666666666666665,2.8484848484848486,0.6590909090909092,0.8
2017-18,2017-10-17,Group stage,APOEL FC,Dortmund,18,49,0.5555555555555556,1.8333333333333333,1.8979591836734695,1.4285714285714286,0.16666666666666666,0.46938775510204084,0.3333333333333333,0.3333333333333333,0,3,21,21,D,1,1,21,21,-1.342403628117914,-0.40476190476190466,-0.873015873015873,0.06462585034013624,-0.30272108843537415,0.0,-3,-31,0,0.30272108843537415,0.0,3,1.342403628117914,0.40476190476190466,3,0.6360544217687075,2.453514739229025,3.261904761904762,0.6972789115646258,0.8
2017-18,2017-10-17,Group stage,Feyenoord,Shakhtar D.,2,46,0.5,3.5,1.5217391304347827,1.5,0.0,0.3695652173913043,0.0,0.30434782608695654,0,6,21,21,A,1,1,21,21,-1.0217391304347827,-2.0,-1.0,-1.9782608695652173,-0.3695652173913043,-0.30434782608695654,-6,-44,0,0.3695652173913043,0.30434782608695654,6,1.0217391304347827,2.0,6,0.3695652173913043,2.0217391304347827,5.0,0.6304347826086957,0.6
2017-18,2017-10-17,Group stage,Manchester City,Napoli,50,24,1.74,1.4,1.7083333333333333,1.5416666666666667,0.42,0.5,0.48,0.3333333333333333,10,6,21,21,H,1,1,21,21,0.03166666666666673,0.14166666666666683,0.19833333333333325,0.30833333333333335,-0.08000000000000002,0.14666666666666667,4,26,0,0.08000000000000002,0.14666666666666667,4,0.03166666666666673,0.14166666666666683,16,0.9199999999999999,3.4483333333333333,2.9416666666666664,0.9199999999999999,0.7333333333333334
2017-18,2017-10-17,Group stage,Monaco,Beşiktaş,24,8,1.25,1.2083333333333333,1.75,1.875,0.4166666666666667,0.375,0.5,0.5,4,8,21,21,A,1,1,21,21,-0.5,0.6666666666666667,-0.625,0.5416666666666667,0.041666666666666685,0.0,-4,16,0,0.041666666666666685,0.0,4,0.5,0.6666666666666667,12,0.7916666666666667,3.0,3.083333333333333,0.9583333333333333,0.7333333333333334
2017-18,2017-10-17,Group stage,NK Maribor,Liverpool,8,8,0.625,2.125,1.0,1.5,0.0,0.125,0.0,0.0,2,4,21,21,A,1,1,21,21,-0.375,-0.625,-0.875,-1.125,-0.125,0.0,-2,0,0,0.125,0.0,2,0.375,0.625,6,0.125,1.625,3.625,0.875,0.8666666666666667
2017-18,2017-10-17,Group stage,RB Leipzig,Porto,2,46,0.5,1.5,1.5,1.065217391304348,0.0,0.45652173913043476,0.0,0.34782608695652173,1,6,21,21,H,1,1,21,21,-1.0,-0.4347826086956521,-0.5652173913043479,0.0,-0.45652173913043476,-0.34782608695652173,-5,-44,0,0.45652173913043476,0.34782608695652173,5,1.0,0.4347826086956521,7,0.45652173913043476,2.0,2.5652173913043477,0.5434782608695652,0.6666666666666667
2017-18,2017-10-17,Group stage,Real Madrid,Tottenham,89,18,2.4831460674157304,0.8651685393258427,1.7222222222222223,1.2777777777777777,0.7078651685393258,0.4444444444444444,0.8444444444444444,0.3333333333333333,12,9,21,21,D,1,1,21,21,0.7609238451935081,0.412609238451935,1.2053682896379527,0.8570536828963796,0.2634207240948814,0.5111111111111111,3,71,0,0.2634207240948814,0.5111111111111111,3,0.7609238451935081,0.412609238451935,21,1.1523096129837702,4.205368289637953,2.1429463171036205,0.7365792759051186,0.8
2017-18,2017-10-17,Group stage,Spartak Moscow,Sevilla,14,16,1.1428571428571428,1.8571428571428572,1.375,1.1875,0.2857142857142857,0.4375,0.2857142857142857,0.125,2,8,21,21,H,1,1,21,21,-0.2321428571428572,-0.6696428571428572,-0.044642857142857206,-0.4821428571428572,-0.1517857142857143,0.1607142857142857,-6,-2,0,0.1517857142857143,0.1607142857142857,6,0.2321428571428572,0.6696428571428572,10,0.7232142857142857,2.517857142857143,3.044642857142857,0.8482142857142857,0.6
2017-18,2017-10-18,Group stage,Anderlecht,Paris SG,20,50,0.8,2.1,2.06,1.02,0.1,0.58,0.2,0.52,5,10,21,21,A,1,1,21,21,-1.26,-1.08,-0.21999999999999997,-0.040000000000000036,-0.48,-0.32,-5,-30,0,0.48,0.32,5,1.26,1.08,15,0.6799999999999999,2.8600000000000003,3.12,0.52,0.6666666666666667
2017-18,2017-10-18,Group stage,Barcelona,Olympiacos,82,34,2.2804878048780486,0.9146341463414634,1.3823529411764706,1.6764705882352942,0.6585365853658537,0.47058823529411764,0.8048780487804879,0.29411764705882354,10,3,21,21,H,1,1,21,21,0.898134863701578,0.7618364418938307,0.6040172166427544,0.4677187948350071,0.18794835007173605,0.5107604017216643,7,48,0,0.18794835007173605,0.5107604017216643,7,0.898134863701578,0.7618364418938307,13,1.1291248206599713,3.662840746054519,2.5911047345767577,0.812051649928264,0.5333333333333333
2017-18,2017-10-18,Group stage,Bayern Munich,Celtic,82,22,2.3536585365853657,1.0365853658536586,0.9090909090909091,2.1818181818181817,0.6585365853658537,0.22727272727272727,0.8292682926829268,0.18181818181818182,6,5,21,21,H,1,1,21,21,1.4445676274944566,1.145232815964523,0.17184035476718407,-0.1274944567627495,0.4312638580931264,0.647450110864745,1,60,0,0.4312638580931264,0.647450110864745,1,1.4445676274944566,1.145232815964523,11,0.885809312638581,3.262749445676275,3.2184035476718402,0.5687361419068736,0.9333333333333333
2017-18,2017-10-18,Group stage,Benfica,Manchester Utd,54,45,1.1481481481481481,1.3703703703703705,1.6,0.9111111111111111,0.37037037037037035,0.5333333333333333,0.5185185185185185,0.43478260869565216,3,10,21,20,A,1,1,21,20,-0.45185185185185195,-0.45925925925925937,0.23703703703703705,0.22962962962962963,-0.16296296296296298,0.08373590982286633,-7,9,1,0.16296296296296298,0.08373590982286633,7,0.45185185185185195,0.45925925925925937,13,0.9037037037037037,2.7481481481481485,2.2814814814814817,0.837037037037037,0.5333333333333333
2017-18,2017-10-18,Group stage,CSKA Moscow,Basel,34,36,1.1176470588235294,2.0,1.1388888888888888,1.7222222222222223,0.17647058823529413,0.3055555555555556,0.17647058823529413,0.16666666666666666,4,4,20,21,A,1,1,20,21,-0.0212418300653594,-0.2777777777777777,-0.6045751633986929,-0.8611111111111112,-0.12908496732026145,0.009803921568627472,0,-2,-1,0.12908496732026145,0.009803921568627472,0,0.0212418300653594,0.2777777777777777,8,0.48202614379084974,2.2565359477124183,3.7222222222222223,0.8709150326797386,1.0
2017-18,2017-10-18,Group stage,Chelsea,Roma,59,24,2.0338983050847457,0.8983050847457628,1.375,2.1666666666666665,0.5423728813559322,0.25,0.7241379310344828,0.16666666666666666,9,5,21,21,D,1,1,21,21,0.6588983050847457,1.2683615819209038,-0.13276836158192085,0.47669491525423724,0.2923728813559322,0.5574712643678161,4,35,0,0.2923728813559322,0.5574712643678161,4,0.6588983050847457,1.2683615819209038,14,0.7923728813559322,3.4088983050847457,3.064971751412429,0.7076271186440678,0.7333333333333334
2017-18,2017-10-18,Group stage,Juventus,Sporting CP,52,14,1.4807692307692308,0.8846153846153846,1.4285714285714286,1.6428571428571428,0.5,0.2857142857142857,0.5925925925925926,0.14285714285714285,9,3,21,21,H,1,1,21,21,0.052197802197802234,0.7582417582417582,-0.16208791208791196,0.543956043956044,0.2142857142857143,0.4497354497354497,6,38,0,0.2142857142857143,0.4497354497354497,6,0.052197802197802234,0.7582417582417582,12,0.7857142857142857,2.9093406593406597,2.5274725274725274,0.7857142857142857,0.6
2017-18,2017-10-18,Group stage,Qarabağ,Atlético Madrid,2,50,0.5,4.0,1.48,0.68,0.0,0.56,0.0,0.38461538461538464,0,5,21,21,D,1,1,21,21,-0.98,-3.32,-0.18000000000000005,-2.52,-0.56,-0.38461538461538464,-5,-48,0,0.56,0.38461538461538464,5,0.98,3.32,5,0.56,1.98,4.68,0.43999999999999995,0.6666666666666667
2017-18,2017-10-31,Group stage,Atlético Madrid,Qarabağ,51,3,1.4509803921568627,0.6666666666666666,0.3333333333333333,2.6666666666666665,0.5490196078431373,0.0,0.75,0.0,5,1,13,13,D,1,1,13,13,1.1176470588235294,2.0,-1.2156862745098038,-0.3333333333333333,0.5490196078431373,0.75,4,48,0,0.5490196078431373,0.75,4,1.1176470588235294,2.0,6,0.5490196078431373,1.784313725490196,3.333333333333333,0.4509803921568627,0.7333333333333334
2017-18,2017-10-31,Group stage,Basel,CSKA Moscow,37,35,1.162162162162162,1.6756756756756757,1.0857142857142856,2.0,0.32432432432432434,0.17142857142857143,0.4444444444444444,0.17647058823529413,7,4,13,13,A,1,1,13,13,0.07644787644787643,0.32432432432432434,-0.8378378378378379,-0.58996138996139,0.1528957528957529,0.26797385620915026,3,2,0,0.1528957528957529,0.26797385620915026,3,0.07644787644787643,0.32432432432432434,11,0.4957528957528958,2.2478764478764477,3.6756756756756754,0.8471042471042471,0.8
2017-18,2017-10-31,Group stage,Celtic,Bayern Munich,23,83,0.8695652173913043,2.217391304347826,2.36144578313253,1.0240963855421688,0.21739130434782608,0.6626506024096386,0.2727272727272727,0.4878048780487805,4,6,13,13,A,1,1,13,13,-1.491880565741226,-1.1932949188056574,-0.15453116815086443,0.144054478784704,-0.4452592980618125,-0.21507760532150777,-2,-60,0,0.4452592980618125,0.21507760532150777,2,1.491880565741226,1.1932949188056574,10,0.8800419067574646,3.2310110005238344,3.241487689889995,0.5547407019381875,0.8666666666666667
2017-18,2017-10-31,Group stage,Manchester Utd,Benfica,46,55,1.5869565217391304,0.8913043478260869,1.1272727272727272,1.3636363636363635,0.5434782608695652,0.36363636363636365,0.6363636363636364,0.2222222222222222,10,3,13,13,H,1,1,13,13,0.4596837944664032,0.4723320158102766,0.22332015810276684,0.2359683794466403,0.17984189723320154,0.41414141414141414,7,-9,0,0.17984189723320154,0.41414141414141414,7,0.4596837944664032,0.4723320158102766,13,0.9071146245059288,2.714229249011858,2.2549407114624502,0.8201581027667985,0.5333333333333333
2017-18,2017-10-31,Group stage,Olympiacos,Barcelona,35,83,1.3714285714285714,1.7142857142857142,2.289156626506024,0.9156626506024096,0.45714285714285713,0.6626506024096386,0.6470588235294118,0.5121951219512195,0,10,13,13,D,1,1,13,13,-0.9177280550774527,-0.7986230636833046,0.45576592082616185,0.57487091222031,-0.20550774526678145,0.13486370157819227,-10,-48,0,0.20550774526678145,0.13486370157819227,10,0.9177280550774527,0.7986230636833046,10,1.1197934595524957,3.6605851979345956,2.629948364888124,0.7944922547332185,0.33333333333333337
2017-18,2017-10-31,Group stage,Paris SG,Anderlecht,51,21,2.0980392156862746,1.0,0.7619047619047619,2.1904761904761907,0.5882352941176471,0.09523809523809523,0.64,0.0,12,4,13,13,H,1,1,13,13,1.3361344537815127,1.1904761904761907,-0.09243697478991608,-0.23809523809523814,0.49299719887955185,0.64,8,30,0,0.49299719887955185,0.64,8,1.3361344537815127,1.1904761904761907,16,0.6834733893557423,2.8599439775910365,3.1904761904761907,0.5070028011204482,0.4666666666666667
2017-18,2017-10-31,Group stage,Roma,Chelsea,25,60,1.44,2.2,2.05,0.9333333333333333,0.24,0.5333333333333333,0.3333333333333333,0.36666666666666664,5,7,13,13,H,1,1,13,13,-0.6099999999999999,-1.2666666666666668,0.5066666666666666,-0.15000000000000036,-0.29333333333333333,-0.033333333333333326,-2,-35,0,0.29333333333333333,0.033333333333333326,2,0.6099999999999999,1.2666666666666668,12,0.7733333333333333,3.4899999999999998,3.1333333333333337,0.7066666666666667,0.8666666666666667
2017-18,2017-10-31,Group stage,Sporting CP,Juventus,15,53,1.4,1.6666666666666667,1.490566037735849,0.8867924528301887,0.26666666666666666,0.5094339622641509,0.42857142857142855,0.4,3,9,13,13,D,1,1,13,13,-0.09056603773584904,-0.779874213836478,0.5132075471698112,-0.1761006289308178,-0.24276729559748428,0.028571428571428525,-6,-38,0,0.24276729559748428,0.028571428571428525,6,0.09056603773584904,0.779874213836478,12,0.7761006289308177,2.890566037735849,2.5534591194968552,0.7572327044025158,0.6
2017-18,2017-11-01,Group stage,Beşiktaş,Monaco,9,25,1.7777777777777777,1.7777777777777777,1.24,1.24,0.4444444444444444,0.4,0.25,0.3333333333333333,10,1,15,15,D,1,1,15,15,0.5377777777777777,-0.5377777777777777,0.5377777777777777,-0.5377777777777777,0.0444444444444444,-0.08333333333333331,9,-16,0,0.0444444444444444,0.08333333333333331,9,0.5377777777777777,0.5377777777777777,11,0.8444444444444444,3.017777777777778,3.017777777777778,0.9555555555555556,0.4
2017-18,2017-11-01,Group stage,Dortmund,APOEL FC,50,19,1.88,1.42,0.5789473684210527,1.7894736842105263,0.46,0.15789473684210525,0.6,0.0,1,1,15,15,D,1,1,15,15,1.3010526315789472,0.3694736842105264,0.09052631578947357,-0.8410526315789473,0.30210526315789477,0.6,0,31,0,0.30210526315789477,0.6,0,1.3010526315789472,0.3694736842105264,2,0.6178947368421053,2.4589473684210525,3.2094736842105265,0.6978947368421052,1.0
2017-18,2017-11-01,Group stage,Liverpool,NK Maribor,9,9,1.6666666666666667,1.3333333333333333,0.5555555555555556,2.6666666666666665,0.2222222222222222,0.0,0.25,0.0,7,1,15,15,H,1,1,15,15,1.1111111111111112,1.3333333333333333,-0.9999999999999998,-0.7777777777777777,0.2222222222222222,0.25,6,0,0,0.2222222222222222,0.25,6,1.1111111111111112,1.3333333333333333,8,0.2222222222222222,2.2222222222222223,4.0,0.7777777777777778,0.6
2017-18,2017-11-01,Group stage,Napoli,Manchester City,25,51,1.68,1.56,1.7450980392156863,1.392156862745098,0.48,0.43137254901960786,0.6666666666666666,0.36,3,12,15,15,A,1,1,15,15,-0.06509803921568635,-0.16784313725490208,0.28784313725490196,0.18509803921568624,0.04862745098039212,0.30666666666666664,-9,-26,0,0.04862745098039212,0.30666666666666664,9,0.06509803921568635,0.16784313725490208,15,0.9113725490196078,3.425098039215686,2.952156862745098,0.9513725490196079,0.4
2017-18,2017-11-01,Group stage,Porto,RB Leipzig,47,3,1.5106382978723405,1.1063829787234043,1.3333333333333333,1.6666666666666667,0.44680851063829785,0.3333333333333333,0.5652173913043478,0.0,3,4,15,15,H,1,1,15,15,0.17730496453900724,0.5602836879432624,-0.15602836879432624,0.22695035460992896,0.11347517730496454,0.5652173913043478,-1,44,0,0.11347517730496454,0.5652173913043478,1,0.17730496453900724,0.5602836879432624,7,0.7801418439716312,2.8439716312056738,2.773049645390071,0.8865248226950355,0.9333333333333333
2017-18,2017-11-01,Group stage,Sevilla,Spartak Moscow,17,15,1.3529411764705883,1.411764705882353,1.4,1.8,0.4117647058823529,0.3333333333333333,0.75,0.2857142857142857,7,5,15,15,H,1,1,15,15,-0.0470588235294116,0.388235294117647,-0.44705882352941173,-0.011764705882353121,0.0784313725490196,0.4642857142857143,2,2,0,0.0784313725490196,0.4642857142857143,2,0.0470588235294116,0.388235294117647,12,0.7450980392156863,2.7529411764705882,3.211764705882353,0.9215686274509804,0.8666666666666667
2017-18,2017-11-01,Group stage,Shakhtar D.,Feyenoord,47,3,1.5319148936170213,1.4893617021276595,0.6666666666666666,3.0,0.3829787234042553,0.0,0.43478260869565216,0.0,6,0,15,15,H,1,1,15,15,0.8652482269503546,1.5106382978723405,-1.4680851063829787,-0.8226950354609929,0.3829787234042553,0.43478260869565216,6,44,0,0.3829787234042553,0.43478260869565216,6,0.8652482269503546,1.5106382978723405,6,0.3829787234042553,2.198581560283688,4.48936170212766,0.6170212765957447,0.6
2017-18,2017-11-01,Group stage,Tottenham,Real Madrid,19,90,1.6842105263157894,1.263157894736842,2.466666666666667,0.8666666666666667,0.42105263157894735,0.7,0.5555555555555556,0.5681818181818182,10,10,15,15,H,1,1,15,15,-0.7824561403508774,-0.39649122807017534,0.8175438596491227,1.2035087719298247,-0.2789473684210526,-0.012626262626262652,0,-71,0,0.2789473684210526,0.012626262626262652,0,0.7824561403508774,0.39649122807017534,20,1.1210526315789473,4.150877192982456,2.1298245614035087,0.7210526315789474,1.0
2017-18,2017-11-21,Group stage,APOEL FC,Real Madrid,20,91,0.6,1.75,2.4505494505494507,0.8901098901098901,0.15,0.6923076923076923,0.3,0.5555555555555556,2,10,20,20,A,1,1,20,20,-1.8505494505494506,-0.8598901098901099,-0.2901098901098901,0.7005494505494507,-0.5423076923076923,-0.2555555555555556,-8,-71,0,0.5423076923076923,0.2555555555555556,8,1.8505494505494506,0.8598901098901099,12,0.8423076923076923,3.050549450549451,2.64010989010989,0.45769230769230773,0.4666666666666667
2017-18,2017-11-21,Group stage,Beşiktaş,Porto,10,48,1.7,1.7,1.5416666666666667,1.1041666666666667,0.4,0.4583333333333333,0.2,0.3333333333333333,10,6,20,20,D,1,1,20,20,0.15833333333333321,-0.5958333333333332,0.5958333333333332,-0.15833333333333321,-0.05833333333333329,-0.1333333333333333,4,-38,0,0.05833333333333329,0.1333333333333333,4,0.15833333333333321,0.5958333333333332,16,0.8583333333333334,3.2416666666666667,2.8041666666666667,0.9416666666666667,0.7333333333333334
2017-18,2017-11-21,Group stage,Dortmund,Tottenham,51,20,1.8627450980392157,1.411764705882353,1.75,1.25,0.45098039215686275,0.45,0.5769230769230769,0.3,2,13,20,20,A,1,1,20,20,0.11274509803921573,-0.16176470588235303,0.6127450980392157,0.33823529411764697,0.0009803921568627416,0.2769230769230769,-11,31,0,0.0009803921568627416,0.2769230769230769,11,0.11274509803921573,0.16176470588235303,15,0.9009803921568628,3.6127450980392157,2.6617647058823533,0.9990196078431373,0.2666666666666667
2017-18,2017-11-21,Group stage,Manchester City,Feyenoord,52,4,1.7884615384615385,1.4038461538461537,0.75,3.0,0.4423076923076923,0.0,0.5,0.0,12,0,20,20,H,1,1,20,20,1.0384615384615385,1.5961538461538463,-1.2115384615384615,-0.6538461538461537,0.4423076923076923,0.5,12,48,0,0.4423076923076923,0.5,12,1.0384615384615385,1.5961538461538463,12,0.4423076923076923,2.5384615384615383,4.403846153846153,0.5576923076923077,0.19999999999999996
2017-18,2017-11-21,Group stage,Monaco,RB Leipzig,26,4,1.2307692307692308,1.2307692307692308,1.25,2.0,0.38461538461538464,0.25,0.46153846153846156,0.0,2,4,20,20,A,1,1,20,20,-0.019230769230769162,0.7692307692307692,-0.7692307692307692,0.019230769230769162,0.13461538461538464,0.46153846153846156,-2,22,0,0.13461538461538464,0.46153846153846156,2,0.019230769230769162,0.7692307692307692,6,0.6346153846153846,2.480769230769231,3.230769230769231,0.8653846153846154,0.8666666666666667
2017-18,2017-11-21,Group stage,Napoli,Shakhtar D.,26,48,1.6923076923076923,1.6538461538461537,1.5625,1.4791666666666667,0.46153846153846156,0.3958333333333333,0.6153846153846154,0.3333333333333333,3,9,20,20,H,1,1,20,20,0.1298076923076923,-0.174679487179487,0.21314102564102555,-0.09134615384615374,0.06570512820512825,0.2820512820512821,-6,-22,0,0.06570512820512825,0.2820512820512821,6,0.1298076923076923,0.174679487179487,12,0.8573717948717949,3.2548076923076925,3.1330128205128203,0.9342948717948718,0.6
2017-18,2017-11-21,Group stage,Sevilla,Liverpool,18,10,1.3888888888888888,1.3888888888888888,1.8,1.2,0.4444444444444444,0.3,0.7777777777777778,0.2,7,9,20,20,D,1,1,20,20,-0.4111111111111112,-0.18888888888888888,0.18888888888888888,0.4111111111111112,0.14444444444444443,0.5777777777777777,-2,8,0,0.14444444444444443,0.5777777777777777,2,0.4111111111111112,0.18888888888888888,16,0.7444444444444445,3.188888888888889,2.5888888888888886,0.8555555555555556,0.8666666666666667
2017-18,2017-11-21,Group stage,Spartak Moscow,NK Maribor,16,10,1.375,1.8125,0.5,2.7,0.3125,0.0,0.375,0.0,5,1,20,20,D,1,1,20,20,0.875,0.8875000000000002,-1.3250000000000002,-1.3125,0.3125,0.375,4,6,0,0.3125,0.375,4,0.875,0.8875000000000002,6,0.3125,1.875,4.5125,0.6875,0.7333333333333334
2017-18,2017-11-22,Group stage,Anderlecht,Bayern Munich,22,84,0.7272727272727273,2.3181818181818183,2.357142857142857,1.0238095238095237,0.09090909090909091,0.6666666666666666,0.18181818181818182,0.5,1,9,22,22,A,1,1,22,22,-1.62987012987013,-1.2943722943722946,-0.29653679653679643,0.03896103896103886,-0.5757575757575757,-0.3181818181818182,-8,-62,0,0.5757575757575757,0.3181818181818182,8,1.62987012987013,1.2943722943722946,10,0.7575757575757576,3.0844155844155843,3.341991341991342,0.4242424242424243,0.4666666666666667
2017-18,2017-11-22,Group stage,Atlético Madrid,Roma,52,26,1.4423076923076923,0.6730769230769231,1.5,2.1153846153846154,0.5384615384615384,0.2692307692307692,0.72,0.15384615384615385,6,8,22,22,H,1,1,22,22,-0.05769230769230771,1.4423076923076923,-0.6730769230769231,0.8269230769230769,0.2692307692307692,0.5661538461538461,-2,26,0,0.2692307692307692,0.5661538461538461,2,0.05769230769230771,1.4423076923076923,14,0.8076923076923077,2.9423076923076925,2.7884615384615383,0.7307692307692308,0.8666666666666667
2017-18,2017-11-22,Group stage,Basel,Manchester Utd,38,47,1.1578947368421053,1.6842105263157894,1.5957446808510638,0.8723404255319149,0.3157894736842105,0.5531914893617021,0.42105263157894735,0.4583333333333333,6,12,22,22,H,1,1,22,22,-0.4378499440089585,-0.8118701007838744,0.2855543113101904,-0.08846584546472558,-0.23740201567749164,-0.03728070175438597,-6,-9,0,0.23740201567749164,0.03728070175438597,6,0.4378499440089585,0.8118701007838744,18,0.8689809630459127,2.753639417693169,2.5565509518477043,0.7625979843225084,0.6
2017-18,2017-11-22,Group stage,CSKA Moscow,Benfica,36,56,1.1111111111111112,1.9722222222222223,1.1071428571428572,1.375,0.19444444444444445,0.35714285714285715,0.16666666666666666,0.21428571428571427,6,0,22,22,H,1,1,22,22,0.003968253968253954,-0.5972222222222223,-0.26388888888888884,-0.8650793650793651,-0.1626984126984127,-0.047619047619047616,6,-20,0,0.1626984126984127,0.047619047619047616,6,0.003968253968253954,0.5972222222222223,6,0.5515873015873016,2.2182539682539684,3.3472222222222223,0.8373015873015873,0.6
2017-18,2017-11-22,Group stage,Juventus,Barcelona,54,84,1.4814814814814814,0.8888888888888888,2.261904761904762,0.9047619047619048,0.5,0.6547619047619048,0.6071428571428571,0.5,7,11,22,22,D,1,1,22,22,-0.7804232804232805,0.015873015873015928,0.5767195767195766,1.373015873015873,-0.15476190476190477,0.1071428571428571,-4,-30,0,0.15476190476190477,0.1071428571428571,4,0.7804232804232805,0.015873015873015928,18,1.1547619047619047,3.7433862433862433,1.7936507936507935,0.8452380952380952,0.7333333333333334
2017-18,2017-11-22,Group stage,Paris SG,Celtic,52,24,2.1538461538461537,0.9807692307692307,0.875,2.2083333333333335,0.5961538461538461,0.20833333333333334,0.6538461538461539,0.16666666666666666,12,4,22,22,H,1,1,22,22,1.2788461538461537,1.2275641025641026,-0.05448717948717974,-0.10576923076923073,0.3878205128205128,0.4871794871794872,8,28,0,0.3878205128205128,0.4871794871794872,8,1.2788461538461537,1.2275641025641026,16,0.8044871794871795,3.0288461538461537,3.1891025641025643,0.6121794871794872,0.4666666666666667
2017-18,2017-11-22,Group stage,Qarabağ,Chelsea,4,61,0.5,2.25,2.0163934426229506,0.9672131147540983,0.0,0.5245901639344263,0.0,0.3548387096774194,2,7,22,22,A,1,1,22,22,-1.5163934426229506,-1.2827868852459017,-0.4672131147540983,-0.23360655737704938,-0.5245901639344263,-0.3548387096774194,-5,-57,0,0.5245901639344263,0.3548387096774194,5,1.5163934426229506,1.2827868852459017,9,0.5245901639344263,2.5163934426229506,3.2172131147540983,0.47540983606557374,0.6666666666666667
2017-18,2017-11-22,Group stage,Sporting CP,Olympiacos,16,36,1.375,1.625,1.3333333333333333,1.6666666666666667,0.25,0.4444444444444444,0.375,0.2777777777777778,4,1,22,22,H,1,1,22,22,0.04166666666666674,0.04166666666666674,-0.29166666666666674,-0.29166666666666674,-0.19444444444444442,0.09722222222222221,3,-20,0,0.19444444444444442,0.09722222222222221,3,0.04166666666666674,0.04166666666666674,5,0.6944444444444444,2.708333333333333,3.291666666666667,0.8055555555555556,0.8
2017-18,2017-12-05,Group stage,Barcelona,Sporting CP,85,17,2.235294117647059,0.8941176470588236,1.4705882352941178,1.588235294117647,0.6470588235294118,0.29411764705882354,0.8095238095238095,0.125,11,7,13,13,H,1,1,13,13,0.7647058823529411,0.6941176470588234,0.6470588235294119,0.5764705882352942,0.35294117647058826,0.6845238095238095,4,68,0,0.35294117647058826,0.6845238095238095,4,0.7647058823529411,0.6941176470588234,18,0.9411764705882353,3.7058823529411766,2.4823529411764707,0.6470588235294117,0.7333333333333334
2017-18,2017-12-05,Group stage,Bayern Munich,Paris SG,85,53,2.3529411764705883,1.0235294117647058,2.2452830188679247,0.9811320754716981,0.6705882352941176,0.6037735849056604,0.8333333333333334,0.5384615384615384,12,15,13,13,H,1,1,13,13,0.10765815760266362,-0.04239733629300768,1.3718091009988902,1.221753607103219,0.06681465038845724,0.29487179487179493,-3,32,0,0.06681465038845724,0.29487179487179493,3,0.10765815760266362,0.04239733629300768,27,1.274361820199778,4.5982241953385135,2.0046614872364037,0.9331853496115428,0.8
2017-18,2017-12-05,Group stage,Benfica,Basel,57,39,1.087719298245614,1.3859649122807018,1.1538461538461537,1.641025641025641,0.3508771929824561,0.3333333333333333,0.5,0.21052631578947367,0,9,13,13,A,1,1,13,13,-0.06612685560053966,0.2550607287449391,-0.5533063427800269,-0.2321187584345481,0.017543859649122806,0.2894736842105263,-9,18,0,0.017543859649122806,0.2894736842105263,9,0.06612685560053966,0.2550607287449391,9,0.6842105263157894,2.241565452091768,3.0269905533063426,0.9824561403508771,0.4
2017-18,2017-12-05,Group stage,Celtic,Anderlecht,25,23,0.88,2.4,0.7391304347826086,2.3043478260869565,0.2,0.08695652173913043,0.25,0.0,3,0,13,13,A,1,1,13,13,0.14086956521739136,-0.09565217391304337,-1.4243478260869566,-1.6608695652173913,0.11304347826086958,0.25,3,2,0,0.11304347826086958,0.25,3,0.14086956521739136,0.09565217391304337,3,0.28695652173913044,1.6191304347826088,4.7043478260869565,0.8869565217391304,0.8
2017-18,2017-12-05,Group stage,Chelsea,Atlético Madrid,62,53,2.0483870967741935,0.9516129032258065,1.4528301886792452,0.660377358490566,0.532258064516129,0.5471698113207547,0.7,0.37037037037037035,10,6,13,13,D,1,1,13,13,0.5955569080949483,-0.2912355447352405,1.3880097382836274,0.5012172854534387,-0.014911746804625703,0.3296296296296296,4,9,0,0.014911746804625703,0.3296296296296296,4,0.5955569080949483,0.2912355447352405,16,1.0794278758368838,3.5012172854534387,1.6119902617163726,0.9850882531953743,0.7333333333333334
2017-18,2017-12-05,Group stage,Manchester Utd,CSKA Moscow,48,37,1.5625,0.875,1.135135135135135,1.9189189189189189,0.5416666666666666,0.21621621621621623,0.6521739130434783,0.2222222222222222,12,9,13,13,H,1,1,13,13,0.4273648648648649,1.0439189189189189,-0.35641891891891886,0.2601351351351351,0.3254504504504504,0.42995169082125606,3,11,0,0.3254504504504504,0.42995169082125606,3,0.4273648648648649,1.0439189189189189,21,0.7578828828828829,2.697635135135135,2.793918918918919,0.6745495495495496,0.8
2017-18,2017-12-05,Group stage,Olympiacos,Juventus,37,55,1.3243243243243243,1.7027027027027026,1.4545454545454546,0.8727272727272727,0.43243243243243246,0.4909090909090909,0.6111111111111112,0.38461538461538464,1,8,13,13,A,1,1,13,13,-0.13022113022113024,-0.82997542997543,0.45159705159705166,-0.24815724815724804,-0.05847665847665845,0.22649572649572652,-7,-18,0,0.05847665847665845,0.22649572649572652,7,0.13022113022113024,0.82997542997543,9,0.9233415233415234,2.7788697788697787,2.575429975429975,0.9415233415233415,0.5333333333333333
2017-18,2017-12-05,Group stage,Roma,Qarabağ,27,5,1.4444444444444444,2.111111111111111,0.4,2.6,0.25925925925925924,0.0,0.38461538461538464,0.0,8,2,13,13,H,1,1,13,13,1.0444444444444443,0.48888888888888893,-1.1555555555555557,-1.7111111111111112,0.25925925925925924,0.38461538461538464,6,22,0,0.25925925925925924,0.38461538461538464,6,1.0444444444444443,0.48888888888888893,10,0.25925925925925924,1.8444444444444446,4.711111111111111,0.7407407407407407,0.6
2017-18,2017-12-06,Group stage,Feyenoord,Napoli,5,27,0.6,2.6,1.7407407407407407,1.5925925925925926,0.0,0.48148148148148145,0.0,0.3076923076923077,0,6,15,15,H,1,1,15,15,-1.1407407407407408,-1.0074074074074075,-0.9925925925925926,-0.8592592592592594,-0.48148148148148145,-0.3076923076923077,-6,-22,0,0.48148148148148145,0.3076923076923077,6,1.1407407407407408,1.0074074074074075,6,0.48148148148148145,2.3407407407407406,4.192592592592593,0.5185185185185186,0.6
2017-18,2017-12-06,Group stage,Liverpool,Spartak Moscow,11,17,1.9090909090909092,1.3636363636363635,1.3529411764705883,1.7647058823529411,0.2727272727272727,0.29411764705882354,0.4,0.25,9,6,15,15,H,1,1,15,15,0.5561497326203209,0.4010695187165776,0.14438502673796805,-0.010695187165775222,-0.021390374331550832,0.15000000000000002,3,-6,0,0.021390374331550832,0.15000000000000002,3,0.5561497326203209,0.4010695187165776,15,0.5668449197860963,3.2620320855614975,3.1283422459893044,0.9786096256684491,0.8
2017-18,2017-12-06,Group stage,NK Maribor,Sevilla,11,19,0.5454545454545454,2.5454545454545454,1.4736842105263157,1.4736842105263157,0.0,0.42105263157894735,0.0,0.1111111111111111,2,8,15,15,D,1,1,15,15,-0.9282296650717703,-1.0717703349282297,-0.9282296650717703,-1.0717703349282297,-0.42105263157894735,-0.1111111111111111,-6,-8,0,0.42105263157894735,0.1111111111111111,6,0.9282296650717703,1.0717703349282297,10,0.42105263157894735,2.019138755980861,4.019138755980861,0.5789473684210527,0.6
2017-18,2017-12-06,Group stage,Porto,Monaco,49,27,1.530612244897959,1.1020408163265305,1.2222222222222223,1.3333333333333333,0.4489795918367347,0.37037037037037035,0.5833333333333334,0.3076923076923077,7,2,15,15,H,1,1,15,15,0.3083900226757368,0.23129251700680276,0.19727891156462585,0.12018140589569182,0.07860922146636434,0.27564102564102566,5,22,0,0.07860922146636434,0.27564102564102566,5,0.3083900226757368,0.23129251700680276,9,0.819349962207105,2.7528344671201816,2.4353741496598635,0.9213907785336357,0.6666666666666667
2017-18,2017-12-06,Group stage,RB Leipzig,Beşiktaş,5,11,1.8,1.8,1.6363636363636365,1.6363636363636365,0.4,0.36363636363636365,0.5,0.6,7,11,15,15,A,1,1,15,15,0.16363636363636358,-0.16363636363636358,0.16363636363636358,-0.16363636363636358,0.036363636363636376,-0.09999999999999998,-4,-6,0,0.036363636363636376,0.09999999999999998,4,0.16363636363636358,0.16363636363636358,18,0.7636363636363637,3.4363636363636365,3.4363636363636365,0.9636363636363636,0.7333333333333334
2017-18,2017-12-06,Group stage,Real Madrid,Dortmund,92,52,2.489130434782609,0.8804347826086957,1.8461538461538463,1.4230769230769231,0.6956521739130435,0.4423076923076923,0.8260869565217391,0.32,10,2,15,15,H,1,1,15,15,0.6429765886287626,0.5426421404682275,1.0660535117056857,0.9657190635451506,0.25334448160535117,0.5060869565217392,8,40,0,0.25334448160535117,0.5060869565217392,8,0.6429765886287626,0.5426421404682275,12,1.1379598662207357,4.335284280936455,2.3035117056856187,0.7466555183946488,0.4666666666666667
2017-18,2017-12-06,Group stage,Shakhtar D.,Manchester City,49,53,1.530612244897959,1.510204081632653,1.7735849056603774,1.3773584905660377,0.3877551020408163,0.4528301886792453,0.4583333333333333,0.38461538461538464,9,15,15,15,H,1,1,15,15,-0.2429726607624183,-0.1328455910666153,0.15325375433192145,0.26338082402772445,-0.06507508663842898,0.07371794871794868,-6,-4,0,0.06507508663842898,0.07371794871794868,6,0.2429726607624183,0.1328455910666153,24,0.8405852907200616,3.3041971505583367,2.8875625721986906,0.934924913361571,0.6
2017-18,2017-12-06,Group stage,Tottenham,APOEL FC,21,21,1.7619047619047619,1.2380952380952381,0.5714285714285714,1.9523809523809523,0.47619047619047616,0.14285714285714285,0.6,0.0,13,2,15,15,H,1,1,15,15,1.1904761904761905,0.7142857142857142,-0.19047619047619047,-0.6666666666666667,0.3333333333333333,0.6,11,0,0,0.3333333333333333,0.6,11,1.1904761904761905,0.7142857142857142,15,0.6190476190476191,2.333333333333333,3.1904761904761907,0.6666666666666667,0.2666666666666667
2017-18,2018-02-13,Round of 16,Basel,Manchester City,40,54,1.175,1.6,1.7592592592592593,1.3888888888888888,0.35,0.4444444444444444,0.45,0.37037037037037035,12,12,70,69,A,1,1,70,69,-0.5842592592592593,-0.21111111111111125,-0.2138888888888888,0.1592592592592592,-0.09444444444444444,0.07962962962962966,0,-14,1,0.09444444444444444,0.07962962962962966,0,0.5842592592592593,0.21111111111111125,24,0.7944444444444444,2.9342592592592593,2.988888888888889,0.9055555555555556,1.0
2017-18,2018-02-13,Round of 16,Juventus,Tottenham,56,22,1.4642857142857142,0.8571428571428571,1.8181818181818181,1.1818181818181819,0.5,0.5,0.5862068965517241,0.36363636363636365,11,13,70,69,D,1,1,70,69,-0.35389610389610393,0.3246753246753248,0.2824675324675323,0.961038961038961,0.0,0.22257053291536044,-2,34,1,0.0,0.22257053291536044,2,0.35389610389610393,0.3246753246753248,24,1.0,3.2824675324675323,2.038961038961039,1.0,0.8666666666666667
2017-18,2018-02-14,Round of 16,Porto,Liverpool,50,12,1.6,1.12,2.3333333333333335,1.25,0.46,0.3333333333333333,0.6,0.16666666666666666,10,11,70,70,A,1,1,70,70,-0.7333333333333334,0.1299999999999999,0.3500000000000001,1.2133333333333334,0.1266666666666667,0.43333333333333335,-1,38,0,0.1266666666666667,0.43333333333333335,1,0.7333333333333334,0.1299999999999999,21,0.7933333333333333,3.9333333333333336,2.37,0.8733333333333333,0.9333333333333333
2017-18,2018-02-14,Round of 16,Real Madrid,Paris SG,93,54,2.4946236559139785,0.8924731182795699,2.2222222222222223,1.0185185185185186,0.6989247311827957,0.5925925925925926,0.8297872340425532,0.5185185185185185,10,12,70,71,H,1,1,70,71,0.2724014336917562,0.12604540023894872,1.47610513739546,1.3297491039426523,0.10633213859020318,0.3112687155240347,-2,39,-1,0.10633213859020318,0.3112687155240347,2,0.2724014336917562,0.12604540023894872,22,1.2915173237753883,4.716845878136201,1.9109916367980886,0.8936678614097968,0.8666666666666667
2017-18,2018-02-20,Round of 16,Bayern Munich,Beşiktaş,86,12,2.36046511627907,1.0232558139534884,1.6666666666666667,1.5833333333333333,0.6744186046511628,0.4166666666666667,0.8372093023255814,0.6666666666666666,12,11,77,76,H,1,1,77,76,0.6937984496124032,0.5600775193798448,0.7771317829457367,0.6434108527131783,0.2577519379844961,0.1705426356589148,1,74,1,0.2577519379844961,0.1705426356589148,1,0.6937984496124032,0.5600775193798448,23,1.0910852713178294,4.0271317829457365,2.6065891472868215,0.7422480620155039,0.9333333333333333
2017-18,2018-02-20,Round of 16,Chelsea,Barcelona,63,86,2.0317460317460316,0.9523809523809523,2.2325581395348837,0.8837209302325582,0.5238095238095238,0.6511627906976745,0.6774193548387096,0.4883720930232558,8,11,77,77,D,1,1,77,77,-0.20081210778885206,-0.06866002214839417,1.1480251015134735,1.2801771871539314,-0.12735326688815063,0.18904726181545384,-3,-23,0,0.12735326688815063,0.18904726181545384,3,0.20081210778885206,0.06866002214839417,19,1.1749723145071984,4.264304171280916,1.8361018826135105,0.8726467331118494,0.8
2017-18,2018-02-21,Round of 16,Sevilla,Manchester Utd,20,49,1.45,1.45,1.5714285714285714,0.8775510204081632,0.4,0.5510204081632653,0.7,0.44,8,12,77,78,D,1,1,77,78,-0.12142857142857144,-0.5724489795918367,0.5724489795918367,0.12142857142857144,-0.15102040816326523,0.25999999999999995,-4,-29,-1,0.15102040816326523,0.25999999999999995,4,0.12142857142857144,0.5724489795918367,20,0.9510204081632653,3.0214285714285714,2.3275510204081633,0.8489795918367348,0.7333333333333334
2017-18,2018-02-21,Round of 16,Shakhtar D.,Roma,50,28,1.54,1.5,1.4285714285714286,2.0357142857142856,0.4,0.2857142857142857,0.48,0.14285714285714285,9,10,77,78,H,1,1,77,78,0.11142857142857143,0.5357142857142856,-0.49571428571428555,-0.0714285714285714,0.11428571428571432,0.33714285714285713,-1,22,-1,0.11428571428571432,0.33714285714285713,1,0.11142857142857143,0.5357142857142856,19,0.6857142857142857,2.968571428571429,3.5357142857142856,0.8857142857142857,0.9333333333333333
2017-18,2018-03-06,Round of 16,Liverpool,Porto,13,51,2.5384615384615383,1.1538461538461537,1.5686274509803921,1.196078431372549,0.38461538461538464,0.45098039215686275,0.5,0.32,13,7,20,20,D,1,1,20,20,0.9698340874811462,0.042232277526395245,1.3423831070889893,0.4147812971342384,-0.06636500754147812,0.18,6,-38,0,0.06636500754147812,0.18,6,0.9698340874811462,0.042232277526395245,20,0.8355957767722474,4.10708898944193,2.3499245852187025,0.9336349924585219,0.6
2017-18,2018-03-06,Round of 16,Paris SG,Real Madrid,55,94,2.2,1.0545454545454545,2.5,0.8936170212765957,0.5818181818181818,0.7021276595744681,0.6666666666666666,0.5652173913043478,9,10,20,20,A,1,1,20,20,-0.2999999999999998,-0.16092843326885875,1.3063829787234045,1.4454545454545455,-0.12030947775628631,0.10144927536231885,-1,-39,0,0.12030947775628631,0.10144927536231885,1,0.2999999999999998,0.16092843326885875,19,1.28394584139265,4.7,1.9481624758220502,0.8796905222437137,0.9333333333333333
2017-18,2018-03-07,Round of 16,Manchester City,Basel,55,41,1.8,1.3636363636363635,1.146341463414634,1.6585365853658536,0.45454545454545453,0.34146341463414637,0.5185185185185185,0.25,12,9,22,22,A,1,1,22,22,0.653658536585366,0.29490022172949004,0.14146341463414647,-0.21729490022172948,0.11308203991130816,0.2685185185185185,3,14,0,0.11308203991130816,0.2685185185185185,3,0.653658536585366,0.29490022172949004,21,0.7960088691796009,2.946341463414634,3.022172949002217,0.8869179600886918,0.8
2017-18,2018-03-07,Round of 16,Tottenham,Juventus,23,57,1.826086956521739,1.2173913043478262,1.4736842105263157,0.8771929824561403,0.4782608695652174,0.49122807017543857,0.6363636363636364,0.4074074074074074,11,9,22,22,A,1,1,22,22,0.3524027459954233,-0.34019832189168586,0.9488939740655987,0.25629290617848954,-0.012967200610221163,0.22895622895622897,2,-34,0,0.012967200610221163,0.22895622895622897,2,0.3524027459954233,0.34019832189168586,20,0.969488939740656,3.2997711670480547,2.0945842868039666,0.9870327993897788,0.8666666666666667
2017-18,2018-03-13,Round of 16,Manchester Utd,Sevilla,50,21,1.54,0.86,1.380952380952381,1.380952380952381,0.54,0.38095238095238093,0.6666666666666666,0.1,10,6,20,20,A,1,1,20,20,0.1590476190476191,0.520952380952381,0.1590476190476191,0.520952380952381,0.1590476190476191,0.5666666666666667,4,29,0,0.1590476190476191,0.5666666666666667,4,0.1590476190476191,0.520952380952381,16,0.920952380952381,2.920952380952381,2.240952380952381,0.8409523809523809,0.7333333333333334
2017-18,2018-03-13,Round of 16,Roma,Shakhtar D.,29,51,1.4137931034482758,2.0344827586206895,1.5490196078431373,1.4901960784313726,0.27586206896551724,0.4117647058823529,0.42857142857142855,0.32,7,12,20,20,H,1,1,20,20,-0.1352265043948615,-0.5442866801893169,-0.07640297498309678,-0.4854631507775522,-0.13590263691683568,0.10857142857142854,-5,-22,0,0.13590263691683568,0.10857142857142854,5,0.1352265043948615,0.5442866801893169,19,0.6876267748478702,2.962812711291413,3.524678837052062,0.8640973630831643,0.6666666666666667
2017-18,2018-03-14,Round of 16,Barcelona,Chelsea,87,64,2.218390804597701,0.8850574712643678,2.015625,0.953125,0.6436781609195402,0.515625,0.813953488372093,0.375,9,6,22,22,H,1,1,22,22,0.20276580459770122,0.06806752873563215,1.2652658045977012,1.1305675287356323,0.12805316091954022,0.438953488372093,3,23,0,0.12805316091954022,0.438953488372093,3,0.20276580459770122,0.06806752873563215,15,1.1593031609195403,4.234015804597702,1.8381824712643677,0.8719468390804598,0.8
2017-18,2018-03-14,Round of 16,Beşiktaş,Bayern Munich,13,87,1.5384615384615385,1.8461538461538463,2.3908045977011496,1.0114942528735633,0.38461538461538464,0.6781609195402298,0.16666666666666666,0.5116279069767442,8,15,22,22,A,1,1,22,22,-0.8523430592396111,-0.8346595932802829,0.5269672855879752,0.5446507515473034,-0.2935455349248452,-0.3449612403100776,-7,-74,0,0.2935455349248452,0.3449612403100776,7,0.8523430592396111,0.8346595932802829,23,1.0627763041556144,3.9292661361626884,2.8576480990274096,0.7064544650751547,0.5333333333333333
2017-18,2018-04-03,Quarter-finals,Juventus,Real Madrid,58,95,1.4827586206896552,0.8793103448275862,2.4947368421052634,0.8947368421052632,0.5,0.7052631578947368,0.5666666666666667,0.574468085106383,9,12,27,28,A,1,1,27,28,-1.0119782214156081,0.015426497277676976,0.5880217785843921,1.615426497277677,-0.20526315789473681,-0.007801418439716379,-3,-37,-1,0.20526315789473681,0.007801418439716379,3,1.0119782214156081,0.015426497277676976,21,1.2052631578947368,3.9774954627949186,1.7740471869328494,0.7947368421052632,0.8
2017-18,2018-04-03,Quarter-finals,Sevilla,Bayern Munich,22,88,1.4090909090909092,1.3636363636363635,2.397727272727273,1.0113636363636365,0.4090909090909091,0.6818181818181818,0.6363636363636364,0.5227272727272727,9,15,21,20,A,1,1,21,20,-0.9886363636363638,-0.35227272727272707,0.3977272727272727,1.0340909090909094,-0.27272727272727265,0.11363636363636365,-6,-66,1,0.27272727272727265,0.11363636363636365,6,0.9886363636363638,0.35227272727272707,24,1.0909090909090908,3.806818181818182,2.375,0.7272727272727273,0.6
2017-18,2018-04-04,Quarter-finals,Barcelona,Roma,88,30,2.227272727272727,0.875,1.4,1.9666666666666666,0.6477272727272727,0.3,0.8181818181818182,0.13333333333333333,9,9,21,22,H,1,1,21,22,0.8272727272727272,1.0916666666666666,0.2606060606060605,0.5249999999999999,0.3477272727272727,0.6848484848484849,0,58,-1,0.3477272727272727,0.6848484848484849,0,0.8272727272727272,1.0916666666666666,18,0.9477272727272728,3.627272727272727,2.841666666666667,0.6522727272727273,1.0
2017-18,2018-04-04,Quarter-finals,Liverpool,Manchester City,14,56,2.357142857142857,1.0714285714285714,1.7857142857142858,1.375,0.35714285714285715,0.44642857142857145,0.42857142857142855,0.39285714285714285,11,9,29,28,H,1,1,29,28,0.5714285714285714,0.3035714285714286,0.9821428571428572,0.7142857142857144,-0.0892857142857143,0.0357142857142857,2,-42,1,0.0892857142857143,0.0357142857142857,2,0.5714285714285714,0.3035714285714286,20,0.8035714285714286,4.142857142857143,2.446428571428571,0.9107142857142857,0.8666666666666667
2017-18,2018-04-10,Quarter-finals,Manchester City,Liverpool,57,15,1.7543859649122806,1.4035087719298245,2.4,1.0,0.43859649122807015,0.4,0.5,0.2857142857142857,6,11,6,6,A,1,1,6,6,-0.6456140350877193,-0.4035087719298245,0.7543859649122806,0.9964912280701754,0.03859649122807013,0.2142857142857143,-5,42,0,0.03859649122807013,0.2142857142857143,5,0.6456140350877193,0.4035087719298245,17,0.8385964912280701,4.15438596491228,2.4035087719298245,0.9614035087719299,0.6666666666666667
2017-18,2018-04-10,Quarter-finals,Roma,Barcelona,31,89,1.3870967741935485,2.032258064516129,2.247191011235955,0.8764044943820225,0.2903225806451613,0.651685393258427,0.4666666666666667,0.4772727272727273,6,11,6,6,H,1,1,6,6,-0.8600942370424067,-1.1558535701341066,0.510692279811526,0.2149329467198262,-0.3613628126132657,-0.010606060606060619,-5,-58,0,0.3613628126132657,0.010606060606060619,5,0.8600942370424067,1.1558535701341066,17,0.9420079739035883,3.6342877854295037,2.9086625588981514,0.6386371873867343,0.6666666666666667
2017-18,2018-04-11,Quarter-finals,Bayern Munich,Sevilla,89,23,2.393258426966292,1.0112359550561798,1.391304347826087,1.391304347826087,0.6853932584269663,0.391304347826087,0.8409090909090909,0.18181818181818182,15,6,8,8,D,1,1,8,8,1.001954079140205,0.3800683927699071,1.001954079140205,0.3800683927699071,0.2940889106008793,0.6590909090909092,9,66,0,0.2940889106008793,0.6590909090909092,9,1.001954079140205,0.3800683927699071,21,1.0766976062530533,3.784562774792379,2.402540302882267,0.7059110893991207,0.4
2017-18,2018-04-11,Quarter-finals,Real Madrid,Juventus,96,59,2.5,0.8854166666666666,1.4576271186440677,0.9152542372881356,0.7083333333333334,0.4915254237288136,0.8333333333333334,0.42857142857142855,15,8,8,8,A,1,1,8,8,1.0423728813559323,0.029837570621468967,1.5847457627118644,0.5722104519774011,0.2168079096045198,0.4047619047619048,7,37,0,0.2168079096045198,0.4047619047619048,7,1.0423728813559323,0.029837570621468967,23,1.199858757062147,3.9576271186440675,1.8006709039548023,0.7831920903954802,0.5333333333333333
2017-18,2018-04-24,Semi-finals,Liverpool,Roma,16,32,2.375,1.0,1.4375,1.96875,0.4375,0.3125,0.5,0.125,13,9,14,14,H,1,1,14,14,0.9375,0.96875,0.40625,0.4375,0.125,0.375,4,-16,0,0.125,0.375,4,0.9375,0.96875,22,0.75,3.8125,2.96875,0.875,0.7333333333333334
2017-18,2018-04-25,Semi-finals,Bayern Munich,Real Madrid,90,97,2.3666666666666667,1.0,2.484536082474227,0.9072164948453608,0.6777777777777778,0.7010309278350515,0.8222222222222222,0.5833333333333334,13,12,14,14,A,1,1,14,14,-0.11786941580756016,-0.09278350515463918,1.459450171821306,1.4845360824742269,-0.023253150057273686,0.23888888888888882,1,-7,0,0.023253150057273686,0.23888888888888882,1,0.11786941580756016,0.09278350515463918,25,1.3788087056128293,4.851202749140894,1.9072164948453607,0.9767468499427263,0.9333333333333333
2017-18,2018-05-01,Semi-finals,Real Madrid,Bayern Munich,98,91,2.479591836734694,0.9081632653061225,2.3516483516483517,1.010989010989011,0.7040816326530612,0.6703296703296703,0.8163265306122449,0.5333333333333333,12,10,6,6,D,1,1,6,6,0.12794348508634235,0.10282574568288849,1.4686028257456831,1.4434850863422293,0.03375196232339095,0.2829931972789116,2,7,0,0.03375196232339095,0.2829931972789116,2,0.12794348508634235,0.10282574568288849,22,1.3744113029827316,4.831240188383045,1.9191522762951334,0.966248037676609,0.8666666666666667
2017-18,2018-05-02,Semi-finals,Roma,Liverpool,33,17,1.4545454545454546,2.0606060606060606,2.5294117647058822,1.0588235294117647,0.30303030303030304,0.47058823529411764,0.5,0.375,6,13,8,8,H,1,1,8,8,-1.0748663101604277,-1.0017825311942958,0.39572192513368987,0.4688057040998217,-0.1675579322638146,0.125,-7,16,0,0.1675579322638146,0.125,7,1.0748663101604277,1.0017825311942958,19,0.7736185383244207,3.983957219251337,3.119429590017825,0.8324420677361855,0.5333333333333333
2017-18,2018-05-26,Final,Real Madrid,Liverpool,99,18,2.474747474747475,0.9191919191919192,2.5,1.2222222222222223,0.696969696969697,0.4444444444444444,0.8,0.3333333333333333,10,10,25,24,H,1,1,25,24,-0.025252525252525082,0.3030303030303031,1.2525252525252526,1.5808080808080809,0.2525252525252526,0.46666666666666673,0,81,1,0.2525252525252526,0.46666666666666673,0,0.025252525252525082,0.3030303030303031,20,1.1414141414141414,4.974747474747475,2.1414141414141414,0.7474747474747474,1.0
2018-19,2018-09-18,Group stage,Barcelona,PSV,90,14,2.2222222222222223,0.9,0.8571428571428571,1.2857142857142858,0.6444444444444445,0.21428571428571427,0.8222222222222222,0.0,10,2,161,651,H,1,1,161,365,1.3650793650793651,0.3857142857142858,0.9365079365079365,-0.04285714285714293,0.4301587301587302,0.8222222222222222,8,76,-204,0.4301587301587302,0.8222222222222222,8,1.3650793650793651,0.3857142857142858,12,0.8587301587301588,3.0793650793650795,2.185714285714286,0.5698412698412698,0.4666666666666667
2018-19,2018-09-18,Group stage,Club Brugge,Dortmund,6,53,0.3333333333333333,2.3333333333333335,1.849056603773585,1.4528301886792452,0.0,0.4339622641509434,0.0,0.3076923076923077,0,2,650,286,A,1,1,365,286,-1.5157232704402517,-0.8805031446540883,-1.119496855345912,-0.48427672955974854,-0.4339622641509434,-0.3076923076923077,-2,-47,79,0.4339622641509434,0.3076923076923077,2,1.5157232704402517,0.8805031446540883,2,0.4339622641509434,2.1823899371069184,3.7861635220125787,0.5660377358490566,0.8666666666666667
2018-19,2018-09-18,Group stage,Galatasaray,Loko Moscow,30,0,1.1,2.0,0.0,0.0,0.26666666666666666,0.0,0.3333333333333333,0.0,5,0,1015,-1,H,1,0,365,0,1.1,-2.0,1.1,-2.0,0.26666666666666666,0.3333333333333333,5,30,365,0.26666666666666666,0.3333333333333333,5,1.1,2.0,5,0.26666666666666666,1.1,2.0,0.7333333333333334,0.6666666666666667
2018-19,2018-09-18,Group stage,Inter,Tottenham,18,24,1.5555555555555556,1.6666666666666667,1.7916666666666667,1.25,0.4444444444444444,0.4583333333333333,0.5555555555555556,0.3333333333333333,7,10,2380,195,H,1,1,365,195,-0.23611111111111116,-0.41666666666666674,0.3055555555555556,0.125,-0.013888888888888895,0.22222222222222227,-3,-6,170,0.013888888888888895,0.22222222222222227,3,0.23611111111111116,0.41666666666666674,17,0.9027777777777777,3.3472222222222223,2.916666666666667,0.9861111111111112,0.8
2018-19,2018-09-18,Group stage,Liverpool,Paris SG,19,56,2.4210526315789473,1.3157894736842106,2.1785714285714284,1.0714285714285714,0.42105263157894735,0.5714285714285714,0.5555555555555556,0.5,9,6,115,196,H,1,1,115,196,0.24248120300751896,-0.24436090225563922,1.349624060150376,0.8627819548872178,-0.15037593984962405,0.05555555555555558,3,-37,-81,0.15037593984962405,0.05555555555555558,3,0.24248120300751896,0.24436090225563922,15,0.9924812030075187,4.599624060150376,2.387218045112782,0.849624060150376,0.8
2018-19,2018-09-18,Group stage,Monaco,Atlético Madrid,28,54,1.25,1.4642857142857142,1.4444444444444444,0.6666666666666666,0.35714285714285715,0.5370370370370371,0.42857142857142855,0.35714285714285715,1,6,286,287,A,1,1,286,287,-0.19444444444444442,-0.7976190476190476,0.5833333333333334,-0.01984126984126977,-0.17989417989417994,0.0714285714285714,-5,-26,-1,0.17989417989417994,0.0714285714285714,5,0.19444444444444442,0.7976190476190476,7,0.8941798941798942,2.6944444444444446,2.130952380952381,0.82010582010582,0.6666666666666667
2018-19,2018-09-18,Group stage,Red Star,Napoli,0,28,0.0,0.0,1.7142857142857142,1.6071428571428572,0.0,0.4642857142857143,0.0,0.2857142857142857,0,6,-1,286,D,0,1,0,286,-1.7142857142857142,1.6071428571428572,-1.6071428571428572,1.7142857142857142,-0.4642857142857143,-0.2857142857142857,-6,-28,-286,0.4642857142857143,0.2857142857142857,6,1.7142857142857142,1.6071428571428572,6,0.4642857142857143,1.7142857142857142,1.6071428571428572,0.5357142857142857,0.6
2018-19,2018-09-18,Group stage,Schalke 04,Porto,36,52,1.5555555555555556,1.6111111111111112,1.5384615384615385,1.1730769230769231,0.4444444444444444,0.4423076923076923,0.5,0.3076923076923077,6,8,1288,196,D,1,1,365,196,0.017094017094017033,-0.43803418803418803,0.38247863247863245,-0.07264957264957261,0.002136752136752129,0.1923076923076923,-2,-16,169,0.002136752136752129,0.1923076923076923,2,0.017094017094017033,0.43803418803418803,14,0.8867521367521367,3.094017094017094,2.784188034188034,0.9978632478632479,0.8666666666666667
2018-19,2018-09-19,Group stage,Ajax,AEK Athens,30,0,1.1,1.6666666666666667,0.0,0.0,0.26666666666666666,0.0,0.4,0.0,4,0,1379,-1,H,1,0,365,0,1.1,-1.6666666666666667,1.1,-1.6666666666666667,0.26666666666666666,0.4,4,30,365,0.26666666666666666,0.4,4,1.1,1.6666666666666667,4,0.26666666666666666,1.1,1.6666666666666667,0.7333333333333334,0.7333333333333334
2018-19,2018-09-19,Group stage,Benfica,Bayern Munich,58,92,1.0689655172413792,1.396551724137931,2.347826086956522,1.0217391304347827,0.3448275862068966,0.6630434782608695,0.4827586206896552,0.5217391304347826,0,8,288,141,A,1,1,288,141,-1.2788605697151427,-0.37481259370314834,0.04722638680659652,0.9512743628185909,-0.31821589205397294,-0.0389805097451274,-8,-34,147,0.31821589205397294,0.0389805097451274,8,1.2788605697151427,0.37481259370314834,8,1.007871064467766,3.4167916041979014,2.4182908545727138,0.6817841079460271,0.4666666666666667
2018-19,2018-09-19,Group stage,Manchester City,Lyon,58,28,1.7413793103448276,1.4137931034482758,1.1428571428571428,1.2142857142857142,0.43103448275862066,0.32142857142857145,0.4827586206896552,0.2857142857142857,3,5,162,651,A,1,1,162,365,0.5985221674876848,-0.1995073891625616,0.5270935960591134,-0.270935960591133,0.10960591133004921,0.1970443349753695,-2,30,-203,0.10960591133004921,0.1970443349753695,2,0.5985221674876848,0.1995073891625616,8,0.7524630541871922,2.8842364532019706,2.62807881773399,0.8903940886699508,0.8666666666666667
2018-19,2018-09-19,Group stage,Real Madrid,Roma,100,34,2.48,0.92,1.5294117647058822,2.0588235294117645,0.7,0.3235294117647059,0.803921568627451,0.11764705882352941,10,9,116,140,H,1,1,116,140,0.9505882352941177,1.1388235294117646,0.4211764705882355,0.6094117647058822,0.37647058823529406,0.6862745098039216,1,66,-24,0.37647058823529406,0.6862745098039216,1,0.9505882352941177,1.1388235294117646,19,1.0235294117647058,4.009411764705883,2.9788235294117644,0.6235294117647059,0.9333333333333333
2018-19,2018-09-19,Group stage,Shakhtar D.,Hoffenheim,52,0,1.5192307692307692,1.4807692307692308,0.0,0.0,0.40384615384615385,0.0,0.5,0.0,9,0,190,-1,D,1,0,190,0,1.5192307692307692,-1.4807692307692308,1.5192307692307692,-1.4807692307692308,0.40384615384615385,0.5,9,52,190,0.40384615384615385,0.5,9,1.5192307692307692,1.4807692307692308,9,0.40384615384615385,1.5192307692307692,1.4807692307692308,0.5961538461538461,0.4
2018-19,2018-09-19,Group stage,Valencia,Juventus,28,60,1.7142857142857142,1.1428571428571428,1.4833333333333334,0.9166666666666666,0.39285714285714285,0.5,0.5,0.4482758620689655,6,10,1015,161,A,1,1,365,161,0.2309523809523808,-0.22619047619047616,0.7976190476190476,0.3404761904761906,-0.10714285714285715,0.051724137931034475,-4,-32,204,0.10714285714285715,0.051724137931034475,4,0.2309523809523808,0.22619047619047616,16,0.8928571428571428,3.197619047619048,2.0595238095238093,0.8928571428571428,0.7333333333333334
2018-19,2018-09-19,Group stage,Viktoria Plzeň,CSKA Moscow,12,38,0.8333333333333334,2.3333333333333335,1.131578947368421,1.9210526315789473,0.16666666666666666,0.21052631578947367,0.16666666666666666,0.21052631578947367,3,6,1744,288,D,1,1,365,288,-0.29824561403508765,-0.41228070175438614,-1.0877192982456139,-1.2017543859649125,-0.043859649122807015,-0.043859649122807015,-3,-26,77,0.043859649122807015,0.043859649122807015,3,0.29824561403508765,0.41228070175438614,9,0.3771929824561403,1.9649122807017543,4.254385964912281,0.956140350877193,0.8
2018-19,2018-09-19,Group stage,Young Boys,Manchester Utd,0,51,0.0,0.0,1.5294117647058822,0.8823529411764706,0.0,0.5294117647058824,0.0,0.4230769230769231,0,7,-1,190,A,0,1,0,190,-1.5294117647058822,0.8823529411764706,-0.8823529411764706,1.5294117647058822,-0.5294117647058824,-0.4230769230769231,-7,-51,-190,0.5294117647058824,0.4230769230769231,7,1.5294117647058822,0.8823529411764706,7,0.5294117647058824,1.5294117647058822,0.8823529411764706,0.47058823529411764,0.5333333333333333
2018-19,2018-10-02,Group stage,AEK Athens,Benfica,1,59,0.0,3.0,1.0508474576271187,1.4067796610169492,0.0,0.3389830508474576,0.0,0.20689655172413793,0,0,13,13,A,1,1,13,13,-1.0508474576271187,-1.5932203389830508,-1.4067796610169492,-1.9491525423728813,-0.3389830508474576,-0.20689655172413793,0,-58,0,0.3389830508474576,0.20689655172413793,0,1.0508474576271187,1.5932203389830508,0,0.3389830508474576,1.0508474576271187,4.406779661016949,0.6610169491525424,1.0
2018-19,2018-10-02,Group stage,Bayern Munich,Ajax,93,31,2.3440860215053765,1.010752688172043,1.1612903225806452,1.6129032258064515,0.6666666666666666,0.2903225806451613,0.8043478260869565,0.13333333333333333,8,6,13,13,D,1,1,13,13,1.1827956989247312,0.6021505376344085,0.731182795698925,0.15053763440860224,0.3763440860215053,0.6710144927536232,2,62,0,0.3763440860215053,0.6710144927536232,2,1.1827956989247312,0.6021505376344085,14,0.956989247311828,3.505376344086022,2.6236559139784945,0.6236559139784947,0.8666666666666667
2018-19,2018-10-02,Group stage,CSKA Moscow,Real Madrid,39,101,1.1538461538461537,1.9230769230769231,2.485148514851485,0.9108910891089109,0.20512820512820512,0.7029702970297029,0.21052631578947367,0.5918367346938775,7,10,13,13,H,1,1,13,13,-1.3313023610053314,-1.012185833968012,0.24295506473724282,0.562071591774562,-0.4978420919014978,-0.38131041890440387,-3,-62,0,0.4978420919014978,0.38131041890440387,3,1.3313023610053314,1.012185833968012,17,0.908098502157908,3.638994668697639,2.833968012185834,0.5021579080985021,0.8
2018-19,2018-10-02,Group stage,Hoffenheim,Manchester City,1,59,2.0,2.0,1.728813559322034,1.423728813559322,0.0,0.423728813559322,0.0,0.3793103448275862,1,3,13,13,A,1,1,13,13,0.27118644067796605,-0.576271186440678,0.576271186440678,-0.27118644067796605,-0.423728813559322,-0.3793103448275862,-2,-58,0,0.423728813559322,0.3793103448275862,2,0.27118644067796605,0.576271186440678,4,0.423728813559322,3.7288135593220337,3.423728813559322,0.576271186440678,0.8666666666666667
2018-19,2018-10-02,Group stage,Juventus,Young Boys,61,1,1.4918032786885247,0.9016393442622951,0.0,3.0,0.5081967213114754,0.0,0.5483870967741935,0.0,10,0,13,13,H,1,1,13,13,1.4918032786885247,2.098360655737705,-1.5081967213114753,-0.9016393442622951,0.5081967213114754,0.5483870967741935,10,60,0,0.5081967213114754,0.5483870967741935,10,1.4918032786885247,2.098360655737705,10,0.5081967213114754,1.4918032786885247,3.901639344262295,0.4918032786885246,0.33333333333333337
2018-19,2018-10-02,Group stage,Lyon,Shakhtar D.,29,53,1.1724137931034482,1.206896551724138,1.528301886792453,1.490566037735849,0.3448275862068966,0.39622641509433965,0.35714285714285715,0.3076923076923077,8,7,13,13,D,1,1,13,13,-0.35588809368900476,0.28366948601171105,-0.31815224463240077,0.32140533506831503,-0.05139882888744307,0.04945054945054944,1,-24,0,0.05139882888744307,0.04945054945054944,1,0.35588809368900476,0.28366948601171105,15,0.7410540013012362,2.700715679895901,2.697462589459987,0.9486011711125569,0.9333333333333333
2018-19,2018-10-02,Group stage,Manchester Utd,Valencia,52,29,1.5576923076923077,0.8653846153846154,1.6551724137931034,1.1724137931034482,0.5384615384615384,0.3793103448275862,0.64,0.2857142857142857,7,3,13,13,D,1,1,13,13,-0.09748010610079572,0.30702917771883276,0.38527851458885953,0.789787798408488,0.15915119363395225,0.3542857142857143,4,23,0,0.15915119363395225,0.3542857142857143,4,0.09748010610079572,0.30702917771883276,10,0.9177718832891246,3.212864721485411,2.0377984084880634,0.8408488063660478,0.7333333333333334
2018-19,2018-10-02,Group stage,Roma,Viktoria Plzeň,35,13,1.4857142857142858,2.085714285714286,0.9230769230769231,2.3076923076923075,0.3142857142857143,0.15384615384615385,0.5294117647058824,0.16666666666666666,6,4,13,13,H,1,1,13,13,0.5626373626373626,0.22197802197802163,-0.8219780219780217,-1.1626373626373627,0.16043956043956042,0.36274509803921573,2,22,0,0.16043956043956042,0.36274509803921573,2,0.5626373626373626,0.22197802197802163,10,0.46813186813186813,2.408791208791209,4.393406593406594,0.8395604395604396,0.8666666666666667
2018-19,2018-10-03,Group stage,Atlético Madrid,Club Brugge,55,7,1.4545454545454546,0.6727272727272727,0.2857142857142857,2.142857142857143,0.5454545454545454,0.0,0.7307692307692307,0.0,9,0,15,15,H,1,1,15,15,1.168831168831169,1.47012987012987,-0.6883116883116882,-0.38701298701298703,0.5454545454545454,0.7307692307692307,9,48,0,0.5454545454545454,0.7307692307692307,9,1.168831168831169,1.47012987012987,9,0.5454545454545454,1.7402597402597402,2.8155844155844156,0.4545454545454546,0.4
2018-19,2018-10-03,Group stage,Dortmund,Monaco,54,29,1.8333333333333333,1.4259259259259258,1.2413793103448276,1.4827586206896552,0.4444444444444444,0.3448275862068966,0.5555555555555556,0.2857142857142857,5,1,15,15,H,1,1,15,15,0.5919540229885056,0.05683269476372943,0.350574712643678,-0.1845466155810982,0.09961685823754785,0.2698412698412699,4,25,0,0.09961685823754785,0.2698412698412699,4,0.5919540229885056,0.05683269476372943,6,0.789272030651341,3.074712643678161,2.9086845466155813,0.9003831417624522,0.7333333333333334
2018-19,2018-10-03,Group stage,Loko Moscow,Schalke 04,1,37,0.0,3.0,1.5405405405405406,1.5945945945945945,0.0,0.43243243243243246,0.0,0.3888888888888889,0,7,15,15,A,1,1,15,15,-1.5405405405405406,-1.4054054054054055,-1.5945945945945945,-1.4594594594594594,-0.43243243243243246,-0.3888888888888889,-7,-36,0,0.43243243243243246,0.3888888888888889,7,1.5405405405405406,1.4054054054054055,7,0.43243243243243246,1.5405405405405406,4.594594594594595,0.5675675675675675,0.5333333333333333
2018-19,2018-10-03,Group stage,Napoli,Liverpool,29,20,1.6551724137931034,1.5517241379310345,2.45,1.35,0.4482758620689655,0.45,0.6428571428571429,0.3,4,9,15,15,H,1,1,15,15,-0.7948275862068968,-0.2017241379310344,0.30517241379310334,0.8982758620689657,-0.0017241379310344862,0.3428571428571429,-5,9,0,0.0017241379310344862,0.3428571428571429,5,0.7948275862068968,0.2017241379310344,13,0.8982758620689655,4.105172413793103,2.9017241379310343,0.9982758620689656,0.6666666666666667
2018-19,2018-10-03,Group stage,PSV,Inter,15,19,0.8,1.4666666666666666,1.5789473684210527,1.631578947368421,0.2,0.47368421052631576,0.42857142857142855,0.3333333333333333,1,7,15,15,A,1,1,15,15,-0.7789473684210526,0.16491228070175445,-0.831578947368421,0.11228070175438609,-0.27368421052631575,0.09523809523809523,-6,-4,0,0.27368421052631575,0.09523809523809523,6,0.7789473684210526,0.16491228070175445,8,0.6736842105263158,2.378947368421053,3.0982456140350876,0.7263157894736842,0.6
2018-19,2018-10-03,Group stage,Paris SG,Red Star,57,1,2.175438596491228,1.105263157894737,0.0,0.0,0.5614035087719298,0.0,0.6428571428571429,0.0,3,1,15,15,H,1,1,15,15,2.175438596491228,-1.105263157894737,2.175438596491228,-1.105263157894737,0.5614035087719298,0.6428571428571429,2,56,0,0.5614035087719298,0.6428571428571429,2,2.175438596491228,1.105263157894737,4,0.5614035087719298,2.175438596491228,1.105263157894737,0.4385964912280702,0.8666666666666667
2018-19,2018-10-03,Group stage,Porto,Galatasaray,53,31,1.528301886792453,1.169811320754717,1.1612903225806452,1.935483870967742,0.4339622641509434,0.2903225806451613,0.5769230769230769,0.2,6,7,15,15,H,1,1,15,15,0.3670115642118077,0.765672550213025,-0.40718198417528906,-0.008520998174071703,0.1436396835057821,0.37692307692307686,-1,22,0,0.1436396835057821,0.37692307692307686,1,0.3670115642118077,0.765672550213025,13,0.7242848447961048,2.689592209373098,3.105295191722459,0.856360316494218,0.9333333333333333
2018-19,2018-10-03,Group stage,Tottenham,Barcelona,25,91,1.76,1.28,2.241758241758242,0.8901098901098901,0.44,0.6483516483516484,0.5833333333333334,0.4666666666666667,7,10,15,15,A,1,1,15,15,-0.4817582417582418,-0.38989010989010997,0.86989010989011,0.9617582417582418,-0.20835164835164838,0.1166666666666667,-3,-66,0,0.20835164835164838,0.1166666666666667,3,0.4817582417582418,0.38989010989010997,17,1.0883516483516484,4.001758241758242,2.17010989010989,0.7916483516483517,0.8
2018-19,2018-10-23,Group stage,AEK Athens,Bayern Munich,2,94,1.0,3.0,2.3297872340425534,1.0106382978723405,0.0,0.6595744680851063,0.0,0.5319148936170213,0,6,21,21,A,1,1,21,21,-1.3297872340425534,-1.9893617021276595,-0.010638297872340496,-0.6702127659574466,-0.6595744680851063,-0.5319148936170213,-6,-92,0,0.6595744680851063,0.5319148936170213,6,1.3297872340425534,1.9893617021276595,6,0.6595744680851063,3.3297872340425534,4.01063829787234,0.34042553191489366,0.6
2018-19,2018-10-23,Group stage,Ajax,Benfica,32,60,1.15625,1.59375,1.0833333333333333,1.4166666666666667,0.28125,0.35,0.4375,0.23333333333333334,7,3,21,21,H,1,1,21,21,0.07291666666666674,-0.17708333333333326,-0.26041666666666674,-0.5104166666666667,-0.06874999999999998,0.20416666666666666,4,-28,0,0.06874999999999998,0.20416666666666666,4,0.07291666666666674,0.17708333333333326,10,0.63125,2.239583333333333,3.010416666666667,0.93125,0.7333333333333334
2018-19,2018-10-23,Group stage,Hoffenheim,Lyon,2,30,1.5,2.0,1.2,1.2333333333333334,0.0,0.3333333333333333,0.0,0.3333333333333333,1,9,21,21,D,1,1,21,21,0.30000000000000004,-0.7666666666666666,0.2666666666666666,-0.8,-0.3333333333333333,-0.3333333333333333,-8,-28,0,0.3333333333333333,0.3333333333333333,8,0.30000000000000004,0.7666666666666666,10,0.3333333333333333,2.7,3.2333333333333334,0.6666666666666667,0.4666666666666667
2018-19,2018-10-23,Group stage,Manchester Utd,Juventus,53,62,1.528301886792453,0.8490566037735849,1.5161290322580645,0.8870967741935484,0.5283018867924528,0.5161290322580645,0.6153846153846154,0.4666666666666667,8,12,21,21,A,1,1,21,21,0.012172854534388433,0.03804017041996344,0.6412051125989046,0.6670724284844796,0.012172854534388322,0.14871794871794874,-4,-9,0,0.012172854534388322,0.14871794871794874,4,0.012172854534388433,0.03804017041996344,20,1.0444309190505172,3.0444309190505177,1.7361533779671334,0.9878271454656117,0.7333333333333334
2018-19,2018-10-23,Group stage,Real Madrid,Viktoria Plzeň,102,14,2.4607843137254903,0.9117647058823529,0.8571428571428571,2.5,0.696078431372549,0.14285714285714285,0.8076923076923077,0.14285714285714285,10,4,21,21,H,1,1,21,21,1.6036414565826331,1.5882352941176472,-0.039215686274509665,-0.054621848739495826,0.5532212885154062,0.6648351648351649,6,88,0,0.5532212885154062,0.6648351648351649,6,1.6036414565826331,1.5882352941176472,14,0.8389355742296918,3.3179271708683475,3.411764705882353,0.4467787114845938,0.6
2018-19,2018-10-23,Group stage,Roma,CSKA Moscow,36,40,1.5833333333333333,2.0277777777777777,1.15,1.875,0.3333333333333333,0.225,0.5555555555555556,0.2,9,10,21,21,H,1,1,21,21,0.43333333333333335,-0.15277777777777768,-0.29166666666666674,-0.8777777777777778,0.10833333333333331,0.35555555555555557,-1,-4,0,0.10833333333333331,0.35555555555555557,1,0.43333333333333335,0.15277777777777768,19,0.5583333333333333,2.7333333333333334,3.9027777777777777,0.8916666666666667,0.9333333333333333
2018-19,2018-10-23,Group stage,Shakhtar D.,Manchester City,54,60,1.537037037037037,1.5,1.7333333333333334,1.4166666666666667,0.3888888888888889,0.43333333333333335,0.48148148148148145,0.4,8,3,21,21,A,1,1,21,21,-0.1962962962962964,-0.08333333333333326,0.12037037037037024,0.2333333333333334,-0.04444444444444445,0.08148148148148143,5,-6,0,0.04444444444444445,0.08148148148148143,5,0.1962962962962964,0.08333333333333326,11,0.8222222222222222,3.2703703703703706,2.916666666666667,0.9555555555555555,0.6666666666666667
2018-19,2018-10-23,Group stage,Young Boys,Valencia,2,30,0.0,3.0,1.6,1.1333333333333333,0.0,0.36666666666666664,0.0,0.26666666666666666,0,1,21,21,D,1,1,21,21,-1.6,-1.8666666666666667,-1.1333333333333333,-1.4,-0.36666666666666664,-0.26666666666666666,-1,-28,0,0.36666666666666664,0.26666666666666666,1,1.6,1.8666666666666667,1,0.36666666666666664,1.6,4.133333333333333,0.6333333333333333,0.9333333333333333
2018-19,2018-10-24,Group stage,Barcelona,Inter,92,20,2.260869565217391,0.9021739130434783,1.6,1.6,0.6521739130434783,0.5,0.8260869565217391,0.4,12,9,21,21,H,1,1,21,21,0.660869565217391,0.6978260869565218,0.660869565217391,0.6978260869565218,0.15217391304347827,0.4260869565217391,3,72,0,0.15217391304347827,0.4260869565217391,3,0.660869565217391,0.6978260869565218,21,1.1521739130434783,3.860869565217391,2.502173913043478,0.8478260869565217,0.8
2018-19,2018-10-24,Group stage,Club Brugge,Monaco,8,30,0.375,2.25,1.2,1.5333333333333334,0.0,0.3333333333333333,0.0,0.26666666666666666,0,1,21,21,D,1,1,21,21,-0.825,-0.7166666666666666,-1.1583333333333334,-1.05,-0.3333333333333333,-0.26666666666666666,-1,-22,0,0.3333333333333333,0.26666666666666666,1,0.825,0.7166666666666666,1,0.3333333333333333,1.575,3.783333333333333,0.6666666666666667,0.9333333333333333
2018-19,2018-10-24,Group stage,Dortmund,Atlético Madrid,55,56,1.8545454545454545,1.4,1.4821428571428572,0.6785714285714286,0.45454545454545453,0.5535714285714286,0.5714285714285714,0.3793103448275862,7,11,21,21,H,1,1,21,21,0.3724025974025973,-0.7214285714285713,1.175974025974026,0.0821428571428573,-0.09902597402597407,0.1921182266009852,-4,-1,0,0.09902597402597407,0.1921182266009852,4,0.3724025974025973,0.7214285714285713,18,1.0081168831168832,3.3366883116883117,2.0785714285714283,0.900974025974026,0.7333333333333334
2018-19,2018-10-24,Group stage,Galatasaray,Schalke 04,32,38,1.125,1.90625,1.5263157894736843,1.5526315789473684,0.28125,0.4473684210526316,0.375,0.42105263157894735,4,10,21,21,D,1,1,21,21,-0.4013157894736843,-0.35361842105263164,-0.42763157894736836,-0.3799342105263157,-0.16611842105263158,-0.046052631578947345,-6,-6,0,0.16611842105263158,0.046052631578947345,6,0.4013157894736843,0.35361842105263164,14,0.7286184210526316,2.651315789473684,3.458881578947368,0.8338815789473684,0.6
2018-19,2018-10-24,Group stage,Liverpool,Red Star,21,2,2.3333333333333335,1.3333333333333333,0.5,3.0,0.42857142857142855,0.0,0.6,0.0,6,1,21,21,H,1,1,21,21,1.8333333333333335,1.6666666666666667,-0.6666666666666665,-0.8333333333333333,0.42857142857142855,0.6,5,19,0,0.42857142857142855,0.6,5,1.8333333333333335,1.6666666666666667,7,0.42857142857142855,2.8333333333333335,4.333333333333333,0.5714285714285714,0.6666666666666667
2018-19,2018-10-24,Group stage,Loko Moscow,Porto,2,54,0.0,2.0,1.5185185185185186,1.1481481481481481,0.0,0.4444444444444444,0.0,0.2962962962962963,0,8,21,21,A,1,1,21,21,-1.5185185185185186,-0.8518518518518519,-1.1481481481481481,-0.4814814814814814,-0.4444444444444444,-0.2962962962962963,-8,-52,0,0.4444444444444444,0.2962962962962963,8,1.5185185185185186,0.8518518518518519,8,0.4444444444444444,1.5185185185185186,3.148148148148148,0.5555555555555556,0.4666666666666667
2018-19,2018-10-24,Group stage,PSV,Tottenham,16,26,0.8125,1.5,1.7692307692307692,1.3846153846153846,0.1875,0.4230769230769231,0.375,0.3076923076923077,1,4,21,21,D,1,1,21,21,-0.9567307692307692,-0.11538461538461542,-0.5721153846153846,0.26923076923076916,-0.23557692307692307,0.06730769230769229,-3,-10,0,0.23557692307692307,0.06730769230769229,3,0.9567307692307692,0.11538461538461542,5,0.6105769230769231,2.581730769230769,2.8846153846153846,0.7644230769230769,0.8
2018-19,2018-10-24,Group stage,Paris SG,Napoli,58,30,2.2413793103448274,1.103448275862069,1.6333333333333333,1.5,0.5689655172413793,0.4666666666666667,0.6551724137931034,0.26666666666666666,3,7,21,21,D,1,1,21,21,0.6080459770114941,0.39655172413793105,0.7413793103448274,0.5298850574712644,0.10229885057471266,0.38850574712643676,-4,28,0,0.10229885057471266,0.38850574712643676,4,0.6080459770114941,0.39655172413793105,10,1.035632183908046,3.8747126436781607,2.603448275862069,0.8977011494252873,0.7333333333333334
2018-19,2018-11-06,Group stage,Atlético Madrid,Dortmund,57,56,1.456140350877193,0.7368421052631579,1.8928571428571428,1.375,0.543859649122807,0.4642857142857143,0.7407407407407407,0.3333333333333333,10,9,13,13,H,1,1,13,13,-0.4367167919799497,0.6381578947368421,0.08114035087719307,1.1560150375939848,0.07957393483709274,0.4074074074074074,1,1,0,0.07957393483709274,0.4074074074074074,1,0.4367167919799497,0.6381578947368421,19,1.0081453634085213,3.348997493734336,2.111842105263158,0.9204260651629073,0.9333333333333333
2018-19,2018-11-06,Group stage,Inter,Barcelona,21,93,1.5238095238095237,1.619047619047619,2.2580645161290325,0.8924731182795699,0.47619047619047616,0.6559139784946236,0.6,0.4782608695652174,9,12,13,13,D,1,1,13,13,-0.7342549923195087,-0.7265745007680492,0.6313364055299538,0.6390168970814134,-0.17972350230414746,0.12173913043478257,-3,-72,0,0.17972350230414746,0.12173913043478257,3,0.7342549923195087,0.7265745007680492,21,1.1321044546850998,3.781874039938556,2.511520737327189,0.8202764976958525,0.8
2018-19,2018-11-06,Group stage,Monaco,Club Brugge,31,9,1.1935483870967742,1.5161290322580645,0.4444444444444444,2.111111111111111,0.3225806451612903,0.0,0.4,0.0,1,1,13,13,A,1,1,13,13,0.7491039426523298,0.5949820788530467,-0.9175627240143369,-1.07168458781362,0.3225806451612903,0.4,0,22,0,0.3225806451612903,0.4,0,0.7491039426523298,0.5949820788530467,2,0.3225806451612903,1.6379928315412187,3.6272401433691757,0.6774193548387097,1.0
2018-19,2018-11-06,Group stage,Napoli,Paris SG,31,59,1.6451612903225807,1.5161290322580645,2.23728813559322,1.11864406779661,0.45161290322580644,0.559322033898305,0.6666666666666666,0.4827586206896552,8,4,13,13,D,1,1,13,13,-0.5921268452706394,-0.3974849644614544,0.5265172225259707,0.7211591033351556,-0.1077091306724986,0.18390804597701144,4,-28,0,0.1077091306724986,0.18390804597701144,4,0.5921268452706394,0.3974849644614544,12,1.0109349371241114,3.8824494259158007,2.634773100054675,0.8922908693275013,0.7333333333333334
2018-19,2018-11-06,Group stage,Porto,Loko Moscow,55,3,1.5454545454545454,1.1454545454545455,0.3333333333333333,2.3333333333333335,0.45454545454545453,0.0,0.5925925925925926,0.0,8,0,13,13,H,1,1,13,13,1.2121212121212122,1.187878787878788,-0.7878787878787881,-0.8121212121212122,0.45454545454545453,0.5925925925925926,8,52,0,0.45454545454545453,0.5925925925925926,8,1.2121212121212122,1.187878787878788,8,0.45454545454545453,1.8787878787878787,3.478787878787879,0.5454545454545454,0.4666666666666667
2018-19,2018-11-06,Group stage,Red Star,Liverpool,3,22,0.3333333333333333,3.3333333333333335,2.409090909090909,1.2727272727272727,0.0,0.45454545454545453,0.0,0.2727272727272727,1,6,13,13,H,1,1,13,13,-2.0757575757575757,-2.0606060606060606,-0.9393939393939394,-0.9242424242424243,-0.45454545454545453,-0.2727272727272727,-5,-19,0,0.45454545454545453,0.2727272727272727,5,2.0757575757575757,2.0606060606060606,7,0.45454545454545453,2.7424242424242427,4.606060606060606,0.5454545454545454,0.6666666666666667
2018-19,2018-11-06,Group stage,Schalke 04,Galatasaray,39,33,1.4871794871794872,1.5128205128205128,1.0909090909090908,1.8484848484848484,0.4358974358974359,0.2727272727272727,0.47368421052631576,0.1875,8,5,13,13,H,1,1,13,13,0.3962703962703964,0.3356643356643356,-0.3613053613053612,-0.42191142191142195,0.1631701631701632,0.28618421052631576,3,6,0,0.1631701631701632,0.28618421052631576,3,0.3962703962703964,0.3356643356643356,13,0.7086247086247086,2.578088578088578,3.3613053613053614,0.8368298368298368,0.8
2018-19,2018-11-06,Group stage,Tottenham,PSV,27,17,1.7777777777777777,1.4074074074074074,0.8823529411764706,1.5294117647058822,0.4074074074074074,0.17647058823529413,0.5384615384615384,0.0,2,2,13,13,H,1,1,13,13,0.8954248366013071,0.12200435729847481,0.24836601307189543,-0.5250544662309369,0.23093681917211326,0.5384615384615384,0,10,0,0.23093681917211326,0.5384615384615384,0,0.8954248366013071,0.12200435729847481,4,0.5838779956427015,2.6601307189542482,2.9368191721132897,0.7690631808278867,1.0
2018-19,2018-11-07,Group stage,Bayern Munich,AEK Athens,95,3,2.3263157894736843,1.0,0.6666666666666666,2.6666666666666665,0.6631578947368421,0.0,0.7872340425531915,0.0,8,0,15,15,H,1,1,15,15,1.6596491228070178,1.6666666666666665,-0.3403508771929822,-0.33333333333333337,0.6631578947368421,0.7872340425531915,8,92,0,0.6631578947368421,0.7872340425531915,8,1.6596491228070178,1.6666666666666665,8,0.6631578947368421,2.992982456140351,3.6666666666666665,0.33684210526315794,0.4666666666666667
2018-19,2018-11-07,Group stage,Benfica,Ajax,61,33,1.0655737704918034,1.4098360655737705,1.1515151515151516,1.5454545454545454,0.3442622950819672,0.30303030303030304,0.4666666666666667,0.125,3,10,15,15,D,1,1,15,15,-0.08594138102334825,0.1356184798807749,-0.47988077496274206,-0.2583209140586189,0.04123199205166417,0.3416666666666667,-7,28,0,0.04123199205166417,0.3416666666666667,7,0.08594138102334825,0.1356184798807749,13,0.6472925981122702,2.2170889220069547,2.9552906110283157,0.9587680079483358,0.5333333333333333
2018-19,2018-11-07,Group stage,CSKA Moscow,Roma,41,37,1.1219512195121952,1.9024390243902438,1.6216216216216217,1.972972972972973,0.21951219512195122,0.35135135135135137,0.25,0.1111111111111111,7,9,15,15,A,1,1,15,15,-0.4996704021094265,0.07053394858272921,-0.8510217534607778,-0.2808174027686221,-0.13183915622940015,0.1388888888888889,-2,4,0,0.13183915622940015,0.1388888888888889,2,0.4996704021094265,0.07053394858272921,16,0.5708635464733026,2.743572841133817,3.8754119973632166,0.8681608437705999,0.8666666666666667
2018-19,2018-11-07,Group stage,Juventus,Manchester Utd,63,54,1.507936507936508,0.873015873015873,1.5,0.8518518518518519,0.5238095238095238,0.5185185185185185,0.5625,0.4444444444444444,12,5,15,15,A,1,1,15,15,0.007936507936507908,-0.021164021164021163,0.656084656084656,0.626984126984127,0.005291005291005346,0.11805555555555558,7,9,0,0.005291005291005346,0.11805555555555558,7,0.007936507936507908,0.021164021164021163,17,1.0423280423280423,3.007936507936508,1.7248677248677249,0.9947089947089947,0.5333333333333333
2018-19,2018-11-07,Group stage,Lyon,Hoffenheim,31,3,1.2580645161290323,1.2903225806451613,2.0,2.3333333333333335,0.3225806451612903,0.0,0.3333333333333333,0.0,9,2,15,15,D,1,1,15,15,-0.7419354838709677,1.0430107526881722,-1.0752688172043012,0.7096774193548387,0.3225806451612903,0.3333333333333333,7,28,0,0.3225806451612903,0.3333333333333333,7,0.7419354838709677,1.0430107526881722,11,0.3225806451612903,3.258064516129032,3.623655913978495,0.6774193548387097,0.5333333333333333
2018-19,2018-11-07,Group stage,Manchester City,Shakhtar D.,61,55,1.7540983606557377,1.3934426229508197,1.509090909090909,1.5272727272727273,0.4426229508196721,0.38181818181818183,0.4666666666666667,0.2962962962962963,6,5,15,15,H,1,1,15,15,0.24500745156482862,0.13383010432190767,0.22682563338301032,0.11564828614008937,0.06080476900149029,0.1703703703703704,1,6,0,0.06080476900149029,0.1703703703703704,1,0.24500745156482862,0.13383010432190767,11,0.824441132637854,3.263189269746647,2.920715350223547,0.9391952309985097,0.9333333333333333
2018-19,2018-11-07,Group stage,Valencia,Young Boys,31,3,1.5806451612903225,1.1290322580645162,0.3333333333333333,2.3333333333333335,0.3548387096774194,0.0,0.4666666666666667,0.0,2,1,15,15,H,1,1,15,15,1.2473118279569892,1.2043010752688172,-0.752688172043011,-0.795698924731183,0.3548387096774194,0.4666666666666667,1,28,0,0.3548387096774194,0.4666666666666667,1,1.2473118279569892,1.2043010752688172,3,0.3548387096774194,1.9139784946236558,3.46236559139785,0.6451612903225806,0.9333333333333333
2018-19,2018-11-07,Group stage,Viktoria Plzeň,Real Madrid,15,103,0.8666666666666667,2.466666666666667,2.4563106796116503,0.912621359223301,0.13333333333333333,0.6990291262135923,0.14285714285714285,0.58,4,10,15,15,A,1,1,15,15,-1.5896440129449836,-1.5540453074433658,-0.04595469255663431,-0.010355987055016502,-0.565695792880259,-0.4371428571428571,-6,-88,0,0.565695792880259,0.4371428571428571,6,1.5896440129449836,1.5540453074433658,14,0.8323624595469256,3.322977346278317,3.379288025889968,0.43430420711974105,0.6
2018-19,2018-11-27,Group stage,AEK Athens,Ajax,4,34,0.5,2.5,1.1470588235294117,1.5294117647058822,0.0,0.29411764705882354,0.0,0.11764705882352941,0,11,20,20,A,1,1,20,20,-0.6470588235294117,-0.9705882352941178,-1.0294117647058822,-1.3529411764705883,-0.29411764705882354,-0.11764705882352941,-11,-30,0,0.29411764705882354,0.11764705882352941,11,0.6470588235294117,0.9705882352941178,11,0.29411764705882354,1.6470588235294117,4.029411764705882,0.7058823529411764,0.2666666666666667
2018-19,2018-11-27,Group stage,Bayern Munich,Benfica,96,62,2.3229166666666665,0.9895833333333334,1.064516129032258,1.403225806451613,0.6666666666666666,0.3387096774193548,0.7916666666666666,0.22580645161290322,11,4,20,20,H,1,1,20,20,1.2584005376344085,0.4136424731182796,0.9196908602150535,0.07493279569892464,0.3279569892473118,0.5658602150537634,7,34,0,0.3279569892473118,0.5658602150537634,7,1.2584005376344085,0.4136424731182796,15,1.0053763440860215,3.3874327956989245,2.3928091397849465,0.6720430107526882,0.5333333333333333
2018-19,2018-11-27,Group stage,CSKA Moscow,Viktoria Plzeň,42,16,1.119047619047619,1.9047619047619047,0.8125,2.625,0.21428571428571427,0.125,0.23809523809523808,0.125,4,4,20,20,A,1,1,20,20,0.30654761904761907,0.7202380952380953,-1.505952380952381,-1.0922619047619047,0.08928571428571427,0.11309523809523808,0,26,0,0.08928571428571427,0.11309523809523808,0,0.30654761904761907,0.7202380952380953,8,0.3392857142857143,1.931547619047619,4.529761904761905,0.9107142857142857,1.0
2018-19,2018-11-27,Group stage,Hoffenheim,Shakhtar D.,4,56,2.0,2.25,1.4821428571428572,1.6071428571428572,0.0,0.375,0.0,0.2857142857142857,3,2,20,20,A,1,1,20,20,0.5178571428571428,-0.6428571428571428,0.3928571428571428,-0.7678571428571428,-0.375,-0.2857142857142857,1,-52,0,0.375,0.2857142857142857,1,0.5178571428571428,0.6428571428571428,5,0.375,3.482142857142857,3.857142857142857,0.625,0.9333333333333333
2018-19,2018-11-27,Group stage,Juventus,Valencia,64,32,1.5,0.890625,1.625,1.125,0.515625,0.375,0.5454545454545454,0.25,12,5,20,20,H,1,1,20,20,-0.125,0.234375,0.375,0.734375,0.140625,0.2954545454545454,7,32,0,0.140625,0.2954545454545454,7,0.125,0.234375,17,0.890625,3.125,2.015625,0.859375,0.5333333333333333
2018-19,2018-11-27,Group stage,Lyon,Manchester City,32,62,1.28125,1.3125,1.8225806451612903,1.3709677419354838,0.3125,0.45161290322580644,0.3125,0.41935483870967744,7,9,20,20,D,1,1,20,20,-0.5413306451612903,0.058467741935483764,-0.08971774193548376,0.5100806451612903,-0.13911290322580644,-0.10685483870967744,-2,-30,0,0.13911290322580644,0.10685483870967744,2,0.5413306451612903,0.058467741935483764,16,0.7641129032258065,3.10383064516129,2.683467741935484,0.8608870967741935,0.8666666666666667
2018-19,2018-11-27,Group stage,Manchester Utd,Young Boys,55,4,1.509090909090909,0.8545454545454545,0.5,2.5,0.5272727272727272,0.0,0.5925925925925926,0.0,7,1,20,20,H,1,1,20,20,1.009090909090909,1.6454545454545455,-0.990909090909091,-0.3545454545454545,0.5272727272727272,0.5925925925925926,6,51,0,0.5272727272727272,0.5925925925925926,6,1.009090909090909,1.6454545454545455,8,0.5272727272727272,2.009090909090909,3.3545454545454545,0.4727272727272728,0.6
2018-19,2018-11-27,Group stage,Roma,Real Madrid,38,104,1.631578947368421,1.9473684210526316,2.480769230769231,0.9038461538461539,0.3684210526315789,0.7019230769230769,0.5789473684210527,0.5882352941176471,12,12,20,20,A,1,1,20,20,-0.8491902834008098,-1.0435222672064777,0.7277327935222672,0.5334008097165992,-0.33350202429149794,-0.009287925696594423,0,-66,0,0.33350202429149794,0.009287925696594423,0,0.8491902834008098,1.0435222672064777,24,1.0703441295546559,4.112348178137652,2.8512145748987856,0.6664979757085021,1.0
2018-19,2018-11-28,Group stage,Atlético Madrid,Monaco,58,32,1.4655172413793103,0.7241379310344828,1.15625,1.59375,0.5517241379310345,0.3125,0.75,0.25,10,1,22,22,H,1,1,22,22,0.3092672413793103,0.8696120689655172,-0.12823275862068972,0.43211206896551724,0.23922413793103448,0.5,9,26,0,0.23922413793103448,0.5,9,0.3092672413793103,0.8696120689655172,11,0.8642241379310345,2.6217672413793105,2.3178879310344827,0.7607758620689655,0.4
2018-19,2018-11-28,Group stage,Dortmund,Club Brugge,57,10,1.8596491228070176,1.3859649122807018,0.8,1.9,0.45614035087719296,0.1,0.5862068965517241,0.2,9,4,22,22,D,1,1,22,22,1.0596491228070175,0.5140350877192981,-0.04035087719298236,-0.5859649122807018,0.356140350877193,0.3862068965517241,5,47,0,0.356140350877193,0.3862068965517241,5,1.0596491228070175,0.5140350877192981,13,0.5561403508771929,2.659649122807018,3.2859649122807015,0.643859649122807,0.6666666666666667
2018-19,2018-11-28,Group stage,Loko Moscow,Galatasaray,4,34,0.5,2.75,1.0588235294117647,1.8529411764705883,0.0,0.2647058823529412,0.0,0.17647058823529413,0,5,22,22,H,1,1,22,22,-0.5588235294117647,-0.8970588235294117,-1.3529411764705883,-1.6911764705882353,-0.2647058823529412,-0.17647058823529413,-5,-30,0,0.2647058823529412,0.17647058823529413,5,0.5588235294117647,0.8970588235294117,5,0.2647058823529412,1.5588235294117647,4.602941176470589,0.7352941176470589,0.6666666666666667
2018-19,2018-11-28,Group stage,Napoli,Red Star,32,4,1.625,1.5,0.75,2.5,0.4375,0.25,0.625,0.0,6,4,22,22,H,1,1,22,22,0.875,1.0,-0.875,-0.75,0.1875,0.625,2,28,0,0.1875,0.625,2,0.875,1.0,10,0.6875,2.375,4.0,0.8125,0.8666666666666667
2018-19,2018-11-28,Group stage,PSV,Barcelona,18,94,0.8888888888888888,1.5555555555555556,2.24468085106383,0.8936170212765957,0.16666666666666666,0.648936170212766,0.3333333333333333,0.46808510638297873,2,10,22,22,A,1,1,22,22,-1.355791962174941,-0.6619385342789599,-0.004728132387706863,0.6891252955082743,-0.4822695035460993,-0.13475177304964542,-8,-76,0,0.4822695035460993,0.13475177304964542,8,1.355791962174941,0.6619385342789599,12,0.8156028368794326,3.1335697399527187,2.4491725768321513,0.5177304964539007,0.4666666666666667
2018-19,2018-11-28,Group stage,Paris SG,Liverpool,60,23,2.216666666666667,1.1166666666666667,2.3043478260869565,1.3043478260869565,0.55,0.43478260869565216,0.6333333333333333,0.25,5,6,22,22,H,1,1,22,22,-0.08768115942028976,0.18768115942028984,0.9123188405797102,1.1876811594202898,0.11521739130434788,0.3833333333333333,-1,37,0,0.11521739130434788,0.3833333333333333,1,0.08768115942028976,0.18768115942028984,11,0.9847826086956522,4.521014492753624,2.4210144927536232,0.8847826086956521,0.9333333333333333
2018-19,2018-11-28,Group stage,Porto,Schalke 04,56,40,1.5892857142857142,1.1428571428571428,1.5,1.475,0.4642857142857143,0.45,0.6071428571428571,0.4,11,11,22,22,H,1,1,22,22,0.08928571428571419,0.3321428571428573,0.1142857142857141,0.3571428571428572,0.01428571428571429,0.20714285714285707,0,16,0,0.01428571428571429,0.20714285714285707,0,0.08928571428571419,0.3321428571428573,22,0.9142857142857144,3.0892857142857144,2.617857142857143,0.9857142857142858,1.0
2018-19,2018-11-28,Group stage,Tottenham,Inter,28,22,1.7857142857142858,1.3928571428571428,1.5,1.5909090909090908,0.42857142857142855,0.45454545454545453,0.5714285714285714,0.36363636363636365,4,10,22,22,H,1,1,22,22,0.2857142857142858,0.19805194805194803,0.19480519480519498,0.1071428571428572,-0.025974025974025983,0.20779220779220775,-6,6,0,0.025974025974025983,0.20779220779220775,6,0.2857142857142858,0.19805194805194803,14,0.8831168831168831,3.2857142857142856,2.9837662337662336,0.974025974025974,0.6
2018-19,2018-12-11,Group stage,Barcelona,Tottenham,95,29,2.2421052631578946,0.8947368421052632,1.7586206896551724,1.3448275862068966,0.6526315789473685,0.4482758620689655,0.8297872340425532,0.2857142857142857,13,7,13,13,D,1,1,13,13,0.4834845735027222,0.4500907441016334,0.897277676950998,0.8638838475499092,0.20435571687840293,0.5440729483282675,6,66,0,0.20435571687840293,0.5440729483282675,6,0.4834845735027222,0.4500907441016334,20,1.100907441016334,4.000725952813067,2.2395644283121596,0.7956442831215971,0.6
2018-19,2018-12-11,Group stage,Club Brugge,Atlético Madrid,11,59,0.7272727272727273,1.7272727272727273,1.4745762711864407,0.711864406779661,0.09090909090909091,0.559322033898305,0.0,0.36666666666666664,5,12,13,13,D,1,1,13,13,-0.7473035439137135,-1.0154083204930662,0.015408320493066285,-0.25269645608628655,-0.4684129429892141,-0.36666666666666664,-7,-48,0,0.4684129429892141,0.36666666666666664,7,0.7473035439137135,1.0154083204930662,17,0.650231124807396,2.201848998459168,2.4391371340523884,0.5315870570107859,0.5333333333333333
2018-19,2018-12-11,Group stage,Galatasaray,Porto,35,57,1.0285714285714285,1.8571428571428572,1.6140350877192982,1.1403508771929824,0.2571428571428571,0.47368421052631576,0.35294117647058826,0.32142857142857145,4,13,13,13,A,1,1,13,13,-0.5854636591478697,-0.7167919799498748,-0.11177944862155398,-0.24310776942355905,-0.21654135338345865,0.031512605042016806,-9,-22,0,0.21654135338345865,0.031512605042016806,9,0.5854636591478697,0.7167919799498748,17,0.7308270676691728,2.6426065162907264,2.9974937343358397,0.7834586466165414,0.4
2018-19,2018-12-11,Group stage,Inter,PSV,23,19,1.434782608695652,1.565217391304348,0.8947368421052632,1.5789473684210527,0.43478260869565216,0.15789473684210525,0.5454545454545454,0.0,7,1,13,13,D,1,1,13,13,0.5400457665903889,0.013729977116704761,-0.14416475972540055,-0.6704805491990847,0.2768878718535469,0.5454545454545454,6,4,0,0.2768878718535469,0.5454545454545454,6,0.5400457665903889,0.013729977116704761,8,0.5926773455377574,2.329519450800915,3.1441647597254008,0.7231121281464531,0.6
2018-19,2018-12-11,Group stage,Liverpool,Napoli,24,33,2.25,1.3333333333333333,1.6666666666666667,1.4848484848484849,0.4166666666666667,0.45454545454545453,0.6363636363636364,0.25,6,9,13,13,H,1,1,13,13,0.5833333333333333,0.1515151515151516,0.7651515151515151,0.3333333333333335,-0.037878787878787845,0.38636363636363635,-3,-9,0,0.037878787878787845,0.38636363636363635,3,0.5833333333333333,0.1515151515151516,15,0.8712121212121212,3.916666666666667,2.8181818181818183,0.9621212121212122,0.8
2018-19,2018-12-11,Group stage,Monaco,Dortmund,33,58,1.121212121212121,1.606060606060606,1.8275862068965518,1.3620689655172413,0.30303030303030304,0.4482758620689655,0.375,0.32142857142857145,1,10,13,13,A,1,1,13,13,-0.7063740856844307,-0.24399164054336464,-0.24085684430512022,0.22152560083594586,-0.1452455590386625,0.05357142857142855,-9,-25,0,0.1452455590386625,0.05357142857142855,9,0.7063740856844307,0.24399164054336464,11,0.7513061650992685,2.9487983281086727,2.9681295715778475,0.8547544409613375,0.4
2018-19,2018-12-11,Group stage,Red Star,Paris SG,5,61,0.8,2.6,2.2131147540983607,1.1147540983606556,0.2,0.5573770491803278,0.5,0.4666666666666667,4,8,13,13,A,1,1,13,13,-1.4131147540983606,-1.4852459016393444,-0.3147540983606556,-0.3868852459016394,-0.3573770491803278,0.033333333333333326,-4,-56,0,0.3573770491803278,0.033333333333333326,4,1.4131147540983606,1.4852459016393444,12,0.7573770491803278,3.0131147540983605,3.7147540983606557,0.6426229508196721,0.7333333333333334
2018-19,2018-12-11,Group stage,Schalke 04,Loko Moscow,41,5,1.4878048780487805,1.5121951219512195,0.8,2.2,0.43902439024390244,0.2,0.5,0.0,8,3,13,13,H,1,1,13,13,0.6878048780487804,0.6878048780487807,-0.7121951219512197,-0.7121951219512195,0.23902439024390243,0.5,5,36,0,0.23902439024390243,0.5,5,0.6878048780487804,0.6878048780487807,11,0.6390243902439025,2.2878048780487807,3.7121951219512197,0.7609756097560976,0.6666666666666667
2018-19,2018-12-12,Group stage,Ajax,Bayern Munich,35,97,1.1714285714285715,1.4857142857142858,2.350515463917526,0.9896907216494846,0.3142857142857143,0.6701030927835051,0.47058823529411764,0.5416666666666666,11,13,15,15,D,1,1,15,15,-1.1790868924889544,-0.4960235640648012,0.1817378497790869,0.8648011782032401,-0.3558173784977908,-0.07107843137254899,-2,-62,0,0.3558173784977908,0.07107843137254899,2,1.1790868924889544,0.4960235640648012,24,0.9843888070692194,3.521944035346097,2.4754050073637703,0.6441826215022092,0.8666666666666667
2018-19,2018-12-12,Group stage,Benfica,AEK Athens,63,5,1.0634920634920635,1.4603174603174602,0.4,2.4,0.3333333333333333,0.0,0.45161290322580644,0.0,4,0,15,15,H,1,1,15,15,0.6634920634920635,0.9396825396825397,-1.3365079365079364,-1.06031746031746,0.3333333333333333,0.45161290322580644,4,58,0,0.3333333333333333,0.45161290322580644,4,0.6634920634920635,0.9396825396825397,4,0.3333333333333333,1.4634920634920636,3.86031746031746,0.6666666666666667,0.7333333333333334
2018-19,2018-12-12,Group stage,Manchester City,Hoffenheim,63,5,1.8253968253968254,1.380952380952381,2.0,2.4,0.4444444444444444,0.0,0.4838709677419355,0.0,10,3,15,15,H,1,1,15,15,-0.17460317460317465,1.019047619047619,-0.5746031746031746,0.6190476190476191,0.4444444444444444,0.4838709677419355,7,58,0,0.4444444444444444,0.4838709677419355,7,0.17460317460317465,1.019047619047619,13,0.4444444444444444,3.825396825396825,3.780952380952381,0.5555555555555556,0.5333333333333333
2018-19,2018-12-12,Group stage,Real Madrid,CSKA Moscow,105,43,2.4761904761904763,0.8952380952380953,1.1162790697674418,1.9069767441860466,0.7047619047619048,0.20930232558139536,0.8113207547169812,0.19047619047619047,12,4,15,15,A,1,1,15,15,1.3599114064230344,1.0117386489479512,0.5692137320044297,0.22104097452934657,0.4954595791805094,0.6208445642407907,8,62,0,0.4954595791805094,0.6208445642407907,8,1.3599114064230344,1.0117386489479512,16,0.9140642303433002,3.5924695459579183,2.802214839424142,0.5045404208194906,0.4666666666666667
2018-19,2018-12-12,Group stage,Shakhtar D.,Lyon,57,33,1.5087719298245614,1.6140350877192982,1.303030303030303,1.3333333333333333,0.38596491228070173,0.30303030303030304,0.4642857142857143,0.3125,5,7,15,15,D,1,1,15,15,0.20574162679425845,-0.2807017543859649,0.17543859649122817,-0.3110047846889952,0.0829346092503987,0.1517857142857143,-2,24,0,0.0829346092503987,0.1517857142857143,2,0.20574162679425845,0.2807017543859649,12,0.6889952153110048,2.8118022328548644,2.9473684210526314,0.9170653907496014,0.8666666666666667
2018-19,2018-12-12,Group stage,Valencia,Manchester Utd,33,56,1.5757575757575757,1.121212121212121,1.5,0.8392857142857143,0.36363636363636365,0.5357142857142857,0.5,0.4642857142857143,5,10,15,15,H,1,1,15,15,0.07575757575757569,-0.2819264069264068,0.7364718614718614,0.3787878787878789,-0.17207792207792205,0.0357142857142857,-5,-23,0,0.17207792207792205,0.0357142857142857,5,0.07575757575757569,0.2819264069264068,15,0.8993506493506493,3.0757575757575757,1.9604978354978355,0.827922077922078,0.6666666666666667
2018-19,2018-12-12,Group stage,Viktoria Plzeň,Roma,17,39,0.8823529411764706,2.5294117647058822,1.5897435897435896,1.9487179487179487,0.17647058823529413,0.358974358974359,0.125,0.15789473684210525,4,9,15,15,H,1,1,15,15,-0.7073906485671191,-0.5806938159879336,-1.0663650075414781,-0.9396681749622926,-0.18250377073906485,-0.032894736842105254,-5,-22,0,0.18250377073906485,0.032894736842105254,5,0.7073906485671191,0.5806938159879336,13,0.5354449472096531,2.4720965309200604,4.478129713423831,0.8174962292609351,0.6666666666666667
2018-19,2018-12-12,Group stage,Young Boys,Juventus,5,65,0.4,2.2,1.4923076923076923,0.8769230769230769,0.0,0.5230769230769231,0.0,0.4838709677419355,1,12,15,15,H,1,1,15,15,-1.0923076923076924,-1.3230769230769233,-0.4769230769230769,-0.7076923076923078,-0.5230769230769231,-0.4838709677419355,-11,-60,0,0.5230769230769231,0.4838709677419355,11,1.0923076923076924,1.3230769230769233,13,0.5230769230769231,1.8923076923076922,3.076923076923077,0.4769230769230769,0.2666666666666667
2018-19,2019-02-12,Round of 16,Manchester Utd,Paris SG,57,62,1.4912280701754386,0.8596491228070176,2.2419354838709675,1.1129032258064515,0.5263157894736842,0.5645161290322581,0.6071428571428571,0.4838709677419355,7,11,62,63,A,1,1,62,63,-0.750707413695529,0.25325410299943396,0.37832484436898706,1.38228636106395,-0.03820033955857394,0.1232718894009216,-4,-5,-1,0.03820033955857394,0.1232718894009216,4,0.750707413695529,0.25325410299943396,18,1.0908319185059423,3.7331635540464063,1.972552348613469,0.9617996604414261,0.7333333333333334
2018-19,2019-02-12,Round of 16,Roma,Porto,40,58,1.575,1.95,1.6379310344827587,1.1551724137931034,0.35,0.4827586206896552,0.55,0.3448275862068966,9,15,62,63,H,1,1,62,63,-0.06293103448275872,-0.7948275862068965,0.41982758620689653,-0.3120689655172413,-0.13275862068965522,0.20517241379310347,-6,-18,-1,0.13275862068965522,0.20517241379310347,6,0.06293103448275872,0.7948275862068965,24,0.8327586206896551,3.2129310344827586,3.1051724137931034,0.8672413793103448,0.6
2018-19,2019-02-13,Round of 16,Ajax,Real Madrid,36,106,1.2222222222222223,1.5277777777777777,2.452830188679245,0.9150943396226415,0.3055555555555556,0.6981132075471698,0.4444444444444444,0.5961538461538461,9,9,63,63,A,1,1,63,63,-1.2306079664570229,-0.6126834381551362,0.3071278825995808,0.9250524109014675,-0.3925576519916142,-0.15170940170940173,0,-70,0,0.3925576519916142,0.15170940170940173,0,1.2306079664570229,0.6126834381551362,18,1.0036687631027252,3.6750524109014675,2.442872117400419,0.6074423480083858,1.0
2018-19,2019-02-13,Round of 16,Tottenham,Dortmund,30,59,1.7333333333333334,1.3333333333333333,1.8305084745762712,1.3389830508474576,0.43333333333333335,0.4576271186440678,0.6,0.3448275862068966,8,10,64,64,H,1,1,64,64,-0.0971751412429378,0.005649717514124353,0.3943502824858758,0.49717514124293793,-0.02429378531073445,0.2551724137931034,-2,-29,0,0.02429378531073445,0.2551724137931034,2,0.0971751412429378,0.005649717514124353,18,0.8909604519774011,3.5638418079096046,2.6723163841807906,0.9757062146892655,0.8666666666666667
2018-19,2019-02-19,Round of 16,Liverpool,Bayern Munich,25,98,2.2,1.28,2.357142857142857,1.010204081632653,0.44,0.6632653061224489,0.6666666666666666,0.5306122448979592,6,11,70,69,D,1,1,70,69,-0.15714285714285703,-0.26979591836734707,1.1897959183673472,1.0771428571428572,-0.22326530612244894,0.1360544217687074,-5,-73,1,0.22326530612244894,0.1360544217687074,5,0.15714285714285703,0.26979591836734707,17,1.1032653061224489,4.557142857142857,2.2902040816326528,0.776734693877551,0.6666666666666667
2018-19,2019-02-19,Round of 16,Lyon,Barcelona,34,96,1.2941176470588236,1.3235294117647058,2.2291666666666665,0.8958333333333334,0.29411764705882354,0.6458333333333334,0.29411764705882354,0.4791666666666667,5,11,69,70,D,1,1,69,70,-0.9350490196078429,-0.4276960784313725,0.3982843137254902,0.9056372549019607,-0.35171568627450983,-0.18504901960784315,-6,-62,-1,0.35171568627450983,0.18504901960784315,6,0.9350490196078429,0.4276960784313725,16,0.9399509803921569,3.5232843137254903,2.219362745098039,0.6482843137254901,0.6
2018-19,2019-02-20,Round of 16,Atlético Madrid,Juventus,60,66,1.45,0.7,1.4848484848484849,0.8939393939393939,0.55,0.5151515151515151,0.7586206896551724,0.46875,10,9,71,70,H,1,1,71,70,-0.034848484848484906,0.19393939393939397,0.556060606060606,0.7848484848484849,0.034848484848484906,0.2898706896551724,1,-6,1,0.034848484848484906,0.2898706896551724,1,0.034848484848484906,0.19393939393939397,19,1.0651515151515152,2.9348484848484846,1.5939393939393938,0.9651515151515151,0.9333333333333333
2018-19,2019-02-20,Round of 16,Schalke 04,Manchester City,42,64,1.4761904761904763,1.4761904761904763,1.828125,1.375,0.4523809523809524,0.453125,0.5238095238095238,0.40625,10,13,71,70,A,1,1,71,70,-0.3519345238095237,-0.10119047619047628,0.10119047619047628,0.3519345238095237,-0.0007440476190476164,0.11755952380952384,-3,-22,1,0.0007440476190476164,0.11755952380952384,3,0.3519345238095237,0.10119047619047628,23,0.9055059523809523,3.3043154761904763,2.8511904761904763,0.9992559523809523,0.8
2018-19,2019-03-05,Round of 16,Dortmund,Tottenham,60,31,1.8,1.3666666666666667,1.7741935483870968,1.2903225806451613,0.45,0.45161290322580644,0.5666666666666667,0.26666666666666666,7,11,20,20,A,1,1,20,20,0.02580645161290329,-0.07634408602150544,0.5096774193548388,0.40752688172043006,-0.001612903225806428,0.3,-4,29,0,0.001612903225806428,0.3,4,0.02580645161290329,0.07634408602150544,18,0.9016129032258065,3.574193548387097,2.656989247311828,0.9983870967741936,0.7333333333333334
2018-19,2019-03-05,Round of 16,Real Madrid,Ajax,107,37,2.4485981308411215,0.9158878504672897,1.2162162162162162,1.5405405405405406,0.7009345794392523,0.2972972972972973,0.7962962962962963,0.16666666666666666,12,8,20,20,A,1,1,20,20,1.2323819146249053,0.6246526900732509,0.908057590300581,0.3003283657489265,0.403637282141955,0.6296296296296297,4,70,0,0.403637282141955,0.6296296296296297,4,1.2323819146249053,0.6246526900732509,20,0.9982318767365497,3.6648143470573378,2.4564283910078304,0.5963627178580451,0.7333333333333334
2018-19,2019-03-06,Round of 16,Paris SG,Manchester Utd,63,58,2.238095238095238,1.0952380952380953,1.4655172413793103,0.8793103448275862,0.5714285714285714,0.5172413793103449,0.6451612903225806,0.4482758620689655,11,6,22,22,A,1,1,22,22,0.7725779967159279,-0.21592775041050916,1.3587848932676518,0.37027914614121493,0.054187192118226535,0.1968854282536151,5,5,0,0.054187192118226535,0.1968854282536151,5,0.7725779967159279,0.21592775041050916,17,1.0886699507389164,3.7036124794745486,1.9745484400656816,0.9458128078817735,0.6666666666666667
2018-19,2019-03-06,Round of 16,Porto,Roma,59,41,1.6271186440677967,1.1694915254237288,1.5853658536585367,1.9268292682926829,0.4745762711864407,0.36585365853658536,0.6206896551724138,0.15,12,9,22,22,H,1,1,22,22,0.041752790409260054,0.7573377428689541,-0.29971062422488615,0.41587432823480786,0.10872261264985533,0.4706896551724138,3,18,0,0.10872261264985533,0.4706896551724138,3,0.041752790409260054,0.7573377428689541,21,0.840429929723026,3.2124844977263334,3.0963207937164117,0.8912773873501447,0.8
2018-19,2019-03-12,Round of 16,Juventus,Atlético Madrid,67,61,1.462686567164179,0.9104477611940298,1.459016393442623,0.6885245901639344,0.5074626865671642,0.5573770491803278,0.5588235294117647,0.3548387096774194,6,10,20,20,H,1,1,20,20,0.0036701737215560915,-0.2219231710300954,0.7741619770002447,0.5485686322485932,-0.04991436261316362,0.20398481973434535,-4,6,0,0.04991436261316362,0.20398481973434535,4,0.0036701737215560915,0.2219231710300954,16,1.064839735747492,2.921702960606802,1.5989723513579643,0.9500856373868364,0.7333333333333334
2018-19,2019-03-12,Round of 16,Manchester City,Schalke 04,65,43,1.8461538461538463,1.3846153846153846,1.4883720930232558,1.5116279069767442,0.46153846153846156,0.4418604651162791,0.5,0.38095238095238093,13,7,20,20,H,1,1,20,20,0.35778175313059046,0.12701252236135963,0.33452593917710205,0.10375670840787121,0.019677996422182487,0.11904761904761907,6,22,0,0.019677996422182487,0.11904761904761907,6,0.35778175313059046,0.12701252236135963,20,0.9033989266547406,3.334525939177102,2.896243291592129,0.9803220035778175,0.6
2018-19,2019-03-13,Round of 16,Barcelona,Lyon,97,35,2.2061855670103094,0.8865979381443299,1.2571428571428571,1.2857142857142858,0.6391752577319587,0.2857142857142857,0.8125,0.29411764705882354,9,5,22,22,H,1,1,22,22,0.9490427098674523,0.39911634756995595,0.9204712812960236,0.37054491899852726,0.353460972017673,0.5183823529411764,4,62,0,0.353460972017673,0.5183823529411764,4,0.9490427098674523,0.39911634756995595,14,0.9248895434462444,3.4633284241531666,2.172312223858616,0.646539027982327,0.7333333333333334
2018-19,2019-03-13,Round of 16,Bayern Munich,Liverpool,99,26,2.3333333333333335,1.0,2.1153846153846154,1.2307692307692308,0.6565656565656566,0.4230769230769231,0.7959183673469388,0.23076923076923078,11,7,22,22,A,1,1,22,22,0.21794871794871806,0.23076923076923084,1.1025641025641026,1.1153846153846154,0.2334887334887335,0.5651491365777079,4,73,0,0.2334887334887335,0.5651491365777079,4,0.21794871794871806,0.23076923076923084,18,1.0796425796425797,4.448717948717949,2.230769230769231,0.7665112665112666,0.7333333333333334
2018-19,2019-04-09,Quarter-finals,Liverpool,Porto,27,60,2.1481481481481484,1.2222222222222223,1.65,1.1666666666666667,0.4444444444444444,0.48333333333333334,0.6153846153846154,0.3333333333333333,7,12,27,34,H,1,1,27,34,0.49814814814814845,-0.05555555555555558,0.9814814814814816,0.4277777777777776,-0.03888888888888892,0.2820512820512821,-5,-33,-7,0.03888888888888892,0.2820512820512821,5,0.49814814814814845,0.05555555555555558,19,0.9277777777777778,3.7981481481481483,2.3888888888888893,0.961111111111111,0.6666666666666667
2018-19,2019-04-09,Quarter-finals,Tottenham,Manchester City,32,66,1.75,1.25,1.9242424242424243,1.3636363636363635,0.46875,0.4696969696969697,0.625,0.42424242424242425,13,13,35,28,H,1,1,35,28,-0.1742424242424243,0.11363636363636354,0.38636363636363646,0.6742424242424243,-0.0009469696969697239,0.20075757575757575,0,-34,7,0.0009469696969697239,0.20075757575757575,0,0.1742424242424243,0.11363636363636354,26,0.9384469696969697,3.6742424242424243,2.6136363636363633,0.9990530303030303,1.0
2018-19,2019-04-10,Quarter-finals,Ajax,Juventus,38,68,1.2894736842105263,1.5263157894736843,1.4852941176470589,0.8970588235294118,0.3157894736842105,0.5147058823529411,0.42105263157894735,0.45454545454545453,8,6,36,29,D,1,1,36,29,-0.19582043343653255,-0.6292569659442725,0.39241486068111453,-0.04102167182662542,-0.19891640866873062,-0.033492822966507185,2,-30,7,0.19891640866873062,0.033492822966507185,2,0.19582043343653255,0.6292569659442725,14,0.8304953560371516,2.7747678018575854,2.423374613003096,0.8010835913312694,0.8666666666666667
2018-19,2019-04-10,Quarter-finals,Manchester Utd,Barcelona,59,98,1.4915254237288136,0.8813559322033898,2.2346938775510203,0.8877551020408163,0.5254237288135594,0.6428571428571429,0.5862068965517241,0.46938775510204084,9,9,35,28,A,1,1,35,28,-0.7431684538222068,0.006399169837426499,0.6037703216879973,1.3533379453476306,-0.11743341404358354,0.11681914144968325,0,-39,7,0.11743341404358354,0.11681914144968325,0,0.7431684538222068,0.006399169837426499,18,1.1682808716707023,3.726219301279834,1.7691110342442062,0.8825665859564165,1.0
2018-19,2019-04-16,Quarter-finals,Barcelona,Manchester Utd,99,60,2.2222222222222223,0.8787878787878788,1.4666666666666666,0.8833333333333333,0.6464646464646465,0.5166666666666667,0.8163265306122449,0.4666666666666667,11,6,6,6,H,1,1,6,6,0.7555555555555558,0.004545454545454519,1.338888888888889,0.5878787878787878,0.1297979797979798,0.34965986394557824,5,39,0,0.1297979797979798,0.34965986394557824,5,0.7555555555555558,0.004545454545454519,17,1.1631313131313132,3.688888888888889,1.7621212121212122,0.8702020202020202,0.6666666666666667
2018-19,2019-04-16,Quarter-finals,Juventus,Ajax,69,39,1.4782608695652173,0.8985507246376812,1.2820512820512822,1.5128205128205128,0.5072463768115942,0.3076923076923077,0.5714285714285714,0.21052631578947367,7,8,6,6,A,1,1,6,6,0.19620958751393514,0.6142697881828316,-0.03455964325529548,0.383500557413601,0.19955406911928653,0.3609022556390977,-1,30,0,0.19955406911928653,0.3609022556390977,1,0.19620958751393514,0.6142697881828316,15,0.8149386845039019,2.7603121516164997,2.411371237458194,0.8004459308807135,0.9333333333333333
2018-19,2019-04-17,Quarter-finals,Manchester City,Tottenham,67,33,1.8955223880597014,1.3582089552238805,1.7272727272727273,1.2121212121212122,0.4626865671641791,0.48484848484848486,0.5151515151515151,0.3125,10,13,8,8,H,1,1,8,8,0.16824966078697412,-0.14608774310266837,0.6834011759384893,0.36906377204884677,-0.022161917684305754,0.20265151515151514,-3,34,0,0.022161917684305754,0.20265151515151514,3,0.16824966078697412,0.14608774310266837,23,0.947535052012664,3.622795115332429,2.5703301673450927,0.9778380823156942,0.8
2018-19,2019-04-17,Quarter-finals,Porto,Liverpool,61,28,1.6229508196721312,1.180327868852459,2.142857142857143,1.1785714285714286,0.47540983606557374,0.4642857142857143,0.6333333333333333,0.2857142857142857,9,10,8,8,A,1,1,8,8,-0.5199063231850116,-0.0017564402810303914,0.44437939110070257,0.9625292740046838,0.011124121779859442,0.3476190476190476,-1,33,0,0.011124121779859442,0.3476190476190476,1,0.5199063231850116,0.0017564402810303914,19,0.939695550351288,3.7658079625292737,2.3588992974238874,0.9888758782201406,0.9333333333333333
2018-19,2019-04-30,Semi-finals,Tottenham,Ajax,34,40,1.7647058823529411,1.2941176470588236,1.3,1.5,0.47058823529411764,0.325,0.6470588235294118,0.25,10,8,13,14,A,1,1,13,14,0.4647058823529411,0.2058823529411764,0.2647058823529411,0.00588235294117645,0.14558823529411763,0.3970588235294118,2,-6,-1,0.14558823529411763,0.3970588235294118,2,0.4647058823529411,0.2058823529411764,18,0.7955882352941177,3.064705882352941,2.7941176470588234,0.8544117647058824,0.8666666666666667
2018-19,2019-05-01,Semi-finals,Barcelona,Liverpool,100,29,2.23,0.87,2.206896551724138,1.1724137931034482,0.65,0.4827586206896552,0.82,0.3333333333333333,11,13,15,14,H,1,1,15,14,0.023103448275862082,0.3024137931034482,1.0575862068965518,1.3368965517241378,0.16724137931034483,0.48666666666666664,-2,71,1,0.16724137931034483,0.48666666666666664,2,0.023103448275862082,0.3024137931034482,24,1.1327586206896552,4.436896551724137,2.042413793103448,0.8327586206896551,0.8666666666666667
2018-19,2019-05-07,Semi-finals,Liverpool,Barcelona,30,101,2.1333333333333333,1.2333333333333334,2.237623762376238,0.8613861386138614,0.4666666666666667,0.6534653465346535,0.6428571428571429,0.48,10,13,6,6,H,1,1,6,6,-0.10429042904290453,-0.371947194719472,1.271947194719472,1.0042904290429044,-0.18679867986798682,0.16285714285714292,-3,-71,0,0.18679867986798682,0.16285714285714292,3,0.10429042904290453,0.371947194719472,23,1.1201320132013202,4.370957095709571,2.0947194719471947,0.8132013201320132,0.8
2018-19,2019-05-08,Semi-finals,Ajax,Tottenham,41,35,1.2926829268292683,1.4634146341463414,1.7142857142857142,1.2857142857142858,0.34146341463414637,0.45714285714285713,0.4,0.29411764705882354,10,9,8,8,A,1,1,8,8,-0.42160278745644586,-0.17770034843205562,0.006968641114982521,0.25087108013937276,-0.11567944250871076,0.10588235294117648,1,6,0,0.11567944250871076,0.10588235294117648,1,0.42160278745644586,0.17770034843205562,19,0.7986062717770035,3.0069686411149825,2.7491289198606275,0.8843205574912892,0.9333333333333333
2018-19,2019-06-01,Final,Tottenham,Liverpool,36,31,1.75,1.3055555555555556,2.193548387096774,1.1935483870967742,0.4722222222222222,0.4838709677419355,0.6111111111111112,0.3125,9,12,24,25,A,1,1,24,25,-0.443548387096774,-0.11200716845878134,0.5564516129032258,0.8879928315412184,-0.011648745519713288,0.29861111111111116,-3,5,-1,0.011648745519713288,0.29861111111111116,3,0.443548387096774,0.11200716845878134,21,0.9560931899641577,3.943548387096774,2.49910394265233,0.9883512544802867,0.8
2019-20,2019-09-17,Group stage,Ajax,Lille,42,12,1.3095238095238095,1.5,0.8333333333333334,1.5833333333333333,0.3333333333333333,0.16666666666666666,0.38095238095238093,0.3333333333333333,10,3,132,2477,H,1,1,132,365,0.47619047619047616,0.08333333333333326,-0.2738095238095237,-0.6666666666666666,0.16666666666666666,0.047619047619047616,7,30,-233,0.16666666666666666,0.047619047619047616,7,0.47619047619047616,0.08333333333333326,13,0.5,2.142857142857143,3.083333333333333,0.8333333333333334,0.5333333333333333
2019-20,2019-09-17,Group stage,Benfica,RB Leipzig,64,6,1.0625,1.4375,1.6666666666666667,1.8333333333333333,0.34375,0.3333333333333333,0.46875,0.3333333333333333,7,6,279,650,A,1,1,279,365,-0.6041666666666667,0.39583333333333326,-0.7708333333333333,0.22916666666666674,0.010416666666666685,0.13541666666666669,1,58,-86,0.010416666666666685,0.13541666666666669,1,0.6041666666666667,0.39583333333333326,13,0.6770833333333333,2.729166666666667,3.270833333333333,0.9895833333333333,0.9333333333333333
2019-20,2019-09-17,Group stage,Chelsea,Valencia,65,34,1.9846153846153847,0.9846153846153847,1.588235294117647,1.1176470588235294,0.5076923076923077,0.38235294117647056,0.65625,0.23529411764705882,5,8,552,279,A,1,1,365,279,0.3963800904977377,0.13303167420814477,0.8669683257918552,0.6036199095022623,0.1253393665158371,0.4209558823529412,-3,31,86,0.1253393665158371,0.4209558823529412,3,0.3963800904977377,0.13303167420814477,13,0.8900452488687782,3.5728506787330314,2.102262443438914,0.8746606334841629,0.8
2019-20,2019-09-17,Group stage,Dortmund,Barcelona,61,102,1.7704918032786885,1.360655737704918,2.215686274509804,0.8921568627450981,0.4426229508196721,0.6470588235294118,0.5483870967741935,0.47058823529411764,4,12,196,133,D,1,1,196,133,-0.44519447123111555,-0.4684988749598199,0.8783349405335904,0.855030536804886,-0.20443587270973967,0.07779886148007586,-8,-41,63,0.20443587270973967,0.07779886148007586,8,0.44519447123111555,0.4684988749598199,16,1.0896817743490839,3.9861780777884928,2.252812600450016,0.7955641272902603,0.4666666666666667
2019-20,2019-09-17,Group stage,Inter,Slavia Prague,24,0,1.4166666666666667,1.5416666666666667,0.0,0.0,0.4166666666666667,0.0,0.5,0.0,5,0,280,-1,D,1,0,280,0,1.4166666666666667,-1.5416666666666667,1.4166666666666667,-1.5416666666666667,0.4166666666666667,0.5,5,24,280,0.4166666666666667,0.5,5,1.4166666666666667,1.5416666666666667,5,0.4166666666666667,1.4166666666666667,1.5416666666666667,0.5833333333333333,0.6666666666666667
2019-20,2019-09-17,Group stage,Lyon,Zenit,36,36,1.25,1.3888888888888888,1.1944444444444444,1.3055555555555556,0.2777777777777778,0.3888888888888889,0.2777777777777778,0.3333333333333333,4,6,188,1287,D,1,1,188,365,0.05555555555555558,-0.08333333333333326,-0.05555555555555558,-0.19444444444444442,-0.1111111111111111,-0.055555555555555525,-2,0,-177,0.1111111111111111,0.055555555555555525,2,0.05555555555555558,0.08333333333333326,10,0.6666666666666667,2.4444444444444446,2.6944444444444446,0.8888888888888888,0.8666666666666667
2019-20,2019-09-17,Group stage,Napoli,Liverpool,34,32,1.6176470588235294,1.4705882352941178,2.1875,1.15625,0.4411764705882353,0.5,0.6470588235294118,0.35294117647058826,8,12,280,108,H,1,1,280,108,-0.5698529411764706,-0.31433823529411775,0.46139705882352944,0.7169117647058822,-0.05882352941176472,0.29411764705882354,-4,2,172,0.05882352941176472,0.29411764705882354,4,0.5698529411764706,0.31433823529411775,20,0.9411764705882353,3.8051470588235294,2.6268382352941178,0.9411764705882353,0.7333333333333334
2019-20,2019-09-17,Group stage,RB Salzburg,Genk,0,6,0.0,0.0,0.3333333333333333,2.6666666666666665,0.0,0.0,0.0,0.0,0,2,-1,2842,H,0,1,0,365,-0.3333333333333333,2.6666666666666665,-2.6666666666666665,0.3333333333333333,0.0,0.0,-2,-6,-365,0.0,0.0,2,0.3333333333333333,2.6666666666666665,2,0.0,0.3333333333333333,2.6666666666666665,1.0,0.8666666666666667
2019-20,2019-09-18,Group stage,Atlético Madrid,Juventus,62,70,1.435483870967742,0.7258064516129032,1.4714285714285715,0.9142857142857143,0.5483870967741935,0.5,0.7666666666666667,0.4411764705882353,10,4,190,155,D,1,1,190,155,-0.03594470046082954,0.188479262672811,0.5211981566820277,0.7456221198156683,0.048387096774193505,0.32549019607843144,6,-8,35,0.048387096774193505,0.32549019607843144,6,0.03594470046082954,0.188479262672811,14,1.0483870967741935,2.9069124423963135,1.6400921658986176,0.9516129032258065,0.6
2019-20,2019-09-18,Group stage,Bayern Munich,Red Star,100,6,2.32,1.02,0.8333333333333334,2.8333333333333335,0.65,0.16666666666666666,0.78,0.0,8,3,189,281,H,1,1,189,281,1.4866666666666664,1.8133333333333335,-0.5133333333333336,-0.18666666666666665,0.4833333333333334,0.78,5,94,-92,0.4833333333333334,0.78,5,1.4866666666666664,1.8133333333333335,11,0.8166666666666667,3.1533333333333333,3.8533333333333335,0.5166666666666666,0.6666666666666667
2019-20,2019-09-18,Group stage,Club Brugge,Galatasaray,12,36,0.6666666666666666,1.5833333333333333,1.0555555555555556,1.8888888888888888,0.08333333333333333,0.25,0.0,0.16666666666666666,6,1,281,281,D,1,1,281,281,-0.38888888888888895,0.3055555555555556,-1.2222222222222223,-0.5277777777777777,-0.16666666666666669,-0.16666666666666666,5,-24,0,0.16666666666666669,0.16666666666666666,5,0.38888888888888895,0.3055555555555556,7,0.3333333333333333,1.7222222222222223,3.4722222222222223,0.8333333333333333,0.6666666666666667
2019-20,2019-09-18,Group stage,Dinamo Zagreb,Atalanta,24,0,0.2916666666666667,2.7083333333333335,0.0,0.0,0.041666666666666664,0.0,0.08333333333333333,0.0,0,0,1015,-1,H,1,0,365,0,0.2916666666666667,-2.7083333333333335,0.2916666666666667,-2.7083333333333335,0.041666666666666664,0.08333333333333333,0,24,365,0.041666666666666664,0.08333333333333333,0,0.2916666666666667,2.7083333333333335,0,0.041666666666666664,0.2916666666666667,2.7083333333333335,0.9583333333333334,1.0
2019-20,2019-09-18,Group stage,Leverkusen,Loko Moscow,38,6,1.3421052631578947,1.5526315789473684,0.6666666666666666,2.0,0.34210526315789475,0.16666666666666666,0.5263157894736842,0.0,8,3,917,281,A,1,1,365,281,0.6754385964912281,0.44736842105263164,-0.6578947368421053,-0.8859649122807017,0.1754385964912281,0.5263157894736842,5,32,84,0.1754385964912281,0.5263157894736842,5,0.6754385964912281,0.44736842105263164,11,0.5087719298245614,2.008771929824561,3.552631578947368,0.8245614035087719,0.6666666666666667
2019-20,2019-09-18,Group stage,Olympiacos,Tottenham,38,37,1.2894736842105263,1.7105263157894737,1.7027027027027026,1.3243243243243243,0.42105263157894735,0.4594594594594595,0.5789473684210527,0.3333333333333333,1,6,652,109,D,1,1,365,109,-0.4132290184921763,-0.38620199146514933,-0.034850640113798015,-0.007823613086771042,-0.03840682788051214,0.24561403508771934,-5,1,256,0.03840682788051214,0.24561403508771934,5,0.4132290184921763,0.38620199146514933,7,0.8805120910384068,2.992176386913229,3.034850640113798,0.9615931721194879,0.6666666666666667
2019-20,2019-09-18,Group stage,Paris SG,Real Madrid,64,108,2.21875,1.125,2.435185185185185,0.9444444444444444,0.5625,0.6944444444444444,0.625,0.6037735849056604,10,9,196,197,H,1,1,196,197,-0.21643518518518512,-0.18055555555555558,1.2743055555555556,1.3101851851851851,-0.13194444444444442,0.021226415094339646,1,-44,-1,0.13194444444444442,0.021226415094339646,1,0.21643518518518512,0.18055555555555558,19,1.2569444444444444,4.653935185185185,2.0694444444444446,0.8680555555555556,0.9333333333333333
2019-20,2019-09-18,Group stage,Shakhtar D.,Manchester City,58,68,1.5,1.603448275862069,1.9264705882352942,1.3823529411764706,0.3793103448275862,0.47058823529411764,0.4482758620689655,0.4117647058823529,5,12,280,154,A,1,1,280,154,-0.42647058823529416,-0.2210953346855984,0.11764705882352944,0.3230223123732252,-0.09127789046653145,0.0365111561866126,-7,-10,126,0.09127789046653145,0.0365111561866126,7,0.42647058823529416,0.2210953346855984,17,0.8498985801217038,3.4264705882352944,2.9858012170385395,0.9087221095334685,0.5333333333333333
2019-20,2019-10-01,Group stage,Atalanta,Shakhtar D.,1,59,0.0,4.0,1.4745762711864407,1.6271186440677967,0.0,0.3728813559322034,0.0,0.3103448275862069,0,4,13,13,A,1,1,13,13,-1.4745762711864407,-2.3728813559322033,-1.6271186440677967,-2.5254237288135593,-0.3728813559322034,-0.3103448275862069,-4,-58,0,0.3728813559322034,0.3103448275862069,4,1.4745762711864407,2.3728813559322033,4,0.3728813559322034,1.4745762711864407,5.627118644067797,0.6271186440677966,0.7333333333333334
2019-20,2019-10-01,Group stage,Galatasaray,Paris SG,37,65,1.027027027027027,1.837837837837838,2.230769230769231,1.1076923076923078,0.24324324324324326,0.5692307692307692,0.3333333333333333,0.5,2,12,13,13,A,1,1,13,13,-1.2037422037422039,-0.7301455301455302,-0.08066528066528078,0.3929313929313929,-0.32598752598752595,-0.16666666666666669,-10,-28,0,0.32598752598752595,0.16666666666666669,10,1.2037422037422039,0.7301455301455302,14,0.8124740124740124,3.257796257796258,2.945530145530146,0.674012474012474,0.33333333333333337
2019-20,2019-10-01,Group stage,Juventus,Leverkusen,71,39,1.4788732394366197,0.9295774647887324,1.3333333333333333,1.564102564102564,0.49295774647887325,0.3333333333333333,0.5555555555555556,0.15789473684210525,5,5,13,13,H,1,1,13,13,0.1455399061032865,0.6345250993138317,-0.08522932466594435,0.4037558685446009,0.15962441314553993,0.3976608187134503,0,32,0,0.15962441314553993,0.3976608187134503,0,0.1455399061032865,0.6345250993138317,10,0.8262910798122065,2.812206572769953,2.4936800288912964,0.84037558685446,1.0
2019-20,2019-10-01,Group stage,Loko Moscow,Atlético Madrid,7,63,0.8571428571428571,1.8571428571428572,1.4444444444444444,0.746031746031746,0.2857142857142857,0.5396825396825397,0.3333333333333333,0.34375,6,8,13,13,A,1,1,13,13,-0.5873015873015873,-1.1111111111111112,0.11111111111111105,-0.4126984126984128,-0.25396825396825395,-0.010416666666666685,-2,-56,0,0.25396825396825395,0.010416666666666685,2,0.5873015873015873,1.1111111111111112,14,0.8253968253968254,2.3015873015873014,2.6031746031746033,0.746031746031746,0.8666666666666667
2019-20,2019-10-01,Group stage,Manchester City,Dinamo Zagreb,69,25,1.9420289855072463,1.3623188405797102,0.44,2.6,0.4782608695652174,0.08,0.5294117647058824,0.0,12,3,13,13,H,1,1,13,13,1.5020289855072464,1.23768115942029,-0.6579710144927537,-0.9223188405797103,0.3982608695652174,0.5294117647058824,9,44,0,0.3982608695652174,0.5294117647058824,9,1.5020289855072464,1.23768115942029,15,0.5582608695652174,2.3820289855072465,3.9623188405797105,0.6017391304347826,0.4
2019-20,2019-10-01,Group stage,Real Madrid,Club Brugge,109,13,2.4128440366972477,0.963302752293578,0.6153846153846154,1.4615384615384615,0.6880733944954128,0.07692307692307693,0.7818181818181819,0.16666666666666666,6,7,13,13,D,1,1,13,13,1.7974594213126323,0.4982357092448835,0.9513055751587862,-0.34791813690896256,0.6111503175723358,0.6151515151515152,-1,96,0,0.6111503175723358,0.6151515151515152,1,1.7974594213126323,0.4982357092448835,13,0.7649964714184898,3.028228652081863,2.4248412138320394,0.38884968242766416,0.9333333333333333
2019-20,2019-10-01,Group stage,Red Star,Olympiacos,7,39,0.7142857142857143,2.857142857142857,1.3076923076923077,1.7179487179487178,0.14285714285714285,0.41025641025641024,0.3333333333333333,0.2631578947368421,3,2,13,13,H,1,1,13,13,-0.5934065934065934,-1.1391941391941394,-1.0036630036630036,-1.5494505494505495,-0.2673992673992674,0.07017543859649122,1,-32,0,0.2673992673992674,0.07017543859649122,1,0.5934065934065934,1.1391941391941394,5,0.5531135531135531,2.021978021978022,4.575091575091575,0.7326007326007327,0.9333333333333333
2019-20,2019-10-01,Group stage,Tottenham,Bayern Munich,38,101,1.7105263157894737,1.3421052631578947,2.3267326732673266,1.00990099009901,0.4473684210526316,0.6534653465346535,0.5789473684210527,0.52,4,8,13,13,A,1,1,13,13,-0.6162063574778529,-0.3322042730588848,0.7006253256904638,0.9846274101094319,-0.2060969254820219,0.05894736842105264,-4,-63,0,0.2060969254820219,0.05894736842105264,4,0.6162063574778529,0.3322042730588848,12,1.100833767587285,4.0372589890568005,2.3520062532569046,0.793903074517978,0.7333333333333334
2019-20,2019-10-02,Group stage,Barcelona,Inter,103,25,2.1941747572815533,0.883495145631068,1.4,1.52,0.6407766990291263,0.4,0.8235294117647058,0.3333333333333333,10,3,15,15,H,1,1,15,15,0.7941747572815534,0.636504854368932,0.6741747572815533,0.5165048543689319,0.24077669902912624,0.49019607843137253,7,78,0,0.24077669902912624,0.49019607843137253,7,0.7941747572815534,0.636504854368932,13,1.0407766990291263,3.5941747572815532,2.403495145631068,0.7592233009708738,0.5333333333333333
2019-20,2019-10-02,Group stage,Genk,Napoli,7,35,0.5714285714285714,3.142857142857143,1.6285714285714286,1.4285714285714286,0.0,0.45714285714285713,0.0,0.23529411764705882,2,8,15,15,D,1,1,15,15,-1.0571428571428572,-1.7142857142857142,-0.8571428571428572,-1.5142857142857142,-0.45714285714285713,-0.23529411764705882,-6,-28,0,0.45714285714285713,0.23529411764705882,6,1.0571428571428572,1.7142857142857142,10,0.45714285714285713,2.2,4.571428571428571,0.5428571428571429,0.6
2019-20,2019-10-02,Group stage,Lille,Chelsea,13,66,0.7692307692307693,1.6923076923076923,1.9545454545454546,0.9848484848484849,0.15384615384615385,0.5,0.0,0.36363636363636365,3,5,15,15,A,1,1,15,15,-1.1853146853146854,-0.7074592074592074,-0.2156177156177156,0.2622377622377623,-0.34615384615384615,-0.36363636363636365,-2,-53,0,0.34615384615384615,0.36363636363636365,2,1.1853146853146854,0.7074592074592074,8,0.6538461538461539,2.7237762237762237,2.677156177156177,0.6538461538461539,0.8666666666666667
2019-20,2019-10-02,Group stage,Liverpool,RB Salzburg,33,1,2.121212121212121,1.1818181818181819,6.0,2.0,0.48484848484848486,1.0,0.6666666666666666,0.0,9,3,15,15,H,1,1,15,15,-3.878787878787879,0.8181818181818181,0.1212121212121211,4.818181818181818,-0.5151515151515151,0.6666666666666666,6,32,0,0.5151515151515151,0.6666666666666666,6,3.878787878787879,0.8181818181818181,12,1.4848484848484849,8.121212121212121,3.1818181818181817,0.48484848484848486,0.6
2019-20,2019-10-02,Group stage,RB Leipzig,Lyon,7,37,1.7142857142857142,1.7142857142857142,1.2432432432432432,1.3783783783783783,0.42857142857142855,0.2702702702702703,0.3333333333333333,0.2777777777777778,9,4,15,15,A,1,1,15,15,0.471042471042471,-0.3359073359073359,0.3359073359073359,-0.471042471042471,0.15830115830115826,0.055555555555555525,5,-30,0,0.15830115830115826,0.055555555555555525,5,0.471042471042471,0.3359073359073359,13,0.6988416988416988,2.9575289575289574,3.0926640926640925,0.8416988416988418,0.6666666666666667
2019-20,2019-10-02,Group stage,Slavia Prague,Dortmund,1,62,1.0,1.0,1.7419354838709677,1.3387096774193548,0.0,0.43548387096774194,0.0,0.3333333333333333,1,5,15,15,A,1,1,15,15,-0.7419354838709677,0.33870967741935476,-0.33870967741935476,0.7419354838709677,-0.43548387096774194,-0.3333333333333333,-4,-61,0,0.43548387096774194,0.3333333333333333,4,0.7419354838709677,0.33870967741935476,6,0.43548387096774194,2.741935483870968,2.338709677419355,0.564516129032258,0.7333333333333334
2019-20,2019-10-02,Group stage,Valencia,Ajax,35,43,1.5714285714285714,1.0857142857142856,1.3488372093023255,1.4651162790697674,0.4,0.3488372093023256,0.5294117647058824,0.2857142857142857,10,10,15,15,A,1,1,15,15,0.22259136212624586,0.37940199335548175,0.10631229235880402,0.2631229235880399,0.05116279069767443,0.24369747899159666,0,-8,0,0.05116279069767443,0.24369747899159666,0,0.22259136212624586,0.37940199335548175,20,0.7488372093023257,2.920265780730897,2.550830564784053,0.9488372093023256,1.0
2019-20,2019-10-02,Group stage,Zenit,Benfica,37,65,1.1891891891891893,1.2972972972972974,1.0615384615384615,1.4461538461538461,0.3783783783783784,0.3384615384615385,0.4444444444444444,0.21875,4,4,15,15,H,1,1,15,15,0.1276507276507277,0.14885654885654875,-0.25696465696465687,-0.23575883575883583,0.03991683991683992,0.22569444444444442,0,-28,0,0.03991683991683992,0.22569444444444442,0,0.1276507276507277,0.14885654885654875,8,0.7168399168399169,2.250727650727651,2.7434511434511437,0.9600831600831601,1.0
2019-20,2019-10-22,Group stage,Atlético Madrid,Leverkusen,64,40,1.453125,0.734375,1.3,1.6,0.546875,0.325,0.7419354838709677,0.15,8,4,21,21,H,1,1,21,21,0.15312499999999996,0.8656250000000001,-0.1468750000000001,0.565625,0.221875,0.5919354838709677,4,24,0,0.221875,0.5919354838709677,4,0.15312499999999996,0.8656250000000001,12,0.871875,2.753125,2.334375,0.778125,0.7333333333333334
2019-20,2019-10-22,Group stage,Club Brugge,Paris SG,14,66,0.7142857142857143,1.5,2.212121212121212,1.0909090909090908,0.07142857142857142,0.5757575757575758,0.0,0.5151515151515151,7,12,21,21,A,1,1,21,21,-1.4978354978354975,-0.40909090909090917,-0.3766233766233765,0.7121212121212119,-0.5043290043290044,-0.5151515151515151,-5,-52,0,0.5043290043290044,0.5151515151515151,5,1.4978354978354975,0.40909090909090917,19,0.6471861471861472,2.9264069264069263,2.590909090909091,0.4956709956709956,0.6666666666666667
2019-20,2019-10-22,Group stage,Galatasaray,Real Madrid,38,110,1.0,1.8157894736842106,2.409090909090909,0.9727272727272728,0.23684210526315788,0.6818181818181818,0.3157894736842105,0.5925925925925926,1,4,21,21,A,1,1,21,21,-1.4090909090909092,-0.8430622009569378,0.027272727272727226,0.5933014354066986,-0.4449760765550239,-0.27680311890838205,-3,-72,0,0.4449760765550239,0.27680311890838205,3,1.4090909090909092,0.8430622009569378,5,0.9186602870813396,3.409090909090909,2.7885167464114833,0.5550239234449761,0.8
2019-20,2019-10-22,Group stage,Juventus,Loko Moscow,72,8,1.5,0.9166666666666666,0.75,1.875,0.5,0.25,0.5675675675675675,0.25,8,6,21,21,H,1,1,21,21,0.75,0.9583333333333334,-0.375,-0.16666666666666663,0.25,0.31756756756756754,2,64,0,0.25,0.31756756756756754,2,0.75,0.9583333333333334,14,0.75,2.25,2.7916666666666665,0.75,0.8666666666666667
2019-20,2019-10-22,Group stage,Manchester City,Atalanta,70,2,1.9428571428571428,1.3428571428571427,0.5,3.0,0.4857142857142857,0.0,0.5428571428571428,0.0,12,0,21,21,H,1,1,21,21,1.4428571428571428,1.6571428571428573,-1.0571428571428572,-0.8428571428571427,0.4857142857142857,0.5428571428571428,12,68,0,0.4857142857142857,0.5428571428571428,12,1.4428571428571428,1.6571428571428573,12,0.4857142857142857,2.442857142857143,4.3428571428571425,0.5142857142857142,0.19999999999999996
2019-20,2019-10-22,Group stage,Olympiacos,Bayern Munich,40,102,1.3,1.75,2.372549019607843,1.0196078431372548,0.4,0.6568627450980392,0.55,0.5294117647058824,2,8,21,21,A,1,1,21,21,-1.072549019607843,-0.7303921568627452,0.2803921568627452,0.6225490196078431,-0.2568627450980392,0.020588235294117685,-6,-62,0,0.2568627450980392,0.020588235294117685,6,1.072549019607843,0.7303921568627452,10,1.0568627450980392,3.6725490196078434,2.769607843137255,0.7431372549019608,0.6
2019-20,2019-10-22,Group stage,Shakhtar D.,Dinamo Zagreb,60,26,1.4833333333333334,1.6166666666666667,0.4230769230769231,2.576923076923077,0.38333333333333336,0.07692307692307693,0.43333333333333335,0.0,7,3,21,21,D,1,1,21,21,1.0602564102564103,0.9602564102564104,-1.0935897435897437,-1.1935897435897436,0.30641025641025643,0.43333333333333335,4,34,0,0.30641025641025643,0.43333333333333335,4,1.0602564102564103,0.9602564102564104,10,0.4602564102564103,1.9064102564102565,4.193589743589744,0.6935897435897436,0.7333333333333334
2019-20,2019-10-22,Group stage,Tottenham,Red Star,39,8,1.7179487179487178,1.4871794871794872,1.0,2.625,0.4358974358974359,0.25,0.55,0.0,4,6,21,21,H,1,1,21,21,0.7179487179487178,1.1378205128205128,-0.9070512820512822,-0.4871794871794872,0.1858974358974359,0.55,-2,31,0,0.1858974358974359,0.55,2,0.7179487179487178,1.1378205128205128,10,0.6858974358974359,2.717948717948718,4.112179487179487,0.8141025641025641,0.8666666666666667
2019-20,2019-10-23,Group stage,Ajax,Chelsea,44,67,1.3863636363636365,1.4318181818181819,1.955223880597015,0.9850746268656716,0.36363636363636365,0.5074626865671642,0.4090909090909091,0.38235294117647056,12,5,21,21,A,1,1,21,21,-0.5688602442333786,-0.4467435549525103,0.40128900949796487,0.5234056987788331,-0.14382632293080055,0.026737967914438554,7,-23,0,0.14382632293080055,0.026737967914438554,7,0.5688602442333786,0.4467435549525103,17,0.8710990502035278,3.3415875169606517,2.4168928086838535,0.8561736770691994,0.5333333333333333
2019-20,2019-10-23,Group stage,Benfica,Lyon,66,38,1.0606060606060606,1.4696969696969697,1.263157894736842,1.3421052631578947,0.3333333333333333,0.2894736842105263,0.45454545454545453,0.3157894736842105,4,6,21,21,H,1,1,21,21,-0.20255183413078148,-0.12759170653907503,-0.28149920255183414,-0.2065390749601277,0.04385964912280699,0.13875598086124402,-2,28,0,0.04385964912280699,0.13875598086124402,2,0.20255183413078148,0.12759170653907503,10,0.6228070175438596,2.3237639553429026,2.8118022328548644,0.9561403508771931,0.8666666666666667
2019-20,2019-10-23,Group stage,Genk,Liverpool,8,34,0.5,2.75,2.176470588235294,1.2352941176470589,0.0,0.5,0.0,0.3333333333333333,3,9,21,21,A,1,1,21,21,-1.676470588235294,-1.5147058823529411,-0.7352941176470589,-0.5735294117647061,-0.5,-0.3333333333333333,-6,-26,0,0.5,0.3333333333333333,6,1.676470588235294,1.5147058823529411,12,0.5,2.676470588235294,3.985294117647059,0.5,0.6
2019-20,2019-10-23,Group stage,Inter,Dortmund,26,63,1.3846153846153846,1.5384615384615385,1.746031746031746,1.3174603174603174,0.38461538461538464,0.4444444444444444,0.46153846153846156,0.3548387096774194,3,7,21,21,H,1,1,21,21,-0.36141636141636146,-0.2210012210012211,0.06715506715506714,0.2075702075702075,-0.05982905982905978,0.10669975186104219,-4,-37,0,0.05982905982905978,0.10669975186104219,4,0.36141636141636146,0.2210012210012211,10,0.829059829059829,3.1306471306471306,2.855921855921856,0.9401709401709402,0.7333333333333334
2019-20,2019-10-23,Group stage,Lille,Valencia,14,36,0.7857142857142857,1.7142857142857142,1.5277777777777777,1.1388888888888888,0.14285714285714285,0.3888888888888889,0.0,0.2777777777777778,3,9,21,21,D,1,1,21,21,-0.742063492063492,-0.5753968253968254,-0.35317460317460314,-0.1865079365079365,-0.24603174603174605,-0.2777777777777778,-6,-22,0,0.24603174603174605,0.2777777777777778,6,0.742063492063492,0.5753968253968254,12,0.5317460317460317,2.3134920634920633,2.853174603174603,0.753968253968254,0.6
2019-20,2019-10-23,Group stage,RB Leipzig,Zenit,8,38,1.5,1.75,1.236842105263158,1.2894736842105263,0.375,0.39473684210526316,0.25,0.3157894736842105,6,4,21,21,H,1,1,21,21,0.26315789473684204,-0.4605263157894737,0.21052631578947367,-0.513157894736842,-0.019736842105263164,-0.06578947368421051,2,-30,0,0.019736842105263164,0.06578947368421051,2,0.26315789473684204,0.4605263157894737,10,0.7697368421052632,2.736842105263158,3.0394736842105265,0.9802631578947368,0.8666666666666667
2019-20,2019-10-23,Group stage,RB Salzburg,Napoli,2,36,4.5,3.0,1.5833333333333333,1.3888888888888888,0.5,0.4444444444444444,1.0,0.2222222222222222,3,8,21,21,A,1,1,21,21,2.916666666666667,-1.6111111111111112,3.111111111111111,-1.4166666666666667,0.05555555555555558,0.7777777777777778,-5,-34,0,0.05555555555555558,0.7777777777777778,5,2.916666666666667,1.6111111111111112,11,0.9444444444444444,6.083333333333333,4.388888888888889,0.9444444444444444,0.6666666666666667
2019-20,2019-10-23,Group stage,Slavia Prague,Barcelona,2,104,0.5,1.5,2.1923076923076925,0.8846153846153846,0.0,0.6442307692307693,0.0,0.46153846153846156,1,10,21,21,A,1,1,21,21,-1.6923076923076925,-0.6153846153846154,-0.3846153846153846,0.6923076923076925,-0.6442307692307693,-0.46153846153846156,-9,-102,0,0.6442307692307693,0.46153846153846156,9,1.6923076923076925,0.6153846153846154,11,0.6442307692307693,2.6923076923076925,2.3846153846153846,0.3557692307692307,0.4
2019-20,2019-11-05,Group stage,Barcelona,Slavia Prague,105,3,2.1904761904761907,0.8857142857142857,0.6666666666666666,1.6666666666666667,0.6476190476190476,0.0,0.8269230769230769,0.0,10,1,13,13,D,1,1,13,13,1.5238095238095242,0.7809523809523811,0.523809523809524,-0.21904761904761905,0.6476190476190476,0.8269230769230769,9,102,0,0.6476190476190476,0.8269230769230769,9,1.5238095238095242,0.7809523809523811,11,0.6476190476190476,2.857142857142857,2.552380952380952,0.35238095238095235,0.4
2019-20,2019-11-05,Group stage,Chelsea,Ajax,68,45,1.9411764705882353,0.9705882352941176,1.3555555555555556,1.4222222222222223,0.5147058823529411,0.35555555555555557,0.6363636363636364,0.3181818181818182,7,9,13,13,D,1,1,13,13,0.5856209150326797,0.45163398692810464,0.518954248366013,0.384967320261438,0.15915032679738556,0.3181818181818182,-2,23,0,0.15915032679738556,0.3181818181818182,2,0.5856209150326797,0.45163398692810464,16,0.8702614379084967,3.2967320261437907,2.39281045751634,0.8408496732026145,0.8666666666666667
2019-20,2019-11-05,Group stage,Dortmund,Inter,64,27,1.71875,1.328125,1.4074074074074074,1.4814814814814814,0.4375,0.4074074074074074,0.53125,0.3076923076923077,4,5,13,13,H,1,1,13,13,0.31134259259259256,0.1533564814814814,0.2372685185185186,0.07928240740740744,0.030092592592592615,0.2235576923076923,-1,37,0,0.030092592592592615,0.2235576923076923,1,0.31134259259259256,0.1533564814814814,9,0.8449074074074074,3.1261574074074074,2.8096064814814814,0.9699074074074074,0.9333333333333333
2019-20,2019-11-05,Group stage,Liverpool,Genk,35,9,2.2285714285714286,1.2285714285714286,0.5555555555555556,2.888888888888889,0.5142857142857142,0.0,0.6875,0.0,12,2,13,13,H,1,1,13,13,1.673015873015873,1.6603174603174602,-0.6603174603174602,-0.6730158730158731,0.5142857142857142,0.6875,10,26,0,0.5142857142857142,0.6875,10,1.673015873015873,1.6603174603174602,14,0.5142857142857142,2.784126984126984,4.117460317460317,0.48571428571428577,0.33333333333333337
2019-20,2019-11-05,Group stage,Lyon,Benfica,39,67,1.2564102564102564,1.358974358974359,1.0746268656716418,1.462686567164179,0.28205128205128205,0.34328358208955223,0.2631578947368421,0.21212121212121213,5,6,13,13,H,1,1,13,13,0.1817833907386146,0.10371220818982008,-0.20627631075392272,-0.28434749330271725,-0.06123230003827018,0.051036682615629964,-1,-28,0,0.06123230003827018,0.051036682615629964,1,0.1817833907386146,0.10371220818982008,11,0.6253348641408343,2.331037122081898,2.821660926138538,0.9387676999617298,0.9333333333333333
2019-20,2019-11-05,Group stage,Napoli,RB Salzburg,37,3,1.6216216216216217,1.4054054054054055,3.6666666666666665,3.0,0.4594594594594595,0.3333333333333333,0.6666666666666666,0.0,10,3,13,13,D,1,1,13,13,-2.045045045045045,1.5945945945945945,-1.3783783783783783,2.261261261261261,0.12612612612612617,0.6666666666666666,7,34,0,0.12612612612612617,0.6666666666666666,7,2.045045045045045,1.5945945945945945,13,0.7927927927927928,5.288288288288288,4.405405405405405,0.8738738738738738,0.5333333333333333
2019-20,2019-11-05,Group stage,Valencia,Lille,37,15,1.5135135135135136,1.135135135135135,0.8,1.6666666666666667,0.3783783783783784,0.13333333333333333,0.5,0.2857142857142857,7,4,13,13,H,1,1,13,13,0.7135135135135136,0.5315315315315317,-0.15315315315315314,-0.33513513513513504,0.24504504504504507,0.2142857142857143,3,22,0,0.24504504504504507,0.2142857142857143,3,0.7135135135135136,0.5315315315315317,11,0.5117117117117117,2.313513513513514,2.801801801801802,0.7549549549549549,0.8
2019-20,2019-11-05,Group stage,Zenit,RB Leipzig,39,9,1.2307692307692308,1.3076923076923077,1.5555555555555556,1.6666666666666667,0.38461538461538464,0.4444444444444444,0.47368421052631576,0.5,4,9,13,13,A,1,1,13,13,-0.32478632478632474,0.35897435897435903,-0.4358974358974359,0.24786324786324787,-0.05982905982905978,-0.026315789473684237,-5,30,0,0.05982905982905978,0.026315789473684237,5,0.32478632478632474,0.35897435897435903,13,0.829059829059829,2.786324786324786,2.9743589743589745,0.9401709401709402,0.6666666666666667
2019-20,2019-11-06,Group stage,Atalanta,Manchester City,3,71,0.6666666666666666,3.6666666666666665,1.9859154929577465,1.3380281690140845,0.0,0.49295774647887325,0.0,0.42857142857142855,0,12,15,15,D,1,1,15,15,-1.31924882629108,-2.328638497652582,-0.6713615023474179,-1.68075117370892,-0.49295774647887325,-0.42857142857142855,-12,-68,0,0.49295774647887325,0.42857142857142855,12,1.31924882629108,2.328638497652582,12,0.49295774647887325,2.652582159624413,5.004694835680751,0.5070422535211268,0.19999999999999996
2019-20,2019-11-06,Group stage,Bayern Munich,Olympiacos,103,41,2.378640776699029,1.029126213592233,1.3170731707317074,1.7804878048780488,0.6601941747572816,0.3902439024390244,0.7843137254901961,0.25,10,1,15,15,H,1,1,15,15,1.0615676059673216,0.7513615912858158,0.5981529718209802,0.2879469571394744,0.2699502723182572,0.5343137254901961,9,62,0,0.2699502723182572,0.5343137254901961,9,1.0615676059673216,0.7513615912858158,11,1.050438077196306,3.695713947430736,2.809614018470282,0.7300497276817428,0.4
2019-20,2019-11-06,Group stage,Dinamo Zagreb,Shakhtar D.,27,61,0.48148148148148145,2.5555555555555554,1.4918032786885247,1.6229508196721312,0.07407407407407407,0.3770491803278688,0.15384615384615385,0.3333333333333333,4,8,15,15,D,1,1,15,15,-1.0103217972070433,-0.9326047358834242,-1.1414693381906498,-1.0637522768670307,-0.30297510625379476,-0.17948717948717946,-4,-34,0,0.30297510625379476,0.17948717948717946,4,1.0103217972070433,0.9326047358834242,12,0.4511232544019429,1.973284760170006,4.178506375227687,0.6970248937462052,0.7333333333333334
2019-20,2019-11-06,Group stage,Leverkusen,Atlético Madrid,41,65,1.2682926829268293,1.5853658536585367,1.4461538461538461,0.7230769230769231,0.3170731707317073,0.5538461538461539,0.5,0.36363636363636365,1,10,15,15,H,1,1,15,15,-0.17786116322701684,-0.8622889305816136,0.5452157598499062,-0.13921200750469054,-0.23677298311444656,0.13636363636363635,-9,-24,0,0.23677298311444656,0.13636363636363635,9,0.17786116322701684,0.8622889305816136,11,0.8709193245778613,2.7144465290806754,2.30844277673546,0.7632270168855535,0.4
2019-20,2019-11-06,Group stage,Loko Moscow,Juventus,9,73,0.7777777777777778,1.8888888888888888,1.5068493150684932,0.9178082191780822,0.2222222222222222,0.5068493150684932,0.25,0.42857142857142855,6,8,15,15,A,1,1,15,15,-0.7290715372907154,-0.9710806697108066,-0.1400304414003044,-0.38203957382039566,-0.28462709284627097,-0.17857142857142855,-2,-64,0,0.28462709284627097,0.17857142857142855,2,0.7290715372907154,0.9710806697108066,14,0.7290715372907154,2.284627092846271,2.806697108066971,0.715372907153729,0.8666666666666667
2019-20,2019-11-06,Group stage,Paris SG,Club Brugge,67,15,2.253731343283582,1.0746268656716418,0.6666666666666666,1.7333333333333334,0.582089552238806,0.06666666666666667,0.6363636363636364,0.14285714285714285,12,4,15,15,H,1,1,15,15,1.5870646766169156,0.6587064676616916,0.5203980099502488,-0.40796019900497515,0.5154228855721393,0.4935064935064935,8,52,0,0.5154228855721393,0.4935064935064935,8,1.5870646766169156,0.6587064676616916,16,0.6487562189054726,2.9203980099502487,2.807960199004975,0.48457711442786067,0.4666666666666667
2019-20,2019-11-06,Group stage,Real Madrid,Galatasaray,111,39,2.3963963963963963,0.963963963963964,0.9743589743589743,1.794871794871795,0.6846846846846847,0.23076923076923078,0.7678571428571429,0.15789473684210525,7,1,15,15,H,1,1,15,15,1.422037422037422,0.8309078309078309,0.6015246015246014,0.01039501039501034,0.4539154539154539,0.6099624060150377,6,72,0,0.4539154539154539,0.6099624060150377,6,1.422037422037422,0.8309078309078309,8,0.9154539154539154,3.370755370755371,2.758835758835759,0.546084546084546,0.6
2019-20,2019-11-06,Group stage,Red Star,Tottenham,9,40,0.8888888888888888,2.888888888888889,1.8,1.45,0.2222222222222222,0.45,0.5,0.3157894736842105,3,7,15,15,A,1,1,15,15,-0.9111111111111112,-1.4388888888888889,-0.5611111111111111,-1.0888888888888888,-0.2277777777777778,0.1842105263157895,-4,-31,0,0.2277777777777778,0.1842105263157895,4,0.9111111111111112,1.4388888888888889,10,0.6722222222222223,2.688888888888889,4.338888888888889,0.7722222222222221,0.7333333333333334
2019-20,2019-11-26,Group stage,Atalanta,Dinamo Zagreb,4,28,0.75,3.0,0.5714285714285714,2.5714285714285716,0.0,0.07142857142857142,0.0,0.0,1,5,20,20,H,1,1,20,20,0.1785714285714286,-0.4285714285714284,-1.8214285714285716,-2.428571428571429,-0.07142857142857142,0.0,-4,-24,0,0.07142857142857142,0.0,4,0.1785714285714286,0.4285714285714284,6,0.07142857142857142,1.3214285714285714,5.571428571428571,0.9285714285714286,0.7333333333333334
2019-20,2019-11-26,Group stage,Galatasaray,Club Brugge,40,16,0.95,1.9,0.625,1.6875,0.225,0.0625,0.3,0.125,1,3,20,20,D,1,1,20,20,0.32499999999999996,-0.2124999999999999,-0.7375,-1.275,0.1625,0.175,-2,24,0,0.1625,0.175,2,0.32499999999999996,0.2124999999999999,4,0.2875,1.575,3.5875,0.8375,0.8666666666666667
2019-20,2019-11-26,Group stage,Juventus,Atlético Madrid,74,66,1.5135135135135136,0.918918918918919,1.4393939393939394,0.7424242424242424,0.5135135135135135,0.5454545454545454,0.5789473684210527,0.35294117647058826,10,7,20,20,H,1,1,20,20,0.07411957411957415,-0.17649467649467654,0.7710892710892712,0.5204750204750205,-0.03194103194103193,0.2260061919504644,3,8,0,0.03194103194103193,0.2260061919504644,3,0.07411957411957415,0.17649467649467654,17,1.058968058968059,2.952907452907453,1.6613431613431615,0.9680589680589681,0.8
2019-20,2019-11-26,Group stage,Loko Moscow,Leverkusen,10,42,0.8,1.9,1.2857142857142858,1.5714285714285714,0.2,0.3333333333333333,0.2,0.14285714285714285,3,4,20,20,A,1,1,20,20,-0.48571428571428577,-0.3285714285714285,-0.7714285714285714,-0.6142857142857141,-0.1333333333333333,0.05714285714285716,-1,-32,0,0.1333333333333333,0.05714285714285716,1,0.48571428571428577,0.3285714285714285,7,0.5333333333333333,2.085714285714286,3.4714285714285715,0.8666666666666667,0.9333333333333333
2019-20,2019-11-26,Group stage,Manchester City,Shakhtar D.,72,62,1.9722222222222223,1.3333333333333333,1.5161290322580645,1.6451612903225807,0.4861111111111111,0.3709677419354839,0.5555555555555556,0.3225806451612903,13,6,20,20,D,1,1,20,20,0.4560931899641578,0.3118279569892475,0.3270609318996416,0.18279569892473124,0.11514336917562723,0.23297491039426527,7,10,0,0.11514336917562723,0.23297491039426527,7,0.4560931899641578,0.3118279569892475,19,0.8570788530465949,3.488351254480287,2.978494623655914,0.8848566308243728,0.5333333333333333
2019-20,2019-11-26,Group stage,Real Madrid,Paris SG,112,68,2.4285714285714284,0.9553571428571429,2.235294117647059,1.0588235294117647,0.6875,0.5882352941176471,0.7719298245614035,0.5294117647058824,7,12,20,20,D,1,1,20,20,0.1932773109243695,0.10346638655462181,1.3697478991596637,1.279936974789916,0.09926470588235292,0.2425180598555211,-5,44,0,0.09926470588235292,0.2425180598555211,5,0.1932773109243695,0.10346638655462181,19,1.2757352941176472,4.663865546218487,2.0141806722689077,0.9007352941176471,0.6666666666666667
2019-20,2019-11-26,Group stage,Red Star,Bayern Munich,10,104,0.8,3.0,2.375,1.0192307692307692,0.2,0.6634615384615384,0.4,0.5384615384615384,3,12,20,20,A,1,1,20,20,-1.575,-1.9807692307692308,-0.21923076923076912,-0.625,-0.4634615384615384,-0.1384615384615384,-9,-94,0,0.4634615384615384,0.1384615384615384,9,1.575,1.9807692307692308,15,0.8634615384615385,3.175,4.019230769230769,0.5365384615384616,0.4
2019-20,2019-11-26,Group stage,Tottenham,Olympiacos,41,42,1.853658536585366,1.4146341463414633,1.2857142857142858,1.7857142857142858,0.4634146341463415,0.38095238095238093,0.5714285714285714,0.23809523809523808,7,1,20,20,H,1,1,20,20,0.5679442508710801,0.37108013937282247,0.06794425087108014,-0.12891986062717753,0.08246225319396056,0.3333333333333333,6,-1,0,0.08246225319396056,0.3333333333333333,6,0.5679442508710801,0.37108013937282247,8,0.8443670150987224,3.1393728222996518,3.2003484320557494,0.9175377468060395,0.6
2019-20,2019-11-27,Group stage,Barcelona,Dortmund,106,65,2.169811320754717,0.8773584905660378,1.7384615384615385,1.3384615384615384,0.6415094339622641,0.4461538461538462,0.8113207547169812,0.34375,8,7,22,22,H,1,1,22,22,0.43134978229317866,0.4611030478955006,0.8313497822931788,0.8611030478955007,0.19535558780841794,0.4675707547169812,1,41,0,0.19535558780841794,0.4675707547169812,1,0.43134978229317866,0.4611030478955006,15,1.0876632801161104,3.9082728592162557,2.2158200290275762,0.8046444121915821,0.9333333333333333
2019-20,2019-11-27,Group stage,Genk,RB Salzburg,10,4,0.6,2.8,3.0,2.5,0.0,0.25,0.0,0.0,2,4,22,22,A,1,1,22,22,-2.4,-0.2999999999999998,-1.9,0.20000000000000018,-0.25,0.0,-2,6,0,0.25,0.0,2,2.4,0.2999999999999998,6,0.25,3.6,5.3,0.75,0.8666666666666667
2019-20,2019-11-27,Group stage,Lille,Ajax,16,46,0.8125,1.8125,1.4130434782608696,1.4782608695652173,0.125,0.34782608695652173,0.0,0.30434782608695654,1,7,22,22,A,1,1,22,22,-0.6005434782608696,-0.3342391304347827,-0.6657608695652173,-0.3994565217391304,-0.22282608695652173,-0.30434782608695654,-6,-30,0,0.22282608695652173,0.30434782608695654,6,0.6005434782608696,0.3342391304347827,8,0.47282608695652173,2.2255434782608696,3.2907608695652173,0.7771739130434783,0.6
2019-20,2019-11-27,Group stage,Liverpool,Napoli,36,38,2.2222222222222223,1.2222222222222223,1.605263157894737,1.394736842105263,0.5277777777777778,0.4473684210526316,0.7058823529411765,0.2631578947368421,12,8,22,22,D,1,1,22,22,0.6169590643274854,0.17251461988304073,0.8274853801169593,0.3830409356725146,0.08040935672514621,0.4427244582043344,4,-2,0,0.08040935672514621,0.4427244582043344,4,0.6169590643274854,0.17251461988304073,20,0.9751461988304093,3.8274853801169595,2.616959064327485,0.9195906432748537,0.7333333333333334
2019-20,2019-11-27,Group stage,RB Leipzig,Benfica,10,68,1.6,1.5,1.0735294117647058,1.4852941176470589,0.5,0.3382352941176471,0.4,0.20588235294117646,9,6,22,22,D,1,1,22,22,0.5264705882352942,-0.014705882352941124,0.11470588235294121,-0.42647058823529416,0.16176470588235292,0.19411764705882356,3,-58,0,0.16176470588235292,0.19411764705882356,3,0.5264705882352942,0.014705882352941124,15,0.8382352941176471,2.673529411764706,2.985294117647059,0.8382352941176471,0.8
2019-20,2019-11-27,Group stage,Slavia Prague,Inter,4,28,0.5,1.25,1.4285714285714286,1.5357142857142858,0.0,0.39285714285714285,0.0,0.2857142857142857,2,5,22,22,A,1,1,22,22,-0.9285714285714286,0.2857142857142858,-1.0357142857142858,0.1785714285714286,-0.39285714285714285,-0.2857142857142857,-3,-24,0,0.39285714285714285,0.2857142857142857,3,0.9285714285714286,0.2857142857142858,7,0.39285714285714285,1.9285714285714286,2.7857142857142856,0.6071428571428572,0.8
2019-20,2019-11-27,Group stage,Valencia,Chelsea,38,69,1.5789473684210527,1.131578947368421,1.9710144927536233,1.0144927536231885,0.39473684210526316,0.5072463768115942,0.5263157894736842,0.4,10,7,22,22,D,1,1,22,22,-0.3920671243325706,-0.11708619374523255,0.5644546147978642,0.8394355453852023,-0.11250953470633107,0.12631578947368416,3,-31,0,0.11250953470633107,0.12631578947368416,3,0.3920671243325706,0.11708619374523255,17,0.9019832189168574,3.549961861174676,2.1460717009916097,0.8874904652936689,0.8
2019-20,2019-11-27,Group stage,Zenit,Lyon,40,40,1.2,1.325,1.3,1.35,0.375,0.3,0.45,0.3,4,7,22,22,H,1,1,22,22,-0.10000000000000009,0.025000000000000133,-0.15000000000000013,-0.02499999999999991,0.07500000000000001,0.15000000000000002,-3,0,0,0.07500000000000001,0.15000000000000002,3,0.10000000000000009,0.025000000000000133,11,0.675,2.5,2.675,0.925,0.8
2019-20,2019-12-10,Group stage,Ajax,Valencia,47,39,1.425531914893617,1.446808510638298,1.5897435897435896,1.1538461538461537,0.3617021276595745,0.38461538461538464,0.391304347826087,0.2631578947368421,10,8,13,13,A,1,1,13,13,-0.16421167484997268,-0.2929623567921442,0.2716857610474632,0.14293507910529168,-0.022913256955810146,0.12814645308924488,2,8,0,0.022913256955810146,0.12814645308924488,2,0.16421167484997268,0.2929623567921442,18,0.7463175122749591,3.0152755046372066,2.600654664484452,0.9770867430441899,0.8666666666666667
2019-20,2019-12-10,Group stage,Benfica,Zenit,69,41,1.0869565217391304,1.4927536231884058,1.2195121951219512,1.2926829268292683,0.3333333333333333,0.3902439024390244,0.47058823529411764,0.3,4,7,13,13,H,1,1,13,13,-0.13255567338282082,-0.20007069635913743,-0.20572640509013795,-0.2732414280664546,-0.05691056910569109,0.17058823529411765,-3,28,0,0.05691056910569109,0.17058823529411765,3,0.13255567338282082,0.20007069635913743,11,0.7235772357723578,2.3064687168610813,2.785436550017674,0.943089430894309,0.8
2019-20,2019-12-10,Group stage,Chelsea,Lille,70,17,1.9714285714285715,1.0285714285714285,0.7647058823529411,1.8235294117647058,0.5,0.11764705882352941,0.6176470588235294,0.25,8,1,13,13,H,1,1,13,13,1.2067226890756304,0.7949579831932774,0.1478991596638657,-0.26386554621848735,0.38235294117647056,0.36764705882352944,7,53,0,0.38235294117647056,0.36764705882352944,7,1.2067226890756304,0.7949579831932774,9,0.6176470588235294,2.7361344537815127,2.852100840336134,0.6176470588235294,0.5333333333333333
2019-20,2019-12-10,Group stage,Dortmund,Slavia Prague,66,5,1.7272727272727273,1.3636363636363635,0.6,1.6,0.4393939393939394,0.0,0.5454545454545454,0.0,7,2,13,13,H,1,1,13,13,1.1272727272727274,0.23636363636363655,0.1272727272727272,-0.7636363636363636,0.4393939393939394,0.5454545454545454,5,61,0,0.4393939393939394,0.5454545454545454,5,1.1272727272727274,0.23636363636363655,9,0.4393939393939394,2.327272727272727,2.963636363636364,0.5606060606060606,0.6666666666666667
2019-20,2019-12-10,Group stage,Inter,Barcelona,29,107,1.4827586206896552,1.5172413793103448,2.177570093457944,0.8785046728971962,0.41379310344827586,0.6448598130841121,0.5,0.4716981132075472,7,11,13,13,A,1,1,13,13,-0.6948114727682886,-0.6387367064131485,0.604253947792459,0.6603287141475991,-0.23106670963583625,0.028301886792452824,-4,-78,0,0.23106670963583625,0.028301886792452824,4,0.6948114727682886,0.6387367064131485,18,1.058652916532388,3.660328714147599,2.395746052207541,0.7689332903641637,0.7333333333333334
2019-20,2019-12-10,Group stage,Lyon,RB Leipzig,41,11,1.2682926829268293,1.3658536585365855,1.6363636363636365,1.5454545454545454,0.2926829268292683,0.45454545454545453,0.3,0.6,7,10,13,13,D,1,1,13,13,-0.3680709534368072,0.17960088691795995,-0.27716186252771613,0.270509977827051,-0.16186252771618626,-0.3,-3,30,0,0.16186252771618626,0.3,3,0.3680709534368072,0.17960088691795995,17,0.7472283813747228,2.9046563192904657,2.9113082039911307,0.8381374722838137,0.8
2019-20,2019-12-10,Group stage,Napoli,Genk,39,11,1.5897435897435896,1.3846153846153846,0.6363636363636364,2.909090909090909,0.4358974358974359,0.0,0.631578947368421,0.0,9,1,13,13,H,1,1,13,13,0.9533799533799533,1.5244755244755246,-1.3193473193473195,-0.7482517482517482,0.4358974358974359,0.631578947368421,8,28,0,0.4358974358974359,0.631578947368421,8,0.9533799533799533,1.5244755244755246,10,0.4358974358974359,2.226107226107226,4.293706293706293,0.5641025641025641,0.4666666666666667
2019-20,2019-12-10,Group stage,RB Salzburg,Liverpool,5,37,3.2,2.2,2.189189189189189,1.2162162162162162,0.4,0.5135135135135135,0.5,0.3684210526315789,7,10,13,13,A,1,1,13,13,1.0108108108108111,-0.983783783783784,1.983783783783784,-0.010810810810811144,-0.11351351351351346,0.13157894736842107,-3,-32,0,0.11351351351351346,0.13157894736842107,3,1.0108108108108111,0.983783783783784,17,0.9135135135135135,5.389189189189189,3.4162162162162164,0.8864864864864865,0.8
2019-20,2019-12-11,Group stage,Atlético Madrid,Loko Moscow,67,11,1.4179104477611941,0.746268656716418,0.7272727272727273,1.9090909090909092,0.5373134328358209,0.18181818181818182,0.75,0.2,7,3,15,15,H,1,1,15,15,0.6906377204884668,1.1628222523744913,-0.49118046132971505,-0.018995929443690662,0.35549525101763907,0.55,4,56,0,0.35549525101763907,0.55,4,0.6906377204884668,1.1628222523744913,10,0.7191316146540028,2.1451831750339214,2.655359565807327,0.644504748982361,0.7333333333333334
2019-20,2019-12-11,Group stage,Bayern Munich,Tottenham,105,42,2.4095238095238094,1.0095238095238095,1.9047619047619047,1.4285714285714286,0.6666666666666666,0.47619047619047616,0.7884615384615384,0.35,15,10,15,15,H,1,1,15,15,0.5047619047619047,0.4190476190476191,0.9809523809523808,0.8952380952380952,0.19047619047619047,0.43846153846153846,5,63,0,0.19047619047619047,0.43846153846153846,5,0.5047619047619047,0.4190476190476191,25,1.1428571428571428,4.314285714285714,2.4380952380952383,0.8095238095238095,0.6666666666666667
2019-20,2019-12-11,Group stage,Club Brugge,Real Madrid,17,113,0.6470588235294118,1.6470588235294117,2.424778761061947,0.9646017699115044,0.058823529411764705,0.6814159292035398,0.0,0.6,3,8,15,15,A,1,1,15,15,-1.7777199375325354,-0.6824570536179073,-0.3175429463820926,0.7777199375325354,-0.622592399791775,-0.6,-5,-96,0,0.622592399791775,0.6,5,1.7777199375325354,0.6824570536179073,11,0.7402394586153045,3.071837584591359,2.611660593440916,0.37740760020822495,0.6666666666666667
2019-20,2019-12-11,Group stage,Dinamo Zagreb,Manchester City,29,73,0.5517241379310345,2.5517241379310347,1.9589041095890412,1.3287671232876712,0.06896551724137931,0.4794520547945205,0.14285714285714285,0.4166666666666667,5,11,15,15,A,1,1,15,15,-1.4071799716580067,-1.2229570146433635,-0.7770429853566367,-0.5928200283419935,-0.41048653755314124,-0.27380952380952384,-6,-44,0,0.41048653755314124,0.27380952380952384,6,1.4071799716580067,1.2229570146433635,16,0.5484175720358998,2.5106282475200756,3.880491261218706,0.5895134624468588,0.6
2019-20,2019-12-11,Group stage,Leverkusen,Juventus,43,75,1.302325581395349,1.5348837209302326,1.5066666666666666,0.9066666666666666,0.3488372093023256,0.52,0.5238095238095238,0.4444444444444444,6,13,15,15,A,1,1,15,15,-0.20434108527131767,-0.628217054263566,0.3956589147286823,-0.02821705426356602,-0.17116279069767443,0.07936507936507942,-7,-32,0,0.17116279069767443,0.07936507936507942,7,0.20434108527131767,0.628217054263566,19,0.8688372093023256,2.8089922480620153,2.4415503875968994,0.8288372093023255,0.5333333333333333
2019-20,2019-12-11,Group stage,Olympiacos,Red Star,43,11,1.302325581395349,1.8372093023255813,0.7272727272727273,3.272727272727273,0.37209302325581395,0.18181818181818182,0.5238095238095238,0.0,1,3,15,15,H,1,1,15,15,0.5750528541226216,1.4355179704016916,-1.970401691331924,-1.109936575052854,0.19027484143763213,0.5238095238095238,-2,32,0,0.19027484143763213,0.5238095238095238,2,0.5750528541226216,1.4355179704016916,4,0.5539112050739958,2.029598308668076,5.1099365750528545,0.8097251585623679,0.8666666666666667
2019-20,2019-12-11,Group stage,Paris SG,Galatasaray,69,41,2.2318840579710146,1.0724637681159421,0.9512195121951219,1.8780487804878048,0.5797101449275363,0.21951219512195122,0.6470588235294118,0.15,13,2,15,15,H,1,1,15,15,1.2806645457758927,0.8055850123718626,0.35383527748320986,-0.12124425592082022,0.36019794980558506,0.4970588235294118,11,28,0,0.36019794980558506,0.4970588235294118,11,1.2806645457758927,0.8055850123718626,15,0.7992223400494874,3.1831035701661365,2.950512548603747,0.6398020501944149,0.2666666666666667
2019-20,2019-12-11,Group stage,Shakhtar D.,Atalanta,63,5,1.507936507936508,1.6349206349206349,1.0,2.4,0.36507936507936506,0.2,0.41935483870967744,0.0,6,4,15,15,A,1,1,15,15,0.5079365079365079,0.765079365079365,-0.892063492063492,-0.6349206349206349,0.16507936507936505,0.41935483870967744,2,58,0,0.16507936507936505,0.41935483870967744,2,0.5079365079365079,0.765079365079365,10,0.5650793650793651,2.507936507936508,4.034920634920635,0.834920634920635,0.8666666666666667
2019-20,2020-02-18,Round of 16,Atlético Madrid,Liverpool,68,38,1.4264705882352942,0.7352941176470589,2.1842105263157894,1.1842105263157894,0.5441176470588235,0.5263157894736842,0.7575757575757576,0.4,9,13,69,70,H,1,1,69,70,-0.7577399380804952,0.4489164086687305,0.24226006191950478,1.4489164086687305,0.017801857585139302,0.35757575757575755,-4,30,-1,0.017801857585139302,0.35757575757575755,4,0.7577399380804952,0.4489164086687305,22,1.0704334365325077,3.6106811145510838,1.9195046439628483,0.9821981424148607,0.7333333333333334
2019-20,2020-02-18,Round of 16,Dortmund,Paris SG,67,70,1.7313432835820894,1.3582089552238805,2.2714285714285714,1.0571428571428572,0.44776119402985076,0.5857142857142857,0.5588235294117647,0.5142857142857142,9,13,70,69,H,1,1,70,69,-0.5400852878464819,-0.30106609808102336,0.6742004264392323,0.9132196162046908,-0.13795309168443498,0.044537815126050484,-4,-3,1,0.13795309168443498,0.044537815126050484,4,0.5400852878464819,0.30106609808102336,22,1.0334754797441366,4.002771855010661,2.4153518123667377,0.8620469083155651,0.7333333333333334
2019-20,2020-02-19,Round of 16,Atalanta,Valencia,6,40,1.3333333333333333,2.0,1.575,1.125,0.3333333333333333,0.4,0.3333333333333333,0.3,7,8,70,71,H,1,1,70,71,-0.2416666666666667,-0.875,0.20833333333333326,-0.42500000000000004,-0.06666666666666671,0.033333333333333326,-1,-34,-1,0.06666666666666671,0.033333333333333326,1,0.2416666666666667,0.875,15,0.7333333333333334,2.908333333333333,3.125,0.9333333333333333,0.9333333333333333
2019-20,2020-02-19,Round of 16,Tottenham,RB Leipzig,43,12,1.8837209302325582,1.4651162790697674,1.6666666666666667,1.5833333333333333,0.46511627906976744,0.4166666666666667,0.5909090909090909,0.5,9,8,70,71,A,1,1,70,71,0.21705426356589141,0.11821705426356588,0.3003875968992249,0.20155038759689936,0.04844961240310075,0.09090909090909094,1,31,-1,0.04844961240310075,0.09090909090909094,1,0.21705426356589141,0.11821705426356588,17,0.8817829457364341,3.550387596899225,3.0484496124031004,0.9515503875968992,0.9333333333333333
2019-20,2020-02-25,Round of 16,Chelsea,Bayern Munich,71,106,1.971830985915493,1.028169014084507,2.4150943396226414,1.009433962264151,0.5070422535211268,0.6698113207547169,0.6285714285714286,0.5471698113207547,11,15,77,76,A,1,1,77,76,-0.4432633537071484,-0.018735051820355952,0.9623970236513419,1.3869253255381344,-0.1627690672335902,0.08140161725067385,-4,-35,1,0.1627690672335902,0.08140161725067385,4,0.4432633537071484,0.018735051820355952,26,1.1768535742758437,4.386925325538135,2.037602976348658,0.8372309327664098,0.7333333333333334
2019-20,2020-02-25,Round of 16,Napoli,Barcelona,40,108,1.65,1.35,2.175925925925926,0.8796296296296297,0.45,0.6481481481481481,0.65,0.48148148148148145,9,13,77,77,D,1,1,77,77,-0.5259259259259261,-0.47037037037037044,0.7703703703703703,0.825925925925926,-0.19814814814814813,0.16851851851851857,-4,-68,0,0.19814814814814813,0.16851851851851857,4,0.5259259259259261,0.47037037037037044,22,1.098148148148148,3.825925925925926,2.22962962962963,0.8018518518518518,0.7333333333333334
2019-20,2020-02-26,Round of 16,Lyon,Juventus,42,76,1.2857142857142858,1.380952380952381,1.513157894736842,0.8947368421052632,0.2857142857142857,0.5263157894736842,0.2857142857142857,0.4594594594594595,7,15,78,77,H,1,1,78,77,-0.22744360902255623,-0.48621553884711777,0.39097744360902265,0.1322055137844611,-0.24060150375939848,-0.1737451737451738,-8,-34,1,0.24060150375939848,0.1737451737451738,8,0.22744360902255623,0.48621553884711777,22,0.8120300751879699,2.798872180451128,2.275689223057644,0.7593984962406015,0.4666666666666667
2019-20,2020-02-26,Round of 16,Real Madrid,Manchester City,114,74,2.4298245614035086,0.9649122807017544,1.9864864864864864,1.3243243243243243,0.6842105263157895,0.4864864864864865,0.7586206896551724,0.43243243243243246,11,11,77,77,A,1,1,77,77,0.44333807491702215,0.35941204362256995,1.1055002370791842,1.0215742057847321,0.19772403982930298,0.3261882572227399,0,40,0,0.19772403982930298,0.3261882572227399,0,0.44333807491702215,0.35941204362256995,22,1.170697012802276,4.4163110478899945,2.289236605026079,0.802275960170697,1.0
2019-20,2020-03-10,Round of 16,RB Leipzig,Tottenham,13,44,1.6153846153846154,1.4615384615384615,1.8409090909090908,1.4545454545454546,0.46153846153846156,0.45454545454545453,0.3333333333333333,0.3333333333333333,11,9,20,20,H,1,1,20,20,-0.2255244755244754,-0.006993006993006867,0.16083916083916083,0.3793706293706294,0.006993006993007034,0.0,2,-31,0,0.006993006993007034,0.0,2,0.2255244755244754,0.006993006993006867,20,0.916083916083916,3.4562937062937062,2.916083916083916,0.9930069930069929,0.8666666666666667
2019-20,2020-03-10,Round of 16,Valencia,Atalanta,41,7,1.5609756097560976,1.1951219512195121,1.7142857142857142,1.8571428571428572,0.3902439024390244,0.42857142857142855,0.5,0.3333333333333333,8,10,20,20,A,1,1,20,20,-0.15331010452961658,0.6620209059233451,-0.2961672473867596,0.519163763066202,-0.038327526132404144,0.16666666666666669,-2,34,0,0.038327526132404144,0.16666666666666669,2,0.15331010452961658,0.6620209059233451,18,0.8188153310104529,3.2752613240418116,3.052264808362369,0.9616724738675959,0.8666666666666667
2019-20,2020-03-11,Round of 16,Liverpool,Atlético Madrid,39,69,2.128205128205128,1.1794871794871795,1.4202898550724639,0.7246376811594203,0.5128205128205128,0.5507246376811594,0.6666666666666666,0.34285714285714286,10,9,22,22,A,1,1,22,22,0.7079152731326643,-0.4548494983277592,1.4035674470457078,0.24080267558528434,-0.03790412486064665,0.32380952380952377,1,-30,0,0.03790412486064665,0.32380952380952377,1,0.7079152731326643,0.4548494983277592,19,1.0635451505016722,3.548494983277592,1.9041248606465997,0.9620958751393534,0.9333333333333333
2019-20,2020-03-11,Round of 16,Paris SG,Dortmund,71,68,2.2535211267605635,1.0704225352112675,1.7352941176470589,1.3529411764705883,0.5774647887323944,0.45588235294117646,0.6571428571428571,0.3333333333333333,10,9,22,22,H,1,1,22,22,0.5182270091135046,0.2825186412593208,0.9005799502899752,0.6648715824357914,0.12158243579121791,0.3238095238095238,1,3,0,0.12158243579121791,0.3238095238095238,1,0.5182270091135046,0.2825186412593208,19,1.033347141673571,3.9888152444076224,2.423363711681856,0.8784175642087821,0.9333333333333333
2019-20,2020-08-07,Round of 16,Juventus,Lyon,77,43,1.4935064935064934,0.8961038961038961,1.2790697674418605,1.3488372093023255,0.5194805194805194,0.3023255813953488,0.5897435897435898,0.2857142857142857,12,7,163,163,H,1,1,163,163,0.21443672606463293,0.45273331319842947,0.14466928420416791,0.38296587133796445,0.2171549380851706,0.30402930402930406,5,34,0,0.2171549380851706,0.30402930402930406,5,0.21443672606463293,0.45273331319842947,19,0.8218061008758683,2.772576260948354,2.2449411054062214,0.7828450619148294,0.6666666666666667
2019-20,2020-08-07,Round of 16,Manchester City,Real Madrid,75,115,1.9866666666666666,1.32,2.417391304347826,0.9739130434782609,0.49333333333333335,0.6782608695652174,0.5405405405405406,0.6071428571428571,11,10,163,163,H,1,1,163,163,-0.4307246376811593,-0.34608695652173915,1.0127536231884058,1.0973913043478258,-0.18492753623188402,-0.06660231660231652,1,-40,0,0.18492753623188402,0.06660231660231652,1,0.4307246376811593,0.34608695652173915,21,1.1715942028985507,4.404057971014493,2.293913043478261,0.8150724637681159,0.9333333333333333
2019-20,2020-08-08,Round of 16,Barcelona,Napoli,109,41,2.165137614678899,0.8807339449541285,1.6341463414634145,1.3414634146341464,0.6422018348623854,0.43902439024390244,0.8148148148148148,0.25,11,9,165,165,H,1,1,165,165,0.5309912732154844,0.46072946968001793,0.8236742000447526,0.753412396509286,0.20317744461848292,0.5648148148148148,2,68,0,0.20317744461848292,0.5648148148148148,2,0.5309912732154844,0.46072946968001793,20,1.0812262251062879,3.7992839561423137,2.222197359588275,0.7968225553815171,0.8666666666666667
2019-20,2020-08-08,Round of 16,Bayern Munich,Chelsea,107,72,2.4205607476635516,1.0,1.9444444444444444,1.0555555555555556,0.6728971962616822,0.5,0.7924528301886793,0.3888888888888889,15,8,165,165,H,1,1,165,165,0.47611630321910714,0.05555555555555558,1.365005192107996,0.9444444444444444,0.1728971962616822,0.4035639412997904,7,35,0,0.1728971962616822,0.4035639412997904,7,0.47611630321910714,0.05555555555555558,23,1.1728971962616823,4.365005192107996,2.0555555555555554,0.8271028037383178,0.5333333333333333
2019-20,2020-08-12,Quarter-finals,Atalanta,Paris SG,8,72,2.0,2.0,2.25,1.0555555555555556,0.5,0.5833333333333334,0.5,0.5,13,10,155,154,A,1,1,155,154,-0.25,-0.9444444444444444,0.9444444444444444,0.25,-0.08333333333333337,0.0,3,-64,1,0.08333333333333337,0.0,3,0.25,0.9444444444444444,23,1.0833333333333335,4.25,3.0555555555555554,0.9166666666666666,0.8
2019-20,2020-08-13,Quarter-finals,RB Leipzig,Atlético Madrid,14,70,1.7142857142857142,1.3571428571428572,1.4428571428571428,0.7428571428571429,0.5,0.5571428571428572,0.42857142857142855,0.3611111111111111,11,9,156,155,H,1,1,156,155,0.27142857142857135,-0.6142857142857143,0.9714285714285713,0.08571428571428563,-0.05714285714285716,0.06746031746031744,2,-56,1,0.05714285714285716,0.06746031746031744,2,0.27142857142857135,0.6142857142857143,20,1.0571428571428572,3.157142857142857,2.1,0.9428571428571428,0.8666666666666667
2019-20,2020-08-14,Quarter-finals,Barcelona,Bayern Munich,110,108,2.172727272727273,0.8818181818181818,2.435185185185185,1.0,0.6454545454545455,0.6759259259259259,0.8181818181818182,0.5555555555555556,11,15,6,6,A,1,1,6,6,-0.2624579124579123,0.11818181818181817,1.1727272727272728,1.5533670033670033,-0.030471380471380427,0.26262626262626265,-4,2,0,0.030471380471380427,0.26262626262626265,4,0.2624579124579123,0.11818181818181817,26,1.3213804713804715,4.607912457912458,1.8818181818181818,0.9695286195286196,0.7333333333333334
2019-20,2020-08-15,Quarter-finals,Manchester City,Lyon,76,44,1.986842105263158,1.3157894736842106,1.2727272727272727,1.3636363636363635,0.5,0.29545454545454547,0.5526315789473685,0.2727272727272727,11,7,8,8,A,1,1,8,8,0.7141148325358853,0.047846889952152916,0.6232057416267944,-0.04306220095693791,0.20454545454545453,0.27990430622009577,4,32,0,0.20454545454545453,0.27990430622009577,4,0.7141148325358853,0.047846889952152916,18,0.7954545454545454,3.259569377990431,2.679425837320574,0.7954545454545454,0.7333333333333334
2019-20,2020-08-18,Semi-finals,RB Leipzig,Paris SG,15,73,1.7333333333333334,1.3333333333333333,2.2465753424657535,1.0547945205479452,0.5333333333333333,0.589041095890411,0.5,0.5135135135135135,11,10,5,6,A,1,1,5,6,-0.5132420091324201,-0.27853881278538806,0.6785388127853882,0.9132420091324203,-0.055707762557077656,-0.013513513513513487,1,-58,-1,0.055707762557077656,0.013513513513513487,1,0.5132420091324201,0.27853881278538806,21,1.1223744292237443,3.979908675799087,2.3881278538812785,0.9442922374429223,0.9333333333333333
2019-20,2020-08-19,Semi-finals,Lyon,Bayern Munich,45,109,1.3111111111111111,1.3555555555555556,2.4862385321100917,1.0091743119266054,0.3111111111111111,0.6788990825688074,0.3181818181818182,0.5636363636363636,7,15,4,5,A,1,1,4,5,-1.1751274209989806,-0.3463812436289502,0.30193679918450567,1.130682976554536,-0.36778797145769626,-0.24545454545454543,-8,-64,-1,0.36778797145769626,0.24545454545454543,8,1.1751274209989806,0.3463812436289502,22,0.9900101936799185,3.797349643221203,2.3647298674821613,0.6322120285423037,0.4666666666666667
2019-20,2020-08-23,Final,Paris SG,Bayern Munich,74,110,2.2567567567567566,1.0405405405405406,2.4909090909090907,1.0,0.5945945945945946,0.6818181818181818,0.6666666666666666,0.5714285714285714,12,15,5,4,A,1,1,5,4,-0.23415233415233416,-0.04054054054054057,1.2567567567567566,1.4503685503685502,-0.08722358722358714,0.09523809523809523,-3,-36,1,0.08722358722358714,0.09523809523809523,3,0.23415233415233416,0.04054054054054057,27,1.2764127764127764,4.747665847665847,2.0405405405405403,0.9127764127764129,0.8
2020-21,2020-10-20,Group stage,Barcelona,Ferencváros,111,0,2.171171171171171,0.9459459459459459,0.0,0.0,0.6396396396396397,0.0,0.8035714285714286,0.0,10,0,67,-1,H,1,0,67,0,2.171171171171171,-0.9459459459459459,2.171171171171171,-0.9459459459459459,0.6396396396396397,0.8035714285714286,10,111,67,0.6396396396396397,0.8035714285714286,10,2.171171171171171,0.9459459459459459,10,0.6396396396396397,2.171171171171171,0.9459459459459459,0.36036036036036034,0.33333333333333337
2020-21,2020-10-20,Group stage,Chelsea,Sevilla,73,24,1.9315068493150684,1.095890410958904,1.3333333333333333,1.3333333333333333,0.4931506849315068,0.375,0.6111111111111112,0.16666666666666666,5,6,73,923,D,1,1,73,365,0.5981735159817352,0.2374429223744292,0.5981735159817352,0.2374429223744292,0.11815068493150682,0.44444444444444453,-1,49,-292,0.11815068493150682,0.44444444444444453,1,0.5981735159817352,0.2374429223744292,11,0.8681506849315068,3.2648401826484017,2.429223744292237,0.8818493150684932,0.9333333333333333
2020-21,2020-10-20,Group stage,Dynamo Kyiv,Juventus,20,78,1.15,1.15,1.5,0.8974358974358975,0.25,0.5256410256410257,0.3,0.4473684210526316,5,12,1414,74,A,1,1,365,74,-0.3500000000000001,-0.25256410256410244,0.25256410256410244,0.3500000000000001,-0.27564102564102566,-0.1473684210526316,-7,-58,291,0.27564102564102566,0.1473684210526316,7,0.3500000000000001,0.25256410256410244,17,0.7756410256410257,2.65,2.0474358974358973,0.7243589743589743,0.5333333333333333
2020-21,2020-10-20,Group stage,Lazio,Dortmund,0,69,0.0,0.0,1.710144927536232,1.3623188405797102,0.0,0.4492753623188406,0.0,0.3235294117647059,0,9,-1,223,H,0,1,0,223,-1.710144927536232,1.3623188405797102,-1.3623188405797102,1.710144927536232,-0.4492753623188406,-0.3235294117647059,-9,-69,-223,0.4492753623188406,0.3235294117647059,9,1.710144927536232,1.3623188405797102,9,0.4492753623188406,1.710144927536232,1.3623188405797102,0.5507246376811594,0.4
2020-21,2020-10-20,Group stage,Paris SG,Manchester Utd,75,61,2.2266666666666666,1.04,1.4426229508196722,0.9180327868852459,0.5866666666666667,0.5081967213114754,0.6486486486486487,0.45161290322580644,9,3,58,553,A,1,1,58,365,0.7840437158469944,-0.12196721311475411,1.3086338797814205,0.40262295081967214,0.07846994535519125,0.19703574542284225,6,14,-307,0.07846994535519125,0.19703574542284225,6,0.7840437158469944,0.12196721311475411,12,1.0948633879781422,3.6692896174863385,1.958032786885246,0.9215300546448087,0.6
2020-21,2020-10-20,Group stage,RB Leipzig,Başakşehir,16,0,1.625,1.4375,0.0,0.0,0.5,0.0,0.4444444444444444,0.0,10,0,63,-1,H,1,0,63,0,1.625,-1.4375,1.625,-1.4375,0.5,0.4444444444444444,10,16,63,0.5,0.4444444444444444,10,1.625,1.4375,10,0.5,1.625,1.4375,0.5,0.33333333333333337
2020-21,2020-10-20,Group stage,Rennes,Krasnodar,0,0,0.0,0.0,0.0,0.0,0.0,0.0,0.0,0.0,0,0,-1,-1,D,0,0,0,0,0.0,0.0,0.0,0.0,0.0,0.0,0,0,0,0.0,0.0,0,0.0,0.0,0,0.0,0.0,0.0,1.0,1.0
2020-21,2020-10-20,Group stage,Zenit,Club Brugge,42,18,1.1904761904761905,1.3333333333333333,0.6666666666666666,1.7222222222222223,0.38095238095238093,0.05555555555555555,0.47619047619047616,0.1111111111111111,6,2,315,314,A,1,1,315,314,0.5238095238095238,0.38888888888888906,-0.5317460317460319,-0.6666666666666666,0.32539682539682535,0.36507936507936506,4,24,1,0.32539682539682535,0.36507936507936506,4,0.5238095238095238,0.38888888888888906,8,0.4365079365079365,1.8571428571428572,3.0555555555555554,0.6746031746031746,0.7333333333333334
2020-21,2020-10-21,Group stage,Ajax,Liverpool,48,40,1.3958333333333333,1.4375,2.125,1.225,0.3541666666666667,0.5,0.375,0.38095238095238093,7,7,316,224,A,1,1,316,224,-0.7291666666666667,-0.2124999999999999,0.17083333333333317,0.6875,-0.14583333333333331,-0.005952380952380931,0,8,92,0.14583333333333331,0.005952380952380931,0,0.7291666666666667,0.2124999999999999,14,0.8541666666666667,3.520833333333333,2.6625,0.8541666666666667,1.0
2020-21,2020-10-21,Group stage,Bayern Munich,Atlético Madrid,111,71,2.4774774774774775,0.990990990990991,1.4366197183098592,0.7605633802816901,0.6846846846846847,0.5492957746478874,0.7962962962962963,0.35135135135135137,15,9,59,69,H,1,1,59,69,1.0408577591676182,-0.23042761070930085,1.7169140971957875,0.44562872731886827,0.13538891003679732,0.4449449449449449,6,40,-10,0.13538891003679732,0.4449449449449449,6,1.0408577591676182,0.23042761070930085,24,1.233980459332572,3.9140971957873365,1.751554371272681,0.8646110899632027,0.6
2020-21,2020-10-21,Group stage,Inter,Gladbach,30,12,1.4666666666666666,1.5333333333333334,1.0833333333333333,2.0,0.4,0.16666666666666666,0.4666666666666667,0.16666666666666666,6,5,316,1415,D,1,1,316,365,0.3833333333333333,0.46666666666666656,-0.5333333333333334,-0.4500000000000002,0.23333333333333336,0.30000000000000004,1,18,-49,0.23333333333333336,0.30000000000000004,1,0.3833333333333333,0.46666666666666656,11,0.5666666666666667,2.55,3.533333333333333,0.7666666666666666,0.9333333333333333
2020-21,2020-10-21,Group stage,Manchester City,Porto,77,62,1.974025974025974,1.3376623376623376,1.6129032258064515,1.2258064516129032,0.4935064935064935,0.46774193548387094,0.5384615384615384,0.3225806451612903,10,6,67,553,H,1,1,67,365,0.3611227482195225,-0.1118558860494343,0.7482195224130708,0.27524088814411396,0.025764558022622563,0.21588089330024812,4,15,-298,0.025764558022622563,0.21588089330024812,4,0.3611227482195225,0.1118558860494343,16,0.9612484289903644,3.5869291998324258,2.563468789275241,0.9742354419773774,0.7333333333333334
2020-21,2020-10-21,Group stage,Midtjylland,Atalanta,0,9,0.0,0.0,1.8888888888888888,2.0,0.0,0.4444444444444444,0.0,0.5,0,12,-1,70,A,0,1,0,70,-1.8888888888888888,2.0,-2.0,1.8888888888888888,-0.4444444444444444,-0.5,-12,-9,-70,0.4444444444444444,0.5,12,1.8888888888888888,2.0,12,0.4444444444444444,1.8888888888888888,2.0,0.5555555555555556,0.19999999999999996
2020-21,2020-10-21,Group stage,Olympiacos,Marseille,44,24,1.2954545454545454,1.7954545454545454,1.125,1.2083333333333333,0.38636363636363635,0.3333333333333333,0.5454545454545454,0.3333333333333333,3,0,315,2506,H,1,1,315,365,0.17045454545454541,-0.5871212121212122,0.08712121212121215,-0.6704545454545454,0.05303030303030304,0.2121212121212121,3,20,-50,0.05303030303030304,0.2121212121212121,3,0.17045454545454541,0.5871212121212122,3,0.7196969696969697,2.4204545454545454,3.003787878787879,0.946969696969697,0.8
2020-21,2020-10-21,Group stage,RB Salzburg,Loko Moscow,6,12,2.6666666666666665,2.1666666666666665,0.6666666666666666,1.9166666666666667,0.3333333333333333,0.16666666666666666,0.3333333333333333,0.16666666666666666,4,0,316,315,D,1,1,316,315,2.0,-0.24999999999999978,0.7499999999999998,-1.5,0.16666666666666666,0.16666666666666666,4,-6,1,0.16666666666666666,0.16666666666666666,4,2.0,0.24999999999999978,4,0.5,3.333333333333333,4.083333333333333,0.8333333333333334,0.7333333333333334
2020-21,2020-10-21,Group stage,Real Madrid,Shakhtar D.,116,64,2.4051724137931036,0.9827586206896551,1.484375,1.65625,0.6724137931034483,0.359375,0.7457627118644068,0.3125,7,6,75,315,A,1,1,75,315,0.9207974137931036,0.6734913793103449,0.7489224137931036,0.5016163793103449,0.3130387931034483,0.4332627118644068,1,52,-240,0.3130387931034483,0.4332627118644068,1,0.9207974137931036,0.6734913793103449,13,1.0317887931034484,3.8895474137931036,2.6390086206896552,0.6869612068965517,0.9333333333333333
2020-21,2020-10-27,Group stage,Atalanta,Ajax,10,49,2.1,1.8,1.3673469387755102,1.4285714285714286,0.5,0.3469387755102041,0.4,0.3333333333333333,12,4,6,6,D,1,1,6,6,0.7326530612244899,-0.37142857142857144,0.6714285714285715,-0.4326530612244899,0.15306122448979592,0.06666666666666671,8,-39,0,0.15306122448979592,0.06666666666666671,8,0.7326530612244899,0.37142857142857144,16,0.846938775510204,3.4673469387755103,3.2285714285714286,0.846938775510204,0.4666666666666667
2020-21,2020-10-27,Group stage,Atlético Madrid,RB Salzburg,72,7,1.4166666666666667,0.8055555555555556,2.5714285714285716,2.142857142857143,0.5416666666666666,0.2857142857142857,0.7647058823529411,0.3333333333333333,9,5,6,6,H,1,1,6,6,-1.1547619047619049,1.3373015873015872,-0.726190476190476,1.765873015873016,0.25595238095238093,0.4313725490196078,4,65,0,0.25595238095238093,0.4313725490196078,4,1.1547619047619049,1.3373015873015872,14,0.8273809523809523,3.988095238095238,2.9484126984126986,0.7440476190476191,0.7333333333333334
2020-21,2020-10-27,Group stage,Gladbach,Real Madrid,13,117,1.1538461538461537,2.0,2.4017094017094016,1.0,0.15384615384615385,0.6666666666666666,0.16666666666666666,0.5964912280701754,6,4,6,6,D,1,1,6,6,-1.2478632478632479,-1.0,0.15384615384615374,0.4017094017094016,-0.5128205128205128,-0.4298245614035088,2,-104,0,0.5128205128205128,0.4298245614035088,2,1.2478632478632479,1.0,10,0.8205128205128205,3.5555555555555554,3.0,0.4871794871794872,0.8666666666666667
2020-21,2020-10-27,Group stage,Liverpool,Midtjylland,41,1,2.097560975609756,1.1951219512195121,0.0,4.0,0.5121951219512195,0.0,0.631578947368421,0.0,7,0,6,6,H,1,1,6,6,2.097560975609756,2.8048780487804876,-1.9024390243902438,-1.1951219512195121,0.5121951219512195,0.631578947368421,7,40,0,0.5121951219512195,0.631578947368421,7,2.097560975609756,2.8048780487804876,7,0.5121951219512195,2.097560975609756,5.195121951219512,0.4878048780487805,0.5333333333333333
2020-21,2020-10-27,Group stage,Loko Moscow,Bayern Munich,13,112,0.7692307692307693,1.9230769230769231,2.4910714285714284,0.9821428571428571,0.15384615384615385,0.6875,0.16666666666666666,0.5789473684210527,1,15,6,6,A,1,1,6,6,-1.7218406593406592,-0.940934065934066,-0.21291208791208782,0.5679945054945053,-0.5336538461538461,-0.412280701754386,-14,-99,0,0.5336538461538461,0.412280701754386,14,1.7218406593406592,0.940934065934066,16,0.8413461538461539,3.2603021978021975,2.90521978021978,0.46634615384615385,0.06666666666666665
2020-21,2020-10-27,Group stage,Marseille,Manchester City,25,78,1.08,1.2,1.9871794871794872,1.3333333333333333,0.32,0.5,0.3333333333333333,0.4473684210526316,0,12,6,6,A,1,1,6,6,-0.9071794871794872,0.1333333333333333,-0.2533333333333332,0.7871794871794873,-0.18,-0.11403508771929827,-12,-53,0,0.18,0.11403508771929827,12,0.9071794871794872,0.1333333333333333,12,0.8200000000000001,3.0671794871794873,2.533333333333333,0.8200000000000001,0.19999999999999996
2020-21,2020-10-27,Group stage,Porto,Olympiacos,63,45,1.6031746031746033,1.253968253968254,1.288888888888889,1.7555555555555555,0.4603174603174603,0.4,0.6129032258064516,0.22727272727272727,3,6,6,6,H,1,1,6,6,0.3142857142857143,0.5015873015873016,-0.15238095238095228,0.03492063492063502,0.06031746031746027,0.38563049853372433,-3,18,0,0.06031746031746027,0.38563049853372433,3,0.3142857142857143,0.5015873015873016,9,0.8603174603174604,2.8920634920634924,3.0095238095238095,0.9396825396825397,0.8
2020-21,2020-10-27,Group stage,Shakhtar D.,Inter,65,31,1.5076923076923077,1.6615384615384616,1.4838709677419355,1.5483870967741935,0.36923076923076925,0.3870967741935484,0.40625,0.3333333333333333,6,7,6,6,D,1,1,6,6,0.023821339950372167,-0.11315136476426813,-0.04069478908188584,-0.17766749379652613,-0.017866004962779125,0.07291666666666669,-1,34,0,0.017866004962779125,0.07291666666666669,1,0.023821339950372167,0.11315136476426813,13,0.7563275434243176,2.991563275434243,3.209925558312655,0.9821339950372209,0.9333333333333333
2020-21,2020-10-28,Group stage,Başakşehir,Paris SG,1,76,0.0,2.0,2.210526315789474,1.0526315789473684,0.0,0.5789473684210527,0.0,0.5263157894736842,0,9,8,8,A,1,1,8,8,-2.210526315789474,-0.9473684210526316,-1.0526315789473684,0.2105263157894739,-0.5789473684210527,-0.5263157894736842,-9,-75,0,0.5789473684210527,0.5263157894736842,9,2.210526315789474,0.9473684210526316,9,0.5789473684210527,2.210526315789474,3.052631578947368,0.42105263157894735,0.4
2020-21,2020-10-28,Group stage,Club Brugge,Lazio,19,1,0.7368421052631579,1.6842105263157894,3.0,1.0,0.10526315789473684,1.0,0.0,0.0,4,3,8,8,D,1,1,8,8,-2.263157894736842,-0.6842105263157894,-0.26315789473684215,1.3157894736842106,-0.8947368421052632,0.0,1,18,0,0.8947368421052632,0.0,1,2.263157894736842,0.6842105263157894,7,1.1052631578947367,3.736842105263158,2.6842105263157894,0.10526315789473684,0.9333333333333333
2020-21,2020-10-28,Group stage,Dortmund,Zenit,70,43,1.7,1.3857142857142857,1.186046511627907,1.3488372093023255,0.44285714285714284,0.37209302325581395,0.5714285714285714,0.2857142857142857,6,3,8,8,H,1,1,8,8,0.5139534883720929,-0.03687707641196014,0.3511627906976744,-0.1996677740863786,0.07076411960132889,0.2857142857142857,3,27,0,0.07076411960132889,0.2857142857142857,3,0.5139534883720929,0.03687707641196014,9,0.8149501661129568,2.886046511627907,2.7345514950166114,0.9292358803986711,0.8
2020-21,2020-10-28,Group stage,Ferencváros,Dynamo Kyiv,1,21,1.0,5.0,1.0952380952380953,1.1904761904761905,0.0,0.23809523809523808,0.0,0.2,0,4,8,8,D,1,1,8,8,-0.09523809523809534,-3.8095238095238093,-0.19047619047619047,-3.9047619047619047,-0.23809523809523808,-0.2,-4,-20,0,0.23809523809523808,0.2,4,0.09523809523809534,3.8095238095238093,4,0.23809523809523808,2.0952380952380953,6.190476190476191,0.7619047619047619,0.7333333333333334
2020-21,2020-10-28,Group stage,Juventus,Barcelona,79,112,1.5063291139240507,0.8860759493670886,2.1964285714285716,0.9464285714285714,0.5316455696202531,0.6428571428571429,0.6,0.4727272727272727,12,10,8,8,A,1,1,8,8,-0.690099457504521,0.06035262206148284,0.5599005424954793,1.3103526220614832,-0.1112115732368898,0.12727272727272726,2,-33,0,0.1112115732368898,0.12727272727272726,2,0.690099457504521,0.06035262206148284,22,1.1745027124773961,3.7027576853526223,1.83250452079566,0.8887884267631102,0.8666666666666667
2020-21,2020-10-28,Group stage,Krasnodar,Chelsea,1,74,1.0,1.0,1.9054054054054055,1.0810810810810811,0.0,0.4864864864864865,0.0,0.3783783783783784,1,5,8,8,A,1,1,8,8,-0.9054054054054055,0.08108108108108114,-0.08108108108108114,0.9054054054054055,-0.4864864864864865,-0.3783783783783784,-4,-73,0,0.4864864864864865,0.3783783783783784,4,0.9054054054054055,0.08108108108108114,6,0.4864864864864865,2.9054054054054053,2.081081081081081,0.5135135135135135,0.7333333333333334
2020-21,2020-10-28,Group stage,Manchester Utd,RB Leipzig,62,17,1.4516129032258065,0.9193548387096774,1.6470588235294117,1.3529411764705883,0.5161290322580645,0.5294117647058824,0.5666666666666667,0.5714285714285714,6,12,8,8,H,1,1,8,8,-0.1954459203036052,0.43358633776091093,0.09867172675521818,0.7277039848197343,-0.013282732447817858,-0.004761904761904745,-6,45,0,0.013282732447817858,0.004761904761904745,6,0.1954459203036052,0.43358633776091093,18,1.0455407969639468,3.098671726755218,2.272296015180266,0.9867172675521821,0.6
2020-21,2020-10-28,Group stage,Sevilla,Rennes,25,1,1.28,1.28,1.0,1.0,0.36,0.0,0.5833333333333334,0.0,6,1,8,8,H,1,1,8,8,0.28,-0.28,0.28,-0.28,0.36,0.5833333333333334,5,24,0,0.36,0.5833333333333334,5,0.28,0.28,7,0.36,2.2800000000000002,2.2800000000000002,0.64,0.6666666666666667
2020-21,2020-11-03,Group stage,Atalanta,Liverpool,11,42,2.090909090909091,1.8181818181818181,2.0952380952380953,1.1666666666666667,0.45454545454545453,0.5238095238095238,0.3333333333333333,0.4090909090909091,10,9,7,7,A,1,1,7,7,-0.0043290043290045155,-0.6515151515151514,0.9242424242424241,0.2770562770562772,-0.0692640692640693,-0.0757575757575758,1,-31,0,0.0692640692640693,0.0757575757575758,1,0.0043290043290045155,0.6515151515151514,19,0.9783549783549783,4.186147186147187,2.984848484848485,0.9307359307359306,0.9333333333333333
2020-21,2020-11-03,Group stage,Loko Moscow,Atlético Madrid,14,73,0.7857142857142857,1.9285714285714286,1.4383561643835616,0.821917808219178,0.14285714285714285,0.547945205479452,0.14285714285714285,0.34210526315789475,1,9,7,7,D,1,1,7,7,-0.6526418786692759,-1.1066536203522506,-0.03620352250489234,-0.490215264187867,-0.4050880626223092,-0.1992481203007519,-8,-59,0,0.4050880626223092,0.1992481203007519,8,0.6526418786692759,1.1066536203522506,10,0.6908023483365948,2.224070450097847,2.7504892367906066,0.5949119373776908,0.4666666666666667
2020-21,2020-11-03,Group stage,Manchester City,Olympiacos,79,46,2.0,1.3164556962025316,1.2608695652173914,1.7608695652173914,0.5063291139240507,0.391304347826087,0.55,0.21739130434782608,12,6,7,7,H,1,1,7,7,0.7391304347826086,0.4444138690148598,0.23913043478260865,-0.0555861309851402,0.1150247660979637,0.332608695652174,6,33,0,0.1150247660979637,0.332608695652174,6,0.7391304347826086,0.4444138690148598,18,0.8976334617501376,3.2608695652173916,3.077325261419923,0.8849752339020363,0.6
2020-21,2020-11-03,Group stage,Midtjylland,Ajax,2,50,0.0,3.0,1.38,1.44,0.0,0.34,0.0,0.32,0,5,7,7,A,1,1,7,7,-1.38,-1.56,-1.44,-1.62,-0.34,-0.32,-5,-48,0,0.34,0.32,5,1.38,1.56,5,0.34,1.38,4.4399999999999995,0.6599999999999999,0.6666666666666667
2020-21,2020-11-03,Group stage,Porto,Marseille,64,26,1.609375,1.234375,1.0384615384615385,1.2692307692307692,0.46875,0.3076923076923077,0.625,0.3076923076923077,6,0,7,7,H,1,1,7,7,0.5709134615384615,0.03485576923076916,0.34014423076923084,-0.19591346153846145,0.1610576923076923,0.3173076923076923,6,38,0,0.1610576923076923,0.3173076923076923,6,0.5709134615384615,0.03485576923076916,6,0.7764423076923077,2.6478365384615383,2.503605769230769,0.8389423076923077,0.6
2020-21,2020-11-03,Group stage,RB Salzburg,Bayern Munich,8,113,2.5,2.25,2.4867256637168142,0.9823008849557522,0.25,0.6902654867256637,0.25,0.5862068965517241,5,15,7,7,A,1,1,7,7,0.01327433628318575,-1.2676991150442478,1.5176991150442478,0.23672566371681425,-0.4402654867256637,-0.3362068965517241,-10,-105,0,0.4402654867256637,0.3362068965517241,10,0.01327433628318575,1.2676991150442478,20,0.9402654867256637,4.986725663716815,3.232300884955752,0.5597345132743363,0.33333333333333337
2020-21,2020-11-03,Group stage,Real Madrid,Inter,118,32,2.3983050847457625,1.0084745762711864,1.4375,1.5,0.6610169491525424,0.375,0.7333333333333333,0.3125,4,5,7,7,H,1,1,7,7,0.9608050847457625,0.4915254237288136,0.8983050847457625,0.4290254237288136,0.2860169491525424,0.4208333333333333,-1,86,0,0.2860169491525424,0.4208333333333333,1,0.9608050847457625,0.4915254237288136,9,1.0360169491525424,3.8358050847457625,2.5084745762711864,0.7139830508474576,0.9333333333333333
2020-21,2020-11-03,Group stage,Shakhtar D.,Gladbach,66,14,1.4848484848484849,1.6363636363636365,1.2142857142857142,2.0,0.36363636363636365,0.14285714285714285,0.3939393939393939,0.14285714285714285,6,4,7,7,A,1,1,7,7,0.27056277056277067,0.36363636363636354,-0.5151515151515151,-0.4220779220779223,0.2207792207792208,0.2510822510822511,2,52,0,0.2207792207792208,0.2510822510822511,2,0.27056277056277067,0.36363636363636354,10,0.5064935064935066,2.699134199134199,3.6363636363636367,0.7792207792207793,0.8666666666666667
2020-21,2020-11-04,Group stage,Barcelona,Dynamo Kyiv,113,22,2.1946902654867255,0.9380530973451328,1.1363636363636365,1.2272727272727273,0.6460176991150443,0.22727272727272727,0.8070175438596491,0.18181818181818182,10,5,7,7,H,1,1,7,7,1.058326629123089,0.28921962992759453,0.9674175382139982,0.1983105390185037,0.41874497184231696,0.6251993620414673,5,91,0,0.41874497184231696,0.6251993620414673,5,1.058326629123089,0.28921962992759453,15,0.8732904263877715,3.331053901850362,2.16532582461786,0.581255028157683,0.6666666666666667
2020-21,2020-11-04,Group stage,Başakşehir,Manchester Utd,2,63,0.0,2.0,1.507936507936508,0.9047619047619048,0.0,0.5238095238095238,0.0,0.46875,0,9,7,7,H,1,1,7,7,-1.507936507936508,-1.0952380952380953,-0.9047619047619048,-0.4920634920634921,-0.5238095238095238,-0.46875,-9,-61,0,0.5238095238095238,0.46875,9,1.507936507936508,1.0952380952380953,9,0.5238095238095238,1.507936507936508,2.9047619047619047,0.47619047619047616,0.4
2020-21,2020-11-04,Group stage,Chelsea,Rennes,75,2,1.9333333333333333,1.0666666666666667,0.5,1.0,0.49333333333333335,0.0,0.5945945945945946,0.0,7,1,7,7,H,1,1,7,7,1.4333333333333333,-0.06666666666666665,0.9333333333333333,-0.5666666666666667,0.49333333333333335,0.5945945945945946,6,73,0,0.49333333333333335,0.5945945945945946,6,1.4333333333333333,0.06666666666666665,8,0.49333333333333335,2.4333333333333336,2.0666666666666664,0.5066666666666666,0.6
2020-21,2020-11-04,Group stage,Club Brugge,Dortmund,20,71,0.75,1.65,1.704225352112676,1.3661971830985915,0.1,0.4507042253521127,0.0,0.3142857142857143,5,9,7,7,A,1,1,7,7,-0.954225352112676,-0.2838028169014084,-0.6161971830985915,0.054225352112676095,-0.35070422535211265,-0.3142857142857143,-4,-51,0,0.35070422535211265,0.3142857142857143,4,0.954225352112676,0.2838028169014084,14,0.5507042253521127,2.454225352112676,3.0161971830985914,0.6492957746478873,0.7333333333333334
2020-21,2020-11-04,Group stage,Ferencváros,Juventus,2,80,1.5,3.5,1.4875,0.9,0.0,0.525,0.0,0.46153846153846156,1,9,7,7,A,1,1,7,7,0.012499999999999956,-2.6,0.6,-2.0125,-0.525,-0.46153846153846156,-8,-78,0,0.525,0.46153846153846156,8,0.012499999999999956,2.6,10,0.525,2.9875,4.4,0.475,0.4666666666666667
2020-21,2020-11-04,Group stage,RB Leipzig,Paris SG,18,77,1.5555555555555556,1.5555555555555556,2.207792207792208,1.0389610389610389,0.5,0.5844155844155844,0.5,0.5384615384615384,9,9,7,7,H,1,1,7,7,-0.6522366522366523,-0.5165945165945167,0.5165945165945167,0.6522366522366523,-0.08441558441558439,-0.038461538461538436,0,-59,0,0.08441558441558439,0.038461538461538436,0,0.6522366522366523,0.5165945165945167,18,1.0844155844155843,3.763347763347763,2.5945165945165947,0.9155844155844156,1.0
2020-21,2020-11-04,Group stage,Sevilla,Krasnodar,26,2,1.2692307692307692,1.2307692307692308,0.5,2.5,0.38461538461538464,0.0,0.6153846153846154,0.0,8,1,7,7,H,1,1,7,7,0.7692307692307692,1.2692307692307692,-1.2307692307692308,-0.7307692307692308,0.38461538461538464,0.6153846153846154,7,24,0,0.38461538461538464,0.6153846153846154,7,0.7692307692307692,1.2692307692307692,9,0.38461538461538464,1.7692307692307692,3.730769230769231,0.6153846153846154,0.5333333333333333
2020-21,2020-11-04,Group stage,Zenit,Lazio,44,2,1.1590909090909092,1.3636363636363635,2.0,1.0,0.36363636363636365,0.5,0.45454545454545453,0.0,3,4,7,7,D,1,1,7,7,-0.8409090909090908,-0.36363636363636354,0.15909090909090917,0.6363636363636365,-0.13636363636363635,0.45454545454545453,-1,42,0,0.13636363636363635,0.45454545454545453,1,0.8409090909090908,0.36363636363636354,7,0.8636363636363636,3.159090909090909,2.3636363636363633,0.8636363636363636,0.9333333333333333
2020-21,2020-11-24,Group stage,Dortmund,Club Brugge,72,21,1.7222222222222223,1.3472222222222223,0.7142857142857143,1.7142857142857142,0.4583333333333333,0.09523809523809523,0.5833333333333334,0.2,9,5,20,20,H,1,1,20,20,1.007936507936508,0.36706349206349187,0.00793650793650813,-0.632936507936508,0.3630952380952381,0.38333333333333336,4,51,0,0.3630952380952381,0.38333333333333336,4,1.007936507936508,0.36706349206349187,14,0.5535714285714286,2.4365079365079367,3.0615079365079367,0.6369047619047619,0.7333333333333334
2020-21,2020-11-24,Group stage,Dynamo Kyiv,Barcelona,23,114,1.1304347826086956,1.2608695652173914,2.192982456140351,0.9385964912280702,0.21739130434782608,0.6491228070175439,0.2727272727272727,0.48214285714285715,5,12,20,20,A,1,1,20,20,-1.0625476735316555,-0.32227307398932115,0.19183829138062536,0.9321128909229597,-0.4317315026697178,-0.20941558441558444,-7,-91,0,0.4317315026697178,0.20941558441558444,7,1.0625476735316555,0.32227307398932115,17,0.8665141113653699,3.3234172387490464,2.199466056445462,0.5682684973302822,0.5333333333333333
2020-21,2020-11-24,Group stage,Juventus,Ferencváros,81,3,1.5185185185185186,0.9012345679012346,1.3333333333333333,3.6666666666666665,0.5308641975308642,0.0,0.5853658536585366,0.0,9,1,20,20,H,1,1,20,20,0.18518518518518534,2.765432098765432,-2.148148148148148,0.4320987654320987,0.5308641975308642,0.5853658536585366,8,78,0,0.5308641975308642,0.5853658536585366,8,0.18518518518518534,2.765432098765432,10,0.5308641975308642,2.851851851851852,4.567901234567901,0.4691358024691358,0.4666666666666667
2020-21,2020-11-24,Group stage,Krasnodar,Sevilla,3,27,1.0,2.6666666666666665,1.3333333333333333,1.2592592592592593,0.0,0.4074074074074074,0.0,0.15384615384615385,1,8,20,20,A,1,1,20,20,-0.33333333333333326,-1.4074074074074072,-0.2592592592592593,-1.3333333333333333,-0.4074074074074074,-0.15384615384615385,-7,-24,0,0.4074074074074074,0.15384615384615385,7,0.33333333333333326,1.4074074074074072,9,0.4074074074074074,2.333333333333333,3.9259259259259256,0.5925925925925926,0.5333333333333333
2020-21,2020-11-24,Group stage,Lazio,Zenit,3,45,1.6666666666666667,1.0,1.1555555555555554,1.3555555555555556,0.3333333333333333,0.35555555555555557,1.0,0.2727272727272727,5,4,20,20,H,1,1,20,20,0.5111111111111113,0.3555555555555556,0.3111111111111111,0.15555555555555545,-0.022222222222222254,0.7272727272727273,1,-42,0,0.022222222222222254,0.7272727272727273,1,0.5111111111111113,0.3555555555555556,9,0.6888888888888889,2.822222222222222,2.3555555555555556,0.9777777777777777,0.9333333333333333
2020-21,2020-11-24,Group stage,Manchester Utd,Başakşehir,64,3,1.5,0.921875,0.6666666666666666,1.6666666666666667,0.515625,0.3333333333333333,0.5806451612903226,0.0,6,3,20,20,H,1,1,20,20,0.8333333333333334,0.7447916666666667,-0.16666666666666674,-0.25520833333333337,0.18229166666666669,0.5806451612903226,3,61,0,0.18229166666666669,0.5806451612903226,3,0.8333333333333334,0.7447916666666667,9,0.8489583333333333,2.1666666666666665,2.588541666666667,0.8177083333333333,0.8
2020-21,2020-11-24,Group stage,Paris SG,RB Leipzig,78,19,2.1923076923076925,1.0512820512820513,1.5789473684210527,1.5263157894736843,0.5769230769230769,0.5263157894736842,0.631578947368421,0.5,6,9,20,20,H,1,1,20,20,0.6133603238866399,0.47503373819163297,0.6659919028340082,0.5276653171390013,0.05060728744939269,0.13157894736842102,-3,59,0,0.05060728744939269,0.13157894736842102,3,0.6133603238866399,0.47503373819163297,15,1.1032388663967612,3.771255060728745,2.5775978407557356,0.9493927125506073,0.8
2020-21,2020-11-24,Group stage,Rennes,Chelsea,3,76,0.3333333333333333,1.6666666666666667,1.9473684210526316,1.0526315789473684,0.0,0.5,0.0,0.39473684210526316,1,7,20,20,A,1,1,20,20,-1.6140350877192984,-0.6140350877192984,-0.7192982456140351,0.2807017543859649,-0.5,-0.39473684210526316,-6,-73,0,0.5,0.39473684210526316,6,1.6140350877192984,0.6140350877192984,8,0.5,2.280701754385965,2.719298245614035,0.5,0.6
2020-21,2020-11-25,Group stage,Ajax,Midtjylland,51,3,1.392156862745098,1.4313725490196079,0.3333333333333333,2.6666666666666665,0.35294117647058826,0.0,0.36,0.0,7,0,22,22,H,1,1,22,22,1.0588235294117647,1.2352941176470587,-1.2745098039215685,-1.0980392156862746,0.35294117647058826,0.36,7,48,0,0.35294117647058826,0.36,7,1.0588235294117647,1.2352941176470587,7,0.35294117647058826,1.7254901960784312,4.098039215686274,0.6470588235294117,0.5333333333333333
2020-21,2020-11-25,Group stage,Atlético Madrid,Loko Moscow,74,15,1.4324324324324325,0.8243243243243243,0.8,1.8666666666666667,0.5405405405405406,0.13333333333333333,0.7714285714285715,0.14285714285714285,7,2,22,22,D,1,1,22,22,0.6324324324324324,1.0423423423423424,-0.43423423423423424,-0.024324324324324298,0.40720720720720727,0.6285714285714286,5,59,0,0.40720720720720727,0.6285714285714286,5,0.6324324324324324,1.0423423423423424,9,0.6738738738738739,2.2324324324324323,2.690990990990991,0.5927927927927927,0.6666666666666667
2020-21,2020-11-25,Group stage,Bayern Munich,RB Salzburg,114,9,2.517543859649123,0.9912280701754386,2.4444444444444446,2.6666666666666665,0.6929824561403509,0.2222222222222222,0.8,0.25,15,4,22,22,H,1,1,22,22,0.07309941520467822,1.675438596491228,-0.14912280701754366,1.453216374269006,0.4707602339181287,0.55,11,105,0,0.4707602339181287,0.55,11,0.07309941520467822,1.675438596491228,19,0.9152046783625731,4.961988304093568,3.6578947368421053,0.5292397660818713,0.2666666666666667
2020-21,2020-11-25,Group stage,Gladbach,Shakhtar D.,15,67,1.5333333333333334,1.8666666666666667,1.462686567164179,1.7014925373134329,0.2,0.3582089552238806,0.14285714285714285,0.3333333333333333,6,5,22,22,H,1,1,22,22,0.07064676616915433,-0.16517412935323383,-0.16815920398009943,-0.4039800995024876,-0.15820895522388057,-0.19047619047619047,1,-52,0,0.15820895522388057,0.19047619047619047,1,0.07064676616915433,0.16517412935323383,11,0.5582089552238806,2.9960199004975125,3.5681592039800996,0.8417910447761194,0.9333333333333333
2020-21,2020-11-25,Group stage,Inter,Real Madrid,33,119,1.4545454545454546,1.5454545454545454,2.403361344537815,1.0168067226890756,0.36363636363636365,0.6638655462184874,0.4375,0.5862068965517241,5,4,22,22,A,1,1,22,22,-0.9488158899923604,-0.5286478227654698,0.437738731856379,0.8579067990832696,-0.3002291825821237,-0.1487068965517241,1,-86,0,0.3002291825821237,0.1487068965517241,1,0.9488158899923604,0.5286478227654698,9,1.027501909854851,3.8579067990832696,2.562261268143621,0.6997708174178763,0.9333333333333333
2020-21,2020-11-25,Group stage,Liverpool,Atalanta,43,12,2.1627906976744184,1.1395348837209303,1.9166666666666667,2.0833333333333335,0.5348837209302325,0.4166666666666667,0.65,0.6,9,7,22,22,A,1,1,22,22,0.2461240310077517,0.9437984496124032,0.07945736434108497,0.7771317829457365,0.11821705426356582,0.050000000000000044,2,31,0,0.11821705426356582,0.050000000000000044,2,0.2461240310077517,0.9437984496124032,16,0.9515503875968991,4.079457364341085,3.2228682170542635,0.8817829457364341,0.8666666666666667
2020-21,2020-11-25,Group stage,Marseille,Porto,27,65,1.0,1.3333333333333333,1.6307692307692307,1.2153846153846153,0.2962962962962963,0.47692307692307695,0.3076923076923077,0.3125,0,6,22,22,A,1,1,22,22,-0.6307692307692307,-0.11794871794871797,-0.21538461538461529,0.2974358974358975,-0.18062678062678067,-0.004807692307692291,-6,-38,0,0.18062678062678067,0.004807692307692291,6,0.6307692307692307,0.11794871794871797,6,0.7732193732193733,2.6307692307692307,2.5487179487179485,0.8193732193732193,0.6
2020-21,2020-11-25,Group stage,Olympiacos,Manchester City,47,80,1.2340425531914894,1.7872340425531914,2.0125,1.3,0.3829787234042553,0.5125,0.5652173913043478,0.46153846153846156,6,12,22,22,A,1,1,22,22,-0.7784574468085108,-0.48723404255319136,-0.06595744680851068,0.22526595744680877,-0.12952127659574464,0.10367892976588622,-6,-33,0,0.12952127659574464,0.10367892976588622,6,0.7784574468085108,0.48723404255319136,18,0.8954787234042553,3.2465425531914898,3.0872340425531917,0.8704787234042554,0.6
2020-21,2020-12-01,Group stage,Atalanta,Midtjylland,13,4,1.9230769230769231,1.9230769230769231,0.5,2.75,0.46153846153846156,0.0,0.2857142857142857,0.0,7,0,6,6,D,1,1,6,6,1.4230769230769231,0.8269230769230769,-0.8269230769230769,-1.4230769230769231,0.46153846153846156,0.2857142857142857,7,9,0,0.46153846153846156,0.2857142857142857,7,1.4230769230769231,0.8269230769230769,7,0.46153846153846156,2.4230769230769234,4.673076923076923,0.5384615384615384,0.5333333333333333
2020-21,2020-12-01,Group stage,Atlético Madrid,Bayern Munich,75,115,1.4133333333333333,0.8133333333333334,2.5217391304347827,0.991304347826087,0.5333333333333333,0.6956521739130435,0.75,0.5932203389830508,5,15,6,6,D,1,1,6,6,-1.1084057971014494,0.17797101449275365,0.4220289855072463,1.7084057971014492,-0.16231884057971013,0.15677966101694918,-10,-40,0,0.16231884057971013,0.15677966101694918,10,1.1084057971014494,0.17797101449275365,20,1.2289855072463767,3.9350724637681163,1.8046376811594205,0.8376811594202899,0.33333333333333337
2020-21,2020-12-01,Group stage,Gladbach,Inter,16,34,1.6875,1.75,1.411764705882353,1.5588235294117647,0.25,0.35294117647058826,0.25,0.29411764705882354,8,2,6,6,A,1,1,6,6,0.27573529411764697,-0.19117647058823528,0.12867647058823528,-0.33823529411764697,-0.10294117647058826,-0.04411764705882354,6,-18,0,0.10294117647058826,0.04411764705882354,6,0.27573529411764697,0.19117647058823528,10,0.6029411764705883,3.0992647058823533,3.3088235294117645,0.8970588235294117,0.6
2020-21,2020-12-01,Group stage,Liverpool,Ajax,44,52,2.1136363636363638,1.1590909090909092,1.4230769230769231,1.4230769230769231,0.5227272727272727,0.36538461538461536,0.6190476190476191,0.34615384615384615,9,7,6,6,H,1,1,6,6,0.6905594405594406,0.26398601398601396,0.6905594405594406,0.26398601398601396,0.15734265734265734,0.2728937728937729,2,-8,0,0.15734265734265734,0.2728937728937729,2,0.6905594405594406,0.26398601398601396,16,0.8881118881118881,3.5367132867132867,2.5821678321678325,0.8426573426573427,0.8666666666666667
2020-21,2020-12-01,Group stage,Loko Moscow,RB Salzburg,16,10,0.75,1.75,2.3,2.7,0.125,0.2,0.125,0.2,3,1,6,6,A,1,1,6,6,-1.5499999999999998,0.9500000000000002,-1.9500000000000002,0.5499999999999998,-0.07500000000000001,-0.07500000000000001,2,6,0,0.07500000000000001,0.07500000000000001,2,1.5499999999999998,0.9500000000000002,4,0.325,3.05,4.45,0.925,0.8666666666666667
2020-21,2020-12-01,Group stage,Marseille,Olympiacos,28,48,0.9642857142857143,1.3571428571428572,1.2083333333333333,1.7708333333333333,0.2857142857142857,0.375,0.2857142857142857,0.20833333333333334,0,6,6,6,H,1,1,6,6,-0.24404761904761896,0.41369047619047605,-0.806547619047619,-0.14880952380952395,-0.0892857142857143,0.07738095238095236,-6,-20,0,0.0892857142857143,0.07738095238095236,6,0.24404761904761896,0.41369047619047605,6,0.6607142857142857,2.1726190476190474,3.1279761904761907,0.9107142857142857,0.6
2020-21,2020-12-01,Group stage,Porto,Manchester City,66,81,1.6363636363636365,1.196969696969697,2.0,1.2839506172839505,0.48484848484848486,0.5185185185185185,0.6363636363636364,0.475,9,12,6,6,D,1,1,6,6,-0.36363636363636354,0.08698092031425353,0.3524130190796859,0.803030303030303,-0.03367003367003363,0.16136363636363638,-3,-15,0,0.03367003367003363,0.16136363636363638,3,0.36363636363636354,0.08698092031425353,21,1.0033670033670035,3.6363636363636367,2.4809203142536473,0.9663299663299664,0.8
2020-21,2020-12-01,Group stage,Shakhtar D.,Real Madrid,68,120,1.4411764705882353,1.7352941176470589,2.4,1.0083333333333333,0.35294117647058826,0.6666666666666666,0.38235294117647056,0.5932203389830508,4,7,6,6,H,1,1,6,6,-0.9588235294117646,-0.7269607843137256,0.432843137254902,0.664705882352941,-0.31372549019607837,-0.21086739780658026,-3,-52,0,0.31372549019607837,0.21086739780658026,3,0.9588235294117646,0.7269607843137256,11,1.0196078431372548,3.841176470588235,2.743627450980392,0.6862745098039216,0.8
2020-21,2020-12-02,Group stage,Başakşehir,RB Leipzig,4,20,0.75,2.25,1.5,1.5,0.25,0.5,0.5,0.4444444444444444,3,6,8,8,A,1,1,8,8,-0.75,-0.75,-0.75,-0.75,-0.25,0.05555555555555558,-3,-16,0,0.25,0.05555555555555558,3,0.75,0.75,9,0.75,2.25,3.75,0.75,0.8
2020-21,2020-12-02,Group stage,Club Brugge,Zenit,22,46,0.6818181818181818,1.7727272727272727,1.1521739130434783,1.391304347826087,0.09090909090909091,0.34782608695652173,0.0,0.2608695652173913,4,1,8,8,H,1,1,8,8,-0.4703557312252965,-0.3814229249011858,-0.7094861660079052,-0.6205533596837944,-0.2569169960474308,-0.2608695652173913,3,-24,0,0.2569169960474308,0.2608695652173913,3,0.4703557312252965,0.3814229249011858,5,0.43873517786561267,1.8339920948616601,3.1640316205533594,0.7430830039525692,0.8
2020-21,2020-12-02,Group stage,Dortmund,Lazio,73,4,1.7397260273972603,1.3287671232876712,2.0,1.0,0.4657534246575342,0.5,0.5945945945945946,0.0,9,8,8,8,D,1,1,8,8,-0.26027397260273966,-0.3287671232876712,0.7397260273972603,0.6712328767123288,-0.03424657534246578,0.5945945945945946,1,69,0,0.03424657534246578,0.5945945945945946,1,0.26027397260273966,0.3287671232876712,17,0.9657534246575342,3.7397260273972606,2.328767123287671,0.9657534246575342,0.9333333333333333
2020-21,2020-12-02,Group stage,Ferencváros,Barcelona,4,115,1.25,3.25,2.208695652173913,0.9304347826086956,0.0,0.6521739130434783,0.0,0.49122807017543857,1,12,8,8,A,1,1,8,8,-0.9586956521739132,-2.3195652173913044,0.3195652173913044,-1.0413043478260868,-0.6521739130434783,-0.49122807017543857,-11,-111,0,0.6521739130434783,0.49122807017543857,11,0.9586956521739132,2.3195652173913044,13,0.6521739130434783,3.458695652173913,4.180434782608696,0.34782608695652173,0.2666666666666667
2020-21,2020-12-02,Group stage,Juventus,Dynamo Kyiv,82,24,1.524390243902439,0.9024390243902439,1.0833333333333333,1.375,0.5365853658536586,0.20833333333333334,0.5952380952380952,0.16666666666666666,12,4,8,8,H,1,1,8,8,0.4410569105691058,0.4725609756097561,0.14939024390243905,0.18089430894308933,0.3282520325203252,0.4285714285714286,8,58,0,0.3282520325203252,0.4285714285714286,8,0.4410569105691058,0.4725609756097561,16,0.7449186991869919,2.607723577235772,2.277439024390244,0.6717479674796748,0.4666666666666667
2020-21,2020-12-02,Group stage,Krasnodar,Rennes,4,4,1.0,2.5,0.5,1.75,0.0,0.0,0.0,0.0,1,1,8,8,H,1,1,8,8,0.5,-0.75,-0.75,-2.0,0.0,0.0,0,0,0,0.0,0.0,0,0.5,0.75,2,0.0,1.5,4.25,1.0,1.0
2020-21,2020-12-02,Group stage,Manchester Utd,Paris SG,65,79,1.5384615384615385,0.9230769230769231,2.1772151898734178,1.0379746835443038,0.5230769230769231,0.5822784810126582,0.59375,0.525,9,6,8,8,A,1,1,8,8,-0.6387536514118792,0.11489776046738065,0.5004868549172348,1.2541382667964946,-0.059201557935735116,0.06874999999999998,3,-14,0,0.059201557935735116,0.06874999999999998,3,0.6387536514118792,0.11489776046738065,15,1.1053554040895812,3.715676728334956,1.961051606621227,0.9407984420642649,0.8
2020-21,2020-12-02,Group stage,Sevilla,Chelsea,28,77,1.3571428571428572,1.25,1.948051948051948,1.051948051948052,0.42857142857142855,0.5064935064935064,0.6428571428571429,0.41025641025641024,11,10,8,8,A,1,1,8,8,-0.5909090909090908,-0.19805194805194803,0.30519480519480524,0.698051948051948,-0.07792207792207789,0.23260073260073266,1,-49,0,0.07792207792207789,0.23260073260073266,1,0.5909090909090908,0.19805194805194803,21,0.9350649350649349,3.3051948051948052,2.301948051948052,0.922077922077922,0.9333333333333333
2020-21,2020-12-08,Group stage,Barcelona,Juventus,116,83,2.2155172413793105,0.9224137931034483,1.5421686746987953,0.891566265060241,0.6551724137931034,0.5421686746987951,0.8103448275862069,0.475,15,12,6,6,A,1,1,6,6,0.6733485666805152,-0.03084752804320734,1.3239509763190696,0.619754881595347,0.11300373909430828,0.3353448275862069,3,33,0,0.11300373909430828,0.3353448275862069,3,0.6733485666805152,0.03084752804320734,27,1.1973410884918985,3.7576859160781058,1.8139800581636893,0.8869962609056917,0.8
2020-21,2020-12-08,Group stage,Chelsea,Krasnodar,78,5,1.9743589743589745,1.0384615384615385,1.0,2.0,0.5128205128205128,0.2,0.6052631578947368,0.0,13,4,6,6,D,1,1,6,6,0.9743589743589745,0.9615384615384615,-0.02564102564102555,-0.03846153846153855,0.31282051282051276,0.6052631578947368,9,73,0,0.31282051282051276,0.6052631578947368,9,0.9743589743589745,0.9615384615384615,17,0.7128205128205127,2.9743589743589745,3.0384615384615383,0.6871794871794872,0.4
2020-21,2020-12-08,Group stage,Dynamo Kyiv,Ferencváros,25,5,1.04,1.44,1.0,3.2,0.2,0.0,0.25,0.0,1,1,6,6,H,1,1,6,6,0.040000000000000036,1.7600000000000002,-2.16,-0.43999999999999995,0.2,0.25,0,20,0,0.2,0.25,0,0.040000000000000036,1.7600000000000002,2,0.2,2.04,4.640000000000001,0.8,1.0
2020-21,2020-12-08,Group stage,Lazio,Club Brugge,5,23,1.8,1.0,0.782608695652174,1.6956521739130435,0.4,0.13043478260869565,1.0,0.18181818181818182,9,7,6,6,D,1,1,6,6,1.017391304347826,0.6956521739130435,0.10434782608695659,-0.21739130434782605,0.26956521739130435,0.8181818181818181,2,-18,0,0.26956521739130435,0.8181818181818181,2,1.017391304347826,0.6956521739130435,16,0.5304347826086957,2.582608695652174,2.6956521739130435,0.7304347826086957,0.8666666666666667
2020-21,2020-12-08,Group stage,RB Leipzig,Manchester Utd,21,66,1.619047619047619,1.5714285714285714,1.5303030303030303,0.9545454545454546,0.5238095238095238,0.5151515151515151,0.5454545454545454,0.45454545454545453,9,9,6,6,H,1,1,6,6,0.08874458874458879,-0.6168831168831168,0.6645021645021645,-0.04112554112554112,0.008658008658008698,0.09090909090909088,0,-45,0,0.008658008658008698,0.09090909090909088,0,0.08874458874458879,0.6168831168831168,18,1.0389610389610389,3.1493506493506493,2.525974025974026,0.9913419913419913,1.0
2020-21,2020-12-08,Group stage,Rennes,Sevilla,5,29,0.4,1.6,1.3103448275862069,1.3448275862068966,0.0,0.41379310344827586,0.0,0.21428571428571427,1,10,6,6,A,1,1,6,6,-0.9103448275862068,-0.2551724137931035,-0.9448275862068966,-0.28965517241379324,-0.41379310344827586,-0.21428571428571427,-9,-24,0,0.41379310344827586,0.21428571428571427,9,0.9103448275862068,0.2551724137931035,11,0.41379310344827586,1.7103448275862068,2.9448275862068964,0.5862068965517242,0.4
2020-21,2020-12-08,Group stage,Zenit,Dortmund,47,74,1.127659574468085,1.425531914893617,1.7297297297297298,1.3243243243243243,0.3404255319148936,0.4594594594594595,0.43478260869565216,0.3333333333333333,1,10,6,6,A,1,1,6,6,-0.6020701552616448,-0.10120759056929263,-0.19666474985623927,0.30419781483611286,-0.11903392754456588,0.10144927536231885,-9,-27,0,0.11903392754456588,0.10144927536231885,9,0.6020701552616448,0.10120759056929263,11,0.7998849913743531,2.857389304197815,2.7498562392179413,0.8809660724554341,0.4
2020-21,2020-12-09,Group stage,Ajax,Atalanta,53,14,1.3962264150943395,1.4150943396226414,1.8571428571428572,1.8571428571428572,0.3584905660377358,0.42857142857142855,0.38461538461538464,0.6666666666666666,7,8,8,8,A,1,1,8,8,-0.46091644204851767,0.4420485175202158,-0.46091644204851767,0.4420485175202158,-0.07008086253369272,-0.282051282051282,-1,39,0,0.07008086253369272,0.282051282051282,1,0.46091644204851767,0.4420485175202158,15,0.7870619946091644,3.2533692722371965,3.2722371967654986,0.9299191374663073,0.9333333333333333
2020-21,2020-12-09,Group stage,Bayern Munich,Loko Moscow,116,17,2.5086206896551726,0.9913793103448276,0.7647058823529411,1.8235294117647058,0.6896551724137931,0.11764705882352941,0.8035714285714286,0.125,13,3,8,8,H,1,1,8,8,1.7439148073022315,0.8321501014198782,0.6850912778904668,-0.2266734279918865,0.5720081135902637,0.6785714285714286,10,99,0,0.5720081135902637,0.6785714285714286,10,1.7439148073022315,0.8321501014198782,16,0.8073022312373226,3.2733265720081137,2.8149087221095335,0.4279918864097363,0.33333333333333337
2020-21,2020-12-09,Group stage,Inter,Shakhtar D.,35,69,1.457142857142857,1.5714285714285714,1.4492753623188406,1.710144927536232,0.37142857142857144,0.36231884057971014,0.4117647058823529,0.3235294117647059,5,7,8,8,D,1,1,8,8,0.007867494824016497,0.13871635610766053,-0.25300207039337486,-0.12215320910973082,0.009109730848861297,0.08823529411764702,-2,-34,0,0.009109730848861297,0.08823529411764702,2,0.007867494824016497,0.13871635610766053,12,0.7337474120082816,2.9064182194616976,3.2815734989648035,0.9908902691511388,0.8666666666666667
2020-21,2020-12-09,Group stage,Manchester City,Marseille,82,29,1.975609756097561,1.2682926829268293,1.0,1.3448275862068966,0.5121951219512195,0.3103448275862069,0.5609756097560976,0.2857142857142857,13,3,8,8,H,1,1,8,8,0.975609756097561,0.07653490328006729,0.6307821698906644,-0.2682926829268293,0.20185029436501262,0.2752613240418119,10,53,0,0.20185029436501262,0.2752613240418119,10,0.975609756097561,0.07653490328006729,16,0.8225399495374264,2.975609756097561,2.613120269133726,0.7981497056349873,0.33333333333333337
2020-21,2020-12-09,Group stage,Midtjylland,Liverpool,5,45,0.6,2.4,2.088888888888889,1.1333333333333333,0.0,0.5333333333333333,0.0,0.43478260869565216,1,12,8,8,D,1,1,8,8,-1.488888888888889,-1.2666666666666666,-0.5333333333333333,-0.3111111111111109,-0.5333333333333333,-0.43478260869565216,-11,-40,0,0.5333333333333333,0.43478260869565216,11,1.488888888888889,1.2666666666666666,13,0.5333333333333333,2.688888888888889,3.533333333333333,0.4666666666666667,0.2666666666666667
2020-21,2020-12-09,Group stage,Olympiacos,Porto,49,67,1.2040816326530612,1.7755102040816326,1.6119402985074627,1.1791044776119404,0.3673469387755102,0.47761194029850745,0.5416666666666666,0.3333333333333333,3,10,8,8,A,1,1,8,8,-0.40785866585440145,-0.5964057264696923,0.024977155041120858,-0.16356990557416995,-0.11026500152299723,0.20833333333333331,-7,-18,0,0.11026500152299723,0.20833333333333331,7,0.40785866585440145,0.5964057264696923,13,0.8449588790740177,2.816021931160524,2.954614681693573,0.8897349984770028,0.5333333333333333
2020-21,2020-12-09,Group stage,Paris SG,Başakşehir,80,5,2.1875,1.0375,1.2,2.6,0.5875,0.2,0.6410256410256411,0.0,9,3,7,7,H,1,1,7,7,0.9875,1.5625,-0.4125000000000001,0.16249999999999987,0.3875,0.6410256410256411,6,75,0,0.3875,0.6410256410256411,6,0.9875,1.5625,12,0.7875000000000001,3.3875,3.6375,0.6125,0.6
2020-21,2020-12-09,Group stage,RB Salzburg,Atlético Madrid,11,76,2.3636363636363638,2.5454545454545454,1.4078947368421053,0.8157894736842105,0.2727272727272727,0.5263157894736842,0.2,0.3333333333333333,4,6,8,8,A,1,1,8,8,0.9557416267942584,-1.7296650717703348,1.5478468899521531,-1.13755980861244,-0.2535885167464115,-0.1333333333333333,-2,-65,0,0.2535885167464115,0.1333333333333333,2,0.9557416267942584,1.7296650717703348,10,0.7990430622009569,3.771531100478469,3.361244019138756,0.7464114832535885,0.8666666666666667
2020-21,2020-12-09,Group stage,Real Madrid,Gladbach,121,17,2.3801652892561984,1.0165289256198347,1.7058823529411764,1.8235294117647058,0.6611570247933884,0.23529411764705882,0.7377049180327869,0.25,7,8,8,8,H,1,1,8,8,0.674282936315022,0.8070004861448712,0.5566358774914926,0.6893534273213417,0.42586290714632963,0.4877049180327869,-1,104,0,0.42586290714632963,0.4877049180327869,1,0.674282936315022,0.8070004861448712,15,0.8964511424404473,4.086047642197375,2.8400583373845407,0.5741370928536704,0.9333333333333333
2020-21,2021-02-16,Round of 16,Barcelona,Paris SG,117,81,2.1965811965811968,0.9401709401709402,2.2222222222222223,1.037037037037037,0.6495726495726496,0.5925925925925926,0.7966101694915254,0.5365853658536586,12,12,70,69,A,1,1,70,69,-0.02564102564102555,0.09686609686609682,1.1595441595441598,1.2820512820512822,0.05698005698005704,0.26002480363786684,0,36,1,0.05698005698005704,0.26002480363786684,0,0.02564102564102555,0.09686609686609682,24,1.242165242165242,4.418803418803419,1.9772079772079771,0.943019943019943,1.0
2020-21,2021-02-16,Round of 16,RB Leipzig,Liverpool,22,46,1.6818181818181819,1.5909090909090908,2.0652173913043477,1.1304347826086956,0.5454545454545454,0.5217391304347826,0.5833333333333334,0.4166666666666667,9,10,70,69,A,1,1,70,69,-0.3833992094861658,-0.46047430830039526,0.5513833992094863,0.47430830039525684,0.02371541501976282,0.16666666666666669,-1,-24,1,0.02371541501976282,0.16666666666666669,1,0.3833992094861658,0.46047430830039526,19,1.0671936758893281,3.7470355731225293,2.721343873517786,0.9762845849802372,0.9333333333333333
2020-21,2021-02-17,Round of 16,Porto,Juventus,68,84,1.6176470588235294,1.161764705882353,1.5595238095238095,0.8809523809523809,0.4852941176470588,0.5476190476190477,0.6176470588235294,0.4878048780487805,13,12,70,71,H,1,1,70,71,0.058123249299719904,-0.2808123249299721,0.7366946778711485,0.3977591036414565,-0.06232492997198885,0.12984218077474896,1,-16,-1,0.06232492997198885,0.12984218077474896,1,0.058123249299719904,0.2808123249299721,25,1.0329131652661065,3.177170868347339,2.0427170868347337,0.9376750700280112,0.9333333333333333
2020-21,2021-02-17,Round of 16,Sevilla,Dortmund,30,75,1.3666666666666667,1.3333333333333333,1.7333333333333334,1.32,0.43333333333333335,0.4666666666666667,0.6,0.35135135135135137,12,13,71,71,A,1,1,71,71,-0.3666666666666667,-0.013333333333333197,0.046666666666666634,0.40000000000000013,-0.033333333333333326,0.2486486486486486,-1,-45,0,0.033333333333333326,0.2486486486486486,1,0.3666666666666667,0.013333333333333197,25,0.9,3.1,2.6533333333333333,0.9666666666666667,0.9333333333333333
2020-21,2021-02-23,Round of 16,Atlético Madrid,Chelsea,77,79,1.4155844155844155,0.8051948051948052,1.9620253164556962,1.0379746835443038,0.5324675324675324,0.5063291139240507,0.7297297297297297,0.425,9,13,76,77,A,1,1,76,77,-0.5464409008712807,0.23277987834949854,0.3776097320401117,1.156830511260891,0.026138418543481756,0.3047297297297297,-4,-2,-1,0.026138418543481756,0.3047297297297297,4,0.5464409008712807,0.23277987834949854,22,1.038796646391583,3.3776097320401117,1.843169488739109,0.9738615814565182,0.7333333333333334
2020-21,2021-02-23,Round of 16,Lazio,Bayern Munich,6,117,1.8333333333333333,1.1666666666666667,2.5042735042735043,0.9829059829059829,0.3333333333333333,0.6923076923076923,0.6666666666666666,0.5833333333333334,7,13,77,76,A,1,1,77,76,-0.670940170940171,-0.18376068376068388,0.8504273504273504,1.3376068376068375,-0.358974358974359,0.08333333333333326,-6,-111,1,0.358974358974359,0.08333333333333326,6,0.670940170940171,0.18376068376068388,20,1.0256410256410255,4.337606837606837,2.1495726495726495,0.641025641025641,0.6
2020-21,2021-02-24,Round of 16,Atalanta,Real Madrid,15,122,1.8,1.7333333333333334,2.377049180327869,1.0081967213114753,0.4666666666666667,0.6639344262295082,0.25,0.5833333333333334,8,10,77,77,A,1,1,77,77,-0.577049180327869,-0.7251366120218581,0.7918032786885247,0.6437158469945357,-0.19726775956284148,-0.33333333333333337,-2,-107,0,0.19726775956284148,0.33333333333333337,2,0.577049180327869,0.7251366120218581,18,1.1306010928961747,4.177049180327869,2.7415300546448087,0.8027322404371585,0.8666666666666667
2020-21,2021-02-24,Round of 16,Gladbach,Manchester City,18,83,1.6111111111111112,1.8333333333333333,1.9879518072289157,1.2530120481927711,0.2222222222222222,0.5180722891566265,0.2222222222222222,0.4634146341463415,7,13,77,77,A,1,1,77,77,-0.3768406961178046,-0.5803212851405621,0.35809906291834004,0.15461847389558248,-0.2958500669344043,-0.24119241192411928,-6,-65,0,0.2958500669344043,0.24119241192411928,6,0.3768406961178046,0.5803212851405621,20,0.7402945113788487,3.599062918340027,3.0863453815261046,0.7041499330655957,0.6
2020-21,2021-03-09,Round of 16,Dortmund,Sevilla,76,31,1.75,1.3289473684210527,1.3870967741935485,1.3870967741935485,0.47368421052631576,0.41935483870967744,0.5789473684210527,0.26666666666666666,13,9,20,20,D,1,1,20,20,0.3629032258064515,0.05814940577249583,0.3629032258064515,0.05814940577249583,0.05432937181663833,0.312280701754386,4,45,0,0.05432937181663833,0.312280701754386,4,0.3629032258064515,0.05814940577249583,22,0.8930390492359932,3.1370967741935485,2.716044142614601,0.9456706281833617,0.7333333333333334
2020-21,2021-03-09,Round of 16,Juventus,Porto,85,69,1.5529411764705883,0.8941176470588236,1.6231884057971016,1.1594202898550725,0.5411764705882353,0.4927536231884058,0.6046511627906976,0.35294117647058826,12,13,20,20,H,1,1,20,20,-0.07024722932651328,0.26530264279624893,0.39352088661551576,0.729070758738278,0.04842284739982944,0.2517099863201094,-1,16,0,0.04842284739982944,0.2517099863201094,1,0.07024722932651328,0.26530264279624893,25,1.0339300937766411,3.1761295822676896,2.053537936913896,0.9515771526001706,0.9333333333333333
2020-21,2021-03-10,Round of 16,Liverpool,RB Leipzig,47,23,2.0638297872340425,1.1063829787234043,1.608695652173913,1.608695652173913,0.5319148936170213,0.5217391304347826,0.6363636363636364,0.5,10,9,22,22,H,1,1,22,22,0.45513413506012945,0.5023126734505088,0.45513413506012945,0.5023126734505088,0.010175763182238673,0.13636363636363635,1,24,0,0.010175763182238673,0.13636363636363635,1,0.45513413506012945,0.5023126734505088,19,1.053654024051804,3.6725254394079556,2.7150786308973176,0.9898242368177613,0.9333333333333333
2020-21,2021-03-10,Round of 16,Paris SG,Barcelona,82,118,2.2439024390243905,1.0365853658536586,2.1864406779661016,0.9661016949152542,0.5975609756097561,0.6440677966101694,0.65,0.5,12,9,22,22,D,1,1,22,22,0.05746176105828882,-0.07048367093840435,1.2778007441091361,1.149855312112443,-0.04650682100041337,0.15000000000000002,3,-36,0,0.04650682100041337,0.15000000000000002,3,0.05746176105828882,0.07048367093840435,21,1.2416287722199255,4.4303431169904925,2.002687060768913,0.9534931789995866,0.8
2020-21,2021-03-16,Round of 16,Manchester City,Gladbach,84,19,1.9880952380952381,1.2380952380952381,1.5263157894736843,1.8421052631578947,0.5238095238095238,0.21052631578947367,0.5714285714285714,0.2222222222222222,13,6,20,20,H,1,1,20,20,0.46177944862155385,0.6040100250626566,0.14598997493734345,0.28822055137844615,0.31328320802005016,0.3492063492063492,7,65,0,0.31328320802005016,0.3492063492063492,7,0.46177944862155385,0.6040100250626566,19,0.7343358395989975,3.514411027568922,3.080200501253133,0.6867167919799498,0.5333333333333333
2020-21,2021-03-16,Round of 16,Real Madrid,Atalanta,123,16,2.3658536585365852,1.0,1.6875,1.6875,0.6666666666666666,0.4375,0.7419354838709677,0.7142857142857143,12,7,20,20,H,1,1,20,20,0.6783536585365852,0.6875,0.6783536585365852,0.6875,0.22916666666666663,0.027649769585253448,5,107,0,0.22916666666666663,0.027649769585253448,5,0.6783536585365852,0.6875,19,1.1041666666666665,4.053353658536585,2.6875,0.7708333333333334,0.6666666666666667
2020-21,2021-03-17,Round of 16,Bayern Munich,Lazio,118,7,2.516949152542373,0.9830508474576272,1.7142857142857142,1.5714285714285714,0.6949152542372882,0.2857142857142857,0.8070175438596491,0.0,13,6,22,22,H,1,1,22,22,0.8026634382566586,0.5883777239709442,0.9455205811138014,0.731234866828087,0.4092009685230025,0.8070175438596491,7,111,0,0.4092009685230025,0.8070175438596491,7,0.8026634382566586,0.5883777239709442,19,0.9806295399515739,4.231234866828087,2.5544794188861983,0.5907990314769975,0.5333333333333333
2020-21,2021-03-17,Round of 16,Chelsea,Atlético Madrid,80,78,1.95,1.025,1.3974358974358974,0.8076923076923077,0.5125,0.5256410256410257,0.5897435897435898,0.35,13,6,22,22,H,1,1,22,22,0.5525641025641026,-0.2173076923076922,1.1423076923076922,0.37243589743589745,-0.013141025641025705,0.23974358974358978,7,2,0,0.013141025641025705,0.23974358974358978,7,0.5525641025641026,0.2173076923076922,19,1.0381410256410257,3.347435897435897,1.8326923076923076,0.9868589743589743,0.5333333333333333
2020-21,2021-04-06,Quarter-finals,Manchester City,Dortmund,85,77,1.988235294117647,1.223529411764706,1.7532467532467533,1.3376623376623376,0.5294117647058824,0.4675324675324675,0.5813953488372093,0.3684210526315789,13,11,21,28,H,1,1,21,28,0.23498854087089383,0.11413292589763158,0.6505729564553095,0.5297173414820473,0.06187929717341484,0.2129742962056304,2,8,-7,0.06187929717341484,0.2129742962056304,2,0.23498854087089383,0.11413292589763158,24,0.9969442322383499,3.7414820473644004,2.5611917494270435,0.9381207028265852,0.8666666666666667
2020-21,2021-04-06,Quarter-finals,Real Madrid,Liverpool,124,48,2.370967741935484,1.0,2.0625,1.0833333333333333,0.6693548387096774,0.5416666666666666,0.746031746031746,0.44,12,10,21,27,H,1,1,21,27,0.308467741935484,0.08333333333333326,1.2876344086021507,1.0625,0.12768817204301075,0.30603174603174604,2,76,-6,0.12768817204301075,0.30603174603174604,2,0.308467741935484,0.08333333333333326,22,1.211021505376344,4.433467741935484,2.083333333333333,0.8723118279569892,0.8666666666666667
2020-21,2021-04-07,Quarter-finals,Bayern Munich,Paris SG,119,83,2.5126050420168067,0.9831932773109243,2.2289156626506026,1.036144578313253,0.6974789915966386,0.5903614457831325,0.8103448275862069,0.5476190476190477,13,13,21,28,A,1,1,21,28,0.2836893793662041,0.0529513010023287,1.4764604637035537,1.2457223853396782,0.10711754581350608,0.2627257799671592,0,36,-7,0.10711754581350608,0.2627257799671592,0,0.2836893793662041,0.0529513010023287,26,1.2878404373797712,4.741520704667409,2.0193378556241774,0.8928824541864939,1.0
2020-21,2021-04-07,Quarter-finals,Porto,Chelsea,70,81,1.6285714285714286,1.1857142857142857,1.9506172839506173,1.0123456790123457,0.4857142857142857,0.5185185185185185,0.6285714285714286,0.43902439024390244,10,13,29,21,A,1,1,29,21,-0.32204585537918873,-0.17336860670194,0.6162257495590828,0.7649029982363316,-0.03280423280423278,0.18954703832752612,-3,-11,8,0.03280423280423278,0.18954703832752612,3,0.32204585537918873,0.17336860670194,23,1.0042328042328041,3.579188712522046,2.1980599647266317,0.9671957671957672,0.8
2020-21,2021-04-13,Quarter-finals,Chelsea,Porto,82,71,1.951219512195122,1.0,1.6056338028169015,1.1971830985915493,0.524390243902439,0.4788732394366197,0.6,0.34285714285714286,13,7,6,6,A,1,1,6,6,0.3455857093782204,0.19718309859154926,0.7540364136035727,0.6056338028169015,0.045517004465819355,0.2571428571428571,6,11,0,0.045517004465819355,0.2571428571428571,6,0.3455857093782204,0.19718309859154926,20,1.0032634833390588,3.5568533150120234,2.197183098591549,0.9544829955341807,0.6
2020-21,2021-04-13,Quarter-finals,Paris SG,Bayern Munich,84,120,2.238095238095238,1.0476190476190477,2.5083333333333333,1.0,0.5952380952380952,0.6916666666666667,0.6341463414634146,0.5901639344262295,13,10,6,6,A,1,1,6,6,-0.27023809523809517,-0.04761904761904767,1.2380952380952381,1.4607142857142856,-0.09642857142857142,0.043982407037185145,3,-36,0,0.09642857142857142,0.043982407037185145,3,0.27023809523809517,0.04761904761904767,23,1.2869047619047618,4.746428571428572,2.0476190476190474,0.9035714285714286,0.8
2020-21,2021-04-14,Quarter-finals,Dortmund,Manchester City,78,86,1.7435897435897436,1.3461538461538463,1.9883720930232558,1.2209302325581395,0.46153846153846156,0.5348837209302325,0.5641025641025641,0.47619047619047616,8,13,8,8,A,1,1,8,8,-0.24478234943351218,-0.12522361359570677,0.5226595110316041,0.6422182468694095,-0.07334525939177095,0.08791208791208793,-5,-8,0,0.07334525939177095,0.08791208791208793,5,0.24478234943351218,0.12522361359570677,21,0.9964221824686941,3.7319618366129994,2.5670840787119857,0.926654740608229,0.6666666666666667
2020-21,2021-04-14,Quarter-finals,Liverpool,Real Madrid,49,125,2.0408163265306123,1.1224489795918366,2.376,1.0,0.5306122448979592,0.672,0.6521739130434783,0.5901639344262295,10,12,8,8,D,1,1,8,8,-0.3351836734693876,-0.12244897959183665,1.0408163265306123,1.2535510204081632,-0.14138775510204082,0.06200997861724877,-2,-76,0,0.14138775510204082,0.06200997861724877,2,0.3351836734693876,0.12244897959183665,22,1.2026122448979593,4.416816326530612,2.1224489795918364,0.8586122448979592,0.8666666666666667
2020-21,2021-04-27,Semi-finals,Real Madrid,Chelsea,126,83,2.357142857142857,0.9920634920634921,1.927710843373494,1.0,0.6666666666666666,0.5180722891566265,0.75,0.4523809523809524,13,10,13,14,D,1,1,13,14,0.42943201376936324,0.007936507936507908,1.3571428571428572,0.9356473513100019,0.14859437751004012,0.2976190476190476,3,43,-1,0.14859437751004012,0.2976190476190476,3,0.42943201376936324,0.007936507936507908,23,1.1847389558232932,4.284853700516351,1.992063492063492,0.8514056224899599,0.8
2020-21,2021-04-28,Semi-finals,Paris SG,Manchester City,85,87,2.211764705882353,1.0470588235294118,1.9885057471264367,1.2183908045977012,0.5882352941176471,0.5402298850574713,0.6190476190476191,0.4883720930232558,10,15,15,14,A,1,1,15,14,0.2232589587559164,0.1713319810682894,0.9933739012846519,0.9414469235970249,0.04800540906017581,0.13067552602436328,-5,-2,1,0.04800540906017581,0.13067552602436328,5,0.2232589587559164,0.1713319810682894,25,1.1284651791751183,4.200270453008789,2.2654496281271133,0.9519945909398242,0.6666666666666667
2020-21,2021-05-04,Semi-finals,Manchester City,Paris SG,88,86,1.9886363636363635,1.2159090909090908,2.197674418604651,1.058139534883721,0.5454545454545454,0.5813953488372093,0.5909090909090909,0.5581395348837209,15,7,6,6,H,1,1,6,6,-0.20903805496828753,-0.1577695560253698,0.9304968287526425,0.9817653276955602,-0.03594080338266392,0.03276955602537002,8,2,0,0.03594080338266392,0.03276955602537002,8,0.20903805496828753,0.1577695560253698,22,1.1268498942917549,4.186310782241015,2.274048625792812,0.9640591966173361,0.4666666666666667
2020-21,2021-05-05,Semi-finals,Chelsea,Real Madrid,84,127,1.9166666666666667,1.0,2.3464566929133857,0.9921259842519685,0.5119047619047619,0.6614173228346457,0.5853658536585366,0.5806451612903226,10,11,8,8,H,1,1,8,8,-0.4297900262467189,-0.007874015748031482,0.9245406824146982,1.3464566929133857,-0.14951256092988385,0.00472069236821393,-1,-43,0,0.14951256092988385,0.00472069236821393,1,0.4297900262467189,0.007874015748031482,21,1.1733220847394077,4.263123359580052,1.9921259842519685,0.8504874390701161,0.9333333333333333
2020-21,2021-05-29,Final,Manchester City,Chelsea,89,85,1.9887640449438202,1.202247191011236,1.9176470588235295,0.9882352941176471,0.550561797752809,0.5176470588235295,0.6,0.4418604651162791,15,10,25,24,A,1,1,25,24,0.07111698612029071,-0.2140118968935889,1.000528750826173,0.7153998678122935,0.03291473892927954,0.1581395348837209,5,4,1,0.03291473892927954,0.1581395348837209,5,0.07111698612029071,0.2140118968935889,25,1.0682088565763386,3.9064111037673497,2.190482485128883,0.9670852610707205,0.6666666666666667
2021-22,2021-09-14,Group stage,Barcelona,Bayern Munich,119,121,2.176470588235294,0.9663865546218487,2.4958677685950414,0.9917355371900827,0.6386554621848739,0.6942148760330579,0.7833333333333333,0.5967741935483871,7,12,188,154,A,1,1,188,154,-0.3193971803597475,0.025348982568233924,1.1847350510452113,1.5294812139731926,-0.05555941384818397,0.1865591397849462,-5,-2,34,0.05555941384818397,0.1865591397849462,5,0.3193971803597475,0.025348982568233924,19,1.3328703382179317,4.672338356830336,1.9581220918119313,0.944440586151816,0.6666666666666667
2021-22,2021-09-14,Group stage,Chelsea,Zenit,86,48,1.9069767441860466,0.9767441860465116,1.125,1.4375,0.5232558139534884,0.3333333333333333,0.5952380952380952,0.25,10,1,108,280,H,1,1,108,280,0.7819767441860466,0.4607558139534884,0.46947674418604657,0.1482558139534884,0.1899224806201551,0.34523809523809523,9,38,-172,0.1899224806201551,0.34523809523809523,9,0.7819767441860466,0.4607558139534884,11,0.8565891472868217,3.0319767441860463,2.4142441860465116,0.8100775193798448,0.4
2021-22,2021-09-14,Group stage,Dynamo Kyiv,Benfica,26,70,1.0384615384615385,1.3846153846153846,1.1142857142857143,1.4714285714285715,0.23076923076923078,0.34285714285714286,0.3076923076923077,0.2,4,7,280,644,D,1,1,280,365,-0.07582417582417578,0.08681318681318695,-0.432967032967033,-0.27032967032967026,-0.11208791208791208,0.1076923076923077,-3,-44,-85,0.11208791208791208,0.1076923076923077,3,0.07582417582417578,0.08681318681318695,11,0.5736263736263736,2.152747252747253,2.856043956043956,0.8879120879120879,0.8
2021-22,2021-09-14,Group stage,Lille,Wolfsburg,18,10,0.7777777777777778,1.8333333333333333,1.5,1.1,0.1111111111111111,0.7,0.0,0.4,1,12,644,1981,D,1,1,365,365,-0.7222222222222222,-0.7333333333333332,-0.3222222222222223,-0.33333333333333326,-0.5888888888888888,-0.4,-11,8,0,0.5888888888888888,0.4,11,0.7222222222222222,0.7333333333333332,13,0.8111111111111111,2.2777777777777777,2.9333333333333336,0.4111111111111112,0.2666666666666667
2021-22,2021-09-14,Group stage,Malmö,Juventus,12,86,0.4166666666666667,3.0,1.569767441860465,0.9069767441860465,0.16666666666666666,0.5465116279069767,0.3333333333333333,0.47619047619047616,3,12,2107,189,A,1,1,365,189,-1.1531007751937983,-2.0930232558139537,-0.49031007751937977,-1.430232558139535,-0.3798449612403101,-0.14285714285714285,-9,-74,176,0.3798449612403101,0.14285714285714285,9,1.1531007751937983,2.0930232558139537,15,0.7131782945736433,1.9864341085271318,3.9069767441860463,0.6201550387596899,0.4
2021-22,2021-09-14,Group stage,Sevilla,RB Salzburg,32,12,1.40625,1.40625,2.1666666666666665,2.5,0.40625,0.25,0.5625,0.3333333333333333,7,3,189,279,D,1,1,189,279,-0.7604166666666665,1.09375,-1.09375,0.7604166666666665,0.15625,0.22916666666666669,4,20,-90,0.15625,0.22916666666666669,4,0.7604166666666665,1.09375,10,0.65625,3.5729166666666665,3.90625,0.84375,0.7333333333333334
2021-22,2021-09-14,Group stage,Villarreal,Atalanta,6,17,0.3333333333333333,2.3333333333333335,1.6470588235294117,1.7647058823529411,0.0,0.4117647058823529,0.0,0.625,0,7,3569,182,D,1,1,365,182,-1.3137254901960784,-0.5686274509803924,-1.4313725490196079,-0.6862745098039218,-0.4117647058823529,-0.625,-7,-11,183,0.4117647058823529,0.625,7,1.3137254901960784,0.5686274509803924,7,0.4117647058823529,1.980392156862745,4.098039215686274,0.5882352941176471,0.5333333333333333
2021-22,2021-09-14,Group stage,Young Boys,Manchester Utd,6,67,0.6666666666666666,2.0,1.537313432835821,0.9850746268656716,0.16666666666666666,0.5074626865671642,0.3333333333333333,0.4411764705882353,4,6,1007,280,H,1,1,365,280,-0.8706467661691543,-1.0149253731343284,-0.31840796019900497,-0.4626865671641791,-0.34079601990049757,-0.10784313725490197,-2,-61,85,0.34079601990049757,0.10784313725490197,2,0.8706467661691543,1.0149253731343284,10,0.6741293532338308,2.2039800995024876,2.9850746268656714,0.6592039800995024,0.8666666666666667
2021-22,2021-09-15,Group stage,Atlético Madrid,Porto,79,72,1.379746835443038,0.8227848101265823,1.5972222222222223,1.1805555555555556,0.5189873417721519,0.4861111111111111,0.7105263157894737,0.3611111111111111,5,9,182,155,D,1,1,182,155,-0.21747538677918432,0.35777074542897325,0.19919127988748242,0.77443741209564,0.032876230661040784,0.34941520467836257,-4,7,27,0.032876230661040784,0.34941520467836257,4,0.21747538677918432,0.35777074542897325,14,1.005098452883263,2.9769690576652605,2.003340365682138,0.9671237693389592,0.7333333333333334
2021-22,2021-09-15,Group stage,Beşiktaş,Dortmund,14,79,1.5,1.9285714285714286,1.7341772151898733,1.3544303797468353,0.35714285714285715,0.45569620253164556,0.14285714285714285,0.358974358974359,5,7,1281,154,A,1,1,365,154,-0.23417721518987333,-0.5741410488245933,0.14556962025316467,-0.19439421338155527,-0.0985533453887884,-0.21611721611721613,-2,-65,211,0.0985533453887884,0.21611721611721613,2,0.23417721518987333,0.5741410488245933,12,0.8128390596745028,3.2341772151898733,3.283001808318264,0.9014466546112117,0.8666666666666667
2021-22,2021-09-15,Group stage,Club Brugge,Paris SG,24,87,0.8333333333333334,1.7083333333333333,2.1724137931034484,1.0689655172413792,0.125,0.5747126436781609,0.08333333333333333,0.5454545454545454,5,4,281,134,D,1,1,281,134,-1.339080459770115,-0.639367816091954,-0.23563218390804586,0.46408045977011514,-0.4497126436781609,-0.4621212121212121,1,-63,147,0.4497126436781609,0.4621212121212121,1,1.339080459770115,0.639367816091954,9,0.6997126436781609,3.005747126436782,2.7772988505747125,0.5502873563218391,0.9333333333333333
2021-22,2021-09-15,Group stage,Inter,Real Madrid,36,128,1.4166666666666667,1.5277777777777777,2.328125,1.0,0.3611111111111111,0.65625,0.3888888888888889,0.5714285714285714,5,8,280,133,A,1,1,280,133,-0.9114583333333333,-0.5277777777777777,0.41666666666666674,0.8003472222222223,-0.2951388888888889,-0.1825396825396825,-3,-92,147,0.2951388888888889,0.1825396825396825,3,0.9114583333333333,0.5277777777777777,13,1.0173611111111112,3.744791666666667,2.5277777777777777,0.7048611111111112,0.8
2021-22,2021-09-15,Group stage,Liverpool,Milan,50,34,2.0,1.1,1.2058823529411764,1.2352941176470589,0.52,0.29411764705882354,0.625,0.23529411764705882,8,4,154,2745,H,1,1,154,365,0.7941176470588236,0.1352941176470588,0.7647058823529411,0.10588235294117632,0.22588235294117648,0.3897058823529412,4,16,-211,0.22588235294117648,0.3897058823529412,4,0.7941176470588236,0.1352941176470588,12,0.8141176470588236,3.2058823529411766,2.335294117647059,0.7741176470588236,0.7333333333333334
2021-22,2021-09-15,Group stage,Manchester City,RB Leipzig,90,24,1.9666666666666666,1.2,1.5416666666666667,1.625,0.5444444444444444,0.5,0.5869565217391305,0.45454545454545453,12,6,109,189,H,1,1,109,189,0.4249999999999998,0.42500000000000004,0.34166666666666656,0.3416666666666668,0.0444444444444444,0.13241106719367596,6,66,-80,0.0444444444444444,0.13241106719367596,6,0.4249999999999998,0.42500000000000004,18,1.0444444444444443,3.5083333333333333,2.825,0.9555555555555556,0.6
2021-22,2021-09-15,Group stage,Sheriff Tiraspol,Shakhtar D.,0,70,0.0,0.0,1.4285714285714286,1.6857142857142857,0.0,0.35714285714285715,0.0,0.3142857142857143,0,5,-1,280,H,0,1,0,280,-1.4285714285714286,1.6857142857142857,-1.6857142857142857,1.4285714285714286,-0.35714285714285715,-0.3142857142857143,-5,-70,-280,0.35714285714285715,0.3142857142857143,5,1.4285714285714286,1.6857142857142857,5,0.35714285714285715,1.4285714285714286,1.6857142857142857,0.6428571428571428,0.6666666666666667
2021-22,2021-09-15,Group stage,Sporting CP,Ajax,18,54,1.3888888888888888,1.6111111111111112,1.3703703703703705,1.4074074074074074,0.2777777777777778,0.35185185185185186,0.4444444444444444,0.3333333333333333,4,7,1380,280,A,1,1,365,280,0.01851851851851838,-0.20370370370370372,-0.0185185185185186,-0.2407407407407407,-0.07407407407407407,0.1111111111111111,-3,-36,85,0.07407407407407407,0.1111111111111111,3,0.01851851851851838,0.20370370370370372,11,0.6296296296296297,2.7592592592592595,3.0185185185185186,0.9259259259259259,0.8
2021-22,2021-09-28,Group stage,Ajax,Beşiktaş,55,15,1.4363636363636363,1.4,1.4666666666666666,1.9333333333333333,0.36363636363636365,0.3333333333333333,0.37037037037037035,0.5714285714285714,9,4,13,13,H,1,1,13,13,-0.030303030303030276,0.5333333333333334,-0.49696969696969706,0.06666666666666665,0.03030303030303033,-0.20105820105820105,5,40,0,0.03030303030303033,0.20105820105820105,5,0.030303030303030276,0.5333333333333334,13,0.696969696969697,2.903030303030303,3.333333333333333,0.9696969696969697,0.6666666666666667
2021-22,2021-09-28,Group stage,Dortmund,Sporting CP,80,19,1.7375,1.35,1.368421052631579,1.7894736842105263,0.4625,0.2631578947368421,0.55,0.1111111111111111,7,4,13,13,H,1,1,13,13,0.36907894736842106,0.43947368421052624,-0.05197368421052628,0.018421052631578894,0.19934210526315793,0.43888888888888894,3,61,0,0.19934210526315793,0.43888888888888894,3,0.36907894736842106,0.43947368421052624,11,0.7256578947368422,3.105921052631579,3.139473684210526,0.8006578947368421,0.8
2021-22,2021-09-28,Group stage,Milan,Atlético Madrid,35,80,1.2285714285714286,1.2857142857142858,1.3625,0.8125,0.2857142857142857,0.5125,0.35294117647058826,0.34146341463414637,4,5,13,13,A,1,1,13,13,-0.1339285714285714,-0.4732142857142858,0.41607142857142865,0.07678571428571423,-0.22678571428571426,0.011477761836441891,-1,-45,0,0.22678571428571426,0.011477761836441891,1,0.1339285714285714,0.4732142857142858,9,0.7982142857142857,2.5910714285714285,2.0982142857142856,0.7732142857142857,0.9333333333333333
2021-22,2021-09-28,Group stage,Paris SG,Manchester City,88,91,2.159090909090909,1.0681818181818181,2.010989010989011,1.2197802197802199,0.5681818181818182,0.5494505494505495,0.6046511627906976,0.5,4,12,13,13,H,1,1,13,13,0.14810189810189822,0.15159840159840177,0.9393106893106893,0.9428071928071928,0.018731268731268735,0.10465116279069764,-8,-3,0,0.018731268731268735,0.10465116279069764,8,0.14810189810189822,0.15159840159840177,16,1.1176323676323676,4.17007992007992,2.2879620379620382,0.9812687312687313,0.4666666666666667
2021-22,2021-09-28,Group stage,Porto,Liverpool,73,51,1.5753424657534247,1.1643835616438356,2.019607843137255,1.1176470588235294,0.4794520547945205,0.5294117647058824,0.6111111111111112,0.4230769230769231,7,10,13,13,A,1,1,13,13,-0.4442653773838301,-0.04673650282030617,0.4576954069298953,0.8552242814934192,-0.04995970991136184,0.1880341880341881,-3,22,0,0.04995970991136184,0.1880341880341881,3,0.4442653773838301,0.04673650282030617,17,1.008863819500403,3.5949503088906796,2.2820306204673653,0.9500402900886382,0.8
2021-22,2021-09-28,Group stage,RB Leipzig,Club Brugge,25,25,1.6,1.8,0.84,1.68,0.48,0.12,0.5384615384615384,0.16666666666666666,6,5,13,13,A,1,1,13,13,0.7600000000000001,-0.1200000000000001,-0.07999999999999985,-0.9600000000000001,0.36,0.3717948717948718,1,0,0,0.36,0.3717948717948718,1,0.7600000000000001,0.1200000000000001,11,0.6,2.44,3.48,0.64,0.9333333333333333
2021-22,2021-09-28,Group stage,Real Madrid,Sheriff Tiraspol,129,1,2.317829457364341,0.9922480620155039,2.0,0.0,0.6589147286821705,1.0,0.7384615384615385,0.0,8,3,13,13,A,1,1,13,13,0.3178294573643412,-0.9922480620155039,2.317829457364341,1.0077519379844961,-0.3410852713178295,0.7384615384615385,5,128,0,0.3410852713178295,0.7384615384615385,5,0.3178294573643412,0.9922480620155039,11,1.6589147286821704,4.317829457364342,0.9922480620155039,0.6589147286821705,0.6666666666666667
2021-22,2021-09-28,Group stage,Shakhtar D.,Inter,71,37,1.408450704225352,1.6901408450704225,1.3783783783783783,1.5135135135135136,0.352112676056338,0.35135135135135137,0.4,0.3333333333333333,4,4,13,13,D,1,1,13,13,0.030072325846973724,-0.1766273315569089,-0.10506280928816158,-0.3117624666920442,0.0007613247049866323,0.06666666666666671,0,34,0,0.0007613247049866323,0.06666666666666671,0,0.030072325846973724,0.1766273315569089,8,0.7034640274076893,2.78682908260373,3.203654358583936,0.9992386752950133,1.0
2021-22,2021-09-29,Group stage,Atalanta,Young Boys,18,7,1.6666666666666667,1.7777777777777777,0.8571428571428571,1.8571428571428572,0.3888888888888889,0.2857142857142857,0.2222222222222222,0.0,5,7,15,15,H,1,1,15,15,0.8095238095238096,0.07936507936507953,-0.19047619047619047,-0.9206349206349206,0.1031746031746032,0.2222222222222222,-2,11,0,0.1031746031746032,0.2222222222222222,2,0.8095238095238096,0.07936507936507953,12,0.6746031746031746,2.5238095238095237,3.634920634920635,0.8968253968253967,0.8666666666666667
2021-22,2021-09-29,Group stage,Bayern Munich,Dynamo Kyiv,122,27,2.5,0.9836065573770492,1.0,1.3333333333333333,0.6967213114754098,0.2222222222222222,0.7966101694915254,0.15384615384615385,12,4,15,15,H,1,1,15,15,1.5,0.3497267759562841,1.1666666666666667,0.016393442622950838,0.4744990892531876,0.6427640156453716,8,95,0,0.4744990892531876,0.6427640156453716,8,1.5,0.3497267759562841,16,0.918943533697632,3.5,2.3169398907103824,0.5255009107468124,0.4666666666666667
2021-22,2021-09-29,Group stage,Benfica,Barcelona,71,120,1.0985915492957747,1.4507042253521127,2.158333333333333,0.9833333333333333,0.3380281690140845,0.6333333333333333,0.4857142857142857,0.4915254237288136,8,4,15,15,H,1,1,15,15,-1.0597417840375585,-0.46737089201877946,0.11525821596244146,0.7076291079812205,-0.2953051643192488,-0.005811138014527872,4,-49,0,0.2953051643192488,0.005811138014527872,4,1.0597417840375585,0.46737089201877946,12,0.9713615023474178,3.256924882629108,2.434037558685446,0.7046948356807512,0.7333333333333334
2021-22,2021-09-29,Group stage,Juventus,Chelsea,87,87,1.5862068965517242,0.896551724137931,1.896551724137931,0.9655172413793104,0.5517241379310345,0.5287356321839081,0.6136363636363636,0.45454545454545453,12,10,15,15,H,1,1,15,15,-0.31034482758620685,0.06896551724137934,0.6206896551724138,1.0,0.02298850574712641,0.15909090909090912,2,0,0,0.02298850574712641,0.15909090909090912,2,0.31034482758620685,0.06896551724137934,22,1.0804597701149425,3.4827586206896552,1.8620689655172415,0.9770114942528736,0.8666666666666667
2021-22,2021-09-29,Group stage,Manchester Utd,Villarreal,68,7,1.5294117647058822,1.0,0.5714285714285714,2.2857142857142856,0.5,0.0,0.5757575757575758,0.0,3,1,15,15,H,1,1,15,15,0.9579831932773109,1.2857142857142856,-0.7563025210084033,-0.4285714285714286,0.5,0.5757575757575758,2,61,0,0.5,0.5757575757575758,2,0.9579831932773109,1.2857142857142856,4,0.5,2.1008403361344534,3.2857142857142856,0.5,0.8666666666666667
2021-22,2021-09-29,Group stage,RB Salzburg,Lille,13,19,2.076923076923077,2.3846153846153846,0.7368421052631579,1.736842105263158,0.23076923076923078,0.10526315789473684,0.16666666666666666,0.2222222222222222,4,2,15,15,H,1,1,15,15,1.3400809716599191,-0.6477732793522266,0.34008097165991913,-1.6477732793522266,0.12550607287449395,-0.05555555555555555,2,-6,0,0.12550607287449395,0.05555555555555555,2,1.3400809716599191,0.6477732793522266,6,0.3360323886639676,2.813765182186235,4.1214574898785425,0.8744939271255061,0.8666666666666667
2021-22,2021-09-29,Group stage,Wolfsburg,Sevilla,11,33,1.3636363636363635,1.0,1.393939393939394,1.393939393939394,0.6363636363636364,0.3939393939393939,1.0,0.25,10,5,15,15,D,1,1,15,15,-0.030303030303030498,0.39393939393939403,-0.030303030303030498,0.39393939393939403,0.24242424242424243,0.75,5,-22,0,0.24242424242424243,0.75,5,0.030303030303030498,0.39393939393939403,15,1.0303030303030303,2.757575757575758,2.393939393939394,0.7575757575757576,0.6666666666666667
2021-22,2021-09-29,Group stage,Zenit,Malmö,49,13,1.1020408163265305,1.4285714285714286,0.38461538461538464,3.0,0.32653061224489793,0.15384615384615385,0.4166666666666667,0.0,1,3,15,15,H,1,1,15,15,0.7174254317111459,1.5714285714285714,-1.8979591836734695,-1.043956043956044,0.17268445839874408,0.4166666666666667,-2,36,0,0.17268445839874408,0.4166666666666667,2,0.7174254317111459,1.5714285714285714,4,0.4803767660910518,1.486656200941915,4.428571428571429,0.8273155416012559,0.8666666666666667
2021-22,2021-10-19,Group stage,Ajax,Dortmund,56,81,1.4464285714285714,1.375,1.728395061728395,1.3333333333333333,0.375,0.4691358024691358,0.39285714285714285,0.375,9,7,21,21,H,1,1,21,21,-0.28196649029982357,-0.04166666666666674,0.11309523809523814,0.35339506172839497,-0.09413580246913578,0.01785714285714285,2,-25,0,0.09413580246913578,0.01785714285714285,2,0.28196649029982357,0.04166666666666674,16,0.8441358024691358,3.1748236331569664,2.708333333333333,0.9058641975308642,0.8666666666666667
2021-22,2021-10-19,Group stage,Atlético Madrid,Liverpool,81,52,1.3703703703703705,0.8148148148148148,2.076923076923077,1.1153846153846154,0.5185185185185185,0.5384615384615384,0.6923076923076923,0.4444444444444444,7,10,21,21,A,1,1,21,21,-0.7065527065527066,0.30056980056980065,0.25498575498575504,1.2621082621082622,-0.019943019943019946,0.24786324786324787,-3,29,0,0.019943019943019946,0.24786324786324787,3,0.7065527065527066,0.30056980056980065,17,1.056980056980057,3.4472934472934478,1.9301994301994303,0.98005698005698,0.8
2021-22,2021-10-19,Group stage,Beşiktaş,Sporting CP,16,20,1.375,1.9375,1.3,1.75,0.3125,0.25,0.125,0.1,3,4,21,21,A,1,1,21,21,0.07499999999999996,-0.1875,-0.375,-0.6375,0.0625,0.024999999999999994,-1,-4,0,0.0625,0.024999999999999994,1,0.07499999999999996,0.1875,7,0.5625,2.675,3.6875,0.9375,0.9333333333333333
2021-22,2021-10-19,Group stage,Club Brugge,Manchester City,26,92,0.8846153846153846,1.6538461538461537,1.9891304347826086,1.2282608695652173,0.15384615384615385,0.5434782608695652,0.07692307692307693,0.4888888888888889,8,9,21,21,A,1,1,21,21,-1.104515050167224,-0.42558528428093645,-0.3436454849498327,0.3352842809364549,-0.38963210702341133,-0.41196581196581195,-1,-66,0,0.38963210702341133,0.41196581196581195,1,1.104515050167224,0.42558528428093645,17,0.697324414715719,2.8737458193979935,2.882107023411371,0.6103678929765887,0.9333333333333333
2021-22,2021-10-19,Group stage,Inter,Sheriff Tiraspol,38,2,1.3421052631578947,1.4736842105263157,2.0,0.5,0.34210526315789475,1.0,0.3684210526315789,1.0,5,6,21,21,H,1,1,21,21,-0.6578947368421053,-0.9736842105263157,0.8421052631578947,0.5263157894736843,-0.6578947368421053,-0.631578947368421,-1,36,0,0.6578947368421053,0.631578947368421,1,0.6578947368421053,0.9736842105263157,11,1.3421052631578947,3.3421052631578947,1.9736842105263157,0.3421052631578947,0.9333333333333333
2021-22,2021-10-19,Group stage,Paris SG,RB Leipzig,89,26,2.157303370786517,1.0561797752808988,1.5769230769230769,1.8076923076923077,0.5730337078651685,0.46153846153846156,0.6136363636363636,0.4166666666666667,4,3,21,21,H,1,1,21,21,0.5803802938634399,0.7515125324114089,0.3496110630942091,0.5207433016421781,0.11149524632670693,0.19696969696969696,1,63,0,0.11149524632670693,0.19696969696969696,1,0.5803802938634399,0.7515125324114089,7,1.03457216940363,3.7342264477095934,2.8638720829732067,0.8885047536732931,0.9333333333333333
2021-22,2021-10-19,Group stage,Porto,Milan,74,36,1.5675675675675675,1.2162162162162162,1.2222222222222223,1.3055555555555556,0.47297297297297297,0.2777777777777778,0.5945945945945946,0.2222222222222222,4,1,21,21,H,1,1,21,21,0.3453453453453452,0.08933933933933935,0.26201201201201196,0.006006006006006093,0.19519519519519518,0.3723723723723724,3,38,0,0.19519519519519518,0.3723723723723724,3,0.3453453453453452,0.08933933933933935,5,0.7507507507507507,2.78978978978979,2.521771771771772,0.8048048048048049,0.8
2021-22,2021-10-19,Group stage,Shakhtar D.,Real Madrid,72,130,1.3888888888888888,1.6666666666666667,2.3076923076923075,1.0,0.3472222222222222,0.6538461538461539,0.3888888888888889,0.578125,5,5,21,21,A,1,1,21,21,-0.9188034188034186,-0.6666666666666667,0.38888888888888884,0.6410256410256407,-0.30662393162393164,-0.1892361111111111,0,-58,0,0.30662393162393164,0.1892361111111111,0,0.9188034188034186,0.6666666666666667,10,1.001068376068376,3.6965811965811963,2.666666666666667,0.6933760683760684,1.0
2021-22,2021-10-20,Group stage,Barcelona,Dynamo Kyiv,121,28,2.1404958677685952,1.0,0.9642857142857143,1.4642857142857142,0.628099173553719,0.21428571428571427,0.7704918032786885,0.14285714285714285,1,4,21,21,H,1,1,21,21,1.1762101534828808,0.4642857142857142,0.676210153482881,-0.0357142857142857,0.4138134592680047,0.6276346604215457,-3,93,0,0.4138134592680047,0.6276346604215457,3,1.1762101534828808,0.4642857142857142,5,0.8423848878394333,3.1047815820543097,2.4642857142857144,0.5861865407319953,0.8
2021-22,2021-10-20,Group stage,Benfica,Bayern Munich,72,123,1.125,1.4305555555555556,2.5203252032520327,0.975609756097561,0.3472222222222222,0.6991869918699187,0.5,0.6031746031746031,8,12,21,21,A,1,1,21,21,-1.3953252032520327,-0.4549457994579946,0.14939024390243905,1.089769647696477,-0.3519647696476965,-0.10317460317460314,-4,-51,0,0.3519647696476965,0.10317460317460314,4,1.3953252032520327,0.4549457994579946,20,1.046409214092141,3.6453252032520327,2.4061653116531163,0.6480352303523035,0.7333333333333334
2021-22,2021-10-20,Group stage,Chelsea,Malmö,88,14,1.875,0.9659090909090909,0.35714285714285715,3.0714285714285716,0.5227272727272727,0.14285714285714285,0.6046511627906976,0.0,10,0,21,21,H,1,1,21,21,1.5178571428571428,2.105519480519481,-1.1964285714285716,-0.6087662337662338,0.37987012987012986,0.6046511627906976,10,74,0,0.37987012987012986,0.6046511627906976,10,1.5178571428571428,2.105519480519481,10,0.6655844155844155,2.232142857142857,4.037337662337663,0.6201298701298701,0.33333333333333337
2021-22,2021-10-20,Group stage,Lille,Sevilla,20,34,0.75,1.75,1.3823529411764706,1.3823529411764706,0.1,0.38235294117647056,0.0,0.23529411764705882,1,6,21,21,D,1,1,21,21,-0.6323529411764706,-0.36764705882352944,-0.6323529411764706,-0.36764705882352944,-0.2823529411764706,-0.23529411764705882,-5,-14,0,0.2823529411764706,0.23529411764705882,5,0.6323529411764706,0.36764705882352944,7,0.48235294117647054,2.1323529411764706,3.1323529411764706,0.7176470588235294,0.6666666666666667
2021-22,2021-10-20,Group stage,Manchester Utd,Atalanta,69,19,1.536231884057971,1.0,1.631578947368421,1.6842105263157894,0.5072463768115942,0.42105263157894735,0.5882352941176471,0.5555555555555556,6,7,21,21,H,1,1,21,21,-0.09534706331045006,0.6842105263157894,-0.14797864225781843,0.631578947368421,0.08619374523264689,0.0326797385620915,-1,50,0,0.08619374523264689,0.0326797385620915,1,0.09534706331045006,0.6842105263157894,13,0.9282990083905416,3.167810831426392,2.6842105263157894,0.9138062547673531,0.9333333333333333
2021-22,2021-10-20,Group stage,RB Salzburg,Wolfsburg,14,12,2.0714285714285716,2.2857142857142856,1.3333333333333333,1.0,0.2857142857142857,0.5833333333333334,0.2857142857142857,0.3333333333333333,7,8,21,21,H,1,1,21,21,0.7380952380952384,-1.2857142857142856,1.0714285714285716,-0.9523809523809523,-0.29761904761904767,-0.047619047619047616,-1,2,0,0.29761904761904767,0.047619047619047616,1,0.7380952380952384,1.2857142857142856,15,0.8690476190476191,3.404761904761905,3.2857142857142856,0.7023809523809523,0.9333333333333333
2021-22,2021-10-20,Group stage,Young Boys,Villarreal,8,8,0.75,1.75,0.625,2.25,0.25,0.0,0.5,0.0,6,1,21,21,A,1,1,21,21,0.125,0.5,-1.5,-1.125,0.25,0.5,5,0,0,0.25,0.5,5,0.125,0.5,7,0.25,1.375,4.0,0.75,0.6666666666666667
2021-22,2021-10-20,Group stage,Zenit,Juventus,50,88,1.16,1.4,1.5795454545454546,0.8863636363636364,0.34,0.5568181818181818,0.44,0.4883720930232558,3,12,21,21,A,1,1,21,21,-0.41954545454545467,-0.5136363636363636,0.27363636363636357,0.17954545454545467,-0.21681818181818174,-0.04837209302325579,-9,-38,0,0.21681818181818174,0.04837209302325579,9,0.41954545454545467,0.5136363636363636,15,0.8968181818181817,2.7395454545454543,2.286363636363636,0.7831818181818182,0.4
2021-22,2021-11-02,Group stage,Atalanta,Manchester Utd,20,70,1.65,1.75,1.5571428571428572,1.0142857142857142,0.4,0.5142857142857142,0.3,0.42857142857142855,4,6,13,13,D,1,1,13,13,0.09285714285714275,-0.7357142857142858,0.6357142857142857,-0.19285714285714284,-0.11428571428571421,-0.12857142857142856,-2,-50,0,0.11428571428571421,0.12857142857142856,2,0.09285714285714275,0.7357142857142858,10,0.9142857142857143,3.2071428571428573,2.7642857142857142,0.8857142857142858,0.8666666666666667
2021-22,2021-11-02,Group stage,Bayern Munich,Benfica,124,73,2.532258064516129,0.967741935483871,1.1095890410958904,1.4657534246575343,0.7016129032258065,0.3424657534246575,0.8,0.19444444444444445,12,8,13,13,H,1,1,13,13,1.4226690234202386,0.49801148917366334,1.0665046398585947,0.1418471056120194,0.359147149801149,0.6055555555555556,4,51,0,0.359147149801149,0.6055555555555556,4,1.4226690234202386,0.49801148917366334,20,1.044078656650464,3.6418471056120194,2.4334953601414053,0.6408528501988511,0.7333333333333334
2021-22,2021-11-02,Group stage,Dynamo Kyiv,Barcelona,29,122,0.9310344827586207,1.4482758620689655,2.1311475409836067,0.9918032786885246,0.20689655172413793,0.6311475409836066,0.2857142857142857,0.48333333333333334,4,4,13,13,A,1,1,13,13,-1.2001130582249862,-0.45647258338044094,-0.06076879592990392,0.6828716789146412,-0.4242509892594687,-0.19761904761904764,0,-93,0,0.4242509892594687,0.19761904761904764,0,1.2001130582249862,0.45647258338044094,8,0.8380440927077445,3.0621820237422273,2.44007914075749,0.5757490107405313,1.0
2021-22,2021-11-02,Group stage,Juventus,Zenit,89,51,1.5730337078651686,0.8764044943820225,1.1372549019607843,1.392156862745098,0.5617977528089888,0.3333333333333333,0.6222222222222222,0.24,12,3,13,13,H,1,1,13,13,0.43577880590438434,0.5157523683630755,0.18087684512007063,0.26085040757876177,0.2284644194756555,0.38222222222222224,9,38,0,0.2284644194756555,0.38222222222222224,9,0.43577880590438434,0.5157523683630755,15,0.8951310861423221,2.7102886098259527,2.2685613571271204,0.7715355805243445,0.4
2021-22,2021-11-02,Group stage,Malmö,Chelsea,15,89,0.3333333333333333,3.1333333333333333,1.898876404494382,0.9550561797752809,0.13333333333333333,0.5280898876404494,0.2857142857142857,0.4444444444444444,0,12,13,13,A,1,1,13,13,-1.5655430711610487,-2.1782771535580525,-0.6217228464419475,-1.2344569288389513,-0.3947565543071161,-0.15873015873015872,-12,-74,0,0.3947565543071161,0.15873015873015872,12,1.5655430711610487,2.1782771535580525,12,0.6614232209737827,2.2322097378277155,4.0883895131086145,0.6052434456928839,0.19999999999999996
2021-22,2021-11-02,Group stage,Sevilla,Lille,35,21,1.3428571428571427,1.3428571428571427,0.7142857142857143,1.6666666666666667,0.37142857142857144,0.09523809523809523,0.5294117647058824,0.2,4,2,13,13,A,1,1,13,13,0.6285714285714284,0.323809523809524,-0.323809523809524,-0.6285714285714284,0.2761904761904762,0.32941176470588235,2,14,0,0.2761904761904762,0.32941176470588235,2,0.6285714285714284,0.323809523809524,6,0.4666666666666667,2.057142857142857,3.0095238095238095,0.7238095238095238,0.8666666666666667
2021-22,2021-11-02,Group stage,Villarreal,Young Boys,9,9,1.0,2.111111111111111,0.7777777777777778,2.0,0.1111111111111111,0.2222222222222222,0.0,0.0,4,6,13,13,H,1,1,13,13,0.2222222222222222,-0.11111111111111116,-1.0,-1.3333333333333335,-0.1111111111111111,0.0,-2,0,0,0.1111111111111111,0.0,2,0.2222222222222222,0.11111111111111116,10,0.3333333333333333,1.7777777777777777,4.111111111111111,0.8888888888888888,0.8666666666666667
2021-22,2021-11-02,Group stage,Wolfsburg,RB Salzburg,13,15,1.3076923076923077,1.1538461538461537,2.1333333333333333,2.2,0.5384615384615384,0.3333333333333333,0.8333333333333334,0.2857142857142857,5,10,13,13,H,1,1,13,13,-0.8256410256410256,1.0461538461538464,-0.8923076923076925,0.9794871794871796,0.20512820512820512,0.5476190476190477,-5,-2,0,0.20512820512820512,0.5476190476190477,5,0.8256410256410256,1.0461538461538464,15,0.8717948717948718,3.4410256410256412,3.353846153846154,0.7948717948717949,0.6666666666666667
2021-22,2021-11-03,Group stage,Dortmund,Ajax,82,57,1.7073170731707317,1.3658536585365855,1.4912280701754386,1.3508771929824561,0.4634146341463415,0.38596491228070173,0.5609756097560976,0.35714285714285715,6,9,15,15,A,1,1,15,15,0.2160890029952931,-0.014976465554129348,0.35643988018827555,0.1253744116388531,0.07744972186563975,0.20383275261324046,-3,25,0,0.07744972186563975,0.20383275261324046,3,0.2160890029952931,0.014976465554129348,15,0.8493795464270433,3.1985451433461702,2.7167308515190416,0.9225502781343602,0.8
2021-22,2021-11-03,Group stage,Liverpool,Atlético Madrid,53,82,2.0943396226415096,1.1320754716981132,1.3780487804878048,0.8414634146341463,0.5471698113207547,0.5121951219512195,0.64,0.35714285714285715,10,4,15,15,H,1,1,15,15,0.7162908421537049,-0.29061205706396687,1.2528762080073634,0.2459733087896916,0.034974689369535183,0.28285714285714286,6,-29,0,0.034974689369535183,0.28285714285714286,6,0.7162908421537049,0.29061205706396687,14,1.0593649332719743,3.4723884031293144,1.9735388863322596,0.9650253106304648,0.6
2021-22,2021-11-03,Group stage,Manchester City,Club Brugge,93,27,2.021505376344086,1.2258064516129032,0.8888888888888888,1.7777777777777777,0.5483870967741935,0.14814814814814814,0.5957446808510638,0.23076923076923078,9,8,15,15,H,1,1,15,15,1.1326164874551972,0.5519713261648744,0.24372759856630832,-0.3369175627240144,0.40023894862604537,0.364975450081833,1,66,0,0.40023894862604537,0.364975450081833,1,1.1326164874551972,0.5519713261648744,17,0.6965352449223416,2.910394265232975,3.0035842293906807,0.5997610513739546,0.9333333333333333
2021-22,2021-11-03,Group stage,Milan,Porto,37,75,1.1891891891891893,1.2972972972972974,1.56,1.2,0.2702702702702703,0.48,0.3333333333333333,0.35135135135135137,0,7,15,15,D,1,1,15,15,-0.3708108108108108,-0.09729729729729741,-0.0108108108108107,0.2627027027027027,-0.2097297297297297,-0.018018018018018056,-7,-38,0,0.2097297297297297,0.018018018018018056,7,0.3708108108108108,0.09729729729729741,7,0.7502702702702703,2.749189189189189,2.4972972972972975,0.7902702702702703,0.5333333333333333
2021-22,2021-11-03,Group stage,RB Leipzig,Paris SG,27,90,1.5925925925925926,1.8518518518518519,2.1666666666666665,1.0666666666666667,0.4444444444444444,0.5777777777777777,0.5,0.5333333333333333,0,7,15,15,D,1,1,15,15,-0.574074074074074,-0.7851851851851852,0.5259259259259259,0.31481481481481466,-0.1333333333333333,-0.033333333333333326,-7,-63,0,0.1333333333333333,0.033333333333333326,7,0.574074074074074,0.7851851851851852,7,1.0222222222222221,3.759259259259259,2.9185185185185185,0.8666666666666667,0.5333333333333333
2021-22,2021-11-03,Group stage,Real Madrid,Shakhtar D.,131,73,2.3282442748091605,0.9923664122137404,1.36986301369863,1.7123287671232876,0.6564885496183206,0.3424657534246575,0.7272727272727273,0.3055555555555556,7,5,15,15,H,1,1,15,15,0.9583812611105305,0.7199623549095472,0.6159155076858729,0.3774966014848896,0.3140227961936631,0.4217171717171717,2,58,0,0.3140227961936631,0.4217171717171717,2,0.9583812611105305,0.7199623549095472,12,0.9989543030429782,3.6981072885077904,2.704695179337028,0.685977203806337,0.8666666666666667
2021-22,2021-11-03,Group stage,Sheriff Tiraspol,Inter,3,39,1.6666666666666667,1.3333333333333333,1.3846153846153846,1.4615384615384615,0.6666666666666666,0.358974358974359,1.0,0.3157894736842105,6,8,15,15,A,1,1,15,15,0.28205128205128216,0.1282051282051282,0.2051282051282053,0.05128205128205132,0.30769230769230765,0.6842105263157895,-2,-36,0,0.30769230769230765,0.6842105263157895,2,0.28205128205128216,0.1282051282051282,14,1.0256410256410255,3.051282051282051,2.7948717948717947,0.6923076923076923,0.8666666666666667
2021-22,2021-11-03,Group stage,Sporting CP,Beşiktaş,21,17,1.4285714285714286,1.7142857142857142,1.3529411764705883,2.0588235294117645,0.2857142857142857,0.29411764705882354,0.4,0.5,6,0,15,15,H,1,1,15,15,0.07563025210084029,0.3445378151260503,-0.6302521008403359,-0.3613445378151259,-0.00840336134453784,-0.09999999999999998,6,4,0,0.00840336134453784,0.09999999999999998,6,0.07563025210084029,0.3445378151260503,6,0.5798319327731092,2.7815126050420167,3.773109243697479,0.9915966386554622,0.6
2021-22,2021-11-23,Group stage,Barcelona,Benfica,123,74,2.1219512195121952,0.983739837398374,1.1216216216216217,1.5135135135135136,0.6341463414634146,0.33783783783783783,0.7741935483870968,0.1891891891891892,7,7,21,21,D,1,1,21,21,1.0003295978905735,0.5297736761151396,0.6084377059986816,0.1378817842232477,0.2963085036255768,0.5850043591979075,0,49,0,0.2963085036255768,0.5850043591979075,0,1.0003295978905735,0.5297736761151396,14,0.9719841793012525,3.243572841133817,2.4972533509118877,0.7036914963744232,1.0
2021-22,2021-11-23,Group stage,Chelsea,Juventus,90,90,1.8888888888888888,0.9444444444444444,1.6,0.8888888888888888,0.5333333333333333,0.5666666666666667,0.6136363636363636,0.5,12,15,21,21,H,1,1,21,21,0.28888888888888875,-0.05555555555555558,1.0,0.6555555555555557,-0.033333333333333326,0.11363636363636365,-3,0,0,0.033333333333333326,0.11363636363636365,3,0.28888888888888875,0.05555555555555558,27,1.1,3.488888888888889,1.8333333333333333,0.9666666666666667,0.8
2021-22,2021-11-23,Group stage,Dynamo Kyiv,Bayern Munich,30,125,0.9,1.4333333333333333,2.552,0.976,0.2,0.704,0.26666666666666666,0.609375,4,15,21,21,A,1,1,21,21,-1.6520000000000001,-0.45733333333333337,-0.07599999999999996,1.1186666666666667,-0.504,-0.34270833333333334,-11,-95,0,0.504,0.34270833333333334,11,1.6520000000000001,0.45733333333333337,19,0.9039999999999999,3.452,2.4093333333333335,0.496,0.2666666666666667
2021-22,2021-11-23,Group stage,Lille,RB Salzburg,22,16,0.7727272727272727,1.6363636363636365,2.0625,2.1875,0.13636363636363635,0.3125,0.0,0.25,5,7,21,21,H,1,1,21,21,-1.2897727272727273,0.5511363636363635,-1.4147727272727273,0.42613636363636354,-0.17613636363636365,-0.25,-2,6,0,0.17613636363636365,0.25,2,1.2897727272727273,0.5511363636363635,12,0.44886363636363635,2.8352272727272725,3.8238636363636367,0.8238636363636364,0.8666666666666667
2021-22,2021-11-23,Group stage,Malmö,Zenit,16,52,0.3125,3.0,1.1538461538461537,1.4423076923076923,0.125,0.3269230769230769,0.25,0.23076923076923078,0,3,21,21,D,1,1,21,21,-0.8413461538461537,-1.5576923076923077,-1.1298076923076923,-1.8461538461538463,-0.20192307692307693,0.019230769230769218,-3,-36,0,0.20192307692307693,0.019230769230769218,3,0.8413461538461537,1.5576923076923077,3,0.4519230769230769,1.4663461538461537,4.4423076923076925,0.7980769230769231,0.8
2021-22,2021-11-23,Group stage,Sevilla,Wolfsburg,36,14,1.3333333333333333,1.3611111111111112,1.3571428571428572,1.1428571428571428,0.3611111111111111,0.5714285714285714,0.5,0.2857142857142857,4,5,21,21,H,1,1,21,21,-0.023809523809523947,-0.21825396825396837,0.19047619047619047,-0.003968253968253954,-0.2103174603174603,0.2142857142857143,-1,22,0,0.2103174603174603,0.2142857142857143,1,0.023809523809523947,0.21825396825396837,9,0.9325396825396826,2.6904761904761907,2.503968253968254,0.7896825396825398,0.9333333333333333
2021-22,2021-11-23,Group stage,Villarreal,Manchester Utd,10,71,1.1,1.9,1.5633802816901408,1.028169014084507,0.2,0.5070422535211268,0.2,0.4166666666666667,7,7,21,21,A,1,1,21,21,-0.46338028169014067,-0.8718309859154929,0.07183098591549308,-0.33661971830985915,-0.30704225352112674,-0.21666666666666667,0,-61,0,0.30704225352112674,0.21666666666666667,0,0.46338028169014067,0.8718309859154929,14,0.7070422535211267,2.6633802816901406,2.928169014084507,0.6929577464788732,1.0
2021-22,2021-11-23,Group stage,Young Boys,Atalanta,10,21,0.7,2.0,1.6666666666666667,1.7619047619047619,0.2,0.38095238095238093,0.4,0.5,6,5,21,21,D,1,1,21,21,-0.9666666666666668,-0.23809523809523814,-1.061904761904762,-0.33333333333333326,-0.18095238095238092,-0.09999999999999998,1,-11,0,0.18095238095238092,0.09999999999999998,1,0.9666666666666668,0.23809523809523814,11,0.5809523809523809,2.3666666666666667,3.761904761904762,0.819047619047619,0.9333333333333333
2021-22,2021-11-24,Group stage,Atlético Madrid,Milan,83,38,1.3614457831325302,0.8554216867469879,1.1842105263157894,1.2894736842105263,0.5060240963855421,0.2631578947368421,0.675,0.21052631578947367,4,1,21,21,A,1,1,21,21,0.1772352568167408,0.4340519974635384,0.07197209892200385,0.32878883956880145,0.24286620164870004,0.46447368421052637,3,45,0,0.24286620164870004,0.46447368421052637,3,0.1772352568167408,0.4340519974635384,5,0.7691819911223843,2.5456563094483196,2.1448953709575145,0.7571337983513,0.8
2021-22,2021-11-24,Group stage,Beşiktaş,Ajax,18,58,1.2777777777777777,2.1666666666666665,1.5172413793103448,1.3448275862068966,0.2777777777777778,0.39655172413793105,0.1111111111111111,0.3793103448275862,0,12,21,21,A,1,1,21,21,-0.23946360153256707,-0.8218390804597699,-0.0670498084291189,-0.6494252873563218,-0.11877394636015326,-0.2681992337164751,-12,-40,0,0.11877394636015326,0.2681992337164751,12,0.23946360153256707,0.8218390804597699,12,0.6743295019157088,2.7950191570881224,3.511494252873563,0.8812260536398467,0.19999999999999996
2021-22,2021-11-24,Group stage,Club Brugge,RB Leipzig,28,28,0.8928571428571429,1.8571428571428572,1.6071428571428572,1.8571428571428572,0.14285714285714285,0.42857142857142855,0.07142857142857142,0.38461538461538464,5,1,21,21,A,1,1,21,21,-0.7142857142857143,0.0,-0.9642857142857143,-0.25,-0.2857142857142857,-0.3131868131868132,4,0,0,0.2857142857142857,0.3131868131868132,4,0.7142857142857143,0.0,6,0.5714285714285714,2.5,3.7142857142857144,0.7142857142857143,0.7333333333333334
2021-22,2021-11-24,Group stage,Inter,Shakhtar D.,40,74,1.425,1.45,1.364864864864865,1.7162162162162162,0.375,0.33783783783783783,0.4,0.2972972972972973,8,2,21,21,H,1,1,21,21,0.06013513513513513,0.2662162162162163,-0.2912162162162162,-0.08513513513513504,0.03716216216216217,0.10270270270270271,6,-34,0,0.03716216216216217,0.10270270270270271,6,0.06013513513513513,0.2662162162162163,10,0.7128378378378378,2.7898648648648647,3.166216216216216,0.9628378378378378,0.6
2021-22,2021-11-24,Group stage,Liverpool,Porto,54,76,2.0925925925925926,1.1111111111111112,1.5526315789473684,1.1973684210526316,0.5555555555555556,0.47368421052631576,0.6538461538461539,0.34210526315789475,13,8,21,21,H,1,1,21,21,0.5399610136452242,0.08625730994152048,0.8952241715399609,0.4415204678362572,0.08187134502923982,0.3117408906882591,5,-22,0,0.08187134502923982,0.3117408906882591,5,0.5399610136452242,0.08625730994152048,21,1.0292397660818713,3.6452241715399607,2.3084795321637426,0.9181286549707601,0.6666666666666667
2021-22,2021-11-24,Group stage,Manchester City,Paris SG,94,91,2.0425531914893615,1.2234042553191489,2.1648351648351647,1.0769230769230769,0.5531914893617021,0.5714285714285714,0.6041666666666666,0.5217391304347826,9,8,21,21,H,1,1,21,21,-0.12228197334580315,-0.146481178396072,0.9656301145662847,0.9414309095160158,-0.018237082066869248,0.08242753623188404,1,3,0,0.018237082066869248,0.08242753623188404,1,0.12228197334580315,0.146481178396072,17,1.1246200607902734,4.207388356324526,2.300327332242226,0.9817629179331308,0.9333333333333333
2021-22,2021-11-24,Group stage,Sheriff Tiraspol,Real Madrid,4,132,1.5,1.75,2.3257575757575757,0.9924242424242424,0.5,0.6590909090909091,0.5,0.5846153846153846,6,9,21,21,A,1,1,21,21,-0.8257575757575757,-0.7575757575757576,0.5075757575757576,0.5757575757575757,-0.15909090909090906,-0.08461538461538465,-3,-128,0,0.15909090909090906,0.08461538461538465,3,0.8257575757575757,0.7575757575757576,15,1.1590909090909092,3.8257575757575757,2.742424242424242,0.8409090909090909,0.8
2021-22,2021-11-24,Group stage,Sporting CP,Dortmund,22,83,1.5454545454545454,1.6363636363636365,1.6987951807228916,1.3855421686746987,0.3181818181818182,0.4578313253012048,0.45454545454545453,0.36585365853658536,6,6,21,21,H,1,1,21,21,-0.15334063526834618,-0.25082146768893776,0.1599123767798467,0.06243154435925513,-0.13964950711938662,0.08869179600886917,0,-61,0,0.13964950711938662,0.08869179600886917,0,0.15334063526834618,0.25082146768893776,12,0.776013143483023,3.2442497261774372,3.021905805038335,0.8603504928806134,1.0
2021-22,2021-12-07,Group stage,Ajax,Sporting CP,59,23,1.5254237288135593,1.3389830508474576,1.608695652173913,1.608695652173913,0.4067796610169492,0.34782608695652173,0.41379310344827586,0.18181818181818182,15,9,13,13,H,1,1,13,13,-0.08327192336035383,0.26971260132645547,-0.08327192336035383,0.26971260132645547,0.05895357406042745,0.23197492163009403,6,36,0,0.05895357406042745,0.23197492163009403,6,0.08327192336035383,0.26971260132645547,24,0.7546057479734709,3.1341193809874723,2.9476787030213707,0.9410464259395726,0.6
2021-22,2021-12-07,Group stage,Dortmund,Beşiktaş,84,19,1.6904761904761905,1.4047619047619047,1.263157894736842,2.1578947368421053,0.4523809523809524,0.2631578947368421,0.5476190476190477,0.4444444444444444,6,0,13,13,H,1,1,13,13,0.42731829573934843,0.7531328320802007,-0.46741854636591484,-0.14160401002506262,0.1892230576441103,0.10317460317460325,6,65,0,0.1892230576441103,0.10317460317460325,6,0.42731829573934843,0.7531328320802007,6,0.7155388471177945,2.9536340852130323,3.56265664160401,0.8107769423558897,0.6
2021-22,2021-12-07,Group stage,Milan,Liverpool,39,55,1.1794871794871795,1.2564102564102564,2.090909090909091,1.0909090909090908,0.28205128205128205,0.5636363636363636,0.3157894736842105,0.4642857142857143,4,15,13,13,A,1,1,13,13,-0.9114219114219113,-0.16550116550116556,0.08857808857808869,0.8344988344988344,-0.28158508158508155,-0.1484962406015038,-11,-16,0,0.28158508158508155,0.1484962406015038,11,0.9114219114219113,0.16550116550116556,19,0.8456876456876457,3.2703962703962706,2.347319347319347,0.7184149184149184,0.2666666666666667
2021-22,2021-12-07,Group stage,Paris SG,Club Brugge,92,29,2.152173913043478,1.0869565217391304,0.8620689655172413,1.9655172413793103,0.5652173913043478,0.13793103448275862,0.6222222222222222,0.21428571428571427,8,4,13,13,H,1,1,13,13,1.2901049475262367,0.8785607196401799,0.18665667166416777,-0.22488755622188905,0.42728635682158916,0.40793650793650793,4,63,0,0.42728635682158916,0.40793650793650793,4,1.2901049475262367,0.8785607196401799,12,0.7031484257871063,3.0142428785607196,3.0524737631184404,0.5727136431784108,0.7333333333333334
2021-22,2021-12-07,Group stage,Porto,Atlético Madrid,77,84,1.5324675324675325,1.2077922077922079,1.3452380952380953,0.8571428571428571,0.4675324675324675,0.5,0.6052631578947368,0.3488372093023256,5,4,13,13,A,1,1,13,13,0.1872294372294372,-0.35064935064935077,0.6753246753246754,0.13744588744588748,-0.03246753246753248,0.25642594859241125,1,-7,0,0.03246753246753248,0.25642594859241125,1,0.1872294372294372,0.35064935064935077,9,0.9675324675324675,2.8777056277056277,2.064935064935065,0.9675324675324675,0.9333333333333333
2021-22,2021-12-07,Group stage,RB Leipzig,Manchester City,29,95,1.7241379310344827,1.793103448275862,2.042105263157895,1.2210526315789474,0.4482758620689655,0.5578947368421052,0.4666666666666667,0.5,4,12,13,13,H,1,1,13,13,-0.3179673321234122,-0.5720508166969147,0.5030852994555353,0.24900181488203277,-0.1096188747731397,-0.033333333333333326,-8,-66,0,0.1096188747731397,0.033333333333333326,8,0.3179673321234122,0.5720508166969147,16,1.0061705989110707,3.7662431941923775,3.0141560798548097,0.8903811252268603,0.4666666666666667
2021-22,2021-12-07,Group stage,Real Madrid,Inter,133,41,2.330827067669173,0.9849624060150376,1.4390243902439024,1.4146341463414633,0.6616541353383458,0.3902439024390244,0.7313432835820896,0.35,12,10,13,13,H,1,1,13,13,0.8918026774252708,0.42967174032642574,0.9161929213277098,0.4540619842288648,0.2714102328993214,0.3813432835820896,2,92,0,0.2714102328993214,0.3813432835820896,2,0.8918026774252708,0.42967174032642574,22,1.0518980377773701,3.7698514579130755,2.399596552356501,0.7285897671006786,0.8666666666666667
2021-22,2021-12-07,Group stage,Shakhtar D.,Sheriff Tiraspol,75,5,1.3466666666666667,1.72,1.2,2.0,0.3333333333333333,0.4,0.3783783783783784,0.5,1,6,13,13,D,1,1,13,13,0.14666666666666672,0.28,-0.6533333333333333,-0.52,-0.06666666666666671,-0.1216216216216216,-5,70,0,0.06666666666666671,0.1216216216216216,5,0.14666666666666672,0.28,7,0.7333333333333334,2.546666666666667,3.7199999999999998,0.9333333333333333,0.6666666666666667
2021-22,2021-12-08,Group stage,Bayern Munich,Barcelona,126,124,2.5476190476190474,0.9761904761904762,2.1048387096774195,0.9758064516129032,0.7063492063492064,0.6290322580645161,0.8032786885245902,0.4918032786885246,15,7,15,15,H,1,1,15,15,0.44278033794162797,-0.00038402457757291675,1.5718125960061442,1.1286482334869432,0.07731694828469027,0.3114754098360656,8,2,0,0.07731694828469027,0.3114754098360656,8,0.44278033794162797,0.00038402457757291675,22,1.3353814644137225,4.652457757296467,1.9519969278033793,0.9226830517153097,0.4666666666666667
2021-22,2021-12-08,Group stage,Benfica,Dynamo Kyiv,75,31,1.1066666666666667,1.4933333333333334,0.9032258064516129,1.4516129032258065,0.3333333333333333,0.1935483870967742,0.4864864864864865,0.13333333333333333,5,1,15,15,H,1,1,15,15,0.2034408602150538,-0.04172043010752691,-0.3449462365591398,-0.5901075268817205,0.13978494623655913,0.3531531531531532,4,44,0,0.13978494623655913,0.3531531531531532,4,0.2034408602150538,0.04172043010752691,6,0.5268817204301075,2.0098924731182795,2.94494623655914,0.8602150537634409,0.7333333333333334
2021-22,2021-12-08,Group stage,Juventus,Malmö,91,17,1.5824175824175823,0.9230769230769231,0.35294117647058826,2.8823529411764706,0.5604395604395604,0.11764705882352941,0.6304347826086957,0.0,12,1,15,15,H,1,1,15,15,1.229476405946994,1.9592760180995474,-1.2999353587588882,-0.5701357466063348,0.442792501616031,0.6304347826086957,11,74,0,0.442792501616031,0.6304347826086957,11,1.229476405946994,1.9592760180995474,13,0.6780866192630899,1.9353587588881707,3.8054298642533935,0.557207498383969,0.2666666666666667
2021-22,2021-12-08,Group stage,Manchester Utd,Young Boys,72,11,1.5694444444444444,1.0138888888888888,0.9090909090909091,2.090909090909091,0.5138888888888888,0.18181818181818182,0.6,0.0,10,4,15,15,D,1,1,15,15,0.6603535353535354,1.077020202020202,-0.5214646464646464,-0.10479797979797978,0.332070707070707,0.6,6,61,0,0.332070707070707,0.6,6,0.6603535353535354,1.077020202020202,14,0.6957070707070707,2.4785353535353534,3.1047979797979797,0.667929292929293,0.6
2021-22,2021-12-08,Group stage,RB Salzburg,Sevilla,17,37,1.9411764705882353,2.1176470588235294,1.3513513513513513,1.3243243243243243,0.29411764705882354,0.3783783783783784,0.375,0.2222222222222222,7,6,15,15,H,1,1,15,15,0.589825119236884,-0.7933227344992051,0.6168521462639109,-0.7662957074721781,-0.08426073131955486,0.1527777777777778,1,-20,0,0.08426073131955486,0.1527777777777778,1,0.589825119236884,0.7933227344992051,13,0.6724960254372019,3.2925278219395864,3.4419713831478536,0.9157392686804451,0.9333333333333333
2021-22,2021-12-08,Group stage,Wolfsburg,Lille,15,23,1.2666666666666666,1.2,0.782608695652174,1.565217391304348,0.5333333333333333,0.17391304347826086,0.8571428571428571,0.2727272727272727,5,8,15,15,A,1,1,15,15,0.48405797101449266,0.36521739130434794,-0.2985507246376813,-0.417391304347826,0.35942028985507246,0.5844155844155844,-3,-8,0,0.35942028985507246,0.5844155844155844,3,0.48405797101449266,0.36521739130434794,13,0.7072463768115942,2.0492753623188404,2.765217391304348,0.6405797101449275,0.8
2021-22,2021-12-08,Group stage,Zenit,Chelsea,53,91,1.150943396226415,1.4339622641509433,1.9120879120879122,0.9340659340659341,0.32075471698113206,0.5384615384615384,0.4230769230769231,0.45652173913043476,4,12,15,15,D,1,1,15,15,-0.7611445158614971,-0.4998963300850092,0.21687746216048098,0.4781256479369689,-0.21770682148040638,-0.03344481605351168,-8,-38,0,0.21770682148040638,0.03344481605351168,8,0.7611445158614971,0.4998963300850092,16,0.8592162554426706,3.0630313083143275,2.3680281982168774,0.7822931785195937,0.4666666666666667
2021-22,2021-12-09,Group stage,Atalanta,Villarreal,22,11,1.7272727272727273,1.8181818181818181,1.0,1.9090909090909092,0.36363636363636365,0.18181818181818182,0.2727272727272727,0.2,6,7,16,16,A,1,1,16,16,0.7272727272727273,0.09090909090909105,-0.18181818181818188,-0.8181818181818181,0.18181818181818182,0.0727272727272727,-1,11,0,0.18181818181818182,0.0727272727272727,1,0.7272727272727273,0.09090909090909105,13,0.5454545454545454,2.7272727272727275,3.7272727272727275,0.8181818181818181,0.9333333333333333
2021-22,2022-02-15,Round of 16,Paris SG,Real Madrid,93,134,2.172043010752688,1.086021505376344,2.328358208955224,0.9776119402985075,0.5698924731182796,0.664179104477612,0.6304347826086957,0.5909090909090909,10,12,70,70,H,1,1,70,70,-0.15631519820253592,-0.1084095650778365,1.1944310704541805,1.24233670357888,-0.09428663135933235,0.03952569169960474,-2,-41,0,0.09428663135933235,0.03952569169960474,2,0.15631519820253592,0.1084095650778365,22,1.2340715775958917,4.500401219707912,2.0636334456748515,0.9057133686406676,0.8666666666666667
2021-22,2022-02-15,Round of 16,Sporting CP,Manchester City,24,96,1.625,1.7083333333333333,2.03125,1.2291666666666667,0.3333333333333333,0.5520833333333334,0.5,0.48936170212765956,9,9,70,70,A,1,1,70,70,-0.40625,-0.4791666666666665,0.39583333333333326,0.32291666666666674,-0.21875000000000006,0.010638297872340441,0,-72,0,0.21875000000000006,0.010638297872340441,0,0.40625,0.4791666666666665,18,0.8854166666666667,3.65625,2.9375,0.78125,1.0
2021-22,2022-02-16,Round of 16,Inter,Liverpool,42,56,1.4047619047619047,1.4285714285714286,2.0892857142857144,1.0892857142857142,0.38095238095238093,0.5714285714285714,0.42857142857142855,0.4827586206896552,10,15,71,71,A,1,1,71,71,-0.6845238095238098,-0.3392857142857144,0.31547619047619047,0.6607142857142858,-0.19047619047619047,-0.054187192118226646,-5,-14,0,0.19047619047619047,0.054187192118226646,5,0.6845238095238098,0.3392857142857144,25,0.9523809523809523,3.494047619047619,2.517857142857143,0.8095238095238095,0.6666666666666667
2021-22,2022-02-16,Round of 16,RB Salzburg,Bayern Munich,18,127,1.8888888888888888,2.0,2.5511811023622046,0.968503937007874,0.3333333333333333,0.7086614173228346,0.4444444444444444,0.6153846153846154,9,15,70,70,D,1,1,70,70,-0.6622922134733158,-1.031496062992126,0.9203849518810149,0.5511811023622046,-0.3753280839895013,-0.170940170940171,-6,-109,0,0.3753280839895013,0.170940170940171,6,0.6622922134733158,1.031496062992126,24,1.041994750656168,4.440069991251093,2.968503937007874,0.6246719160104988,0.6
2021-22,2022-02-22,Round of 16,Chelsea,Lille,92,24,1.923913043478261,0.9565217391304348,0.875,1.5416666666666667,0.532608695652174,0.20833333333333334,0.6222222222222222,0.3333333333333333,10,10,76,76,H,1,1,76,76,1.048913043478261,0.5851449275362319,0.38224637681159424,-0.08152173913043481,0.3242753623188406,0.2888888888888889,0,68,0,0.3242753623188406,0.2888888888888889,0,1.048913043478261,0.5851449275362319,20,0.7409420289855073,2.7989130434782608,2.4981884057971016,0.6757246376811594,1.0
2021-22,2022-02-22,Round of 16,Villarreal,Juventus,12,92,1.1666666666666667,1.9166666666666667,1.576086956521739,0.9130434782608695,0.25,0.5652173913043478,0.16666666666666666,0.4888888888888889,9,12,75,76,D,1,1,75,76,-0.4094202898550723,-1.0036231884057973,0.25362318840579723,-0.3405797101449277,-0.3152173913043478,-0.3222222222222222,-3,-80,-1,0.3152173913043478,0.3222222222222222,3,0.4094202898550723,1.0036231884057973,21,0.8152173913043478,2.7427536231884058,2.829710144927536,0.6847826086956522,0.8
2021-22,2022-02-23,Round of 16,Atlético Madrid,Manchester Utd,85,73,1.3647058823529412,0.8588235294117647,1.5616438356164384,1.0136986301369864,0.5058823529411764,0.5068493150684932,0.6585365853658537,0.43243243243243246,6,11,78,77,D,1,1,78,77,-0.19693795326349717,0.1548751007252217,0.35100725221595486,0.7028203062046737,-0.0009669621273167284,0.22610415293342123,-5,12,1,0.0009669621273167284,0.22610415293342123,5,0.19693795326349717,0.1548751007252217,17,1.0127316680096696,2.9263497179693796,1.8725221595487511,0.9990330378726833,0.6666666666666667
2021-22,2022-02-23,Round of 16,Benfica,Ajax,76,60,1.118421052631579,1.4736842105263157,1.5666666666666667,1.35,0.34210526315789475,0.4166666666666667,0.5,0.4,7,15,77,78,D,1,1,77,78,-0.44824561403508767,-0.12368421052631562,-0.2315789473684211,0.09298245614035094,-0.07456140350877194,0.09999999999999998,-8,16,-1,0.07456140350877194,0.09999999999999998,8,0.44824561403508767,0.12368421052631562,22,0.7587719298245614,2.6850877192982456,2.8236842105263156,0.9254385964912281,0.4666666666666667
2021-22,2022-03-08,Round of 16,Bayern Munich,RB Salzburg,128,19,2.5390625,0.96875,1.8421052631578947,1.9473684210526316,0.703125,0.3157894736842105,0.8064516129032258,0.2222222222222222,13,7,20,20,H,1,1,20,20,0.6969572368421053,0.9786184210526316,0.5916940789473684,0.8733552631578947,0.3873355263157895,0.5842293906810035,6,109,0,0.3873355263157895,0.5842293906810035,6,0.6969572368421053,0.9786184210526316,20,1.0189144736842106,4.381167763157895,2.916118421052632,0.6126644736842105,0.6
2021-22,2022-03-08,Round of 16,Liverpool,Inter,57,43,2.087719298245614,1.0701754385964912,1.372093023255814,1.441860465116279,0.5789473684210527,0.37209302325581395,0.6666666666666666,0.3333333333333333,15,9,20,20,A,1,1,20,20,0.7156262749897999,0.37168502651978774,0.6458588331293349,0.3019175846593227,0.2068543451652387,0.3333333333333333,6,14,0,0.2068543451652387,0.3333333333333333,6,0.7156262749897999,0.37168502651978774,24,0.9510403916768666,3.4598123215014276,2.5120359037127704,0.7931456548347613,0.6
2021-22,2022-03-09,Round of 16,Manchester City,Sporting CP,97,25,2.0618556701030926,1.2164948453608246,1.56,1.84,0.5567010309278351,0.32,0.6122448979591837,0.16666666666666666,12,9,22,22,D,1,1,22,22,0.5018556701030925,0.6235051546391754,0.22185567010309248,0.3435051546391754,0.23670103092783507,0.44557823129251706,3,72,0,0.23670103092783507,0.44557823129251706,3,0.5018556701030925,0.6235051546391754,21,0.8767010309278351,3.6218556701030926,3.0564948453608247,0.763298969072165,0.8
2021-22,2022-03-09,Round of 16,Real Madrid,Paris SG,135,94,2.311111111111111,0.9777777777777777,2.1595744680851063,1.074468085106383,0.6592592592592592,0.574468085106383,0.7352941176470589,0.5106382978723404,12,10,22,22,H,1,1,22,22,0.15153664302600456,0.09669030732860528,1.2366430260047279,1.1817966903073285,0.08479117415287618,0.2246558197747185,2,41,0,0.08479117415287618,0.2246558197747185,2,0.15153664302600456,0.09669030732860528,22,1.2337273443656422,4.470685579196218,2.0522458628841607,0.9152088258471238,0.8666666666666667
2021-22,2022-03-15,Round of 16,Ajax,Benfica,61,77,1.5737704918032787,1.360655737704918,1.12987012987013,1.4805194805194806,0.4098360655737705,0.33766233766233766,0.43333333333333335,0.18421052631578946,13,5,20,20,A,1,1,20,20,0.44390036193314875,0.11986374281456258,0.09325101128379809,-0.23078560783478808,0.07217372791143284,0.24912280701754388,8,-16,0,0.07217372791143284,0.24912280701754388,8,0.44390036193314875,0.11986374281456258,18,0.7474984032361082,2.703640621673409,2.8411752182243983,0.9278262720885672,0.4666666666666667
2021-22,2022-03-15,Round of 16,Manchester Utd,Atlético Madrid,74,86,1.554054054054054,1.0135135135135136,1.3604651162790697,0.8604651162790697,0.5,0.5,0.5833333333333334,0.36363636363636365,9,4,20,20,A,1,1,20,20,0.1935889377749842,-0.15304839723444386,0.6935889377749842,0.34695160276555614,0.0,0.21969696969696972,5,-12,0,0.0,0.21969696969696972,5,0.1935889377749842,0.15304839723444386,13,1.0,2.914519170333124,1.8739786297925833,1.0,0.6666666666666667
2021-22,2022-03-16,Round of 16,Juventus,Villarreal,93,13,1.5698924731182795,0.9139784946236559,1.1538461538461537,1.8461538461538463,0.5591397849462365,0.23076923076923078,0.6382978723404256,0.3333333333333333,10,10,22,22,A,1,1,22,22,0.41604631927212576,0.9321753515301904,-0.27626137303556675,0.23986765922249786,0.3283705541770057,0.30496453900709225,0,80,0,0.3283705541770057,0.30496453900709225,0,0.41604631927212576,0.9321753515301904,20,0.7899090157154673,2.7237386269644333,2.7601323407775022,0.6716294458229943,1.0
2021-22,2022-03-16,Round of 16,Lille,Chelsea,25,93,0.84,1.56,1.924731182795699,0.946236559139785,0.2,0.5376344086021505,0.08333333333333333,0.44680851063829785,10,13,22,22,A,1,1,22,22,-1.0847311827956991,-0.6137634408602151,-0.10623655913978503,0.36473118279569894,-0.3376344086021505,-0.36347517730496454,-3,-68,0,0.3376344086021505,0.36347517730496454,3,1.0847311827956991,0.6137634408602151,23,0.7376344086021505,2.764731182795699,2.506236559139785,0.6623655913978495,0.8
2021-22,2022-04-05,Quarter-finals,Benfica,Liverpool,78,58,1.1282051282051282,1.4615384615384615,2.0517241379310347,1.0689655172413792,0.34615384615384615,0.5689655172413793,0.48717948717948717,0.5,8,12,21,28,A,1,1,21,28,-0.9235190097259065,-0.3925729442970822,0.05923961096374897,0.5901856763925732,-0.2228116710875332,-0.01282051282051283,-4,20,-7,0.2228116710875332,0.01282051282051283,4,0.9235190097259065,0.3925729442970822,20,0.9151193633952255,3.179929266136163,2.5305039787798407,0.7771883289124668,0.7333333333333334
2021-22,2022-04-05,Quarter-finals,Manchester City,Atlético Madrid,98,87,2.0408163265306123,1.2040816326530612,1.3563218390804597,0.8505747126436781,0.5510204081632653,0.5057471264367817,0.6,0.37777777777777777,10,7,27,21,H,1,1,27,21,0.6844944874501526,-0.3535069200093831,1.190241613886934,0.15224020642739844,0.045273281726483594,0.2222222222222222,3,11,6,0.045273281726483594,0.2222222222222222,3,0.6844944874501526,0.3535069200093831,17,1.056767534600047,3.397138165611072,2.0546563452967392,0.9547267182735164,0.8
2021-22,2022-04-06,Quarter-finals,Chelsea,Real Madrid,94,136,1.925531914893617,0.9468085106382979,2.3161764705882355,0.9779411764705882,0.5425531914893617,0.6617647058823529,0.6304347826086957,0.582089552238806,13,12,21,28,A,1,1,21,28,-0.39064455569461853,0.03113266583229035,0.9475907384230288,1.3693679599499378,-0.11921151439299127,0.04834523036988969,1,-42,-7,0.11921151439299127,0.04834523036988969,1,0.39064455569461853,0.03113266583229035,25,1.2043178973717146,4.241708385481853,1.924749687108886,0.8807884856070087,0.9333333333333333
2021-22,2022-04-06,Quarter-finals,Villarreal,Bayern Munich,14,129,1.2857142857142858,1.7142857142857142,2.5736434108527133,0.9689922480620154,0.2857142857142857,0.7054263565891473,0.14285714285714285,0.6060606060606061,10,13,21,29,H,1,1,21,29,-1.2879291251384275,-0.7452934662236987,0.31672203765227036,0.8593576965669991,-0.4197120708748616,-0.46320346320346323,-3,-115,-8,0.4197120708748616,0.46320346320346323,3,1.2879291251384275,0.7452934662236987,23,0.991140642303433,3.859357696566999,2.68327796234773,0.5802879291251384,0.8
2021-22,2022-04-12,Quarter-finals,Bayern Munich,Villarreal,130,15,2.5538461538461537,0.9692307692307692,1.2666666666666666,1.6,0.7,0.3333333333333333,0.8095238095238095,0.42857142857142855,10,10,6,6,D,1,1,6,6,1.287179487179487,0.6307692307692309,0.9538461538461536,0.2974358974358974,0.36666666666666664,0.380952380952381,0,115,0,0.36666666666666664,0.380952380952381,0,1.287179487179487,0.6307692307692309,20,1.0333333333333332,3.8205128205128203,2.5692307692307694,0.6333333333333333,1.0
2021-22,2022-04-12,Quarter-finals,Real Madrid,Chelsea,137,95,2.321167883211679,0.9781021897810219,1.9157894736842105,0.968421052631579,0.6642335766423357,0.5368421052631579,0.7391304347826086,0.4583333333333333,12,10,6,6,A,1,1,6,6,0.4053784095274684,-0.009681137149442964,1.3527468305801,0.9376872839031886,0.12739147137917783,0.28079710144927533,2,42,0,0.12739147137917783,0.28079710144927533,2,0.4053784095274684,0.009681137149442964,22,1.2010756819054937,4.236957356895889,1.9465232424126009,0.8726085286208222,0.8666666666666667
2021-22,2022-04-13,Quarter-finals,Atlético Madrid,Manchester City,88,99,1.3409090909090908,0.8522727272727273,2.0303030303030303,1.1919191919191918,0.5,0.5555555555555556,0.6428571428571429,0.5,7,10,8,8,D,1,1,8,8,-0.6893939393939394,0.33964646464646453,0.148989898989899,1.178030303030303,-0.05555555555555558,0.1428571428571429,-3,-11,0,0.05555555555555558,0.1428571428571429,3,0.6893939393939394,0.33964646464646453,17,1.0555555555555556,3.371212121212121,2.044191919191919,0.9444444444444444,0.8
2021-22,2022-04-13,Quarter-finals,Liverpool,Benfica,59,79,2.0677966101694913,1.0677966101694916,1.1265822784810127,1.481012658227848,0.576271186440678,0.34177215189873417,0.6428571428571429,0.20512820512820512,12,8,8,8,D,1,1,8,8,0.9412143316884787,0.41321604805835643,0.5867839519416433,0.0587856683115211,0.23449903454194382,0.4377289377289378,4,-20,0,0.23449903454194382,0.4377289377289378,4,0.9412143316884787,0.41321604805835643,20,0.9180433383394122,3.194378888650504,2.5488092683973393,0.7655009654580562,0.7333333333333334
2021-22,2022-04-26,Semi-finals,Manchester City,Real Madrid,100,138,2.01,1.18,2.318840579710145,0.9927536231884058,0.55,0.6594202898550725,0.6078431372549019,0.5882352941176471,8,9,13,14,H,1,1,13,14,-0.3088405797101452,-0.18724637681159417,1.017246376811594,1.138840579710145,-0.10942028985507246,0.019607843137254832,-1,-38,-1,0.10942028985507246,0.019607843137254832,1,0.3088405797101452,0.18724637681159417,17,1.2094202898550726,4.328840579710144,2.172753623188406,0.8905797101449275,0.9333333333333333
2021-22,2022-04-27,Semi-finals,Liverpool,Villarreal,60,16,2.0833333333333335,1.1,1.25,1.5625,0.5666666666666667,0.3125,0.6206896551724138,0.375,10,11,14,15,H,1,1,14,15,0.8333333333333335,0.4624999999999999,0.5208333333333335,0.1499999999999999,0.25416666666666665,0.2456896551724138,-1,44,-1,0.25416666666666665,0.2456896551724138,1,0.8333333333333335,0.4624999999999999,21,0.8791666666666667,3.3333333333333335,2.6625,0.7458333333333333,0.9333333333333333
2021-22,2022-05-03,Semi-finals,Villarreal,Liverpool,17,61,1.1764705882352942,1.588235294117647,2.081967213114754,1.0819672131147542,0.29411764705882354,0.5737704918032787,0.25,0.5161290322580645,8,10,6,6,A,1,1,6,6,-0.9054966248794598,-0.5062680810028928,0.09450337512053997,0.493731918997107,-0.2796528447444551,-0.2661290322580645,-2,-44,0,0.2796528447444551,0.2661290322580645,2,0.9054966248794598,0.5062680810028928,18,0.8678881388621023,3.2584378013500483,2.670202507232401,0.7203471552555449,0.8666666666666667
2021-22,2022-05-04,Semi-finals,Real Madrid,Manchester City,139,101,2.323741007194245,1.014388489208633,2.0297029702970297,1.198019801980198,0.6546762589928058,0.5544554455445545,0.7285714285714285,0.4897959183673469,6,11,8,8,H,1,1,8,8,0.2940380368972151,0.18363131277156497,1.1257212052140468,1.0153144810883967,0.10022081344825129,0.2387755102040816,-5,38,0,0.10022081344825129,0.2387755102040816,5,0.2940380368972151,0.18363131277156497,17,1.2091317045373602,4.353443977491274,2.212408291188831,0.8997791865517487,0.6666666666666667
2021-22,2022-05-28,Final,Liverpool,Real Madrid,62,140,2.096774193548387,1.096774193548387,2.3285714285714287,1.0142857142857142,0.5806451612903226,0.6571428571428571,0.6333333333333333,0.5797101449275363,10,9,25,24,A,1,1,25,24,-0.23179723502304173,-0.08248847926267278,1.0824884792626728,1.2317972350230417,-0.07649769585253452,0.05362318840579705,1,-78,1,0.07649769585253452,0.05362318840579705,1,0.23179723502304173,0.08248847926267278,19,1.2377880184331798,4.425345622119815,2.1110599078341012,0.9235023041474655,0.9333333333333333
2022-23,2022-09-06,Group stage,Benfica,Maccabi Haifa,80,0,1.15,1.5,0.0,0.0,0.3375,0.0,0.475,0.0,8,0,146,-1,H,1,0,146,0,1.15,-1.5,1.15,-1.5,0.3375,0.475,8,80,146,0.3375,0.475,8,1.15,1.5,8,0.3375,1.15,1.5,0.6625,0.4666666666666667
2022-23,2022-09-06,Group stage,Celtic,Real Madrid,26,141,0.8461538461538461,2.3461538461538463,2.3191489361702127,1.0070921985815602,0.19230769230769232,0.6595744680851063,0.23076923076923078,0.5857142857142857,3,9,1736,101,A,1,1,365,101,-1.4729950900163664,-1.339061647572286,-0.16093835242771404,-0.027004909983633585,-0.46726677577741405,-0.35494505494505496,-6,-115,264,0.46726677577741405,0.35494505494505496,6,1.4729950900163664,1.339061647572286,12,0.8518821603927986,3.165302782324059,3.3532460447354064,0.532733224222586,0.6
2022-23,2022-09-06,Group stage,Dinamo Zagreb,Chelsea,30,96,0.5666666666666667,2.6,1.9270833333333333,0.9791666666666666,0.06666666666666667,0.5416666666666666,0.13333333333333333,0.46938775510204084,2,10,1000,147,H,1,1,365,147,-1.3604166666666666,-1.6208333333333336,-0.4125,-0.6729166666666668,-0.475,-0.3360544217687075,-8,-66,218,0.475,0.3360544217687075,8,1.3604166666666666,1.6208333333333336,12,0.6083333333333333,2.49375,3.5791666666666666,0.525,0.4666666666666667
2022-23,2022-09-06,Group stage,Dortmund,FC Copenhagen,85,20,1.7294117647058824,1.388235294117647,0.9,1.1,0.4588235294117647,0.3,0.5581395348837209,0.2,6,8,273,2099,H,1,1,273,365,0.8294117647058824,-0.2882352941176469,0.6294117647058823,-0.488235294117647,0.1588235294117647,0.3581395348837209,-2,65,-92,0.1588235294117647,0.3581395348837209,2,0.8294117647058824,0.2882352941176469,14,0.7588235294117647,2.6294117647058823,2.488235294117647,0.8411764705882353,0.8666666666666667
2022-23,2022-09-06,Group stage,Paris SG,Juventus,95,94,2.1473684210526316,1.0947368421052632,1.553191489361702,0.9361702127659575,0.5684210526315789,0.5531914893617021,0.6382978723404256,0.4782608695652174,7,7,181,174,H,1,1,181,174,0.5941769316909296,-0.15856662933930576,1.2111982082866741,0.4584546472564388,0.015229563269876789,0.16003700277520816,0,1,7,0.015229563269876789,0.16003700277520816,0,0.5941769316909296,0.15856662933930576,14,1.1216125419932812,3.7005599104143334,2.0309070548712205,0.9847704367301232,1.0
2022-23,2022-09-06,Group stage,RB Leipzig,Shakhtar D.,30,76,1.7333333333333334,1.7666666666666666,1.3421052631578947,1.7105263157894737,0.4666666666666667,0.32894736842105265,0.5,0.2894736842105263,7,2,273,273,A,1,1,273,273,0.3912280701754387,-0.056140350877192935,0.02280701754385972,-0.4245614035087719,0.13771929824561402,0.21052631578947367,5,-46,0,0.13771929824561402,0.21052631578947367,5,0.3912280701754387,0.056140350877192935,9,0.7956140350877193,3.075438596491228,3.47719298245614,0.862280701754386,0.6666666666666667
2022-23,2022-09-06,Group stage,RB Salzburg,Milan,20,40,1.8,2.2,1.175,1.275,0.3,0.275,0.4,0.25,4,4,182,273,D,1,1,182,273,0.625,-0.9250000000000003,0.5250000000000001,-1.0250000000000001,0.024999999999999967,0.15000000000000002,0,-20,-91,0.024999999999999967,0.15000000000000002,0,0.625,0.9250000000000003,8,0.575,2.975,3.475,0.9750000000000001,1.0
2022-23,2022-09-06,Group stage,Sevilla,Manchester City,38,102,1.3157894736842106,1.3157894736842106,2.019607843137255,1.2156862745098038,0.3684210526315789,0.5490196078431373,0.5263157894736842,0.48,5,8,272,125,A,1,1,272,125,-0.7038183694530442,-0.1001031991744068,0.1001031991744068,0.7038183694530442,-0.18059855521155838,0.0463157894736842,-3,-64,147,0.18059855521155838,0.0463157894736842,3,0.7038183694530442,0.1001031991744068,13,0.9174406604747163,3.3353973168214655,2.5314757481940147,0.8194014447884417,0.8
2022-23,2022-09-07,Group stage,Ajax,Rangers,62,6,1.5483870967741935,1.3548387096774193,0.5,1.0,0.4032258064516129,0.16666666666666666,0.41935483870967744,0.0,10,5,176,4292,H,1,1,176,365,1.0483870967741935,-0.35483870967741926,0.5483870967741935,-0.8548387096774193,0.23655913978494622,0.41935483870967744,5,56,-189,0.23655913978494622,0.41935483870967744,5,1.0483870967741935,0.35483870967741926,15,0.5698924731182795,2.0483870967741935,2.354838709677419,0.7634408602150538,0.6666666666666667
2022-23,2022-09-07,Group stage,Atlético Madrid,Porto,89,78,1.3258426966292134,0.8426966292134831,1.5256410256410255,1.2307692307692308,0.4943820224719101,0.46153846153846156,0.627906976744186,0.3333333333333333,8,4,147,274,H,1,1,147,274,-0.19979832901181216,0.38807260155574774,0.09507346585998255,0.6829443964275425,0.032843560933448535,0.29457364341085274,4,11,-127,0.032843560933448535,0.29457364341085274,4,0.19979832901181216,0.38807260155574774,12,0.9559204840103717,2.851483722270239,2.073465859982714,0.9671564390665515,0.7333333333333334
2022-23,2022-09-07,Group stage,Barcelona,Viktoria Plzeň,125,18,2.088,0.992,0.9444444444444444,2.4444444444444446,0.624,0.2222222222222222,0.7619047619047619,0.2222222222222222,7,6,273,1365,H,1,1,273,365,1.1435555555555557,1.4524444444444446,-0.35644444444444456,-0.04755555555555557,0.4017777777777778,0.5396825396825397,1,107,-92,0.4017777777777778,0.5396825396825397,1,1.1435555555555557,1.4524444444444446,13,0.8462222222222222,3.0324444444444447,3.4364444444444446,0.5982222222222222,0.9333333333333333
2022-23,2022-09-07,Group stage,Club Brugge,Leverkusen,30,44,0.8666666666666667,2.033333333333333,1.2727272727272727,1.5454545454545454,0.13333333333333333,0.3409090909090909,0.06666666666666667,0.18181818181818182,3,6,274,1001,H,1,1,274,365,-0.406060606060606,-0.4878787878787878,-0.6787878787878787,-0.7606060606060605,-0.20757575757575755,-0.11515151515151516,-3,-14,-91,0.20757575757575755,0.11515151515151516,3,0.406060606060606,0.4878787878787878,9,0.47424242424242424,2.1393939393939396,3.5787878787878786,0.7924242424242425,0.8
2022-23,2022-09-07,Group stage,Frankfurt,Sporting CP,0,26,0.0,0.0,1.5,1.7692307692307692,0.0,0.3076923076923077,0.0,0.15384615384615385,0,7,-1,182,A,0,1,0,182,-1.5,1.7692307692307692,-1.7692307692307692,1.5,-0.3076923076923077,-0.15384615384615385,-7,-26,-182,0.3076923076923077,0.15384615384615385,7,1.5,1.7692307692307692,7,0.3076923076923077,1.5,1.7692307692307692,0.6923076923076923,0.5333333333333333
2022-23,2022-09-07,Group stage,Inter,Bayern Munich,44,131,1.3636363636363635,1.4090909090909092,2.5419847328244276,0.9694656488549618,0.38636363636363635,0.6946564885496184,0.4090909090909091,0.5970149253731343,9,8,183,148,A,1,1,183,148,-1.178348369188064,-0.4396252602359474,0.39417071478140175,1.1328938237335184,-0.308292852185982,-0.18792401628222516,1,-87,35,0.308292852185982,0.18792401628222516,1,1.178348369188064,0.4396252602359474,17,1.0810201249132547,3.9056210964607914,2.378556557945871,0.691707147814018,0.9333333333333333
2022-23,2022-09-07,Group stage,Napoli,Liverpool,42,63,1.619047619047619,1.380952380952381,2.0634920634920637,1.0952380952380953,0.42857142857142855,0.5714285714285714,0.6190476190476191,0.53125,6,10,760,102,H,1,1,365,102,-0.44444444444444464,-0.2857142857142856,0.5238095238095237,0.6825396825396828,-0.14285714285714285,0.08779761904761907,-4,-21,263,0.14285714285714285,0.08779761904761907,4,0.44444444444444464,0.2857142857142856,16,1.0,3.682539682539683,2.4761904761904763,0.8571428571428572,0.7333333333333334
2022-23,2022-09-07,Group stage,Tottenham,Marseille,45,30,1.8,1.488888888888889,0.9666666666666667,1.4,0.4444444444444444,0.3,0.5652173913043478,0.26666666666666666,6,3,911,637,H,1,1,365,365,0.8333333333333334,-0.08888888888888902,0.40000000000000013,-0.5222222222222223,0.14444444444444443,0.2985507246376811,3,15,0,0.14444444444444443,0.2985507246376811,3,0.8333333333333334,0.08888888888888902,9,0.7444444444444445,2.7666666666666666,2.888888888888889,0.8555555555555556,0.8
2022-23,2022-09-13,Group stage,Bayern Munich,Barcelona,132,126,2.537878787878788,0.9621212121212122,2.111111111111111,0.9920634920634921,0.696969696969697,0.626984126984127,0.796875,0.4838709677419355,8,10,6,6,H,1,1,6,6,0.4267676767676769,0.029942279942279937,1.545815295815296,1.148989898989899,0.06998556998557004,0.3130040322580645,-2,6,0,0.06998556998557004,0.3130040322580645,2,0.4267676767676769,0.029942279942279937,18,1.323953823953824,4.6489898989899,1.9541847041847042,0.93001443001443,0.8666666666666667
2022-23,2022-09-13,Group stage,Leverkusen,Atlético Madrid,45,90,1.2444444444444445,1.5333333333333334,1.3333333333333333,0.8444444444444444,0.3333333333333333,0.5,0.5,0.3695652173913043,6,8,6,6,H,1,1,6,6,-0.0888888888888888,-0.688888888888889,0.4,-0.20000000000000018,-0.16666666666666669,0.13043478260869568,-2,-45,0,0.16666666666666669,0.13043478260869568,2,0.0888888888888888,0.688888888888889,14,0.8333333333333333,2.5777777777777775,2.3777777777777778,0.8333333333333333,0.8666666666666667
2022-23,2022-09-13,Group stage,Liverpool,Ajax,64,63,2.046875,1.140625,1.5873015873015872,1.3333333333333333,0.5625,0.4126984126984127,0.6129032258064516,0.3870967741935484,7,10,6,6,H,1,1,6,6,0.4595734126984128,0.19270833333333326,0.7135416666666667,0.4466765873015872,0.14980158730158732,0.22580645161290325,-3,1,0,0.14980158730158732,0.22580645161290325,3,0.4595734126984128,0.19270833333333326,17,0.9751984126984127,3.634176587301587,2.473958333333333,0.8501984126984127,0.8
2022-23,2022-09-13,Group stage,Marseille,Frankfurt,31,1,0.9354838709677419,1.4193548387096775,0.0,3.0,0.2903225806451613,0.0,0.3333333333333333,0.0,3,0,6,6,A,1,1,6,6,0.9354838709677419,1.5806451612903225,-2.064516129032258,-1.4193548387096775,0.2903225806451613,0.3333333333333333,3,30,0,0.2903225806451613,0.3333333333333333,3,0.9354838709677419,1.5806451612903225,3,0.2903225806451613,0.9354838709677419,4.419354838709678,0.7096774193548387,0.8
2022-23,2022-09-13,Group stage,Porto,Club Brugge,79,31,1.518987341772152,1.240506329113924,0.8709677419354839,1.967741935483871,0.45569620253164556,0.16129032258064516,0.5897435897435898,0.2,4,3,6,6,A,1,1,6,6,0.6480195998366681,0.727235606369947,-0.448754593711719,-0.3695385871784401,0.2944058799510004,0.38974358974358975,1,48,0,0.2944058799510004,0.38974358974358975,1,0.6480195998366681,0.727235606369947,7,0.6169865251122907,2.389955083707636,3.208248264597795,0.7055941200489996,0.9333333333333333
2022-23,2022-09-13,Group stage,Sporting CP,Tottenham,27,46,1.5555555555555556,1.7037037037037037,1.8043478260869565,1.4565217391304348,0.3333333333333333,0.45652173913043476,0.46153846153846156,0.3181818181818182,7,6,6,6,H,1,1,6,6,-0.24879227053140096,-0.2471819645732689,0.09903381642512077,0.10064412238325282,-0.12318840579710144,0.1433566433566434,1,-19,0,0.12318840579710144,0.1433566433566434,1,0.24879227053140096,0.2471819645732689,13,0.7898550724637681,3.3599033816425123,3.1602254428341388,0.8768115942028986,0.9333333333333333
2022-23,2022-09-13,Group stage,Viktoria Plzeň,Inter,19,45,0.9473684210526315,2.5789473684210527,1.3333333333333333,1.4222222222222223,0.21052631578947367,0.37777777777777777,0.2222222222222222,0.36363636363636365,6,6,6,6,A,1,1,6,6,-0.38596491228070173,-1.1567251461988304,-0.47485380116959075,-1.2456140350877194,-0.1672514619883041,-0.14141414141414144,0,-26,0,0.1672514619883041,0.14141414141414144,0,0.38596491228070173,1.1567251461988304,12,0.5883040935672514,2.280701754385965,4.001169590643275,0.8327485380116959,1.0
2022-23,2022-09-14,Group stage,Chelsea,RB Salzburg,97,21,1.907216494845361,0.979381443298969,1.7619047619047619,2.142857142857143,0.5360824742268041,0.2857142857142857,0.6170212765957447,0.2,9,5,8,8,D,1,1,8,8,0.14531173294059907,1.1634756995581736,-0.23564064801178186,0.7825233186057928,0.2503681885125184,0.41702127659574467,4,76,0,0.2503681885125184,0.41702127659574467,4,0.14531173294059907,1.1634756995581736,14,0.8217967599410898,3.669121256750123,3.122238586156112,0.7496318114874816,0.7333333333333334
2022-23,2022-09-14,Group stage,FC Copenhagen,Sevilla,21,39,0.8571428571428571,1.1904761904761905,1.2820512820512822,1.3846153846153846,0.2857142857142857,0.358974358974359,0.4,0.21052631578947367,5,4,8,8,D,1,1,8,8,-0.42490842490842506,0.19413919413919412,-0.5274725274725275,0.0915750915750917,-0.07326007326007328,0.18947368421052635,1,-18,0,0.07326007326007328,0.18947368421052635,1,0.42490842490842506,0.19413919413919412,9,0.6446886446886446,2.139194139194139,2.575091575091575,0.9267399267399268,0.9333333333333333
2022-23,2022-09-14,Group stage,Juventus,Benfica,95,81,1.5473684210526315,0.9473684210526315,1.1604938271604939,1.4814814814814814,0.5473684210526316,0.345679012345679,0.625,0.2,4,8,8,8,A,1,1,8,8,0.38687459389213763,0.5341130604288499,0.0658869395711501,0.21312540610786235,0.20168940870695262,0.425,-4,14,0,0.20168940870695262,0.425,4,0.38687459389213763,0.5341130604288499,12,0.8930474333983106,2.707862248213125,2.428849902534113,0.7983105912930474,0.7333333333333334
2022-23,2022-09-14,Group stage,Maccabi Haifa,Paris SG,1,96,0.0,2.0,2.1458333333333335,1.09375,0.0,0.5729166666666666,0.0,0.5,0,9,8,8,A,1,1,8,8,-2.1458333333333335,-0.90625,-1.09375,0.14583333333333348,-0.5729166666666666,-0.5,-9,-95,0,0.5729166666666666,0.5,9,2.1458333333333335,0.90625,9,0.5729166666666666,2.1458333333333335,3.09375,0.42708333333333337,0.4
2022-23,2022-09-14,Group stage,Manchester City,Dortmund,103,86,2.0388349514563107,1.203883495145631,1.744186046511628,1.372093023255814,0.5533980582524272,0.46511627906976744,0.6153846153846154,0.35714285714285715,10,6,8,8,H,1,1,8,8,0.29464890494468277,0.16820952811018297,0.6667419282004967,0.5403025513659969,0.08828177918265973,0.25824175824175827,4,17,0,0.08828177918265973,0.25824175824175827,4,0.29464890494468277,0.16820952811018297,16,1.0185143373221945,3.7830209979679386,2.575976518401445,0.9117182208173402,0.7333333333333334
2022-23,2022-09-14,Group stage,Milan,Dinamo Zagreb,41,31,1.170731707317073,1.2682926829268293,0.5806451612903226,2.5161290322580645,0.2682926829268293,0.0967741935483871,0.3,0.0,5,5,8,8,H,1,1,8,8,0.5900865460267505,1.2478363493312352,-1.3453973249409914,-0.6876475216365067,0.1715184893784422,0.3,0,10,0,0.1715184893784422,0.3,0,0.5900865460267505,1.2478363493312352,10,0.3650668764752164,1.7513768686073958,3.7844217151848936,0.8284815106215578,1.0
2022-23,2022-09-14,Group stage,Rangers,Napoli,7,43,0.42857142857142855,1.4285714285714286,1.6744186046511629,1.372093023255814,0.14285714285714285,0.4418604651162791,0.3333333333333333,0.23809523809523808,2,8,7,7,A,1,1,7,7,-1.2458471760797343,-0.056478405315614655,-0.9435215946843853,0.24584717607973428,-0.29900332225913623,0.09523809523809523,-6,-36,0,0.29900332225913623,0.09523809523809523,6,1.2458471760797343,0.056478405315614655,10,0.584717607973422,2.1029900332225915,2.8006644518272426,0.7009966777408638,0.6
2022-23,2022-09-14,Group stage,Real Madrid,RB Leipzig,142,31,2.323943661971831,1.0,1.7096774193548387,1.8387096774193548,0.6619718309859155,0.45161290322580644,0.7323943661971831,0.42857142857142855,9,7,8,8,H,1,1,8,8,0.6142662426169923,0.8387096774193548,0.48523398455247624,0.7096774193548387,0.21035892776010906,0.3038229376257546,2,111,0,0.21035892776010906,0.3038229376257546,2,0.6142662426169923,0.8387096774193548,16,1.113584734211722,4.03362108132667,2.838709677419355,0.789641072239891,0.8666666666666667
2022-23,2022-09-14,Group stage,Shakhtar D.,Celtic,77,27,1.3766233766233766,1.7012987012987013,0.8148148148148148,2.3703703703703702,0.33766233766233766,0.18518518518518517,0.3684210526315789,0.15384615384615385,4,0,8,8,D,1,1,8,8,0.5618085618085619,0.6690716690716689,-0.9937469937469936,-0.8864838864838865,0.1524771524771525,0.21457489878542507,4,50,0,0.1524771524771525,0.21457489878542507,4,0.5618085618085619,0.6690716690716689,4,0.5228475228475229,2.1914381914381913,4.0716690716690715,0.8475228475228476,0.7333333333333334
2022-23,2022-10-04,Group stage,Ajax,Napoli,64,44,1.578125,1.34375,1.7045454545454546,1.3409090909090908,0.40625,0.45454545454545453,0.4375,0.2727272727272727,7,10,21,20,A,1,1,21,20,-0.12642045454545459,-0.0028409090909091717,0.23721590909090917,0.3607954545454546,-0.04829545454545453,0.1647727272727273,-3,20,1,0.04829545454545453,0.1647727272727273,3,0.12642045454545459,0.0028409090909091717,17,0.8607954545454546,3.2826704545454546,2.684659090909091,0.9517045454545454,0.8
2022-23,2022-10-04,Group stage,Bayern Munich,Viktoria Plzeň,133,20,2.5338345864661656,0.9548872180451128,0.9,2.55,0.6992481203007519,0.2,0.8,0.2,10,6,21,21,H,1,1,21,21,1.6338345864661656,1.595112781954887,-0.016165413533834272,-0.05488721804511276,0.4992481203007519,0.6000000000000001,4,113,0,0.4992481203007519,0.6000000000000001,4,1.6338345864661656,1.595112781954887,16,0.8992481203007519,3.4338345864661655,3.5048872180451127,0.5007518796992481,0.7333333333333334
2022-23,2022-10-04,Group stage,Club Brugge,Atlético Madrid,32,91,0.96875,1.90625,1.3186813186813187,0.8571428571428571,0.1875,0.4945054945054945,0.125,0.3617021276595745,6,7,21,21,H,1,1,21,21,-0.34993131868131866,-1.0491071428571428,0.1116071428571429,-0.5875686813186813,-0.3070054945054945,-0.2367021276595745,-1,-59,0,0.3070054945054945,0.2367021276595745,1,0.34993131868131866,1.0491071428571428,13,0.6820054945054945,2.2874313186813184,2.763392857142857,0.6929945054945055,0.9333333333333333
2022-23,2022-10-04,Group stage,Frankfurt,Tottenham,2,47,0.5,1.5,1.7659574468085106,1.4680851063829787,0.5,0.44680851063829785,0.0,0.30434782608695654,3,3,21,21,D,1,1,21,21,-1.2659574468085106,-0.03191489361702127,-0.9680851063829787,0.26595744680851063,0.05319148936170215,-0.30434782608695654,0,-45,0,0.05319148936170215,0.30434782608695654,0,1.2659574468085106,0.03191489361702127,6,0.9468085106382979,2.2659574468085104,2.9680851063829787,0.9468085106382979,1.0
2022-23,2022-10-04,Group stage,Inter,Barcelona,46,127,1.3478260869565217,1.391304347826087,2.094488188976378,1.0,0.391304347826087,0.6220472440944882,0.391304347826087,0.47619047619047616,6,7,21,21,H,1,1,21,21,-0.746662102019856,-0.3913043478260869,0.34782608695652173,0.7031838411502909,-0.23074289626840122,-0.08488612836438919,-1,-81,0,0.23074289626840122,0.08488612836438919,1,0.746662102019856,0.3913043478260869,13,1.0133515919205751,3.4423142759328993,2.391304347826087,0.7692571037315987,0.9333333333333333
2022-23,2022-10-04,Group stage,Liverpool,Rangers,65,8,2.046153846153846,1.1384615384615384,0.375,1.625,0.5692307692307692,0.125,0.625,0.0,9,1,21,20,H,1,1,21,20,1.671153846153846,0.4865384615384616,0.421153846153846,-0.7634615384615384,0.4442307692307692,0.625,8,57,1,0.4442307692307692,0.625,8,1.671153846153846,0.4865384615384616,10,0.6942307692307692,2.421153846153846,2.7634615384615384,0.5557692307692308,0.4666666666666667
2022-23,2022-10-04,Group stage,Marseille,Sporting CP,32,28,0.90625,1.40625,1.5714285714285714,1.6428571428571428,0.28125,0.35714285714285715,0.3125,0.21428571428571427,3,7,21,21,H,1,1,21,21,-0.6651785714285714,0.2366071428571428,-0.7366071428571428,0.1651785714285714,-0.07589285714285715,0.09821428571428573,-4,4,0,0.07589285714285715,0.09821428571428573,4,0.6651785714285714,0.2366071428571428,10,0.6383928571428572,2.477678571428571,3.049107142857143,0.9241071428571428,0.7333333333333334
2022-23,2022-10-04,Group stage,Porto,Leverkusen,80,46,1.5,1.275,1.2608695652173914,1.5,0.45,0.34782608695652173,0.575,0.17391304347826086,1,9,21,21,H,1,1,21,21,0.23913043478260865,0.2250000000000001,0.0,-0.014130434782608559,0.10217391304347828,0.4010869565217391,-8,34,0,0.10217391304347828,0.4010869565217391,8,0.23913043478260865,0.2250000000000001,10,0.7978260869565217,2.7608695652173916,2.775,0.8978260869565218,0.4666666666666667
2022-23,2022-10-05,Group stage,Benfica,Paris SG,82,97,1.170731707317073,1.475609756097561,2.154639175257732,1.092783505154639,0.35365853658536583,0.5773195876288659,0.4878048780487805,0.5102040816326531,10,12,21,21,D,1,1,21,21,-0.9839074679406588,-0.3828262509429219,0.07794820216243403,0.6790294191601709,-0.2236610510435001,-0.022399203583872596,-2,-15,0,0.2236610510435001,0.022399203583872596,2,0.9839074679406588,0.3828262509429219,22,0.9309781242142318,3.3253708825748047,2.5683932612522,0.7763389489564999,0.8666666666666667
2022-23,2022-10-05,Group stage,Chelsea,Milan,98,42,1.8979591836734695,0.9795918367346939,1.2142857142857142,1.2619047619047619,0.5306122448979592,0.2857142857142857,0.6041666666666666,0.23809523809523808,7,8,21,21,H,1,1,21,21,0.6836734693877553,0.282312925170068,0.6360544217687076,0.23469387755102034,0.24489795918367352,0.36607142857142855,-1,56,0,0.24489795918367352,0.36607142857142855,1,0.6836734693877553,0.282312925170068,15,0.8163265306122449,3.112244897959184,2.241496598639456,0.7551020408163265,0.9333333333333333
2022-23,2022-10-05,Group stage,Juventus,Maccabi Haifa,96,2,1.5416666666666667,0.9583333333333334,0.5,2.5,0.5416666666666666,0.0,0.6122448979591837,0.0,4,0,21,21,H,1,1,21,21,1.0416666666666667,1.5416666666666665,-0.9583333333333333,-0.45833333333333337,0.5416666666666666,0.6122448979591837,4,94,0,0.5416666666666666,0.6122448979591837,4,1.0416666666666667,1.5416666666666665,4,0.5416666666666666,2.041666666666667,3.4583333333333335,0.45833333333333337,0.7333333333333334
2022-23,2022-10-05,Group stage,Manchester City,FC Copenhagen,104,22,2.0384615384615383,1.2019230769230769,0.8181818181818182,1.1363636363636365,0.5576923076923077,0.2727272727272727,0.6226415094339622,0.18181818181818182,10,6,21,21,H,1,1,21,21,1.22027972027972,-0.06555944055944041,0.9020979020979019,-0.38374125874125864,0.284965034965035,0.4408233276157804,4,82,0,0.284965034965035,0.4408233276157804,4,1.22027972027972,0.06555944055944041,16,0.8304195804195804,2.8566433566433567,2.3382867132867133,0.715034965034965,0.7333333333333334
2022-23,2022-10-05,Group stage,RB Leipzig,Celtic,32,28,1.65625,1.84375,0.8214285714285714,2.3214285714285716,0.4375,0.17857142857142858,0.47058823529411764,0.14285714285714285,7,1,21,21,H,1,1,21,21,0.8348214285714286,0.4776785714285716,-0.6651785714285716,-1.0223214285714286,0.2589285714285714,0.3277310924369748,6,4,0,0.2589285714285714,0.3277310924369748,6,0.8348214285714286,0.4776785714285716,8,0.6160714285714286,2.477678571428571,4.165178571428571,0.7410714285714286,0.6
2022-23,2022-10-05,Group stage,RB Salzburg,Dinamo Zagreb,22,32,1.7272727272727273,2.090909090909091,0.59375,2.53125,0.2727272727272727,0.09375,0.36363636363636365,0.0,6,4,21,21,H,1,1,21,21,1.1335227272727273,0.44034090909090917,-0.8039772727272727,-1.4971590909090908,0.1789772727272727,0.36363636363636365,2,-10,0,0.1789772727272727,0.36363636363636365,2,1.1335227272727273,0.44034090909090917,10,0.3664772727272727,2.3210227272727275,4.622159090909091,0.8210227272727273,0.8666666666666667
2022-23,2022-10-05,Group stage,Real Madrid,Shakhtar D.,143,78,2.3216783216783217,0.993006993006993,1.3717948717948718,1.6923076923076923,0.6643356643356644,0.3333333333333333,0.7361111111111112,0.3076923076923077,12,5,21,21,H,1,1,21,21,0.9498834498834499,0.6993006993006993,0.6293706293706294,0.3787878787878788,0.33100233100233106,0.42841880341880345,7,65,0,0.33100233100233106,0.42841880341880345,7,0.9498834498834499,0.6993006993006993,17,0.9976689976689976,3.6934731934731935,2.6853146853146854,0.6689976689976689,0.5333333333333333
2022-23,2022-10-05,Group stage,Sevilla,Dortmund,40,87,1.25,1.35,1.735632183908046,1.3793103448275863,0.35,0.45977011494252873,0.5,0.3488372093023256,4,6,21,21,A,1,1,21,21,-0.48563218390804597,0.02931034482758621,-0.1293103448275863,0.3856321839080459,-0.10977011494252875,0.1511627906976744,-2,-47,0,0.10977011494252875,0.1511627906976744,2,0.48563218390804597,0.02931034482758621,10,0.8097701149425287,2.985632183908046,2.7293103448275864,0.8902298850574712,0.8666666666666667
2022-23,2022-10-11,Group stage,Celtic,RB Leipzig,29,33,0.8275862068965517,2.3448275862068964,1.696969696969697,1.8181818181818181,0.1724137931034483,0.45454545454545453,0.21428571428571427,0.4,1,9,6,6,A,1,1,6,6,-0.8693834900731453,-0.5266457680250782,-0.9905956112852664,-0.6478578892371993,-0.28213166144200624,-0.18571428571428575,-8,-4,0,0.28213166144200624,0.18571428571428575,8,0.8693834900731453,0.5266457680250782,10,0.6269592476489028,2.524555903866249,4.163009404388714,0.7178683385579938,0.4666666666666667
2022-23,2022-10-11,Group stage,Dinamo Zagreb,RB Salzburg,33,23,0.5757575757575758,2.484848484848485,1.6956521739130435,2.0,0.09090909090909091,0.30434782608695654,0.1875,0.18181818181818182,3,6,6,6,D,1,1,6,6,-1.1198945981554678,-0.48484848484848486,-1.4242424242424243,-0.7891963109354414,-0.21343873517786563,0.005681818181818177,-3,10,0,0.21343873517786563,0.005681818181818177,3,1.1198945981554678,0.48484848484848486,9,0.3952569169960475,2.271409749670619,4.484848484848484,0.7865612648221344,0.8
2022-23,2022-10-11,Group stage,Dortmund,Sevilla,88,41,1.7613636363636365,1.375,1.2439024390243902,1.4146341463414633,0.4659090909090909,0.34146341463414637,0.5681818181818182,0.2,9,4,6,6,D,1,1,6,6,0.5174611973392462,0.03963414634146334,0.3467294900221731,-0.13109756097560976,0.12444567627494452,0.3681818181818182,5,47,0,0.12444567627494452,0.3681818181818182,5,0.5174611973392462,0.03963414634146334,13,0.8073725055432373,3.0052660753880267,2.7896341463414633,0.8755543237250555,0.6666666666666667
2022-23,2022-10-11,Group stage,FC Copenhagen,Manchester City,23,105,0.782608695652174,1.3043478260869565,2.066666666666667,1.1904761904761905,0.2608695652173913,0.5619047619047619,0.36363636363636365,0.49019607843137253,5,12,6,6,D,1,1,6,6,-1.284057971014493,-0.11387163561076608,-0.4078674948240165,0.7623188405797103,-0.3010351966873706,-0.12655971479500888,-7,-82,0,0.3010351966873706,0.12655971479500888,7,1.284057971014493,0.11387163561076608,17,0.8227743271221533,2.8492753623188407,2.494824016563147,0.6989648033126294,0.5333333333333333
2022-23,2022-10-11,Group stage,Maccabi Haifa,Juventus,3,97,0.6666666666666666,2.6666666666666665,1.556701030927835,0.9587628865979382,0.0,0.5463917525773195,0.0,0.46808510638297873,0,4,6,6,H,1,1,6,6,-0.8900343642611684,-1.7079037800687282,-0.29209621993127155,-1.1099656357388314,-0.5463917525773195,-0.46808510638297873,-4,-94,0,0.5463917525773195,0.46808510638297873,4,0.8900343642611684,1.7079037800687282,4,0.5463917525773195,2.223367697594502,3.625429553264605,0.45360824742268047,0.7333333333333334
2022-23,2022-10-11,Group stage,Milan,Chelsea,43,99,1.186046511627907,1.302325581395349,1.9090909090909092,0.9696969696969697,0.27906976744186046,0.5353535353535354,0.3333333333333333,0.46,7,7,6,6,A,1,1,6,6,-0.7230443974630021,-0.3326286116983792,0.21634954193093736,0.6067653276955602,-0.2562837679116749,-0.1266666666666667,0,-56,0,0.2562837679116749,0.1266666666666667,0,0.7230443974630021,0.3326286116983792,14,0.8144233027953958,3.0951374207188165,2.2720225510923187,0.743716232088325,1.0
2022-23,2022-10-11,Group stage,Paris SG,Benfica,98,83,2.142857142857143,1.0918367346938775,1.1686746987951808,1.4698795180722892,0.5714285714285714,0.3493975903614458,0.6458333333333334,0.21951219512195122,10,8,6,6,D,1,1,6,6,0.974182444061962,0.3780427833784117,0.6729776247848536,0.07683796410130328,0.2220309810671256,0.4263211382113822,2,15,0,0.2220309810671256,0.4263211382113822,2,0.974182444061962,0.3780427833784117,18,0.9208261617900172,3.3115318416523234,2.5617162527661668,0.7779690189328744,0.8666666666666667
2022-23,2022-10-11,Group stage,Shakhtar D.,Real Madrid,79,144,1.3670886075949367,1.6962025316455696,2.3194444444444446,0.9930555555555556,0.3291139240506329,0.6666666666666666,0.358974358974359,0.5915492957746479,5,15,6,6,D,1,1,6,6,-0.952355836849508,-0.703146976090014,0.3740330520393811,0.6232419127988751,-0.33755274261603374,-0.2325749368002889,-10,-65,0,0.33755274261603374,0.2325749368002889,10,0.952355836849508,0.703146976090014,20,0.9957805907172995,3.6865330520393815,2.689258087201125,0.6624472573839663,0.33333333333333337
2022-23,2022-10-12,Group stage,Atlético Madrid,Club Brugge,92,33,1.3043478260869565,0.8695652173913043,1.0,1.8484848484848484,0.4891304347826087,0.21212121212121213,0.6363636363636364,0.25,4,9,8,8,D,1,1,8,8,0.30434782608695654,0.9789196310935441,-0.5441370223978919,0.13043478260869568,0.2770092226613966,0.38636363636363635,-5,59,0,0.2770092226613966,0.38636363636363635,5,0.30434782608695654,0.9789196310935441,13,0.7012516469038208,2.3043478260869565,2.718050065876153,0.7229907773386034,0.6666666666666667
2022-23,2022-10-12,Group stage,Barcelona,Inter,128,47,2.078125,1.0,1.3404255319148937,1.3617021276595744,0.6171875,0.40425531914893614,0.765625,0.391304347826087,4,9,8,8,D,1,1,8,8,0.7376994680851063,0.36170212765957444,0.7164228723404256,0.34042553191489366,0.21293218085106386,0.374320652173913,-5,81,0,0.21293218085106386,0.374320652173913,5,0.7376994680851063,0.36170212765957444,13,1.0214428191489362,3.4185505319148937,2.3617021276595747,0.7870678191489362,0.6666666666666667
2022-23,2022-10-12,Group stage,Leverkusen,Porto,47,81,1.2340425531914894,1.5106382978723405,1.5061728395061729,1.2592592592592593,0.3404255319148936,0.4567901234567901,0.5217391304347826,0.325,6,3,8,8,A,1,1,8,8,-0.2721302863146835,-0.2513790386130812,-0.025216706067769934,-0.0044654583661676295,-0.11636459154189649,0.19673913043478258,3,-34,0,0.11636459154189649,0.19673913043478258,3,0.2721302863146835,0.2513790386130812,9,0.7972156553716837,2.740215392697662,2.7698975571316,0.8836354084581035,0.8
2022-23,2022-10-12,Group stage,Napoli,Ajax,45,65,1.8,1.3333333333333333,1.5692307692307692,1.4153846153846155,0.4666666666666667,0.4,0.6363636363636364,0.375,10,4,8,8,H,1,1,8,8,0.23076923076923084,0.0820512820512822,0.3846153846153846,0.23589743589743595,0.06666666666666665,0.26136363636363635,6,-20,0,0.06666666666666665,0.26136363636363635,6,0.23076923076923084,0.0820512820512822,14,0.8666666666666667,3.3692307692307693,2.7487179487179487,0.9333333333333333,0.6
2022-23,2022-10-12,Group stage,Rangers,Liverpool,9,66,0.3333333333333333,1.6666666666666667,2.0454545454545454,1.121212121212121,0.1111111111111111,0.5757575757575758,0.25,0.5151515151515151,1,9,8,8,A,1,1,8,8,-1.7121212121212122,-0.5454545454545456,-0.7878787878787878,0.3787878787878787,-0.4646464646464647,-0.26515151515151514,-8,-57,0,0.4646464646464647,0.26515151515151514,8,1.7121212121212122,0.5454545454545456,10,0.6868686868686869,2.378787878787879,2.787878787878788,0.5353535353535352,0.4666666666666667
2022-23,2022-10-12,Group stage,Sporting CP,Marseille,29,33,1.5517241379310345,1.7241379310344827,1.0,1.393939393939394,0.3448275862068966,0.30303030303030304,0.5,0.25,7,6,8,8,A,1,1,8,8,0.5517241379310345,-0.3301985370950886,0.15778474399164044,-0.7241379310344827,0.041797283176593536,0.25,1,-4,0,0.041797283176593536,0.25,1,0.5517241379310345,0.3301985370950886,13,0.6478578892371996,2.5517241379310347,3.1180773249738767,0.9582027168234064,0.9333333333333333
2022-23,2022-10-12,Group stage,Tottenham,Frankfurt,48,3,1.7291666666666667,1.4375,0.3333333333333333,1.0,0.4375,0.3333333333333333,0.5833333333333334,1.0,4,4,8,8,H,1,1,8,8,1.3958333333333335,-0.4375,0.7291666666666667,-1.1041666666666667,0.10416666666666669,-0.41666666666666663,0,45,0,0.10416666666666669,0.41666666666666663,0,1.3958333333333335,0.4375,8,0.7708333333333333,2.0625,2.4375,0.8958333333333333,1.0
2022-23,2022-10-12,Group stage,Viktoria Plzeň,Bayern Munich,21,134,0.8571428571428571,2.6666666666666665,2.5522388059701493,0.9477611940298507,0.19047619047619047,0.7014925373134329,0.2,0.6029411764705882,6,10,8,8,A,1,1,8,8,-1.695095948827292,-1.7189054726368158,-0.09061833688699361,-0.11442786069651723,-0.5110163468372424,-0.4029411764705882,-4,-113,0,0.5110163468372424,0.4029411764705882,4,1.695095948827292,1.7189054726368158,16,0.8919687277896233,3.4093816631130065,3.6144278606965172,0.4889836531627576,0.7333333333333334
2022-23,2022-10-25,Group stage,Benfica,Juventus,84,98,1.1666666666666667,1.4642857142857142,1.5408163265306123,0.9693877551020408,0.34523809523809523,0.5408163265306123,0.47619047619047616,0.4583333333333333,9,3,14,14,H,1,1,14,14,-0.37414965986394555,-0.4948979591836734,0.19727891156462596,0.0765306122448981,-0.19557823129251706,0.01785714285714285,6,-14,0,0.19557823129251706,0.01785714285714285,6,0.37414965986394555,0.4948979591836734,12,0.8860544217687075,2.707482993197279,2.433673469387755,0.8044217687074829,0.6
2022-23,2022-10-25,Group stage,Celtic,Shakhtar D.,30,80,0.8,2.3333333333333335,1.3625,1.6875,0.16666666666666666,0.325,0.2,0.3,1,6,14,14,D,1,1,14,14,-0.5625,-0.6458333333333335,-0.8875,-0.9708333333333334,-0.15833333333333335,-0.09999999999999998,-5,-50,0,0.15833333333333335,0.09999999999999998,5,0.5625,0.6458333333333335,7,0.4916666666666667,2.1625,4.020833333333334,0.8416666666666667,0.6666666666666667
2022-23,2022-10-25,Group stage,Dinamo Zagreb,Milan,34,44,0.5882352941176471,2.4411764705882355,1.1590909090909092,1.3181818181818181,0.08823529411764706,0.2727272727272727,0.17647058823529413,0.22727272727272727,4,4,14,14,A,1,1,14,14,-0.5708556149732621,-1.1229946524064174,-0.729946524064171,-1.2820855614973263,-0.18449197860962563,-0.050802139037433136,0,-10,0,0.18449197860962563,0.050802139037433136,0,0.5708556149732621,1.1229946524064174,8,0.3609625668449198,1.7473262032085564,3.759358288770054,0.8155080213903744,1.0
2022-23,2022-10-25,Group stage,Dortmund,Manchester City,89,106,1.752808988764045,1.3707865168539326,2.047169811320755,1.179245283018868,0.4606741573033708,0.5566037735849056,0.5555555555555556,0.4807692307692308,10,10,14,14,D,1,1,14,14,-0.2943608225567098,-0.1915412338350646,0.573563705745177,0.6763832944668222,-0.09592961628153485,0.0747863247863248,0,-17,0,0.09592961628153485,0.0747863247863248,0,0.2943608225567098,0.1915412338350646,20,1.0172779308882764,3.7999788000847996,2.5500317998728006,0.9040703837184652,1.0
2022-23,2022-10-25,Group stage,Paris SG,Maccabi Haifa,99,4,2.1313131313131315,1.0909090909090908,1.0,2.0,0.5656565656565656,0.25,0.6326530612244898,0.0,8,3,14,14,H,1,1,14,14,1.1313131313131315,0.9090909090909092,0.1313131313131315,-0.09090909090909083,0.31565656565656564,0.6326530612244898,5,95,0,0.31565656565656564,0.6326530612244898,5,1.1313131313131315,0.9090909090909092,11,0.8156565656565656,3.1313131313131315,3.090909090909091,0.6843434343434344,0.6666666666666667
2022-23,2022-10-25,Group stage,RB Leipzig,Real Madrid,34,145,1.7058823529411764,1.7647058823529411,2.310344827586207,0.993103448275862,0.47058823529411764,0.6620689655172414,0.5,0.5833333333333334,9,13,14,14,H,1,1,14,14,-0.6044624746450304,-0.7716024340770791,0.7127789046653144,0.5456389452332657,-0.19148073022312373,-0.08333333333333337,-4,-111,0,0.19148073022312373,0.08333333333333337,4,0.6044624746450304,0.7716024340770791,22,1.1326572008113591,4.016227180527383,2.7578093306288034,0.8085192697768763,0.7333333333333334
2022-23,2022-10-25,Group stage,RB Salzburg,Chelsea,24,100,1.6666666666666667,1.9583333333333333,1.91,0.96,0.2916666666666667,0.54,0.4166666666666667,0.47058823529411764,6,10,14,14,A,1,1,14,14,-0.24333333333333318,-0.9983333333333333,0.7066666666666668,-0.04833333333333334,-0.24833333333333335,-0.053921568627450955,-4,-76,0,0.24833333333333335,0.053921568627450955,4,0.24333333333333318,0.9983333333333333,16,0.8316666666666668,3.5766666666666667,2.918333333333333,0.7516666666666667,0.7333333333333334
2022-23,2022-10-25,Group stage,Sevilla,FC Copenhagen,42,24,1.2380952380952381,1.4047619047619047,0.75,1.25,0.3333333333333333,0.25,0.47619047619047616,0.16666666666666666,2,5,14,14,H,1,1,14,14,0.48809523809523814,-0.15476190476190466,-0.011904761904761862,-0.6547619047619047,0.08333333333333331,0.30952380952380953,-3,18,0,0.08333333333333331,0.30952380952380953,3,0.48809523809523814,0.15476190476190466,7,0.5833333333333333,1.9880952380952381,2.6547619047619047,0.9166666666666667,0.8
2022-23,2022-10-26,Group stage,Ajax,Liverpool,66,67,1.5757575757575757,1.4545454545454546,2.1194029850746268,1.1194029850746268,0.3939393939393939,0.582089552238806,0.42424242424242425,0.5294117647058824,3,9,14,14,A,1,1,14,14,-0.5436454093170511,-0.3351424694708278,0.4563545906829489,0.6648575305291722,-0.18815015829941206,-0.1051693404634581,-6,-1,0,0.18815015829941206,0.1051693404634581,6,0.5436454093170511,0.3351424694708278,12,0.9760289461781999,3.6951605608322025,2.5739484396200814,0.8118498417005879,0.6
2022-23,2022-10-26,Group stage,Atlético Madrid,Leverkusen,93,48,1.2903225806451613,0.8602150537634409,1.2083333333333333,1.5416666666666667,0.4838709677419355,0.3333333333333333,0.6222222222222222,0.16666666666666666,5,3,14,14,D,1,1,14,14,0.081989247311828,0.6814516129032259,-0.2513440860215055,0.3481182795698924,0.15053763440860218,0.4555555555555556,2,45,0,0.15053763440860218,0.4555555555555556,2,0.081989247311828,0.6814516129032259,8,0.8172043010752688,2.4986559139784945,2.4018817204301075,0.8494623655913978,0.8666666666666667
2022-23,2022-10-26,Group stage,Barcelona,Bayern Munich,129,135,2.0852713178294575,1.0155038759689923,2.562962962962963,0.9555555555555556,0.6124031007751938,0.7037037037037037,0.7538461538461538,0.6086956521739131,4,13,14,14,A,1,1,14,14,-0.47769164513350537,-0.05994832041343667,1.1297157622739018,1.5474590869939706,-0.09130060292850994,0.14515050167224075,-9,-6,0,0.09130060292850994,0.14515050167224075,9,0.47769164513350537,0.05994832041343667,17,1.3161068044788975,4.648234280792421,1.971059431524548,0.9086993970714901,0.4
2022-23,2022-10-26,Group stage,Club Brugge,Porto,34,82,0.9705882352941176,1.7941176470588236,1.524390243902439,1.2439024390243902,0.20588235294117646,0.4634146341463415,0.17647058823529413,0.34146341463414637,10,6,14,14,A,1,1,14,14,-0.5538020086083214,-0.5502152080344334,-0.2733142037302726,-0.26972740315638455,-0.257532281205165,-0.16499282639885224,4,-48,0,0.257532281205165,0.16499282639885224,4,0.5538020086083214,0.5502152080344334,16,0.669296987087518,2.494978479196557,3.038020086083214,0.742467718794835,0.7333333333333334
2022-23,2022-10-26,Group stage,Frankfurt,Marseille,4,34,0.75,1.5,1.0294117647058822,1.3529411764705883,0.25,0.3235294117647059,0.0,0.29411764705882354,4,6,14,14,H,1,1,14,14,-0.27941176470588225,-0.1470588235294117,-0.6029411764705883,-0.47058823529411775,-0.0735294117647059,-0.29411764705882354,-2,-30,0,0.0735294117647059,0.29411764705882354,2,0.27941176470588225,0.1470588235294117,10,0.5735294117647058,1.7794117647058822,2.8529411764705883,0.9264705882352942,0.8666666666666667
2022-23,2022-10-26,Group stage,Inter,Viktoria Plzeň,48,22,1.375,1.3958333333333333,0.9090909090909091,2.727272727272727,0.3958333333333333,0.18181818181818182,0.4166666666666667,0.18181818181818182,10,3,14,14,H,1,1,14,14,0.46590909090909094,1.3314393939393938,-1.352272727272727,-0.4867424242424242,0.2140151515151515,0.23484848484848486,7,26,0,0.2140151515151515,0.23484848484848486,7,0.46590909090909094,1.3314393939393938,13,0.5776515151515151,2.284090909090909,4.1231060606060606,0.7859848484848485,0.5333333333333333
2022-23,2022-10-26,Group stage,Napoli,Rangers,46,10,1.8478260869565217,1.3478260869565217,0.4,2.2,0.4782608695652174,0.1,0.6521739130434783,0.0,12,1,14,14,H,1,1,14,14,1.4478260869565216,0.8521739130434784,-0.35217391304347845,-0.9478260869565217,0.37826086956521743,0.6521739130434783,11,36,0,0.37826086956521743,0.6521739130434783,11,1.4478260869565216,0.8521739130434784,13,0.5782608695652174,2.247826086956522,3.5478260869565217,0.6217391304347826,0.2666666666666667
2022-23,2022-10-26,Group stage,Tottenham,Sporting CP,49,30,1.7551020408163265,1.4489795918367347,1.5,1.7333333333333334,0.4489795918367347,0.3333333333333333,0.6,0.2,7,7,14,14,D,1,1,14,14,0.2551020408163265,0.28435374149659864,0.021768707482993088,0.05102040816326525,0.11564625850340138,0.39999999999999997,0,19,0,0.11564625850340138,0.39999999999999997,0,0.2551020408163265,0.28435374149659864,14,0.782312925170068,3.2551020408163263,3.182312925170068,0.8843537414965986,1.0
2022-23,2022-11-01,Group stage,Bayern Munich,Inter,136,49,2.5661764705882355,0.9485294117647058,1.4285714285714286,1.3673469387755102,0.7058823529411765,0.40816326530612246,0.803030303030303,0.375,15,10,6,6,H,1,1,6,6,1.137605042016807,0.4188175270108043,1.1988295318127253,0.48004201680672276,0.29771908763505406,0.428030303030303,5,87,0,0.29771908763505406,0.428030303030303,5,1.137605042016807,0.4188175270108043,25,1.114045618247299,3.9947478991596643,2.315876350540216,0.7022809123649459,0.6666666666666667
2022-23,2022-11-01,Group stage,Leverkusen,Club Brugge,49,35,1.2244897959183674,1.5510204081632653,0.9428571428571428,1.8571428571428572,0.32653061224489793,0.2,0.5,0.23529411764705882,4,10,6,6,D,1,1,6,6,0.28163265306122454,0.30612244897959195,-0.6326530612244898,-0.6081632653061224,0.12653061224489792,0.2647058823529412,-6,14,0,0.12653061224489792,0.2647058823529412,6,0.28163265306122454,0.30612244897959195,14,0.5265306122448979,2.16734693877551,3.4081632653061225,0.8734693877551021,0.6
2022-23,2022-11-01,Group stage,Liverpool,Napoli,68,47,2.1323529411764706,1.1029411764705883,1.872340425531915,1.3191489361702127,0.5882352941176471,0.48936170212765956,0.6363636363636364,0.30434782608695654,12,15,6,6,H,1,1,6,6,0.26001251564455563,0.21620775969962436,0.8132040050062579,0.7693992490613266,0.09887359198998752,0.3320158102766798,-3,21,0,0.09887359198998752,0.3320158102766798,3,0.26001251564455563,0.21620775969962436,27,1.0775969962453067,4.004693366708386,2.422090112640801,0.9011264080100125,0.8
2022-23,2022-11-01,Group stage,Marseille,Tottenham,35,50,1.0285714285714285,1.3714285714285714,1.74,1.44,0.3142857142857143,0.44,0.35294117647058826,0.2916666666666667,6,8,6,6,A,1,1,6,6,-0.7114285714285715,0.0685714285714285,-0.4114285714285715,0.36857142857142855,-0.12571428571428572,0.06127450980392157,-2,-15,0,0.12571428571428572,0.06127450980392157,2,0.7114285714285715,0.0685714285714285,14,0.7542857142857142,2.7685714285714287,2.8114285714285714,0.8742857142857143,0.8666666666666667
2022-23,2022-11-01,Group stage,Porto,Atlético Madrid,83,94,1.5542168674698795,1.2289156626506024,1.297872340425532,0.8723404255319149,0.46987951807228917,0.4787234042553192,0.5853658536585366,0.3541666666666667,9,5,6,6,H,1,1,6,6,0.2563445270443476,-0.35657523711868744,0.6818764419379646,0.06895667777492953,-0.008843886183030003,0.23119918699186986,4,-11,0,0.008843886183030003,0.23119918699186986,4,0.2563445270443476,0.35657523711868744,14,0.9486029223276083,2.8520892078954114,2.1012560881825175,0.99115611381697,0.7333333333333334
2022-23,2022-11-01,Group stage,Rangers,Ajax,11,67,0.36363636363636365,2.272727272727273,1.5522388059701493,1.4776119402985075,0.09090909090909091,0.3880597014925373,0.2,0.36363636363636365,0,3,6,6,A,1,1,6,6,-1.1886024423337855,-0.7951153324287654,-1.1139755766621438,-0.7204884667571236,-0.2971506105834464,-0.16363636363636364,-3,-56,0,0.2971506105834464,0.16363636363636364,3,1.1886024423337855,0.7951153324287654,3,0.47896879240162826,1.915875169606513,3.7503392130257804,0.7028493894165536,0.8
2022-23,2022-11-01,Group stage,Sporting CP,Frankfurt,31,5,1.4838709677419355,1.7096774193548387,1.0,1.4,0.3225806451612903,0.4,0.4666666666666667,0.5,7,7,6,6,A,1,1,6,6,0.4838709677419355,-0.30967741935483883,0.08387096774193559,-0.7096774193548387,-0.07741935483870971,-0.033333333333333326,0,26,0,0.07741935483870971,0.033333333333333326,0,0.4838709677419355,0.30967741935483883,14,0.7225806451612904,2.4838709677419355,3.1096774193548384,0.9225806451612903,1.0
2022-23,2022-11-01,Group stage,Viktoria Plzeň,Barcelona,23,130,0.8695652173913043,2.782608695652174,2.0692307692307694,1.0307692307692307,0.17391304347826086,0.6076923076923076,0.18181818181818182,0.46875,0,4,6,6,A,1,1,6,6,-1.1996655518394652,-1.7518394648829432,-0.16120401337792634,-0.7133779264214044,-0.4337792642140468,-0.2869318181818182,-4,-107,0,0.4337792642140468,0.2869318181818182,4,1.1996655518394652,1.7518394648829432,4,0.7816053511705685,2.9387959866220736,3.8133779264214045,0.5662207357859532,0.7333333333333334
2022-23,2022-11-02,Group stage,Chelsea,Dinamo Zagreb,101,35,1.9108910891089108,0.9603960396039604,0.5714285714285714,2.4857142857142858,0.5445544554455446,0.08571428571428572,0.6122448979591837,0.0,10,4,8,8,H,1,1,8,8,1.3394625176803394,1.5253182461103254,-0.574823196605375,-0.38896746817538896,0.45884016973125885,0.6122448979591837,6,66,0,0.45884016973125885,0.6122448979591837,6,1.3394625176803394,1.5253182461103254,14,0.6302687411598303,2.482319660537482,3.446110325318246,0.5411598302687411,0.6
2022-23,2022-11-02,Group stage,FC Copenhagen,Dortmund,25,90,0.72,1.32,1.7333333333333334,1.3555555555555556,0.24,0.45555555555555555,0.3333333333333333,0.36363636363636365,2,8,8,8,D,1,1,8,8,-1.0133333333333334,0.03555555555555556,-0.6355555555555557,0.41333333333333333,-0.21555555555555556,-0.03030303030303033,-6,-65,0,0.21555555555555556,0.03030303030303033,6,1.0133333333333334,0.03555555555555556,10,0.6955555555555555,2.453333333333333,2.6755555555555555,0.7844444444444445,0.6
2022-23,2022-11-02,Group stage,Juventus,Paris SG,99,100,1.5555555555555556,1.0,2.18,1.1,0.5353535353535354,0.57,0.62,0.5,3,11,8,8,A,1,1,8,8,-0.6244444444444446,0.10000000000000009,0.4555555555555555,1.1800000000000002,-0.03464646464646459,0.12,-8,-1,0,0.03464646464646459,0.12,8,0.6244444444444446,0.10000000000000009,14,1.1053535353535353,3.735555555555556,2.1,0.9653535353535354,0.4666666666666667
2022-23,2022-11-02,Group stage,Maccabi Haifa,Benfica,5,85,1.2,3.0,1.2,1.4823529411764707,0.2,0.35294117647058826,0.5,0.21428571428571427,3,11,8,8,A,1,1,8,8,0.0,-1.5176470588235293,-0.2823529411764707,-1.8,-0.15294117647058825,0.2857142857142857,-8,-80,0,0.15294117647058825,0.2857142857142857,8,0.0,1.5176470588235293,14,0.5529411764705883,2.4,4.482352941176471,0.8470588235294118,0.4666666666666667
2022-23,2022-11-02,Group stage,Manchester City,Sevilla,107,43,2.02803738317757,1.1682242990654206,1.2790697674418605,1.372093023255814,0.5514018691588785,0.3488372093023256,0.6296296296296297,0.19047619047619047,11,5,8,8,H,1,1,8,8,0.7489676157357095,0.20386872419039337,0.655944359921756,0.11084546837643994,0.20256465985655286,0.4391534391534392,6,64,0,0.20256465985655286,0.4391534391534392,6,0.7489676157357095,0.20386872419039337,16,0.900239078461204,3.3071071506194305,2.5403173223212345,0.7974353401434471,0.6
2022-23,2022-11-02,Group stage,Milan,RB Salzburg,45,25,1.2222222222222223,1.288888888888889,1.64,1.96,0.28888888888888886,0.28,0.3181818181818182,0.16666666666666666,7,6,8,8,H,1,1,8,8,-0.4177777777777776,0.671111111111111,-0.7377777777777776,0.35111111111111093,0.008888888888888835,0.15151515151515152,1,20,0,0.008888888888888835,0.15151515151515152,1,0.4177777777777776,0.671111111111111,13,0.5688888888888889,2.862222222222222,3.2488888888888887,0.9911111111111112,0.9333333333333333
2022-23,2022-11-02,Group stage,Real Madrid,Celtic,146,31,2.308219178082192,1.0068493150684932,0.8064516129032258,2.2903225806451615,0.6575342465753424,0.16129032258064516,0.7397260273972602,0.13333333333333333,10,2,8,8,H,1,1,8,8,1.5017675651789661,1.2834732655766683,0.017896597437030426,-0.20039770216526742,0.4962439239946973,0.6063926940639269,8,115,0,0.4962439239946973,0.6063926940639269,8,1.5017675651789661,1.2834732655766683,12,0.8188245691559876,3.114670790985418,3.297171895713655,0.5037560760053027,0.4666666666666667
2022-23,2022-11-02,Group stage,Shakhtar D.,RB Leipzig,81,35,1.3580246913580247,1.6790123456790123,1.7428571428571429,1.7714285714285714,0.32098765432098764,0.4857142857142857,0.35,0.4375,6,9,8,8,A,1,1,8,8,-0.38483245149911816,0.0924162257495591,-0.4134038800705466,0.06384479717813063,-0.16472663139329807,-0.08750000000000002,-3,46,0,0.16472663139329807,0.08750000000000002,3,0.38483245149911816,0.0924162257495591,15,0.8067019400352733,3.1008818342151674,3.4504409171075836,0.835273368606702,0.8
2022-23,2023-02-14,Round of 16,Milan,Tottenham,46,51,1.2826086956521738,1.2608695652173914,1.7450980392156863,1.4313725490196079,0.30434782608695654,0.45098039215686275,0.34782608695652173,0.32,9,8,104,105,H,1,1,104,105,-0.46248934356351246,0.1705029838022165,-0.14876385336743403,0.48422847399829494,-0.1466325660699062,0.027826086956521723,1,-5,-1,0.1466325660699062,0.027826086956521723,1,0.46248934356351246,0.1705029838022165,17,0.7553282182438192,3.02770673486786,2.692242114236999,0.8533674339300938,0.9333333333333333
2022-23,2023-02-14,Round of 16,Paris SG,Bayern Munich,101,137,2.1782178217821784,1.099009900990099,2.562043795620438,0.9416058394160584,0.5742574257425742,0.708029197080292,0.64,0.6142857142857143,11,15,104,105,A,1,1,104,105,-0.38382597383825967,-0.15740406157404074,1.23661198236612,1.463033894630339,-0.13377177133771778,0.02571428571428569,-4,-36,-1,0.13377177133771778,0.02571428571428569,4,0.38382597383825967,0.15740406157404074,26,1.2822866228228662,4.740261617402616,2.0406157404061576,0.8662282286622822,0.7333333333333334
2022-23,2023-02-15,Round of 16,Club Brugge,Benfica,36,86,0.9166666666666666,1.8055555555555556,1.255813953488372,1.4767441860465116,0.19444444444444445,0.36046511627906974,0.16666666666666666,0.23255813953488372,8,11,106,105,A,1,1,106,105,-0.3391472868217055,-0.328811369509044,-0.560077519379845,-0.5497416020671835,-0.1660206718346253,-0.06589147286821706,-3,-50,1,0.1660206718346253,0.06589147286821706,3,0.3391472868217055,0.328811369509044,19,0.5549095607235142,2.1724806201550386,3.282299741602067,0.8339793281653747,0.8
2022-23,2023-02-15,Round of 16,Dortmund,Chelsea,91,102,1.7252747252747254,1.3516483516483517,1.911764705882353,0.9607843137254902,0.45054945054945056,0.5490196078431373,0.5434782608695652,0.4807692307692308,6,13,105,105,H,1,1,105,105,-0.18648998060762767,-0.3908640379228615,0.7644904115492351,0.5601163542340013,-0.09847015729368674,0.0627090301003344,-7,-11,0,0.09847015729368674,0.0627090301003344,7,0.18648998060762767,0.3908640379228615,19,0.9995690583925878,3.6370394311570786,2.312432665373842,0.9015298427063132,0.5333333333333333
2022-23,2023-02-21,Round of 16,Frankfurt,Napoli,6,48,1.1666666666666667,1.3333333333333333,1.8333333333333333,1.3333333333333333,0.5,0.4791666666666667,0.3333333333333333,0.2916666666666667,10,12,112,112,A,1,1,112,112,-0.6666666666666665,0.0,-0.16666666666666652,0.5,0.020833333333333315,0.04166666666666663,-2,-42,0,0.020833333333333315,0.04166666666666663,2,0.6666666666666665,0.0,22,0.9791666666666667,3.0,2.6666666666666665,0.9791666666666667,0.8666666666666667
2022-23,2023-02-21,Round of 16,Liverpool,Real Madrid,69,147,2.130434782608696,1.0869565217391304,2.326530612244898,1.0068027210884354,0.5942028985507246,0.6598639455782312,0.6470588235294118,0.5753424657534246,15,10,112,111,A,1,1,112,111,-0.1960958296362021,-0.080153800650695,1.1236320615202604,1.2395740905057675,-0.06566104702750664,0.07171635777598717,5,-78,1,0.06566104702750664,0.07171635777598717,5,0.1960958296362021,0.080153800650695,25,1.254066844128956,4.456965394853594,2.0937592428275655,0.9343389529724934,0.6666666666666667
2022-23,2023-02-22,Round of 16,Inter,Porto,50,84,1.4,1.38,1.5595238095238095,1.2261904761904763,0.4,0.47619047619047616,0.44,0.35714285714285715,10,12,113,113,H,1,1,113,113,-0.15952380952380962,-0.15380952380952362,0.17380952380952364,0.17952380952380964,-0.07619047619047614,0.08285714285714285,-2,-34,0,0.07619047619047614,0.08285714285714285,2,0.15952380952380962,0.15380952380952362,22,0.8761904761904762,2.9595238095238097,2.606190476190476,0.9238095238095239,0.8666666666666667
2022-23,2023-02-22,Round of 16,RB Leipzig,Manchester City,36,108,1.8055555555555556,1.7222222222222223,2.037037037037037,1.1666666666666667,0.5,0.5555555555555556,0.5263157894736842,0.4716981132075472,12,11,112,112,D,1,1,112,112,-0.23148148148148162,-0.5555555555555556,0.6388888888888888,0.3148148148148149,-0.05555555555555558,0.054617676266137005,1,-72,0,0.05555555555555558,0.054617676266137005,1,0.23148148148148162,0.5555555555555556,23,1.0555555555555556,3.8425925925925926,2.8888888888888893,0.9444444444444444,0.9333333333333333
2022-23,2023-03-07,Round of 16,Benfica,Club Brugge,87,37,1.264367816091954,1.4597701149425288,0.8918918918918919,1.8108108108108107,0.367816091954023,0.1891891891891892,0.4883720930232558,0.2222222222222222,11,5,20,20,H,1,1,20,20,0.37247592420006215,0.3510406958682819,-0.5464429947188567,-0.567878223050637,0.17862690276483378,0.2661498708010336,6,50,0,0.17862690276483378,0.2661498708010336,6,0.37247592420006215,0.3510406958682819,16,0.5570052811432122,2.156259707983846,3.2705809257533396,0.8213730972351663,0.6
2022-23,2023-03-07,Round of 16,Chelsea,Dortmund,103,92,1.8932038834951457,0.9611650485436893,1.7173913043478262,1.3369565217391304,0.5436893203883495,0.45652173913043476,0.62,0.35555555555555557,12,9,20,20,H,1,1,20,20,0.17581257914731951,0.37579147319544104,0.5562473617560153,0.7562262558041368,0.08716758125791474,0.2644444444444444,3,11,0,0.08716758125791474,0.2644444444444444,3,0.17581257914731951,0.37579147319544104,21,1.0002110595187843,3.610595187842972,2.2981215702828197,0.9128324187420853,0.8
2022-23,2023-03-08,Round of 16,Bayern Munich,Paris SG,138,102,2.550724637681159,0.9347826086956522,2.156862745098039,1.0980392156862746,0.7101449275362319,0.5686274509803921,0.8059701492537313,0.5098039215686274,15,8,22,22,H,1,1,22,22,0.3938618925831201,0.1632566069906224,1.4526854219948846,1.2220801364023868,0.1415174765558398,0.2961662276851039,7,36,0,0.1415174765558398,0.2961662276851039,7,0.3938618925831201,0.1632566069906224,23,1.278772378516624,4.707587382779199,2.032821824381927,0.8584825234441602,0.5333333333333333
2022-23,2023-03-08,Round of 16,Tottenham,Milan,52,47,1.7115384615384615,1.4230769230769231,1.2765957446808511,1.2340425531914894,0.4423076923076923,0.3191489361702128,0.5769230769230769,0.2608695652173913,8,9,22,22,D,1,1,22,22,0.4349427168576103,-0.18903436988543376,0.4774959083469721,-0.146481178396072,0.12315875613747951,0.3160535117056856,-1,5,0,0.12315875613747951,0.3160535117056856,1,0.4349427168576103,0.18903436988543376,17,0.7614566284779051,2.9881342062193124,2.6571194762684125,0.8768412438625205,0.9333333333333333
2022-23,2023-03-14,Round of 16,Manchester City,RB Leipzig,109,37,2.0275229357798166,1.165137614678899,1.7837837837837838,1.7027027027027026,0.5504587155963303,0.4864864864864865,0.6363636363636364,0.47058823529411764,9,13,20,20,H,1,1,20,20,0.2437391519960328,0.5375650880238036,0.32482023307711394,0.6186461691048848,0.06397222910984379,0.1657754010695187,-4,72,0,0.06397222910984379,0.1657754010695187,4,0.2437391519960328,0.5375650880238036,22,1.036945202082817,3.8113067195636003,2.8678403173816016,0.9360277708901562,0.7333333333333334
2022-23,2023-03-14,Round of 16,Porto,Inter,85,51,1.5411764705882354,1.223529411764706,1.392156862745098,1.3529411764705883,0.47058823529411764,0.4117647058823529,0.5952380952380952,0.36,12,10,20,20,D,1,1,20,20,0.1490196078431374,0.12941176470588234,0.18823529411764706,0.168627450980392,0.05882352941176472,0.23523809523809525,2,34,0,0.05882352941176472,0.23523809523809525,2,0.1490196078431374,0.12941176470588234,22,0.8823529411764706,2.9333333333333336,2.5764705882352943,0.9411764705882353,0.8666666666666667
2022-23,2023-03-15,Round of 16,Napoli,Frankfurt,49,7,1.836734693877551,1.3061224489795917,1.0,1.4285714285714286,0.4897959183673469,0.42857142857142855,0.6666666666666666,0.6666666666666666,12,7,22,22,H,1,1,22,22,0.8367346938775511,0.12244897959183687,0.40816326530612246,-0.30612244897959173,0.06122448979591838,0.0,5,42,0,0.06122448979591838,0.0,5,0.8367346938775511,0.12244897959183687,19,0.9183673469387754,2.836734693877551,2.7346938775510203,0.9387755102040816,0.6666666666666667
2022-23,2023-03-15,Round of 16,Real Madrid,Liverpool,148,70,2.3445945945945947,1.0135135135135136,2.1285714285714286,1.1428571428571428,0.6621621621621622,0.5857142857142857,0.7432432432432432,0.5428571428571428,10,12,22,22,H,1,1,22,22,0.21602316602316618,0.1293436293436292,1.201737451737452,1.115057915057915,0.07644787644787643,0.20038610038610039,-2,78,0,0.07644787644787643,0.20038610038610039,2,0.21602316602316618,0.1293436293436292,22,1.247876447876448,4.473166023166023,2.1563706563706564,0.9235521235521236,0.8666666666666667
2022-23,2023-04-11,Quarter-finals,Benfica,Inter,88,52,1.3068181818181819,1.4545454545454546,1.3653846153846154,1.3269230769230769,0.375,0.40384615384615385,0.5,0.34615384615384615,13,8,35,28,A,1,1,35,28,-0.05856643356643354,-0.12762237762237771,-0.020104895104894993,-0.08916083916083917,-0.028846153846153855,0.15384615384615385,5,36,7,0.028846153846153855,0.15384615384615385,5,0.05856643356643354,0.12762237762237771,21,0.7788461538461539,2.6722027972027975,2.7814685314685317,0.9711538461538461,0.6666666666666667
2022-23,2023-04-11,Quarter-finals,Manchester City,Bayern Munich,110,139,2.0727272727272728,1.1545454545454545,2.5467625899280577,0.9280575539568345,0.5545454545454546,0.7122302158273381,0.6428571428571429,0.6197183098591549,9,15,28,34,H,1,1,28,34,-0.47403531720078496,-0.22648790058862,1.1446697187704382,1.3922171353826032,-0.15768476128188358,0.023138832997988024,-6,-29,-6,0.15768476128188358,0.023138832997988024,6,0.47403531720078496,0.22648790058862,24,1.2667756703727928,4.61948986265533,2.0826030085022893,0.8423152387181164,0.6
2022-23,2023-04-12,Quarter-finals,Milan,Napoli,48,50,1.25,1.2083333333333333,1.86,1.28,0.3125,0.5,0.375,0.32,10,12,35,28,H,1,1,35,28,-0.6100000000000001,0.07166666666666677,-0.030000000000000027,0.6516666666666668,-0.1875,0.05499999999999999,-2,-2,7,0.1875,0.05499999999999999,2,0.6100000000000001,0.07166666666666677,22,0.8125,3.1100000000000003,2.4883333333333333,0.8125,0.8666666666666667
2022-23,2023-04-12,Quarter-finals,Real Madrid,Chelsea,149,104,2.335570469798658,1.0067114093959733,1.8942307692307692,0.9519230769230769,0.6644295302013423,0.5480769230769231,0.7466666666666667,0.4716981132075472,10,12,28,36,H,1,1,28,36,0.44133970056788874,-0.054788332472896384,1.383647392875581,0.8875193598347959,0.1163526071244192,0.2749685534591195,-2,45,-8,0.1163526071244192,0.2749685534591195,2,0.44133970056788874,0.054788332472896384,22,1.2125064532782655,4.2298012390294275,1.9586344863190501,0.8836473928755808,0.8666666666666667
2022-23,2023-04-18,Quarter-finals,Chelsea,Real Madrid,105,150,1.8761904761904762,0.9619047619047619,2.3333333333333335,1.0,0.5428571428571428,0.6666666666666666,0.6274509803921569,0.581081081081081,9,12,6,6,A,1,1,6,6,-0.4571428571428573,0.03809523809523807,0.8761904761904762,1.3714285714285714,-0.12380952380952381,0.046369899311075824,-3,-45,0,0.12380952380952381,0.046369899311075824,3,0.4571428571428573,0.03809523809523807,21,1.2095238095238094,4.20952380952381,1.961904761904762,0.8761904761904762,0.8
2022-23,2023-04-18,Quarter-finals,Napoli,Milan,51,49,1.8235294117647058,1.2745098039215685,1.2448979591836735,1.183673469387755,0.49019607843137253,0.32653061224489793,0.68,0.25,9,13,6,6,D,1,1,6,6,0.5786314525810323,-0.09083633453381346,0.6398559423769508,-0.02961184473789502,0.1636654661864746,0.43000000000000005,-4,2,0,0.1636654661864746,0.43000000000000005,4,0.5786314525810323,0.09083633453381346,22,0.8167266906762705,3.0684273709483794,2.4581832733093236,0.8363345338135254,0.7333333333333334
2022-23,2023-04-19,Quarter-finals,Bayern Munich,Manchester City,140,111,2.5285714285714285,0.9428571428571428,2.081081081081081,1.1441441441441442,0.7071428571428572,0.5585585585585585,0.8088235294117647,0.46296296296296297,12,11,8,8,D,1,1,8,8,0.44749034749034733,0.2012870012870014,1.3844272844272842,1.1382239382239383,0.14858429858429867,0.34586056644880175,1,29,0,0.14858429858429867,0.34586056644880175,1,0.44749034749034733,0.2012870012870014,23,1.2657014157014157,4.609652509652509,2.087001287001287,0.8514157014157013,0.9333333333333333
2022-23,2023-04-19,Quarter-finals,Inter,Benfica,53,89,1.3773584905660377,1.3018867924528301,1.2921348314606742,1.4606741573033708,0.41509433962264153,0.3707865168539326,0.46153846153846156,0.25,10,12,8,8,D,1,1,8,8,0.08522365910536345,0.15878736485054068,-0.08331566673733315,-0.009751960992155917,0.04430782276870893,0.21153846153846156,-2,-36,0,0.04430782276870893,0.21153846153846156,2,0.08522365910536345,0.15878736485054068,22,0.7858808564765741,2.669493322026712,2.762560949756201,0.9556921772312911,0.8666666666666667
2022-23,2023-05-09,Semi-finals,Real Madrid,Manchester City,151,112,2.3311258278145695,0.9933774834437086,2.0714285714285716,1.1428571428571428,0.6688741721854304,0.5535714285714286,0.75,0.45454545454545453,15,11,21,20,D,1,1,21,20,0.25969725638599783,0.14947965941343422,1.1882686849574267,1.078051087984863,0.11530274361400183,0.29545454545454547,4,39,1,0.11530274361400183,0.29545454545454547,4,0.25969725638599783,0.14947965941343422,26,1.222445600756859,4.402554399243141,2.136234626300851,0.8846972563859982,0.7333333333333334
2022-23,2023-05-10,Semi-finals,Milan,Inter,50,54,1.24,1.18,1.4074074074074074,1.3333333333333333,0.32,0.4074074074074074,0.4,0.37037037037037035,11,8,22,21,A,1,1,22,21,-0.16740740740740745,0.15333333333333332,-0.09333333333333327,0.2274074074074075,-0.08740740740740738,0.029629629629629672,3,-4,1,0.08740740740740738,0.029629629629629672,3,0.16740740740740745,0.15333333333333332,19,0.7274074074074074,2.6474074074074077,2.513333333333333,0.9125925925925926,0.8
2022-23,2023-05-16,Semi-finals,Inter,Milan,55,51,1.4181818181818182,1.309090909090909,1.2156862745098038,1.196078431372549,0.41818181818181815,0.3137254901960784,0.4444444444444444,0.24,11,8,6,6,H,1,1,6,6,0.2024955436720144,-0.1130124777183601,0.22210338680926922,-0.09340463458110526,0.10445632798573973,0.20444444444444443,3,4,0,0.10445632798573973,0.20444444444444443,3,0.2024955436720144,0.1130124777183601,19,0.7319073083778966,2.633868092691622,2.505169340463458,0.8955436720142602,0.8
2022-23,2023-05-17,Semi-finals,Manchester City,Real Madrid,113,152,2.061946902654867,1.1415929203539823,2.3223684210526314,0.993421052631579,0.5486725663716814,0.6644736842105263,0.6491228070175439,0.5866666666666667,9,13,8,8,H,1,1,8,8,-0.2604215183977643,-0.14817186772240332,1.0685258500232881,1.1807755006986491,-0.11580111783884495,0.06245614035087721,-4,-39,0,0.11580111783884495,0.06245614035087721,4,0.2604215183977643,0.14817186772240332,22,1.2131462505822077,4.384315323707499,2.1350139729855613,0.884198882161155,0.7333333333333334
2022-23,2023-06-10,Final,Manchester City,Inter,114,56,2.0789473684210527,1.131578947368421,1.4107142857142858,1.2857142857142858,0.5526315789473685,0.42857142857142855,0.6551724137931034,0.39285714285714285,11,11,24,25,H,1,1,24,25,0.6682330827067668,0.1541353383458648,0.7932330827067668,0.2791353383458648,0.12406015037593993,0.2623152709359606,0,58,-1,0.12406015037593993,0.2623152709359606,0,0.6682330827067668,0.1541353383458648,22,0.981203007518797,3.4896616541353387,2.417293233082707,0.87593984962406,1.0
2023-24,2023-09-19,Group stage,Barcelona,Antwerp,131,0,2.0839694656488548,1.0381679389312977,0.0,0.0,0.6106870229007634,0.0,0.7424242424242424,0.0,4,0,322,-1,H,1,0,322,0,2.0839694656488548,-1.0381679389312977,2.0839694656488548,-1.0381679389312977,0.6106870229007634,0.7424242424242424,4,131,322,0.6106870229007634,0.7424242424242424,4,2.0839694656488548,1.0381679389312977,4,0.6106870229007634,2.0839694656488548,1.0381679389312977,0.3893129770992366,0.7333333333333334
2023-24,2023-09-19,Group stage,Feyenoord,Celtic,6,32,0.8333333333333334,2.3333333333333335,0.8125,2.375,0.16666666666666666,0.15625,0.3333333333333333,0.125,3,2,2113,321,H,1,1,365,321,0.02083333333333337,0.04166666666666652,-1.5416666666666665,-1.5208333333333335,0.010416666666666657,0.20833333333333331,1,-26,44,0.010416666666666657,0.20833333333333331,1,0.02083333333333337,0.04166666666666652,5,0.32291666666666663,1.6458333333333335,4.708333333333334,0.9895833333333334,0.9333333333333333
2023-24,2023-09-19,Group stage,Lazio,Atlético Madrid,8,95,1.625,1.625,1.2947368421052632,0.8842105263157894,0.25,0.47368421052631576,0.5,0.3469387755102041,5,2,916,322,D,1,1,365,322,0.3302631578947368,-0.7407894736842106,0.7407894736842106,-0.3302631578947368,-0.22368421052631576,0.15306122448979592,3,-87,43,0.22368421052631576,0.15306122448979592,3,0.3302631578947368,0.7407894736842106,7,0.7236842105263157,2.919736842105263,2.5092105263157896,0.7763157894736843,0.8
2023-24,2023-09-19,Group stage,Manchester City,Red Star,115,12,2.0695652173913044,1.1217391304347826,0.6666666666666666,3.0833333333333335,0.5565217391304348,0.16666666666666666,0.6610169491525424,0.0,11,3,101,1378,H,1,1,101,365,1.4028985507246379,1.961594202898551,-1.013768115942029,-0.45507246376811594,0.38985507246376816,0.6610169491525424,8,103,-264,0.38985507246376816,0.6610169491525424,8,1.4028985507246379,1.961594202898551,14,0.7231884057971014,2.736231884057971,4.205072463768116,0.6101449275362318,0.4666666666666667
2023-24,2023-09-19,Group stage,Milan,Newcastle,52,0,1.1923076923076923,1.1923076923076923,0.0,0.0,0.3076923076923077,0.0,0.38461538461538464,0.0,5,0,126,-1,D,1,0,126,0,1.1923076923076923,-1.1923076923076923,1.1923076923076923,-1.1923076923076923,0.3076923076923077,0.38461538461538464,5,52,126,0.3076923076923077,0.38461538461538464,5,1.1923076923076923,1.1923076923076923,5,0.3076923076923077,1.1923076923076923,1.1923076923076923,0.6923076923076923,0.6666666666666667
2023-24,2023-09-19,Group stage,Paris SG,Dortmund,103,93,2.1359223300970873,1.1067961165048543,1.6989247311827957,1.3440860215053763,0.5631067961165048,0.45161290322580644,0.6274509803921569,0.34782608695652173,7,6,195,196,H,1,1,195,196,0.4369975989142916,0.23728990500052194,0.7918363085917111,0.5921286146779414,0.11149389289069839,0.2796248934356351,1,10,-1,0.11149389289069839,0.2796248934356351,1,0.4369975989142916,0.23728990500052194,13,1.0147196993423113,3.8348470612798833,2.450882138010231,0.8885061071093017,0.9333333333333333
2023-24,2023-09-19,Group stage,Shakhtar D.,Porto,82,86,1.3414634146341464,1.7073170731707317,1.5232558139534884,1.2093023255813953,0.3170731707317073,0.46511627906976744,0.34146341463414637,0.3488372093023256,3,10,321,189,A,1,1,321,189,-0.181792399319342,-0.4980147475893364,0.13216108905275115,-0.18406125921724326,-0.14804310833806011,-0.007373794668179223,-7,-4,132,0.14804310833806011,0.007373794668179223,7,0.181792399319342,0.4980147475893364,13,0.7821894498014748,2.864719228587635,2.916619398752127,0.8519568916619399,0.5333333333333333
2023-24,2023-09-19,Group stage,Young Boys,RB Leipzig,12,38,0.9166666666666666,2.0,1.736842105263158,1.8421052631578947,0.16666666666666666,0.47368421052631576,0.3333333333333333,0.4444444444444444,2,10,650,189,A,1,1,365,189,-0.8201754385964913,-0.1578947368421053,-0.9254385964912281,-0.26315789473684204,-0.3070175438596491,-0.1111111111111111,-8,-26,176,0.3070175438596491,0.1111111111111111,8,0.8201754385964913,0.1578947368421053,12,0.6403508771929824,2.6535087719298245,3.8421052631578947,0.6929824561403509,0.4666666666666667
2023-24,2023-09-20,Group stage,Arsenal,PSV,56,20,1.8571428571428572,1.4642857142857142,0.9,1.55,0.5178571428571429,0.15,0.6071428571428571,0.0,7,2,2388,1744,H,1,1,365,365,0.9571428571428572,0.08571428571428585,0.30714285714285716,-0.5642857142857142,0.3678571428571429,0.6071428571428571,5,36,0,0.3678571428571429,0.6071428571428571,5,0.9571428571428572,0.08571428571428585,9,0.6678571428571429,2.757142857142857,3.0142857142857142,0.6321428571428571,0.6666666666666667
2023-24,2023-09-20,Group stage,Bayern Munich,Manchester Utd,141,75,2.517730496453901,0.9432624113475178,1.5333333333333334,1.0133333333333334,0.7021276595744681,0.49333333333333335,0.7971014492753623,0.42105263157894735,10,6,154,554,H,1,1,154,365,0.9843971631205675,0.07007092198581566,1.5043971631205675,0.5900709219858157,0.20879432624113475,0.37604881769641496,4,66,-211,0.20879432624113475,0.37604881769641496,4,0.9843971631205675,0.07007092198581566,16,1.1954609929078015,4.051063829787235,1.9565957446808513,0.7912056737588653,0.7333333333333334
2023-24,2023-09-20,Group stage,Benfica,RB Salzburg,90,26,1.3111111111111111,1.4777777777777779,1.5769230769230769,2.0384615384615383,0.36666666666666664,0.2692307692307692,0.4888888888888889,0.15384615384615385,10,5,154,322,A,1,1,154,322,-0.26581196581196576,0.5606837606837605,-0.7273504273504272,0.09914529914529902,0.09743589743589742,0.335042735042735,5,64,-168,0.09743589743589742,0.335042735042735,5,0.26581196581196576,0.5606837606837605,15,0.6358974358974359,2.888034188034188,3.516239316239316,0.9025641025641026,0.6666666666666667
2023-24,2023-09-20,Group stage,Braga,Napoli,12,52,1.0,2.0,1.8076923076923077,1.2692307692307692,0.3333333333333333,0.4807692307692308,0.3333333333333333,0.3076923076923077,3,7,3941,155,A,1,1,365,155,-0.8076923076923077,-0.7307692307692308,-0.26923076923076916,-0.1923076923076923,-0.14743589743589747,0.025641025641025605,-4,-40,210,0.14743589743589747,0.025641025641025605,4,0.8076923076923077,0.7307692307692308,10,0.8141025641025641,2.8076923076923075,3.269230769230769,0.8525641025641025,0.7333333333333334
2023-24,2023-09-20,Group stage,Galatasaray,FC Copenhagen,42,26,0.9285714285714286,1.9523809523809523,0.7307692307692307,1.3076923076923077,0.21428571428571427,0.23076923076923078,0.2857142857142857,0.15384615384615385,1,3,1379,322,D,1,1,365,322,0.19780219780219788,-0.6446886446886446,-0.3791208791208791,-1.2216117216117217,-0.016483516483516508,0.13186813186813184,-2,16,43,0.016483516483516508,0.13186813186813184,2,0.19780219780219788,0.6446886446886446,4,0.44505494505494503,1.6593406593406592,3.26007326007326,0.9835164835164835,0.8666666666666667
2023-24,2023-09-20,Group stage,Real Madrid,Union Berlin,153,0,2.30718954248366,1.0130718954248366,0.0,0.0,0.6601307189542484,0.0,0.7402597402597403,0.0,10,0,126,-1,H,1,0,126,0,2.30718954248366,-1.0130718954248366,2.30718954248366,-1.0130718954248366,0.6601307189542484,0.7402597402597403,10,153,126,0.6601307189542484,0.7402597402597403,10,2.30718954248366,1.0130718954248366,10,0.6601307189542484,2.30718954248366,1.0130718954248366,0.33986928104575165,0.33333333333333337
2023-24,2023-09-20,Group stage,Real Sociedad,Inter,6,57,0.16666666666666666,1.6666666666666667,1.3859649122807018,1.280701754385965,0.0,0.42105263157894735,0.0,0.3793103448275862,1,10,3571,102,D,1,1,365,102,-1.219298245614035,-0.38596491228070184,-1.1140350877192982,-0.2807017543859649,-0.42105263157894735,-0.3793103448275862,-9,-51,263,0.42105263157894735,0.3793103448275862,9,1.219298245614035,0.38596491228070184,11,0.42105263157894735,1.5526315789473686,2.947368421052632,0.5789473684210527,0.4
2023-24,2023-09-20,Group stage,Sevilla,Lens,44,0,1.2727272727272727,1.4090909090909092,0.0,0.0,0.3409090909090909,0.0,0.5,0.0,5,0,322,-1,D,1,0,322,0,1.2727272727272727,-1.4090909090909092,1.2727272727272727,-1.4090909090909092,0.3409090909090909,0.5,5,44,322,0.3409090909090909,0.5,5,1.2727272727272727,1.4090909090909092,5,0.3409090909090909,1.2727272727272727,1.4090909090909092,0.6590909090909092,0.6666666666666667
2023-24,2023-10-03,Group stage,FC Copenhagen,Bayern Munich,27,142,0.7777777777777778,1.3333333333333333,2.528169014084507,0.9577464788732394,0.2222222222222222,0.704225352112676,0.3076923076923077,0.6111111111111112,3,10,13,13,A,1,1,13,13,-1.7503912363067293,-0.3755868544600939,-0.1799687010954616,1.1948356807511737,-0.4820031298904538,-0.30341880341880345,-7,-115,0,0.4820031298904538,0.30341880341880345,7,1.7503912363067293,0.3755868544600939,13,0.9264475743348982,3.3059467918622847,2.2910798122065725,0.5179968701095462,0.5333333333333333
2023-24,2023-10-03,Group stage,Inter,Benfica,58,91,1.3793103448275863,1.2758620689655173,1.2967032967032968,1.4835164835164836,0.41379310344827586,0.3626373626373626,0.4642857142857143,0.24444444444444444,8,7,13,13,H,1,1,13,13,0.08260704812428954,0.20765441455096623,-0.10420613868889728,0.02084122773777941,0.05115574081091323,0.21984126984126987,1,-33,0,0.05115574081091323,0.21984126984126987,1,0.08260704812428954,0.20765441455096623,15,0.7764304660856385,2.676013641530883,2.759378552482001,0.9488442591890868,0.9333333333333333
2023-24,2023-10-03,Group stage,Lens,Arsenal,1,57,1.0,1.0,1.894736842105263,1.4385964912280702,0.0,0.5263157894736842,0.0,0.42857142857142855,1,7,13,13,H,1,1,13,13,-0.894736842105263,0.4385964912280702,-0.4385964912280702,0.894736842105263,-0.5263157894736842,-0.42857142857142855,-6,-56,0,0.5263157894736842,0.42857142857142855,6,0.894736842105263,0.4385964912280702,8,0.5263157894736842,2.894736842105263,2.43859649122807,0.4736842105263158,0.6
2023-24,2023-10-03,Group stage,Manchester Utd,Galatasaray,76,43,1.5526315789473684,1.0526315789473684,0.9534883720930233,1.9534883720930232,0.4868421052631579,0.20930232558139536,0.5675675675675675,0.14285714285714285,5,2,13,13,A,1,1,13,13,0.5991432068543451,0.9008567931456548,-0.4008567931456548,-0.09914320685434508,0.2775397796817626,0.4247104247104247,3,33,0,0.2775397796817626,0.4247104247104247,3,0.5991432068543451,0.9008567931456548,7,0.6961444308445532,2.5061199510403918,3.0061199510403913,0.7224602203182374,0.8
2023-24,2023-10-03,Group stage,Napoli,Real Madrid,53,154,1.8113207547169812,1.2641509433962264,2.2987012987012987,1.0064935064935066,0.49056603773584906,0.6623376623376623,0.6538461538461539,0.5789473684210527,10,10,13,13,A,1,1,13,13,-0.4873805439843175,-0.2576574369027198,0.8048272482234746,1.0345503553050723,-0.17177162460181328,0.0748987854251012,0,-101,0,0.17177162460181328,0.0748987854251012,0,0.4873805439843175,0.2576574369027198,20,1.1529037000735114,4.11002205341828,2.270644449889733,0.8282283753981867,1.0
2023-24,2023-10-03,Group stage,PSV,Sevilla,21,45,0.8571428571428571,1.6666666666666667,1.2666666666666666,1.4,0.14285714285714285,0.3333333333333333,0.3,0.18181818181818182,2,5,13,13,D,1,1,13,13,-0.4095238095238095,-0.26666666666666683,-0.5428571428571428,-0.40000000000000013,-0.19047619047619047,0.11818181818181817,-3,-24,0,0.19047619047619047,0.11818181818181817,3,0.4095238095238095,0.26666666666666683,7,0.47619047619047616,2.123809523809524,3.0666666666666664,0.8095238095238095,0.8
2023-24,2023-10-03,Group stage,RB Salzburg,Real Sociedad,27,7,1.5925925925925926,1.962962962962963,0.2857142857142857,1.5714285714285714,0.2962962962962963,0.0,0.38461538461538464,0.0,7,2,13,13,A,1,1,13,13,1.306878306878307,-0.3915343915343916,0.021164021164021163,-1.6772486772486772,0.2962962962962963,0.38461538461538464,5,20,0,0.2962962962962963,0.38461538461538464,5,1.306878306878307,0.3915343915343916,9,0.2962962962962963,1.8783068783068781,3.5343915343915344,0.7037037037037037,0.6666666666666667
2023-24,2023-10-03,Group stage,Union Berlin,Braga,1,13,0.0,1.0,1.0,2.0,0.0,0.3076923076923077,0.0,0.3333333333333333,0,0,13,13,A,1,1,13,13,-1.0,1.0,-2.0,0.0,-0.3076923076923077,-0.3333333333333333,0,-12,0,0.3076923076923077,0.3333333333333333,0,1.0,1.0,0,0.3076923076923077,1.0,3.0,0.6923076923076923,1.0
2023-24,2023-10-04,Group stage,Antwerp,Shakhtar D.,1,83,0.0,5.0,1.3373493975903614,1.7228915662650603,0.0,0.3132530120481928,0.0,0.2926829268292683,0,2,15,15,A,1,1,15,15,-1.3373493975903614,-3.2771084337349397,-1.7228915662650603,-3.662650602409639,-0.3132530120481928,-0.2926829268292683,-2,-82,0,0.3132530120481928,0.2926829268292683,2,1.3373493975903614,3.2771084337349397,2,0.3132530120481928,1.3373493975903614,6.72289156626506,0.6867469879518072,0.8666666666666667
2023-24,2023-10-04,Group stage,Atlético Madrid,Feyenoord,96,7,1.2916666666666667,0.8854166666666666,1.0,2.0,0.46875,0.2857142857142857,0.6086956521739131,0.0,3,6,15,15,H,1,1,15,15,0.29166666666666674,1.1145833333333335,-0.7083333333333333,0.11458333333333337,0.1830357142857143,0.6086956521739131,-3,89,0,0.1830357142857143,0.6086956521739131,3,0.29166666666666674,1.1145833333333335,9,0.7544642857142857,2.291666666666667,2.8854166666666665,0.8169642857142857,0.8
2023-24,2023-10-04,Group stage,Celtic,Lazio,33,9,0.7878787878787878,2.3636363636363638,1.5555555555555556,1.5555555555555556,0.15151515151515152,0.2222222222222222,0.1875,0.0,1,3,15,15,A,1,1,15,15,-0.7676767676767677,-0.8080808080808082,-0.7676767676767677,-0.8080808080808082,-0.07070707070707069,0.1875,-2,24,0,0.07070707070707069,0.1875,2,0.7676767676767677,0.8080808080808082,4,0.3737373737373737,2.3434343434343434,3.9191919191919196,0.9292929292929293,0.8666666666666667
2023-24,2023-10-04,Group stage,Dortmund,Milan,94,53,1.6808510638297873,1.351063829787234,1.169811320754717,1.169811320754717,0.44680851063829785,0.3018867924528302,0.5531914893617021,0.23076923076923078,5,5,15,15,D,1,1,15,15,0.5110397430750704,-0.181252509032517,0.5110397430750704,-0.181252509032517,0.14492171818546767,0.32242225859247137,0,41,0,0.14492171818546767,0.32242225859247137,0,0.5110397430750704,0.181252509032517,10,0.7486953030911281,2.8506623845845045,2.5208751505419507,0.8550782818145324,1.0
2023-24,2023-10-04,Group stage,Newcastle,Paris SG,1,104,0.0,0.0,2.1346153846153846,1.0961538461538463,0.0,0.5673076923076923,0.0,0.5,1,9,15,15,H,1,1,15,15,-2.1346153846153846,1.0961538461538463,-1.0961538461538463,2.1346153846153846,-0.5673076923076923,-0.5,-8,-103,0,0.5673076923076923,0.5,8,2.1346153846153846,1.0961538461538463,10,0.5673076923076923,2.1346153846153846,1.0961538461538463,0.4326923076923077,0.4666666666666667
2023-24,2023-10-04,Group stage,Porto,Barcelona,87,132,1.5402298850574712,1.206896551724138,2.106060606060606,1.0303030303030303,0.47126436781609193,0.6136363636363636,0.5813953488372093,0.47692307692307695,10,7,15,15,A,1,1,15,15,-0.5658307210031348,-0.17659352142110762,0.5099268547544409,0.8991640543364681,-0.1423719958202717,0.10447227191413239,3,-45,0,0.1423719958202717,0.10447227191413239,3,0.5658307210031348,0.17659352142110762,17,1.0849007314524557,3.6462904911180773,2.237199582027168,0.8576280041797283,0.8
2023-24,2023-10-04,Group stage,RB Leipzig,Manchester City,39,116,1.7692307692307692,1.8205128205128205,2.0775862068965516,1.1206896551724137,0.48717948717948717,0.5603448275862069,0.5,0.44642857142857145,10,11,15,15,A,1,1,15,15,-0.30835543766578244,-0.6998231653404068,0.6485411140583555,0.2570733863837311,-0.07316534040671968,0.05357142857142855,-1,-77,0,0.07316534040671968,0.05357142857142855,1,0.30835543766578244,0.6998231653404068,21,1.047524314765694,3.8468169761273208,2.941202475685234,0.9268346595932804,0.9333333333333333
2023-24,2023-10-04,Group stage,Red Star,Young Boys,13,13,0.6923076923076923,3.076923076923077,0.9230769230769231,2.076923076923077,0.15384615384615385,0.15384615384615385,0.3333333333333333,0.0,0,2,15,15,D,1,1,15,15,-0.23076923076923084,-1.0,-1.3846153846153848,-2.153846153846154,0.0,0.3333333333333333,-2,0,0,0.0,0.3333333333333333,2,0.23076923076923084,1.0,2,0.3076923076923077,1.6153846153846154,5.153846153846154,1.0,0.8666666666666667
2023-24,2023-10-24,Group stage,Benfica,Real Sociedad,92,8,1.2826086956521738,1.4782608695652173,0.5,1.375,0.358695652173913,0.125,0.4782608695652174,0.25,4,5,21,21,A,1,1,21,21,0.7826086956521738,-0.1032608695652173,-0.09239130434782616,-0.9782608695652173,0.23369565217391303,0.2282608695652174,-1,84,0,0.23369565217391303,0.2282608695652174,1,0.7826086956521738,0.1032608695652173,9,0.483695652173913,1.7826086956521738,2.8532608695652173,0.7663043478260869,0.9333333333333333
2023-24,2023-10-24,Group stage,Braga,Real Madrid,14,155,1.1428571428571428,2.0,2.303225806451613,1.0129032258064516,0.35714285714285715,0.6645161290322581,0.2857142857142857,0.5844155844155844,3,10,21,21,A,1,1,21,21,-1.16036866359447,-0.9870967741935484,0.12995391705069115,0.3032258064516129,-0.30737327188940095,-0.2987012987012987,-7,-141,0,0.30737327188940095,0.2987012987012987,7,1.16036866359447,0.9870967741935484,13,1.0216589861751153,3.4460829493087557,3.0129032258064514,0.6926267281105991,0.5333333333333333
2023-24,2023-10-24,Group stage,Galatasaray,Bayern Munich,44,143,1.0,1.9545454545454546,2.5244755244755246,0.958041958041958,0.22727272727272727,0.7062937062937062,0.2727272727272727,0.6164383561643836,5,10,21,21,A,1,1,21,21,-1.5244755244755246,-0.9965034965034966,0.04195804195804198,0.56993006993007,-0.47902097902097895,-0.3437110834371109,-5,-99,0,0.47902097902097895,0.3437110834371109,5,1.5244755244755246,0.9965034965034966,15,0.9335664335664335,3.5244755244755246,2.9125874125874125,0.520979020979021,0.6666666666666667
2023-24,2023-10-24,Group stage,Inter,RB Salzburg,59,28,1.3728813559322033,1.2542372881355932,1.5357142857142858,1.9642857142857142,0.423728813559322,0.2857142857142857,0.4827586206896552,0.21428571428571427,10,4,21,21,H,1,1,21,21,-0.16283292978208252,0.710048426150121,-0.5914043583535109,0.2814769975786926,0.13801452784503632,0.26847290640394095,6,31,0,0.13801452784503632,0.26847290640394095,6,0.16283292978208252,0.710048426150121,14,0.7094430992736077,2.908595641646489,3.2185230024213074,0.8619854721549637,0.6
2023-24,2023-10-24,Group stage,Lens,PSV,2,22,1.5,1.0,0.9090909090909091,1.6818181818181819,0.5,0.13636363636363635,1.0,0.0,4,2,21,21,D,1,1,21,21,0.5909090909090909,0.6818181818181819,-0.18181818181818188,-0.09090909090909094,0.36363636363636365,1.0,2,-20,0,0.36363636363636365,1.0,2,0.5909090909090909,0.6818181818181819,6,0.6363636363636364,2.409090909090909,2.6818181818181817,0.6363636363636364,0.8666666666666667
2023-24,2023-10-24,Group stage,Manchester Utd,FC Copenhagen,77,28,1.5584415584415585,1.077922077922078,0.7857142857142857,1.3571428571428572,0.4805194805194805,0.21428571428571427,0.5526315789473685,0.14285714285714285,2,3,21,21,H,1,1,21,21,0.7727272727272728,0.27922077922077926,0.2012987012987013,-0.29220779220779225,0.26623376623376627,0.4097744360902256,-1,49,0,0.26623376623376627,0.4097744360902256,1,0.7727272727272728,0.27922077922077926,5,0.6948051948051948,2.344155844155844,2.4350649350649354,0.7337662337662337,0.9333333333333333
2023-24,2023-10-24,Group stage,Sevilla,Arsenal,46,58,1.2826086956521738,1.4130434782608696,1.8793103448275863,1.4482758620689655,0.32608695652173914,0.5172413793103449,0.4782608695652174,0.41379310344827586,6,6,21,21,A,1,1,21,21,-0.5967016491754125,0.0352323838080959,-0.1656671664167917,0.4662668665667167,-0.19115442278860573,0.06446776611694155,0,-12,0,0.19115442278860573,0.06446776611694155,0,0.5967016491754125,0.0352323838080959,12,0.843328335832084,3.16191904047976,2.8613193403298354,0.8088455772113943,1.0
2023-24,2023-10-24,Group stage,Union Berlin,Napoli,2,54,1.0,2.0,1.8148148148148149,1.2962962962962963,0.0,0.48148148148148145,0.0,0.3333333333333333,0,7,21,21,A,1,1,21,21,-0.8148148148148149,-0.7037037037037037,-0.2962962962962963,-0.18518518518518512,-0.48148148148148145,-0.3333333333333333,-7,-52,0,0.48148148148148145,0.3333333333333333,7,0.8148148148148149,0.7037037037037037,7,0.48148148148148145,2.814814814814815,3.2962962962962963,0.5185185185185186,0.5333333333333333
2023-24,2023-10-25,Group stage,Antwerp,Porto,2,88,1.0,4.0,1.5227272727272727,1.2045454545454546,0.0,0.4659090909090909,0.0,0.36363636363636365,0,7,21,21,A,1,1,21,21,-0.5227272727272727,-2.7954545454545454,-0.20454545454545459,-2.4772727272727275,-0.4659090909090909,-0.36363636363636365,-7,-86,0,0.4659090909090909,0.36363636363636365,7,0.5227272727272727,2.7954545454545454,7,0.4659090909090909,2.5227272727272725,5.204545454545455,0.5340909090909092,0.5333333333333333
2023-24,2023-10-25,Group stage,Barcelona,Shakhtar D.,133,84,2.0977443609022557,1.0225563909774436,1.3571428571428572,1.7261904761904763,0.6165413533834586,0.32142857142857145,0.746268656716418,0.30952380952380953,10,5,21,21,H,1,1,21,21,0.7406015037593985,0.7036340852130327,0.3715538847117794,0.33458646616541365,0.29511278195488716,0.4367448471926084,5,49,0,0.29511278195488716,0.4367448471926084,5,0.7406015037593985,0.7036340852130327,15,0.9379699248120301,3.454887218045113,2.74874686716792,0.7048872180451129,0.6666666666666667
2023-24,2023-10-25,Group stage,Celtic,Atlético Madrid,34,97,0.7941176470588235,2.3529411764705883,1.309278350515464,0.8969072164948454,0.14705882352941177,0.4742268041237113,0.17647058823529413,0.34,1,6,21,21,D,1,1,21,21,-0.5151607034566404,-1.456033959975743,-0.10278956943602191,-1.0436628259551244,-0.3271679805942995,-0.1635294117647059,-5,-63,0,0.3271679805942995,0.1635294117647059,5,0.5151607034566404,1.456033959975743,7,0.6212856276531231,2.1033959975742875,3.2498483929654336,0.6728320194057005,0.6666666666666667
2023-24,2023-10-25,Group stage,Feyenoord,Lazio,8,10,1.125,2.125,1.6,1.5,0.25,0.3,0.5,0.2,6,5,21,21,H,1,1,21,21,-0.4750000000000001,-0.625,-0.375,-0.5249999999999999,-0.04999999999999999,0.3,1,-2,0,0.04999999999999999,0.3,1,0.4750000000000001,0.625,11,0.55,2.725,3.625,0.95,0.9333333333333333
2023-24,2023-10-25,Group stage,Newcastle,Dortmund,2,95,2.0,0.5,1.6631578947368422,1.3368421052631578,0.5,0.4421052631578947,1.0,0.3404255319148936,4,5,21,21,A,1,1,21,21,0.33684210526315783,0.8368421052631578,0.6631578947368422,1.1631578947368422,0.05789473684210528,0.6595744680851063,-1,-93,0,0.05789473684210528,0.6595744680851063,1,0.33684210526315783,0.8368421052631578,9,0.9421052631578948,3.663157894736842,1.8368421052631578,0.9421052631578948,0.9333333333333333
2023-24,2023-10-25,Group stage,Paris SG,Milan,105,54,2.123809523809524,1.1238095238095238,1.1481481481481481,1.1481481481481481,0.5619047619047619,0.2962962962962963,0.6346153846153846,0.2222222222222222,6,3,21,21,H,1,1,21,21,0.9756613756613757,0.024338624338624326,0.9756613756613757,0.024338624338624326,0.2656084656084656,0.41239316239316237,3,51,0,0.2656084656084656,0.41239316239316237,3,0.9756613756613757,0.024338624338624326,9,0.8582010582010582,3.271957671957672,2.271957671957672,0.7343915343915344,0.8
2023-24,2023-10-25,Group stage,RB Leipzig,Red Star,40,14,1.75,1.85,0.7857142857142857,3.0,0.475,0.14285714285714285,0.47619047619047616,0.0,7,1,21,21,H,1,1,21,21,0.9642857142857143,1.15,-1.25,-1.0642857142857145,0.33214285714285713,0.47619047619047616,6,26,0,0.33214285714285713,0.47619047619047616,6,0.9642857142857143,1.15,8,0.6178571428571429,2.5357142857142856,4.85,0.6678571428571429,0.6
2023-24,2023-10-25,Group stage,Young Boys,Manchester City,14,117,1.0,2.0714285714285716,2.0854700854700856,1.1196581196581197,0.14285714285714285,0.5641025641025641,0.2857142857142857,0.45614035087719296,3,13,21,21,A,1,1,21,21,-1.0854700854700856,-0.9517704517704519,-0.11965811965811968,0.014041514041513992,-0.42124542124542125,-0.17042606516290726,-10,-103,0,0.42124542124542125,0.17042606516290726,10,1.0854700854700856,0.9517704517704519,16,0.7069597069597069,3.0854700854700856,3.1910866910866913,0.5787545787545787,0.33333333333333337
2023-24,2023-11-07,Group stage,Atlético Madrid,Celtic,98,35,1.316326530612245,0.9081632653061225,0.8285714285714286,2.342857142857143,0.46938775510204084,0.14285714285714285,0.6170212765957447,0.11764705882352941,6,2,13,13,H,1,1,13,13,0.4877551020408163,1.4346938775510205,-1.026530612244898,-0.07959183673469383,0.326530612244898,0.49937421777221525,4,63,0,0.326530612244898,0.49937421777221525,4,0.4877551020408163,1.4346938775510205,8,0.6122448979591837,2.1448979591836737,3.2510204081632654,0.673469387755102,0.7333333333333334
2023-24,2023-11-07,Group stage,Dortmund,Newcastle,96,3,1.65625,1.3229166666666667,1.3333333333333333,0.6666666666666666,0.4479166666666667,0.3333333333333333,0.5416666666666666,0.0,7,4,13,13,H,1,1,13,13,0.32291666666666674,-0.6562500000000001,0.9895833333333334,0.010416666666666519,0.11458333333333337,0.5416666666666666,3,93,0,0.11458333333333337,0.5416666666666666,3,0.32291666666666674,0.6562500000000001,11,0.78125,2.989583333333333,1.9895833333333335,0.8854166666666666,0.8
2023-24,2023-11-07,Group stage,Lazio,Feyenoord,11,9,1.5454545454545454,1.6363636363636365,1.3333333333333333,2.0,0.2727272727272727,0.3333333333333333,0.4,0.0,4,9,13,13,H,1,1,13,13,0.21212121212121215,0.36363636363636354,-0.4545454545454546,-0.3030303030303032,-0.06060606060606061,0.4,-5,2,0,0.06060606060606061,0.4,5,0.21212121212121215,0.36363636363636354,13,0.606060606060606,2.878787878787879,3.6363636363636367,0.9393939393939394,0.6666666666666667
2023-24,2023-11-07,Group stage,Manchester City,Young Boys,118,15,2.093220338983051,1.11864406779661,1.0,2.1333333333333333,0.5677966101694916,0.13333333333333333,0.6666666666666666,0.0,15,3,13,13,H,1,1,13,13,1.093220338983051,1.0146892655367232,-0.04011299435028226,-0.11864406779661008,0.43446327683615826,0.6666666666666666,12,103,0,0.43446327683615826,0.6666666666666666,12,1.093220338983051,1.0146892655367232,18,0.7011299435028249,3.093220338983051,3.2519774011299436,0.5655367231638417,0.19999999999999996
2023-24,2023-11-07,Group stage,Milan,Paris SG,55,106,1.1272727272727272,1.1818181818181819,2.1320754716981134,1.1132075471698113,0.2909090909090909,0.5660377358490566,0.37037037037037035,0.49056603773584906,2,6,13,13,H,1,1,13,13,-1.0048027444253862,-0.06861063464837058,0.014065180102915908,0.9502572898799315,-0.2751286449399657,-0.12019566736547871,-4,-51,0,0.2751286449399657,0.12019566736547871,4,1.0048027444253862,0.06861063464837058,8,0.8569468267581475,3.259348198970841,2.2950257289879934,0.7248713550600343,0.7333333333333334
2023-24,2023-11-07,Group stage,Porto,Antwerp,89,3,1.550561797752809,1.202247191011236,1.0,4.0,0.47191011235955055,0.0,0.5681818181818182,0.0,7,0,13,13,H,1,1,13,13,0.550561797752809,2.797752808988764,-2.449438202247191,-0.202247191011236,0.47191011235955055,0.5681818181818182,7,86,0,0.47191011235955055,0.5681818181818182,7,0.550561797752809,2.797752808988764,7,0.47191011235955055,2.550561797752809,5.202247191011236,0.5280898876404494,0.5333333333333333
2023-24,2023-11-07,Group stage,Red Star,RB Leipzig,15,41,0.8,3.0,1.7804878048780488,1.829268292682927,0.13333333333333333,0.4878048780487805,0.2857142857142857,0.47368421052631576,1,7,13,13,A,1,1,13,13,-0.9804878048780488,-1.170731707317073,-1.0292682926829269,-1.2195121951219512,-0.3544715447154472,-0.18796992481203006,-6,-26,0,0.3544715447154472,0.18796992481203006,6,0.9804878048780488,1.170731707317073,8,0.6211382113821138,2.580487804878049,4.829268292682927,0.6455284552845528,0.6
2023-24,2023-11-07,Group stage,Shakhtar D.,Barcelona,85,134,1.3529411764705883,1.7294117647058824,2.0970149253731343,1.0223880597014925,0.3176470588235294,0.6194029850746269,0.3333333333333333,0.48484848484848486,4,12,13,13,H,1,1,13,13,-0.744073748902546,-0.7070237050043899,0.3305531167690958,0.36760316066725185,-0.3017559262510975,-0.15151515151515155,-8,-49,0,0.3017559262510975,0.15151515151515155,8,0.744073748902546,0.7070237050043899,16,0.9370500438981563,3.4499561018437226,2.751799824407375,0.6982440737489025,0.4666666666666667
2023-24,2023-11-08,Group stage,Arsenal,Sevilla,59,47,1.88135593220339,1.4406779661016949,1.2765957446808511,1.425531914893617,0.5254237288135594,0.3191489361702128,0.6206896551724138,0.17391304347826086,6,5,15,15,H,1,1,15,15,0.6047601875225388,-0.015146051208077882,0.45582401730977296,-0.16408222142084372,0.20627479264334658,0.44677661169415295,1,12,0,0.20627479264334658,0.44677661169415295,1,0.6047601875225388,0.015146051208077882,11,0.8445726649837721,3.157951676884241,2.866209880995312,0.7937252073566534,0.9333333333333333
2023-24,2023-11-08,Group stage,Bayern Munich,Galatasaray,144,45,2.5277777777777777,0.9583333333333334,1.0,1.9777777777777779,0.7083333333333334,0.2222222222222222,0.8,0.18181818181818182,10,5,15,15,H,1,1,15,15,1.5277777777777777,1.0194444444444444,0.5499999999999998,0.04166666666666663,0.48611111111111116,0.6181818181818182,5,99,0,0.48611111111111116,0.6181818181818182,5,1.5277777777777777,1.0194444444444444,15,0.9305555555555556,3.5277777777777777,2.9361111111111113,0.5138888888888888,0.6666666666666667
2023-24,2023-11-08,Group stage,FC Copenhagen,Manchester Utd,29,78,0.7586206896551724,1.3448275862068966,1.5512820512820513,1.064102564102564,0.20689655172413793,0.48717948717948717,0.2857142857142857,0.41025641025641024,2,4,15,15,H,1,1,15,15,-0.792661361626879,-0.2807250221043325,-0.3054818744473917,0.20645446507515475,-0.2802829354553492,-0.12454212454212454,-2,-49,0,0.2802829354553492,0.12454212454212454,2,0.792661361626879,0.2807250221043325,6,0.6940760389036251,2.3099027409372237,2.4089301503094607,0.7197170645446508,0.8666666666666667
2023-24,2023-11-08,Group stage,Napoli,Union Berlin,55,3,1.8,1.2727272727272727,0.6666666666666666,1.6666666666666667,0.4909090909090909,0.0,0.6296296296296297,0.0,7,0,15,15,D,1,1,15,15,1.1333333333333333,0.39393939393939403,0.1333333333333333,-0.6060606060606061,0.4909090909090909,0.6296296296296297,7,52,0,0.4909090909090909,0.6296296296296297,7,1.1333333333333333,0.39393939393939403,7,0.4909090909090909,2.466666666666667,2.9393939393939394,0.509090909090909,0.5333333333333333
2023-24,2023-11-08,Group stage,PSV,Lens,23,3,0.9130434782608695,1.6521739130434783,1.3333333333333333,1.0,0.13043478260869565,0.3333333333333333,0.2727272727272727,0.0,3,5,15,15,H,1,1,15,15,-0.42028985507246375,-0.6521739130434783,-0.08695652173913049,-0.318840579710145,-0.20289855072463767,0.2727272727272727,-2,20,0,0.20289855072463767,0.2727272727272727,2,0.42028985507246375,0.6521739130434783,8,0.46376811594202894,2.2463768115942027,2.6521739130434785,0.7971014492753623,0.8666666666666667
2023-24,2023-11-08,Group stage,RB Salzburg,Inter,29,60,1.5172413793103448,1.9655172413793103,1.3833333333333333,1.25,0.27586206896551724,0.43333333333333335,0.35714285714285715,0.36666666666666664,3,10,15,15,A,1,1,15,15,0.13390804597701145,-0.7155172413793103,0.26724137931034475,-0.582183908045977,-0.1574712643678161,-0.00952380952380949,-7,-31,0,0.1574712643678161,0.00952380952380949,7,0.13390804597701145,0.7155172413793103,13,0.7091954022988506,2.900574712643678,3.2155172413793105,0.8425287356321839,0.5333333333333333
2023-24,2023-11-08,Group stage,Real Madrid,Braga,156,15,2.301282051282051,1.0128205128205128,1.1333333333333333,2.0,0.6666666666666666,0.3333333333333333,0.7435897435897436,0.42857142857142855,10,3,15,15,H,1,1,15,15,1.1679487179487178,0.9871794871794872,0.3012820512820511,0.12051282051282053,0.3333333333333333,0.31501831501831506,7,141,0,0.3333333333333333,0.31501831501831506,7,1.1679487179487178,0.9871794871794872,13,1.0,3.4346153846153844,3.0128205128205128,0.6666666666666667,0.5333333333333333
2023-24,2023-11-08,Group stage,Real Sociedad,Benfica,9,93,0.5555555555555556,1.2222222222222223,1.2688172043010753,1.4731182795698925,0.2222222222222222,0.3548387096774194,0.0,0.2391304347826087,7,1,15,15,H,1,1,15,15,-0.7132616487455197,0.2508960573476702,-0.9175627240143369,0.04659498207885293,-0.13261648745519716,-0.2391304347826087,6,-84,0,0.13261648745519716,0.2391304347826087,6,0.7132616487455197,0.2508960573476702,8,0.5770609318996416,1.8243727598566308,2.695340501792115,0.8673835125448028,0.6
2023-24,2023-11-28,Group stage,Barcelona,Porto,135,90,2.0814814814814815,1.0222222222222221,1.5555555555555556,1.1888888888888889,0.6148148148148148,0.4777777777777778,0.75,0.37777777777777777,12,10,21,21,H,1,1,21,21,0.5259259259259259,0.16666666666666674,0.8925925925925926,0.5333333333333334,0.137037037037037,0.37222222222222223,2,45,0,0.137037037037037,0.37222222222222223,2,0.5259259259259259,0.16666666666666674,22,1.0925925925925926,3.637037037037037,2.2111111111111112,0.8629629629629629,0.8666666666666667
2023-24,2023-11-28,Group stage,Feyenoord,Atlético Madrid,10,99,1.2,1.9,1.3636363636363635,0.898989898989899,0.3,0.47474747474747475,0.6,0.3333333333333333,9,8,21,21,A,1,1,21,21,-0.16363636363636358,-1.001010101010101,0.30101010101010095,-0.5363636363636364,-0.17474747474747476,0.26666666666666666,1,-89,0,0.17474747474747476,0.26666666666666666,1,0.16363636363636358,1.001010101010101,17,0.7747474747474747,2.5636363636363635,2.798989898989899,0.8252525252525252,0.9333333333333333
2023-24,2023-11-28,Group stage,Lazio,Celtic,12,36,1.5,1.5,0.8055555555555556,2.4444444444444446,0.3333333333333333,0.1388888888888889,0.5,0.1111111111111111,7,1,21,21,H,1,1,21,21,0.6944444444444444,0.9444444444444446,-0.9444444444444446,-0.6944444444444444,0.19444444444444442,0.3888888888888889,6,-24,0,0.19444444444444442,0.3888888888888889,6,0.6944444444444444,0.9444444444444446,8,0.4722222222222222,2.3055555555555554,3.9444444444444446,0.8055555555555556,0.6
2023-24,2023-11-28,Group stage,Manchester City,RB Leipzig,119,42,2.100840336134454,1.1092436974789917,1.7857142857142858,1.8095238095238095,0.5714285714285714,0.5,0.6721311475409836,0.5,15,9,21,21,H,1,1,21,21,0.31512605042016806,0.7002801120448179,0.29131652661064433,0.6764705882352942,0.0714285714285714,0.17213114754098358,6,77,0,0.0714285714285714,0.17213114754098358,6,0.31512605042016806,0.7002801120448179,24,1.0714285714285714,3.88655462184874,2.9187675070028014,0.9285714285714286,0.6
2023-24,2023-11-28,Group stage,Milan,Dortmund,56,97,1.1428571428571428,1.1785714285714286,1.6597938144329898,1.309278350515464,0.30357142857142855,0.4536082474226804,0.39285714285714285,0.3541666666666667,5,7,21,21,A,1,1,21,21,-0.516936671575847,0.13070692194403533,-0.16642120765832114,0.4812223858615612,-0.15003681885125186,0.038690476190476164,-2,-41,0,0.15003681885125186,0.038690476190476164,2,0.516936671575847,0.13070692194403533,12,0.757179675994109,2.8026509572901324,2.4878497790868925,0.8499631811487481,0.8666666666666667
2023-24,2023-11-28,Group stage,Paris SG,Newcastle,107,4,2.121495327102804,1.1214953271028036,1.0,1.0,0.5607476635514018,0.25,0.6415094339622641,0.0,6,4,21,21,D,1,1,21,21,1.1214953271028039,-0.12149532710280364,1.1214953271028039,-0.12149532710280364,0.3107476635514018,0.6415094339622641,2,103,0,0.3107476635514018,0.6415094339622641,2,1.1214953271028039,0.12149532710280364,10,0.8107476635514018,3.121495327102804,2.121495327102804,0.6892523364485982,0.8666666666666667
2023-24,2023-11-28,Group stage,Shakhtar D.,Antwerp,86,4,1.3488372093023255,1.7093023255813953,0.75,3.5,0.32558139534883723,0.0,0.3488372093023256,0.0,6,0,21,21,H,1,1,21,21,0.5988372093023255,1.7906976744186047,-2.1511627906976747,-0.9593023255813953,0.32558139534883723,0.3488372093023256,6,82,0,0.32558139534883723,0.3488372093023256,6,0.5988372093023255,1.7906976744186047,6,0.32558139534883723,2.0988372093023253,5.209302325581396,0.6744186046511628,0.6
2023-24,2023-11-28,Group stage,Young Boys,Red Star,16,16,0.9375,2.1875,0.8125,2.9375,0.125,0.125,0.25,0.0,2,1,21,21,H,1,1,21,21,0.125,0.75,-2.0,-1.375,0.0,0.25,1,0,0,0.0,0.25,1,0.125,0.75,3,0.25,1.75,5.125,1.0,0.9333333333333333
2023-24,2023-11-29,Group stage,Arsenal,Lens,60,4,1.8833333333333333,1.4166666666666667,1.0,1.0,0.5333333333333333,0.25,0.6333333333333333,0.0,9,5,21,21,H,1,1,21,21,0.8833333333333333,-0.41666666666666674,0.8833333333333333,-0.41666666666666674,0.2833333333333333,0.6333333333333333,4,56,0,0.2833333333333333,0.6333333333333333,4,0.8833333333333333,0.41666666666666674,14,0.7833333333333333,2.8833333333333333,2.416666666666667,0.7166666666666667,0.7333333333333334
2023-24,2023-11-29,Group stage,Bayern Munich,FC Copenhagen,145,30,2.524137931034483,0.9586206896551724,0.8666666666666667,1.4,0.7103448275862069,0.23333333333333334,0.8028169014084507,0.13333333333333333,13,5,21,21,D,1,1,21,21,1.6574712643678162,0.44137931034482747,1.124137931034483,-0.09195402298850575,0.47701149425287354,0.6694835680751174,8,115,0,0.47701149425287354,0.6694835680751174,8,1.6574712643678162,0.44137931034482747,18,0.9436781609195402,3.3908045977011496,2.3586206896551722,0.5229885057471264,0.4666666666666667
2023-24,2023-11-29,Group stage,Benfica,Inter,94,61,1.2659574468085106,1.4893617021276595,1.3770491803278688,1.2295081967213115,0.35106382978723405,0.4426229508196721,0.46808510638297873,0.3870967741935484,1,10,21,21,D,1,1,21,21,-0.1110917335193582,-0.259853505406348,0.036449250087199125,-0.11231252179979068,-0.09155912103243807,0.08098833218943036,-9,33,0,0.09155912103243807,0.08098833218943036,9,0.1110917335193582,0.259853505406348,11,0.7936867806069061,2.6430066271363795,2.718869898848971,0.908440878967562,0.4
2023-24,2023-11-29,Group stage,Braga,Union Berlin,16,4,1.0625,2.0625,0.75,1.5,0.3125,0.0,0.25,0.0,3,1,21,21,D,1,1,21,21,0.3125,-0.5625,-0.4375,-1.3125,0.3125,0.25,2,12,0,0.3125,0.25,2,0.3125,0.5625,4,0.3125,1.8125,3.5625,0.6875,0.8666666666666667
2023-24,2023-11-29,Group stage,Galatasaray,Manchester Utd,46,79,1.0,1.9782608695652173,1.5696202531645569,1.1012658227848102,0.21739130434782608,0.4810126582278481,0.2608695652173913,0.4,4,3,21,21,D,1,1,21,21,-0.5696202531645569,-0.8769950467804071,-0.10126582278481022,-0.4086406164006604,-0.26362135388002206,-0.13913043478260873,1,-33,0,0.26362135388002206,0.13913043478260873,1,0.5696202531645569,0.8769950467804071,7,0.6984039625756742,2.569620253164557,3.0795266923500275,0.7363786461199779,0.9333333333333333
2023-24,2023-11-29,Group stage,Real Madrid,Napoli,157,56,2.305732484076433,1.0063694267515924,1.7857142857142858,1.2678571428571428,0.6687898089171974,0.48214285714285715,0.7468354430379747,0.35714285714285715,12,8,21,21,H,1,1,21,21,0.5200181983621472,0.26148771610555044,1.0378753412192903,0.7793448589626935,0.18664695177434026,0.3896925858951175,4,101,0,0.18664695177434026,0.3896925858951175,4,0.5200181983621472,0.26148771610555044,20,1.1509326660600545,4.091446769790719,2.274226569608735,0.8133530482256597,0.7333333333333334
2023-24,2023-11-29,Group stage,Real Sociedad,RB Salzburg,10,30,0.8,1.2,1.4666666666666666,1.9333333333333333,0.3,0.26666666666666666,0.2,0.2,10,3,21,21,D,1,1,21,21,-0.6666666666666665,0.7333333333333334,-1.1333333333333333,0.2666666666666666,0.033333333333333326,0.0,7,-20,0,0.033333333333333326,0.0,7,0.6666666666666665,0.7333333333333334,13,0.5666666666666667,2.2666666666666666,3.1333333333333333,0.9666666666666667,0.5333333333333333
2023-24,2023-11-29,Group stage,Sevilla,PSV,48,24,1.25,1.4375,0.9166666666666666,1.5833333333333333,0.3125,0.16666666666666666,0.4583333333333333,0.0,2,6,21,21,A,1,1,21,21,0.33333333333333337,0.14583333333333326,-0.33333333333333326,-0.5208333333333334,0.14583333333333334,0.4583333333333333,-4,24,0,0.14583333333333334,0.4583333333333333,4,0.33333333333333337,0.14583333333333326,8,0.47916666666666663,2.1666666666666665,3.020833333333333,0.8541666666666666,0.7333333333333334
2023-24,2023-12-12,Group stage,FC Copenhagen,Galatasaray,31,47,0.8387096774193549,1.3548387096774193,1.0425531914893618,2.0,0.22580645161290322,0.2127659574468085,0.3333333333333333,0.17391304347826086,5,5,13,13,H,1,1,13,13,-0.2038435140700069,0.6451612903225807,-1.161290322580645,-0.3122855181880575,0.013040494166094707,0.15942028985507245,0,-16,0,0.013040494166094707,0.15942028985507245,0,0.2038435140700069,0.6451612903225807,10,0.43857240905971173,1.8812628689087165,3.354838709677419,0.9869595058339053,1.0
2023-24,2023-12-12,Group stage,Inter,Real Sociedad,62,11,1.403225806451613,1.2580645161290323,0.7272727272727273,1.0909090909090908,0.43548387096774194,0.2727272727272727,0.5,0.4,11,11,13,13,D,1,1,13,13,0.6759530791788857,-0.16715542521994142,0.31231671554252216,-0.530791788856305,0.16275659824046923,0.09999999999999998,0,51,0,0.16275659824046923,0.09999999999999998,0,0.6759530791788857,0.16715542521994142,22,0.7082111436950147,2.1304985337243405,2.348973607038123,0.8372434017595307,1.0
2023-24,2023-12-12,Group stage,Lens,Sevilla,5,49,0.8,2.0,1.2653061224489797,1.469387755102041,0.2,0.30612244897959184,0.5,0.16666666666666666,5,2,13,13,H,1,1,13,13,-0.4653061224489796,-0.5306122448979591,-0.6693877551020408,-0.7346938775510203,-0.10612244897959183,0.33333333333333337,3,-44,0,0.10612244897959183,0.33333333333333337,3,0.4653061224489796,0.5306122448979591,7,0.5061224489795919,2.0653061224489795,3.4693877551020407,0.8938775510204082,0.8
2023-24,2023-12-12,Group stage,Manchester Utd,Bayern Munich,80,146,1.5875,1.125,2.506849315068493,0.952054794520548,0.475,0.7054794520547946,0.5641025641025641,0.6216216216216216,4,13,13,13,A,1,1,13,13,-0.919349315068493,-0.17294520547945202,0.6354452054794519,1.381849315068493,-0.2304794520547946,-0.057519057519057504,-9,-66,0,0.2304794520547946,0.057519057519057504,9,0.919349315068493,0.17294520547945202,17,1.1804794520547945,4.094349315068493,2.077054794520548,0.7695205479452054,0.4
2023-24,2023-12-12,Group stage,Napoli,Braga,57,17,1.7894736842105263,1.3157894736842106,1.0588235294117647,2.0,0.47368421052631576,0.29411764705882354,0.6071428571428571,0.375,7,4,13,13,H,1,1,13,13,0.7306501547987616,0.6842105263157894,-0.21052631578947367,-0.2569659442724459,0.17956656346749222,0.2321428571428571,3,40,0,0.17956656346749222,0.2321428571428571,3,0.7306501547987616,0.6842105263157894,11,0.7678018575851393,2.848297213622291,3.3157894736842106,0.8204334365325078,0.8
2023-24,2023-12-12,Group stage,PSV,Arsenal,25,61,1.0,1.6,1.9508196721311475,1.3934426229508197,0.2,0.5409836065573771,0.3333333333333333,0.43333333333333335,8,12,13,13,D,1,1,13,13,-0.9508196721311475,-0.20655737704918042,-0.39344262295081966,0.3508196721311474,-0.3409836065573771,-0.10000000000000003,-4,-36,0,0.3409836065573771,0.10000000000000003,4,0.9508196721311475,0.20655737704918042,20,0.7409836065573772,2.9508196721311473,2.9934426229508198,0.659016393442623,0.7333333333333334
2023-24,2023-12-12,Group stage,RB Salzburg,Benfica,31,95,1.4193548387096775,1.8709677419354838,1.2842105263157895,1.5052631578947369,0.25806451612903225,0.3473684210526316,0.3333333333333333,0.23404255319148937,4,1,13,13,A,1,1,13,13,0.13514431239388802,-0.3657045840407469,-0.08590831918505937,-0.5867572156196943,-0.08930390492359935,0.09929078014184395,3,-64,0,0.08930390492359935,0.09929078014184395,3,0.13514431239388802,0.3657045840407469,5,0.6054329371816638,2.703565365025467,3.3762308998302206,0.9106960950764007,0.8
2023-24,2023-12-12,Group stage,Union Berlin,Real Madrid,5,158,0.8,1.4,2.3164556962025316,1.0126582278481013,0.0,0.6708860759493671,0.0,0.5897435897435898,2,15,13,13,A,1,1,13,13,-1.5164556962025315,-0.3873417721518986,-0.2126582278481013,0.9164556962025316,-0.6708860759493671,-0.5897435897435898,-13,-153,0,0.6708860759493671,0.5897435897435898,13,1.5164556962025315,0.3873417721518986,17,0.6708860759493671,3.1164556962025314,2.4126582278481012,0.3291139240506329,0.1333333333333333
2023-24,2023-12-13,Group stage,Antwerp,Barcelona,5,136,0.6,3.0,2.0808823529411766,1.0220588235294117,0.0,0.6176470588235294,0.0,0.47761194029850745,0,12,15,15,H,1,1,15,15,-1.4808823529411765,-1.9779411764705883,-0.4220588235294117,-0.9191176470588234,-0.6176470588235294,-0.47761194029850745,-12,-131,0,0.6176470588235294,0.47761194029850745,12,1.4808823529411765,1.9779411764705883,12,0.6176470588235294,2.6808823529411767,4.022058823529411,0.38235294117647056,0.19999999999999996
2023-24,2023-12-13,Group stage,Atlético Madrid,Lazio,100,13,1.38,0.9,1.5384615384615385,1.3846153846153846,0.48,0.38461538461538464,0.625,0.16666666666666666,11,10,15,15,H,1,1,15,15,-0.15846153846153865,0.48461538461538456,-0.004615384615384688,0.6384615384615385,0.09538461538461535,0.45833333333333337,1,87,0,0.09538461538461535,0.45833333333333337,1,0.15846153846153865,0.48461538461538456,21,0.8646153846153846,2.918461538461538,2.2846153846153845,0.9046153846153846,0.9333333333333333
2023-24,2023-12-13,Group stage,Celtic,Feyenoord,37,11,0.7837837837837838,2.4324324324324325,1.1818181818181819,2.0,0.13513513513513514,0.2727272727272727,0.16666666666666666,0.0,1,6,15,15,H,1,1,15,15,-0.3980343980343981,-0.43243243243243246,-1.2162162162162162,-1.2506142506142506,-0.13759213759213756,0.16666666666666666,-5,26,0,0.13759213759213756,0.16666666666666666,5,0.3980343980343981,0.43243243243243246,7,0.40786240786240785,1.9656019656019657,4.4324324324324325,0.8624078624078624,0.6666666666666667
2023-24,2023-12-13,Group stage,Dortmund,Paris SG,98,108,1.6734693877551021,1.3061224489795917,2.111111111111111,1.1203703703703705,0.45918367346938777,0.5555555555555556,0.5510204081632653,0.48148148148148145,10,7,15,15,D,1,1,15,15,-0.43764172335600904,-0.18575207860922127,0.5530990173847317,0.8049886621315194,-0.09637188208616781,0.0695389266817838,3,-10,0,0.09637188208616781,0.0695389266817838,3,0.43764172335600904,0.18575207860922127,17,1.0147392290249433,3.7845804988662133,2.426492819349962,0.9036281179138321,0.8
2023-24,2023-12-13,Group stage,Newcastle,Milan,5,57,1.0,1.0,1.1403508771929824,1.2105263157894737,0.2,0.2982456140350877,0.5,0.21428571428571427,5,5,15,15,A,1,1,15,15,-0.14035087719298245,0.21052631578947367,-0.21052631578947367,0.14035087719298245,-0.09824561403508769,0.2857142857142857,0,-52,0,0.09824561403508769,0.2857142857142857,0,0.14035087719298245,0.21052631578947367,10,0.4982456140350877,2.1403508771929824,2.2105263157894735,0.9017543859649123,1.0
2023-24,2023-12-13,Group stage,Porto,Shakhtar D.,91,87,1.5494505494505495,1.1978021978021978,1.3448275862068966,1.6896551724137931,0.4725274725274725,0.3333333333333333,0.5777777777777777,0.3023255813953488,9,9,15,15,H,1,1,15,15,0.20462296324365292,0.4918529746115954,-0.14020462296324365,0.1470253884046988,0.1391941391941392,0.2754521963824289,0,4,0,0.1391941391941392,0.2754521963824289,0,0.20462296324365292,0.4918529746115954,18,0.8058608058608059,2.894278135657446,2.8874573702159907,0.8608058608058609,1.0
2023-24,2023-12-13,Group stage,RB Leipzig,Young Boys,43,17,1.7906976744186047,1.8372093023255813,1.0,2.0588235294117645,0.4883720930232558,0.17647058823529413,0.5,0.0,9,4,15,15,H,1,1,15,15,0.7906976744186047,0.22161422708618317,-0.2681258549931598,-0.8372093023255813,0.31190150478796164,0.5,5,26,0,0.31190150478796164,0.5,5,0.7906976744186047,0.22161422708618317,13,0.66484268125855,2.7906976744186047,3.8960328317373456,0.6880984952120384,0.6666666666666667
2023-24,2023-12-13,Group stage,Red Star,Manchester City,17,120,0.7647058823529411,2.8823529411764706,2.1083333333333334,1.1166666666666667,0.11764705882352941,0.575,0.25,0.46551724137931033,1,15,15,15,A,1,1,15,15,-1.3436274509803923,-1.7656862745098039,-0.35196078431372557,-0.7740196078431372,-0.4573529411764705,-0.21551724137931033,-14,-103,0,0.4573529411764705,0.21551724137931033,14,1.3436274509803923,1.7656862745098039,16,0.6926470588235294,2.8730392156862745,3.9990196078431373,0.5426470588235295,0.06666666666666665
2023-24,2024-02-13,Round of 16,FC Copenhagen,Manchester City,32,121,0.84375,1.3125,2.115702479338843,1.1239669421487604,0.25,0.5785123966942148,0.375,0.4745762711864407,7,15,63,62,A,1,1,63,62,-1.271952479338843,-0.18853305785123964,-0.28021694214876036,0.803202479338843,-0.32851239669421484,-0.09957627118644069,-8,-89,1,0.32851239669421484,0.09957627118644069,8,1.271952479338843,0.18853305785123964,22,0.8285123966942148,2.959452479338843,2.43646694214876,0.6714876033057852,0.4666666666666667
2023-24,2024-02-13,Round of 16,RB Leipzig,Real Madrid,44,159,1.7954545454545454,1.8181818181818181,2.3207547169811322,1.0188679245283019,0.5,0.6729559748427673,0.5217391304347826,0.5949367088607594,9,15,62,63,A,1,1,62,63,-0.5253001715265868,-0.7993138936535162,0.7765866209262435,0.5025728987993141,-0.17295597484276726,-0.07319757842597685,-6,-115,-1,0.17295597484276726,0.07319757842597685,6,0.5253001715265868,0.7993138936535162,24,1.1729559748427674,4.116209262435678,2.83704974271012,0.8270440251572327,0.6
2023-24,2024-02-14,Round of 16,Lazio,Bayern Munich,14,147,1.4285714285714286,1.4285714285714286,2.496598639455782,0.9455782312925171,0.35714285714285715,0.7074829931972789,0.5714285714285714,0.6266666666666667,9,13,63,64,H,1,1,63,64,-1.0680272108843536,-0.48299319727891155,0.48299319727891155,1.0680272108843536,-0.35034013605442177,-0.05523809523809531,-4,-133,-1,0.35034013605442177,0.05523809523809531,4,1.0680272108843536,0.48299319727891155,22,1.064625850340136,3.925170068027211,2.3741496598639458,0.6496598639455782,0.7333333333333334
2023-24,2024-02-14,Round of 16,Paris SG,Real Sociedad,109,12,2.1009174311926606,1.1192660550458715,0.6666666666666666,1.0,0.5504587155963303,0.25,0.6296296296296297,0.3333333333333333,5,11,63,64,H,1,1,63,64,1.434250764525994,-0.11926605504587151,1.1009174311926606,-0.4525993883792049,0.3004587155963303,0.29629629629629634,-6,97,-1,0.3004587155963303,0.29629629629629634,6,1.434250764525994,0.11926605504587151,16,0.8004587155963303,2.767584097859327,2.1192660550458715,0.6995412844036697,0.6
2023-24,2024-02-20,Round of 16,Inter,Atlético Madrid,63,101,1.380952380952381,1.2380952380952381,1.386138613861386,0.8910891089108911,0.42857142857142855,0.48514851485148514,0.4838709677419355,0.34615384615384615,11,13,70,69,H,1,1,70,69,-0.005186232909005106,-0.34700612918434703,0.48986327204148983,0.1480433757661479,-0.05657708628005659,0.13771712158808935,-2,-38,1,0.05657708628005659,0.13771712158808935,2,0.005186232909005106,0.34700612918434703,24,0.9137199434229137,2.767090994813767,2.129184347006129,0.9434229137199435,0.8666666666666667
2023-24,2024-02-20,Round of 16,PSV,Dortmund,26,99,1.0,1.5769230769230769,1.6666666666666667,1.303030303030303,0.19230769230769232,0.45454545454545453,0.3076923076923077,0.3673469387755102,9,11,70,69,D,1,1,70,69,-0.6666666666666667,-0.2738927738927739,-0.303030303030303,0.08974358974358987,-0.2622377622377622,-0.059654631083202514,-2,-73,1,0.2622377622377622,0.059654631083202514,2,0.6666666666666667,0.2738927738927739,20,0.6468531468531469,2.666666666666667,2.87995337995338,0.7377622377622378,0.8666666666666667
2023-24,2024-02-21,Round of 16,Napoli,Barcelona,58,137,1.793103448275862,1.293103448275862,2.0802919708029197,1.0364963503649636,0.4827586206896552,0.6131386861313869,0.6206896551724138,0.47058823529411764,7,9,71,70,D,1,1,71,70,-0.2871885225270576,-0.25660709791089853,0.7566070979108985,0.7871885225270576,-0.1303800654417317,0.15010141987829617,-2,-79,1,0.1303800654417317,0.15010141987829617,2,0.2871885225270576,0.25660709791089853,16,1.095897306821042,3.873395419078782,2.3295997986408254,0.8696199345582682,0.8666666666666667
2023-24,2024-02-21,Round of 16,Porto,Arsenal,92,62,1.5869565217391304,1.2173913043478262,1.935483870967742,1.3870967741935485,0.4782608695652174,0.532258064516129,0.5869565217391305,0.41935483870967744,9,10,70,71,H,1,1,70,71,-0.3485273492286116,0.16970546984572232,0.1998597475455819,0.7180925666199158,-0.0539971949509116,0.16760168302945305,-1,30,-1,0.0539971949509116,0.16760168302945305,1,0.3485273492286116,0.16970546984572232,19,1.0105189340813463,3.5224403927068724,2.6044880785413747,0.9460028050490884,0.9333333333333333
2023-24,2024-03-05,Round of 16,Bayern Munich,Lazio,148,15,2.47972972972973,0.9459459459459459,1.4,1.3333333333333333,0.7027027027027027,0.4,0.7916666666666666,0.14285714285714285,10,9,20,20,H,1,1,20,20,1.07972972972973,0.3873873873873873,1.1463963963963966,0.45405405405405397,0.3027027027027027,0.6488095238095237,1,133,0,0.3027027027027027,0.6488095238095237,1,1.07972972972973,0.3873873873873873,19,1.1027027027027028,3.8797297297297297,2.279279279279279,0.6972972972972973,0.9333333333333333
2023-24,2024-03-05,Round of 16,Real Sociedad,Paris SG,13,110,0.6153846153846154,1.0769230769230769,2.1,1.1090909090909091,0.23076923076923078,0.5545454545454546,0.16666666666666666,0.4727272727272727,8,8,20,20,A,1,1,20,20,-1.4846153846153847,0.032167832167832255,-0.4937062937062937,1.0230769230769232,-0.3237762237762238,-0.30606060606060603,0,-97,0,0.3237762237762238,0.30606060606060603,0,1.4846153846153847,0.032167832167832255,16,0.7853146853146853,2.7153846153846155,2.186013986013986,0.6762237762237762,1.0
2023-24,2024-03-06,Round of 16,Manchester City,FC Copenhagen,122,33,2.122950819672131,1.1229508196721312,0.8484848484848485,1.3636363636363635,0.5819672131147541,0.24242424242424243,0.6774193548387096,0.125,15,7,22,22,H,1,1,22,22,1.2744659711872823,0.24068554396423236,0.7593144560357674,-0.27446597118728266,0.33954297069051165,0.5524193548387096,8,89,0,0.33954297069051165,0.5524193548387096,8,1.2744659711872823,0.24068554396423236,22,0.8243914555389965,2.9714356681569796,2.4865871833084947,0.6604570293094884,0.4666666666666667
2023-24,2024-03-06,Round of 16,Real Madrid,RB Leipzig,160,45,2.3125,1.0125,1.7555555555555555,1.8,0.675,0.4888888888888889,0.75,0.47619047619047616,15,9,22,22,D,1,1,22,22,0.5569444444444445,0.7875000000000001,0.5125,0.7430555555555556,0.18611111111111117,0.27380952380952384,6,115,0,0.18611111111111117,0.27380952380952384,6,0.5569444444444445,0.7875000000000001,24,1.163888888888889,4.0680555555555555,2.8125,0.8138888888888889,0.6
2023-24,2024-03-12,Round of 16,Arsenal,Porto,63,93,1.9047619047619047,1.380952380952381,1.5806451612903225,1.2043010752688172,0.5238095238095238,0.4838709677419355,0.6451612903225806,0.3695652173913043,10,12,20,20,H,1,1,20,20,0.32411674347158215,-0.1766513056835637,0.7004608294930874,0.19969278033794158,0.03993855606758834,0.2755960729312763,-2,-30,0,0.03993855606758834,0.2755960729312763,2,0.32411674347158215,0.1766513056835637,22,1.0076804915514592,3.485407066052227,2.5852534562211984,0.9600614439324117,0.8666666666666667
2023-24,2024-03-12,Round of 16,Barcelona,Napoli,138,59,2.072463768115942,1.036231884057971,1.7796610169491525,1.2881355932203389,0.6086956521739131,0.4745762711864407,0.7536231884057971,0.3448275862068966,7,8,20,20,H,1,1,20,20,0.29280275116678944,0.25190370916236793,0.784328174895603,0.7434291328911815,0.1341193809874724,0.40879560219890054,-1,79,0,0.1341193809874724,0.40879560219890054,1,0.29280275116678944,0.25190370916236793,15,1.0832719233603538,3.8521247850650946,2.32436747727831,0.8658806190125277,0.9333333333333333
2023-24,2024-03-13,Round of 16,Atlético Madrid,Inter,102,64,1.3725490196078431,0.8921568627450981,1.375,1.21875,0.4803921568627451,0.4375,0.6326530612244898,0.375,10,11,22,22,H,1,1,22,22,-0.002450980392156854,0.3265931372549019,0.15379901960784315,0.4828431372549019,0.04289215686274511,0.25765306122448983,-1,38,0,0.04289215686274511,0.25765306122448983,1,0.002450980392156854,0.3265931372549019,21,0.9178921568627452,2.747549019607843,2.110906862745098,0.9571078431372548,0.9333333333333333
2023-24,2024-03-13,Round of 16,Dortmund,PSV,100,27,1.66,1.3,1.0,1.5555555555555556,0.45,0.18518518518518517,0.54,0.07692307692307693,11,9,22,22,H,1,1,22,22,0.6599999999999999,0.25555555555555554,0.10444444444444434,-0.30000000000000004,0.26481481481481484,0.4630769230769231,2,73,0,0.26481481481481484,0.4630769230769231,2,0.6599999999999999,0.25555555555555554,20,0.6351851851851852,2.66,2.8555555555555556,0.7351851851851852,0.8666666666666667
2023-24,2024-04-09,Quarter-finals,Arsenal,Bayern Munich,64,149,1.890625,1.359375,2.4832214765100673,0.9395973154362416,0.53125,0.7046979865771812,0.65625,0.618421052631579,10,10,28,35,D,1,1,28,35,-0.5925964765100673,-0.4197776845637584,0.9510276845637584,1.1238464765100673,-0.1734479865771812,0.03782894736842102,0,-85,-7,0.1734479865771812,0.03782894736842102,0,0.5925964765100673,0.4197776845637584,20,1.2359479865771812,4.373846476510067,2.2989723154362416,0.8265520134228188,1.0
2023-24,2024-04-09,Quarter-finals,Real Madrid,Manchester City,161,123,2.3043478260869565,1.0124223602484472,2.130081300813008,1.1219512195121952,0.6708074534161491,0.5853658536585366,0.7407407407407407,0.48333333333333334,13,15,34,34,D,1,1,34,34,0.1742665252739486,0.109528859263748,1.1823966065747613,1.1176589405645607,0.08544159975761256,0.25740740740740736,-2,38,0,0.08544159975761256,0.25740740740740736,2,0.1742665252739486,0.109528859263748,28,1.2561733070746857,4.434429126899964,2.1343735797606422,0.9145584002423874,0.8666666666666667
2023-24,2024-04-10,Quarter-finals,Atlético Madrid,Dortmund,103,101,1.3786407766990292,0.8932038834951457,1.6633663366336633,1.2871287128712872,0.4854368932038835,0.45544554455445546,0.64,0.36,12,11,28,28,H,1,1,28,28,-0.2847255599346341,0.3939248293761415,0.09151206382774202,0.7701624531385176,0.02999134864942804,0.28,1,2,0,0.02999134864942804,0.28,1,0.2847255599346341,0.3939248293761415,23,0.9408824377583389,3.0420071133326925,2.1803325963664326,0.9700086513505719,0.9333333333333333
2023-24,2024-04-10,Quarter-finals,Paris SG,Barcelona,111,139,2.099099099099099,1.1081081081081081,2.079136690647482,1.0359712230215827,0.5585585585585585,0.6115107913669064,0.6363636363636364,0.463768115942029,8,7,36,29,A,1,1,36,29,0.01996240845161701,-0.07213688508652538,1.0631278760775162,0.9710285825393739,-0.05295223280834793,0.17259552042160736,1,-28,7,0.05295223280834793,0.17259552042160736,1,0.01996240845161701,0.07213688508652538,15,1.1700693499254649,4.178235789746581,2.144079331129691,0.9470477671916521,0.9333333333333333
2023-24,2024-04-16,Quarter-finals,Barcelona,Paris SG,140,112,2.085714285714286,1.042857142857143,2.0982142857142856,1.125,0.6142857142857143,0.5535714285714286,0.7571428571428571,0.48214285714285715,10,8,6,6,A,1,1,6,6,-0.012499999999999734,0.08214285714285707,0.9607142857142859,1.0553571428571427,0.06071428571428572,0.27499999999999997,2,28,0,0.06071428571428572,0.27499999999999997,2,0.012499999999999734,0.08214285714285707,18,1.167857142857143,4.183928571428572,2.1678571428571427,0.9392857142857143,0.8666666666666667
2023-24,2024-04-16,Quarter-finals,Dortmund,Atlético Madrid,102,104,1.6568627450980393,1.2941176470588236,1.3846153846153846,0.8942307692307693,0.45098039215686275,0.49038461538461536,0.5490196078431373,0.33962264150943394,8,12,6,6,H,1,1,6,6,0.27224736048265474,-0.3998868778280543,0.76263197586727,0.09049773755656099,-0.03940422322775261,0.20939696633370336,-4,-2,0,0.03940422322775261,0.20939696633370336,4,0.27224736048265474,0.3998868778280543,20,0.9413650075414781,3.0414781297134237,2.188348416289593,0.9605957767722474,0.7333333333333334
2023-24,2024-04-17,Quarter-finals,Bayern Munich,Arsenal,150,65,2.48,0.9466666666666667,1.8923076923076922,1.3692307692307693,0.7,0.5230769230769231,0.7945205479452054,0.40625,8,8,8,8,H,1,1,8,8,0.5876923076923077,0.4225641025641026,1.1107692307692307,0.9456410256410256,0.17692307692307685,0.38827054794520544,0,85,0,0.17692307692307685,0.38827054794520544,0,0.5876923076923077,0.4225641025641026,16,1.2230769230769232,4.372307692307692,2.315897435897436,0.8230769230769232,1.0
2023-24,2024-04-17,Quarter-finals,Manchester City,Real Madrid,124,162,2.1370967741935485,1.1370967741935485,2.308641975308642,1.0246913580246915,0.5806451612903226,0.6666666666666666,0.6825396825396826,0.6,13,11,8,8,D,1,1,8,8,-0.17154520111509353,-0.11240541616885702,1.112405416168857,1.1715452011150935,-0.08602150537634401,0.08253968253968258,2,-38,0,0.08602150537634401,0.08253968253968258,2,0.17154520111509353,0.11240541616885702,24,1.2473118279569892,4.4457387495021905,2.16178813221824,0.913978494623656,0.8666666666666667
2023-24,2024-04-30,Semi-finals,Bayern Munich,Real Madrid,151,163,2.4701986754966887,0.9403973509933775,2.3006134969325154,1.0245398773006136,0.7019867549668874,0.6625766871165644,0.7972972972972973,0.5925925925925926,10,9,13,13,D,1,1,13,13,0.16958517856417332,0.08414252630723607,1.4456587981960751,1.360216145939138,0.03941006785032308,0.2047047047047047,1,-12,0,0.03941006785032308,0.2047047047047047,1,0.16958517856417332,0.08414252630723607,19,1.3645634420834518,4.7708121724292045,1.9649372282939912,0.9605899321496769,0.9333333333333333
2023-24,2024-05-01,Semi-finals,Dortmund,Paris SG,103,113,1.6796116504854368,1.3009708737864079,2.1150442477876106,1.1238938053097345,0.4563106796116505,0.5575221238938053,0.5576923076923077,0.49122807017543857,8,10,15,15,H,1,1,15,15,-0.43543259730217376,-0.17707706847667337,0.5557178451757023,0.8140733740012027,-0.10121144428215478,0.06646423751686914,-2,-10,0,0.10121144428215478,0.06646423751686914,2,0.43543259730217376,0.17707706847667337,18,1.0138328035054558,3.7946558982730476,2.4248646790961423,0.8987885557178452,0.8666666666666667
2023-24,2024-05-07,Semi-finals,Paris SG,Dortmund,114,104,2.0964912280701755,1.1228070175438596,1.6730769230769231,1.2884615384615385,0.5526315789473685,0.46153846153846156,0.625,0.35294117647058826,9,10,6,6,A,1,1,6,6,0.4234143049932524,0.16565452091767896,0.808029689608637,0.5502699055330635,0.09109311740890691,0.27205882352941174,-1,10,0,0.09109311740890691,0.27205882352941174,1,0.4234143049932524,0.16565452091767896,19,1.01417004048583,3.769568151147099,2.411268556005398,0.9089068825910931,0.9333333333333333
2023-24,2024-05-08,Semi-finals,Real Madrid,Bayern Munich,164,152,2.298780487804878,1.0304878048780488,2.4671052631578947,0.9473684210526315,0.6585365853658537,0.6973684210526315,0.7317073170731707,0.6103896103896104,7,8,8,8,H,1,1,8,8,-0.1683247753530166,-0.08311938382541728,1.3514120667522467,1.4366174582798459,-0.03883183568677784,0.12131770668356034,-1,12,0,0.03883183568677784,0.12131770668356034,1,0.1683247753530166,0.08311938382541728,15,1.3559050064184852,4.765885750962773,1.9778562259306804,0.9611681643132222,0.9333333333333333
2023-24,2024-06-01,Final,Dortmund,Real Madrid,105,165,1.6666666666666667,1.276190476190476,2.296969696969697,1.0303030303030303,0.4666666666666667,0.6606060606060606,0.5660377358490566,0.5853658536585366,12,7,25,24,A,1,1,25,24,-0.6303030303030301,-0.24588744588744582,0.6363636363636365,1.0207792207792208,-0.19393939393939397,-0.01932811780947996,5,-60,1,0.19393939393939397,0.01932811780947996,5,0.6303030303030301,0.24588744588744582,19,1.1272727272727274,3.963636363636364,2.3064935064935064,0.806060606060606,0.6666666666666667
2024-25,2024-09-17,League phase,Bayern Munich,Dinamo Zagreb,153,36,2.457516339869281,0.954248366013072,0.5833333333333334,2.4722222222222223,0.6928104575163399,0.08333333333333333,0.7866666666666666,0.0,8,1,132,685,H,1,1,132,365,1.8741830065359477,1.5179738562091503,-0.014705882352941124,-0.3709150326797386,0.6094771241830065,0.7866666666666666,7,117,-233,0.6094771241830065,0.7866666666666666,7,1.8741830065359477,1.5179738562091503,9,0.7761437908496732,3.0408496732026147,3.4264705882352944,0.3905228758169935,0.5333333333333333
2024-25,2024-09-17,League phase,Juventus,PSV,100,28,1.55,1.01,0.9642857142857143,1.5714285714285714,0.53,0.17857142857142858,0.6078431372549019,0.07142857142857142,3,8,685,188,H,1,1,365,188,0.5857142857142857,0.5614285714285714,-0.021428571428571352,-0.04571428571428571,0.3514285714285714,0.5364145658263305,-5,72,177,0.3514285714285714,0.5364145658263305,5,0.5857142857142857,0.5614285714285714,11,0.7085714285714286,2.5142857142857142,2.5814285714285714,0.6485714285714286,0.6666666666666667
2024-25,2024-09-17,League phase,Milan,Liverpool,58,71,1.1551724137931034,1.206896551724138,2.0985915492957745,1.1408450704225352,0.3103448275862069,0.5774647887323944,0.3793103448275862,0.5277777777777778,7,9,279,552,A,1,1,279,365,-0.9434191355026711,-0.06605148130160265,0.01432734337056818,0.8916949975716366,-0.26711996114618747,-0.1484674329501916,-2,-13,-86,0.26711996114618747,0.1484674329501916,2,0.9434191355026711,0.06605148130160265,16,0.8878096163186013,3.253763963088878,2.347741622146673,0.7328800388538126,0.8666666666666667
2024-25,2024-09-17,League phase,Real Madrid,Stuttgart,166,0,2.2951807228915664,1.0240963855421688,0.0,0.0,0.6626506024096386,0.0,0.7349397590361446,0.0,9,0,108,-1,H,1,0,108,0,2.2951807228915664,-1.0240963855421688,2.2951807228915664,-1.0240963855421688,0.6626506024096386,0.7349397590361446,9,166,108,0.6626506024096386,0.7349397590361446,9,2.2951807228915664,1.0240963855421688,9,0.6626506024096386,2.2951807228915664,1.0240963855421688,0.3373493975903614,0.4
2024-25,2024-09-17,League phase,Sporting CP,Lille,32,26,1.46875,1.71875,0.8461538461538461,1.5769230769230769,0.3125,0.19230769230769232,0.4375,0.3076923076923077,4,9,686,916,H,1,1,365,365,0.6225961538461539,-0.14182692307692313,-0.10817307692307687,-0.8725961538461539,0.12019230769230768,0.1298076923076923,-5,6,0,0.12019230769230768,0.1298076923076923,5,0.6225961538461539,0.14182692307692313,13,0.5048076923076923,2.3149038461538463,3.2956730769230766,0.8798076923076923,0.6666666666666667
2024-25,2024-09-17,League phase,Young Boys,Aston Villa,18,0,1.0,2.0555555555555554,0.0,0.0,0.16666666666666666,0.0,0.3333333333333333,0.0,4,0,279,-1,A,1,0,279,0,1.0,-2.0555555555555554,1.0,-2.0555555555555554,0.16666666666666666,0.3333333333333333,4,18,279,0.16666666666666666,0.3333333333333333,4,1.0,2.0555555555555554,4,0.16666666666666666,1.0,2.0555555555555554,0.8333333333333334,0.7333333333333334
2024-25,2024-09-18,League phase,Bologna,Shakhtar D.,0,88,0.0,0.0,1.3636363636363635,1.7272727272727273,0.0,0.32954545454545453,0.0,0.29545454545454547,0,9,-1,280,D,0,1,0,280,-1.3636363636363635,1.7272727272727273,-1.7272727272727273,1.3636363636363635,-0.32954545454545453,-0.29545454545454547,-9,-88,-280,0.32954545454545453,0.29545454545454547,9,1.3636363636363635,1.7272727272727273,9,0.32954545454545453,1.3636363636363635,1.7272727272727273,0.6704545454545454,0.4
2024-25,2024-09-18,League phase,Celtic,Slovan Bratislava,38,0,0.8157894736842105,2.3947368421052633,0.0,0.0,0.15789473684210525,0.0,0.21052631578947367,0.0,4,0,280,-1,H,1,0,280,0,0.8157894736842105,-2.3947368421052633,0.8157894736842105,-2.3947368421052633,0.15789473684210525,0.21052631578947367,4,38,280,0.15789473684210525,0.21052631578947367,4,0.8157894736842105,2.3947368421052633,4,0.15789473684210525,0.8157894736842105,2.3947368421052633,0.8421052631578947,0.7333333333333334
2024-25,2024-09-18,League phase,Club Brugge,Dortmund,38,106,0.8947368421052632,1.894736842105263,1.650943396226415,1.2830188679245282,0.18421052631578946,0.46226415094339623,0.15789473684210525,0.36538461538461536,2,9,561,109,A,1,1,365,109,-0.7562065541211519,-0.6117179741807348,-0.3882820258192651,-0.243793445878848,-0.27805362462760674,-0.2074898785425101,-7,-68,256,0.27805362462760674,0.2074898785425101,7,0.7562065541211519,0.6117179741807348,11,0.6464746772591857,2.5456802383316783,3.1777557100297913,0.7219463753723933,0.5333333333333333
2024-25,2024-09-18,League phase,Manchester City,Inter,125,65,2.128,1.136,1.3692307692307693,1.2307692307692308,0.576,0.4307692307692308,0.671875,0.36363636363636365,11,8,154,189,D,1,1,154,189,0.7587692307692309,0.09476923076923094,0.8972307692307693,0.23323076923076935,0.14523076923076916,0.30823863636363635,3,60,-35,0.14523076923076916,0.30823863636363635,3,0.7587692307692309,0.09476923076923094,19,1.0067692307692306,3.4972307692307694,2.366769230769231,0.8547692307692308,0.8
2024-25,2024-09-18,League phase,Paris SG,Girona,115,0,2.0782608695652174,1.1217391304347826,0.0,0.0,0.5478260869565217,0.0,0.6140350877192983,0.0,6,0,134,-1,H,1,0,134,0,2.0782608695652174,-1.1217391304347826,2.0782608695652174,-1.1217391304347826,0.5478260869565217,0.6140350877192983,6,115,134,0.5478260869565217,0.6140350877192983,6,2.0782608695652174,1.1217391304347826,6,0.5478260869565217,2.0782608695652174,1.1217391304347826,0.4521739130434783,0.6
2024-25,2024-09-18,League phase,Sparta Prague,RB Salzburg,0,32,0.0,0.0,1.40625,1.90625,0.0,0.25,0.0,0.1875,0,1,-1,281,H,0,1,0,281,-1.40625,1.90625,-1.90625,1.40625,-0.25,-0.1875,-1,-32,-281,0.25,0.1875,1,1.40625,1.90625,1,0.25,1.40625,1.90625,0.75,0.9333333333333333
2024-25,2024-09-19,League phase,Atalanta,Arsenal,23,66,1.7391304347826086,1.8695652173913044,1.8636363636363635,1.3636363636363635,0.34782608695652173,0.5151515151515151,0.25,0.3939393939393939,5,5,1015,155,D,1,1,365,155,-0.12450592885375489,-0.5059288537549409,0.3754940711462451,-0.005928853754940899,-0.1673254281949934,-0.14393939393939392,0,-43,210,0.1673254281949934,0.14393939393939392,0,0.12450592885375489,0.5059288537549409,10,0.8629776021080369,3.602766798418972,3.233201581027668,0.8326745718050066,1.0
2024-25,2024-09-19,League phase,Atlético Madrid,RB Leipzig,105,46,1.3904761904761904,0.9238095238095239,1.7391304347826086,1.7826086956521738,0.4857142857142857,0.4782608695652174,0.6470588235294118,0.45454545454545453,9,7,156,197,H,1,1,156,197,-0.3486542443064182,0.85879917184265,-0.3921325051759834,0.8153209109730848,0.007453416149068304,0.19251336898395727,2,59,-41,0.007453416149068304,0.19251336898395727,2,0.3486542443064182,0.85879917184265,16,0.9639751552795031,3.1296066252587993,2.706418219461698,0.9925465838509318,0.8666666666666667
2024-25,2024-09-19,League phase,Brest,Sturm Graz,0,0,0.0,0.0,0.0,0.0,0.0,0.0,0.0,0.0,0,0,-1,-1,H,0,0,0,0,0.0,0.0,0.0,0.0,0.0,0.0,0,0,0,0.0,0.0,0,0.0,0.0,0,0.0,0.0,0.0,1.0,1.0
2024-25,2024-09-19,League phase,Feyenoord,Leverkusen,12,50,1.1666666666666667,2.0,1.2,1.52,0.25,0.32,0.5,0.16,3,5,281,688,A,1,1,281,365,-0.033333333333333215,-0.48,-0.3533333333333333,-0.8,-0.07,0.33999999999999997,-2,-38,-84,0.07,0.33999999999999997,2,0.033333333333333215,0.48,8,0.5700000000000001,2.3666666666666667,3.52,0.9299999999999999,0.8666666666666667
2024-25,2024-09-19,League phase,Monaco,Barcelona,34,141,1.088235294117647,1.6176470588235294,2.078014184397163,1.0638297872340425,0.29411764705882354,0.6099290780141844,0.35294117647058826,0.4714285714285714,1,7,2109,156,H,1,1,365,156,-0.9897788902795159,-0.5538172715894869,0.024405506883604433,0.46036712557363346,-0.31581143095536085,-0.11848739495798316,-6,-107,209,0.31581143095536085,0.11848739495798316,6,0.9897788902795159,0.5538172715894869,8,0.904046725073008,3.1662494785148096,2.681476846057572,0.6841885690446392,0.6
2024-25,2024-09-19,League phase,Red Star,Benfica,18,96,0.8333333333333334,2.888888888888889,1.3020833333333333,1.5,0.1111111111111111,0.3541666666666667,0.2222222222222222,0.25,1,4,281,282,A,1,1,281,282,-0.4687499999999999,-1.3888888888888888,-0.6666666666666666,-1.5868055555555556,-0.24305555555555558,-0.02777777777777779,-3,-78,-1,0.24305555555555558,0.02777777777777779,3,0.4687499999999999,1.3888888888888888,5,0.4652777777777778,2.1354166666666665,4.388888888888889,0.7569444444444444,0.8
2024-25,2024-10-01,League phase,Arsenal,Paris SG,67,116,1.835820895522388,1.3432835820895523,2.0689655172413794,1.1120689655172413,0.5074626865671642,0.5517241379310345,0.6363636363636364,0.4827586206896552,5,6,12,13,H,1,1,12,13,-0.23314462171899142,-0.23121461657231102,0.7237519300051467,0.7256819351518271,-0.044261451363870274,0.15360501567398116,-1,-49,-1,0.044261451363870274,0.15360501567398116,1,0.23314462171899142,0.23121461657231102,11,1.0591868244981986,3.9047864127637677,2.4553525476067937,0.9557385486361297,0.9333333333333333
2024-25,2024-10-01,League phase,Barcelona,Young Boys,142,19,2.0704225352112675,1.0704225352112675,0.9473684210526315,2.1052631578947367,0.6056338028169014,0.15789473684210525,0.7464788732394366,0.0,7,3,12,14,H,1,1,12,14,1.123054114158636,1.0348406226834692,-0.03484062268346921,-0.12305411415863599,0.4477390659747961,0.7464788732394366,4,123,-2,0.4477390659747961,0.7464788732394366,4,1.123054114158636,1.0348406226834692,10,0.7635285396590066,3.017790956263899,3.1756856931060042,0.5522609340252038,0.7333333333333334
2024-25,2024-10-01,League phase,Dortmund,Celtic,107,39,1.6635514018691588,1.2710280373831775,0.9230769230769231,2.358974358974359,0.4672897196261682,0.1794871794871795,0.5555555555555556,0.10526315789473684,12,7,13,13,H,1,1,13,13,0.7404744787922357,1.0879463215911815,-0.6954229571052002,-0.34795111430625436,0.28780254013898876,0.45029239766081874,5,68,0,0.28780254013898876,0.45029239766081874,5,0.7404744787922357,1.0879463215911815,19,0.6467768991133477,2.5866283249460817,3.6300023963575363,0.7121974598610112,0.6666666666666667
2024-25,2024-10-01,League phase,Inter,Red Star,66,19,1.3484848484848484,1.2121212121212122,0.8421052631578947,2.8421052631578947,0.42424242424242425,0.10526315789473684,0.5,0.0,6,0,13,12,H,1,1,13,12,0.5063795853269537,1.6299840510366825,-1.4936204146730463,-0.37001594896331746,0.3189792663476874,0.5,6,47,1,0.3189792663476874,0.5,6,0.5063795853269537,1.6299840510366825,6,0.529505582137161,2.1905901116427433,4.054226475279107,0.6810207336523126,0.6
2024-25,2024-10-01,League phase,Leverkusen,Milan,51,59,1.2549019607843137,1.4901960784313726,1.152542372881356,1.2372881355932204,0.3333333333333333,0.3050847457627119,0.48,0.2413793103448276,5,6,12,14,H,1,1,12,14,0.10235958790295774,-0.2529079428381522,0.017613825191093335,-0.3376537055500166,0.02824858757062143,0.23862068965517239,-1,-8,-2,0.02824858757062143,0.23862068965517239,1,0.10235958790295774,0.2529079428381522,11,0.6384180790960452,2.4074443336656697,2.727484214024593,0.9717514124293786,0.9333333333333333
2024-25,2024-10-01,League phase,PSV,Sporting CP,29,33,0.9655172413793104,1.6206896551724137,1.4848484848484849,1.6666666666666667,0.1724137931034483,0.3333333333333333,0.2857142857142857,0.1875,5,4,14,14,D,1,1,14,14,-0.5193312434691745,0.04597701149425304,-0.7011494252873564,-0.13584117032392884,-0.16091954022988503,0.0982142857142857,1,-4,0,0.16091954022988503,0.0982142857142857,1,0.5193312434691745,0.04597701149425304,9,0.5057471264367817,2.4503657262277954,3.2873563218390807,0.8390804597701149,0.9333333333333333
2024-25,2024-10-01,League phase,RB Salzburg,Brest,33,1,1.3636363636363635,1.9393939393939394,2.0,1.0,0.24242424242424243,1.0,0.3125,0.0,1,3,13,12,A,1,1,13,12,-0.6363636363636365,-0.9393939393939394,0.36363636363636354,0.06060606060606055,-0.7575757575757576,0.3125,-2,32,1,0.7575757575757576,0.3125,2,0.6363636363636365,0.9393939393939394,4,1.2424242424242424,3.3636363636363633,2.9393939393939394,0.24242424242424243,0.8666666666666667
2024-25,2024-10-01,League phase,Slovan Bratislava,Manchester City,1,126,1.0,5.0,2.111111111111111,1.126984126984127,0.0,0.5714285714285714,0.0,0.47540983606557374,0,9,13,13,A,1,1,13,13,-1.1111111111111112,-3.873015873015873,-0.12698412698412698,-2.888888888888889,-0.5714285714285714,-0.47540983606557374,-9,-125,0,0.5714285714285714,0.47540983606557374,9,1.1111111111111112,3.873015873015873,9,0.5714285714285714,3.111111111111111,6.1269841269841265,0.4285714285714286,0.4
2024-25,2024-10-01,League phase,Stuttgart,Sparta Prague,1,1,1.0,3.0,3.0,0.0,0.0,1.0,0.0,0.0,0,3,14,13,D,1,1,14,13,-2.0,-3.0,1.0,0.0,-1.0,0.0,-3,0,1,1.0,0.0,3,2.0,3.0,3,1.0,4.0,3.0,0.0,0.8
2024-25,2024-10-02,League phase,Aston Villa,Bayern Munich,1,154,3.0,0.0,2.5,0.961038961038961,1.0,0.6948051948051948,0.0,0.6025641025641025,3,8,15,15,H,1,1,15,15,0.5,0.961038961038961,2.038961038961039,2.5,0.30519480519480524,-0.6025641025641025,-5,-153,0,0.30519480519480524,0.6025641025641025,5,0.5,0.961038961038961,11,1.6948051948051948,5.5,0.961038961038961,0.6948051948051948,0.6666666666666667
2024-25,2024-10-02,League phase,Benfica,Atlético Madrid,97,106,1.309278350515464,1.4948453608247423,1.3962264150943395,0.9245283018867925,0.36082474226804123,0.49056603773584906,0.4583333333333333,0.3333333333333333,7,9,13,13,H,1,1,13,13,-0.0869480645788756,-0.5703170589379498,0.38475004862867146,-0.09861894573040275,-0.12974129546780783,0.125,-2,-9,0,0.12974129546780783,0.125,2,0.0869480645788756,0.5703170589379498,16,0.8513907800038902,2.7055047656098035,2.4193736627115348,0.8702587045321921,0.8666666666666667
2024-25,2024-10-02,League phase,Dinamo Zagreb,Monaco,37,35,0.6216216216216216,2.6486486486486487,1.1142857142857143,1.6,0.08108108108108109,0.3142857142857143,0.16666666666666666,0.23529411764705882,1,4,15,13,D,1,1,15,13,-0.4926640926640927,-1.0486486486486486,-0.9783783783783785,-1.5343629343629344,-0.2332046332046332,-0.06862745098039216,-3,2,2,0.2332046332046332,0.06862745098039216,3,0.4926640926640927,1.0486486486486486,5,0.39536679536679536,1.7359073359073358,4.248648648648649,0.7667953667953669,0.8
2024-25,2024-10-02,League phase,Girona,Feyenoord,1,13,0.0,1.0,1.0769230769230769,2.1538461538461537,0.0,0.23076923076923078,0.0,0.0,0,3,14,13,A,1,1,14,13,-1.0769230769230769,1.1538461538461537,-2.1538461538461537,0.07692307692307687,-0.23076923076923078,0.0,-3,-12,1,0.23076923076923078,0.0,3,1.0769230769230769,1.1538461538461537,3,0.23076923076923078,1.0769230769230769,3.1538461538461537,0.7692307692307692,0.8
2024-25,2024-10-02,League phase,Lille,Real Madrid,27,167,0.8148148148148148,1.5925925925925926,2.2994011976047903,1.0239520958083832,0.18518518518518517,0.6646706586826348,0.07692307692307693,0.5903614457831325,6,11,15,15,H,1,1,15,15,-1.4845863827899755,-0.5686404967842094,-0.20913728099356843,0.7068086050121978,-0.4794854734974496,-0.5134383688600557,-5,-140,0,0.4794854734974496,0.5134383688600557,5,1.4845863827899755,0.5686404967842094,17,0.8498558438678199,3.114216012419605,2.6165446884009755,0.5205145265025504,0.6666666666666667
2024-25,2024-10-02,League phase,Liverpool,Bologna,72,1,2.111111111111111,1.1388888888888888,0.0,0.0,0.5833333333333334,0.0,0.6285714285714286,0.0,9,1,15,14,H,1,1,15,14,2.111111111111111,-1.1388888888888888,2.111111111111111,-1.1388888888888888,0.5833333333333334,0.6285714285714286,8,71,1,0.5833333333333334,0.6285714285714286,8,2.111111111111111,1.1388888888888888,10,0.5833333333333334,2.111111111111111,1.1388888888888888,0.41666666666666663,0.4666666666666667
2024-25,2024-10-02,League phase,RB Leipzig,Juventus,47,101,1.7234042553191489,1.7872340425531914,1.5643564356435644,1.00990099009901,0.46808510638297873,0.5346534653465347,0.5,0.4489795918367347,4,6,13,15,A,1,1,13,15,0.15904781967558446,-0.7773330524541815,0.713503265220139,-0.222877606909627,-0.06656835896355595,0.05102040816326531,-2,-54,-2,0.06656835896355595,0.05102040816326531,2,0.15904781967558446,0.7773330524541815,10,1.0027385717295134,3.2877606909627133,2.7971350326522013,0.933431641036444,0.8666666666666667
2024-25,2024-10-02,League phase,Shakhtar D.,Atalanta,89,24,1.348314606741573,1.7078651685393258,1.6666666666666667,1.7916666666666667,0.3258426966292135,0.3333333333333333,0.36363636363636365,0.45454545454545453,7,3,14,13,A,1,1,14,13,-0.31835205992509374,0.08380149812734095,-0.44335205992509374,-0.041198501872659055,-0.007490636704119813,-0.09090909090909088,4,65,1,0.007490636704119813,0.09090909090909088,4,0.31835205992509374,0.08380149812734095,10,0.6591760299625469,3.0149812734082397,3.4995318352059925,0.9925093632958801,0.7333333333333334
2024-25,2024-10-02,League phase,Sturm Graz,Club Brugge,1,39,1.0,2.0,0.8717948717948718,1.9230769230769231,0.0,0.1794871794871795,0.0,0.21052631578947367,0,1,13,14,A,1,1,13,14,0.1282051282051282,-0.07692307692307687,-0.9230769230769231,-1.1282051282051282,-0.1794871794871795,-0.21052631578947367,-1,-38,-1,0.1794871794871795,0.21052631578947367,1,0.1282051282051282,0.07692307692307687,1,0.1794871794871795,1.8717948717948718,3.9230769230769234,0.8205128205128205,0.9333333333333333
2024-25,2024-10-22,League phase,Arsenal,Shakhtar D.,68,90,1.838235294117647,1.3235294117647058,1.3333333333333333,1.7222222222222223,0.5147058823529411,0.32222222222222224,0.6470588235294118,0.28888888888888886,8,7,21,20,H,1,1,21,20,0.5049019607843137,0.3986928104575165,0.11601307189542465,0.009803921568627416,0.19248366013071888,0.35816993464052294,1,-22,1,0.19248366013071888,0.35816993464052294,1,0.5049019607843137,0.3986928104575165,15,0.8369281045751633,3.1715686274509802,3.045751633986928,0.8075163398692811,0.9333333333333333
2024-25,2024-10-22,League phase,Aston Villa,Bologna,2,2,2.0,0.0,0.0,1.0,1.0,0.0,1.0,0.0,6,1,20,20,H,1,1,20,20,2.0,1.0,1.0,0.0,1.0,1.0,5,0,0,1.0,1.0,5,2.0,1.0,7,1.0,2.0,1.0,0.0,0.6666666666666667
2024-25,2024-10-22,League phase,Girona,Slovan Bratislava,2,2,1.0,2.0,0.5,4.5,0.0,0.0,0.0,0.0,0,0,20,21,H,1,1,20,21,0.5,2.5,-3.5,-1.5,0.0,0.0,0,0,-1,0.0,0.0,0,0.5,2.5,0,0.0,1.5,6.5,1.0,1.0
2024-25,2024-10-22,League phase,Juventus,Stuttgart,102,2,1.5784313725490196,1.0196078431372548,1.0,2.0,0.5392156862745098,0.0,0.6153846153846154,0.0,6,1,20,21,A,1,1,20,21,0.5784313725490196,0.9803921568627452,-0.42156862745098045,-0.019607843137254832,0.5392156862745098,0.6153846153846154,5,100,-1,0.5392156862745098,0.6153846153846154,5,0.5784313725490196,0.9803921568627452,7,0.5392156862745098,2.5784313725490193,3.019607843137255,0.4607843137254902,0.6666666666666667
2024-25,2024-10-22,League phase,Milan,Club Brugge,60,40,1.1333333333333333,1.2333333333333334,0.875,1.875,0.3,0.2,0.36666666666666664,0.25,6,4,21,20,H,1,1,21,20,0.2583333333333333,0.6416666666666666,-0.7416666666666667,-0.3583333333333334,0.09999999999999998,0.11666666666666664,2,20,1,0.09999999999999998,0.11666666666666664,2,0.2583333333333333,0.6416666666666666,10,0.5,2.0083333333333333,3.1083333333333334,0.9,0.8666666666666667
2024-25,2024-10-22,League phase,Monaco,Red Star,36,20,1.1388888888888888,1.6111111111111112,0.8,2.9,0.3055555555555556,0.1,0.3888888888888889,0.0,4,0,20,21,H,1,1,20,21,0.3388888888888888,1.2888888888888888,-1.761111111111111,-0.8111111111111111,0.20555555555555557,0.3888888888888889,4,16,-1,0.20555555555555557,0.3888888888888889,4,0.3388888888888888,1.2888888888888888,4,0.40555555555555556,1.9388888888888889,4.511111111111111,0.7944444444444444,0.7333333333333334
2024-25,2024-10-22,League phase,Paris SG,PSV,117,30,2.051282051282051,1.1196581196581197,0.9666666666666667,1.6,0.5470085470085471,0.16666666666666666,0.6206896551724138,0.06666666666666667,6,3,21,21,D,1,1,21,21,1.0846153846153843,0.4803418803418804,0.451282051282051,-0.152991452991453,0.38034188034188043,0.5540229885057472,3,87,0,0.38034188034188043,0.5540229885057472,3,1.0846153846153843,0.4803418803418804,9,0.7136752136752137,3.017948717948718,2.7196581196581198,0.6196581196581196,0.8
2024-25,2024-10-22,League phase,Real Madrid,Dortmund,168,108,2.2857142857142856,1.0238095238095237,1.712962962962963,1.2685185185185186,0.6607142857142857,0.4722222222222222,0.7380952380952381,0.37735849056603776,10,12,20,21,H,1,1,20,21,0.5727513227513226,0.24470899470899488,1.017195767195767,0.6891534391534393,0.1884920634920635,0.3607367475292004,-2,60,-1,0.1884920634920635,0.3607367475292004,2,0.5727513227513226,0.24470899470899488,22,1.132936507936508,3.9986772486772484,2.2923280423280423,0.8115079365079365,0.8666666666666667
2024-25,2024-10-22,League phase,Sturm Graz,Sporting CP,2,34,0.5,1.5,1.4705882352941178,1.6470588235294117,0.0,0.3235294117647059,0.0,0.17647058823529413,0,5,20,21,A,1,1,20,21,-0.9705882352941178,0.1470588235294117,-1.1470588235294117,-0.02941176470588225,-0.3235294117647059,-0.17647058823529413,-5,-32,-1,0.3235294117647059,0.17647058823529413,5,0.9705882352941178,0.1470588235294117,5,0.3235294117647059,1.9705882352941178,3.1470588235294117,0.6764705882352942,0.6666666666666667
2024-25,2024-10-23,League phase,Atalanta,Celtic,25,40,1.72,1.72,0.925,2.475,0.36,0.175,0.23076923076923078,0.1,6,6,21,22,D,1,1,21,22,0.7949999999999999,0.7550000000000001,-0.7550000000000001,-0.7949999999999999,0.185,0.13076923076923078,0,-15,-1,0.185,0.13076923076923078,0,0.7949999999999999,0.7550000000000001,12,0.5349999999999999,2.645,4.195,0.815,1.0
2024-25,2024-10-23,League phase,Atlético Madrid,Lille,107,28,1.3831775700934579,0.9532710280373832,0.8214285714285714,1.5357142857142858,0.48598130841121495,0.21428571428571427,0.6538461538461539,0.2857142857142857,9,6,21,21,A,1,1,21,21,0.5617489986648865,0.5824432576769026,-0.15253671562082793,-0.13184245660881178,0.2716955941255007,0.36813186813186816,3,79,0,0.2716955941255007,0.36813186813186816,3,0.5617489986648865,0.5824432576769026,15,0.7002670226969292,2.2046061415220293,2.488985313751669,0.7283044058744993,0.8
2024-25,2024-10-23,League phase,Barcelona,Bayern Munich,143,155,2.090909090909091,1.062937062937063,2.4838709677419355,0.9612903225806452,0.6083916083916084,0.6903225806451613,0.75,0.5949367088607594,9,7,22,21,H,1,1,22,21,-0.39296187683284467,-0.10164674035641774,1.1296187683284455,1.4209339048048726,-0.08193097225355284,0.15506329113924056,2,-12,1,0.08193097225355284,0.15506329113924056,2,0.39296187683284467,0.10164674035641774,16,1.2987141890367697,4.574780058651026,2.024227385517708,0.9180690277464472,0.8666666666666667
2024-25,2024-10-23,League phase,Benfica,Feyenoord,98,14,1.336734693877551,1.4795918367346939,1.2142857142857142,2.142857142857143,0.3673469387755102,0.2857142857142857,0.46938775510204084,0.14285714285714285,10,3,21,21,A,1,1,21,21,0.12244897959183687,0.6632653061224489,-0.8061224489795917,-0.26530612244897966,0.08163265306122452,0.326530612244898,7,84,0,0.08163265306122452,0.326530612244898,7,0.12244897959183687,0.6632653061224489,13,0.653061224489796,2.5510204081632653,3.6224489795918364,0.9183673469387754,0.5333333333333333
2024-25,2024-10-23,League phase,Brest,Leverkusen,2,52,3.0,0.5,1.25,1.4615384615384615,1.0,0.34615384615384615,1.0,0.19230769230769232,6,8,22,22,D,1,1,22,22,1.75,0.9615384615384615,1.5384615384615385,0.75,0.6538461538461539,0.8076923076923077,-2,-50,0,0.6538461538461539,0.8076923076923077,2,1.75,0.9615384615384615,14,1.3461538461538463,4.25,1.9615384615384615,0.34615384615384615,0.8666666666666667
2024-25,2024-10-23,League phase,Manchester City,Sparta Prague,127,2,2.125984251968504,1.1181102362204725,2.0,0.5,0.5748031496062992,0.5,0.6615384615384615,0.0,9,4,22,22,H,1,1,22,22,0.12598425196850416,-0.6181102362204725,1.6259842519685042,0.8818897637795275,0.07480314960629919,0.6615384615384615,5,125,0,0.07480314960629919,0.6615384615384615,5,0.12598425196850416,0.6181102362204725,13,1.074803149606299,4.125984251968504,1.6181102362204725,0.9251968503937008,0.6666666666666667
2024-25,2024-10-23,League phase,RB Leipzig,Liverpool,48,73,1.7291666666666667,1.8125,2.1095890410958904,1.1232876712328768,0.4583333333333333,0.589041095890411,0.48,0.5405405405405406,4,9,21,21,A,1,1,21,21,-0.38042237442922366,-0.6892123287671232,0.60587899543379,0.2970890410958904,-0.13070776255707767,-0.06054054054054059,-5,-25,0,0.13070776255707767,0.06054054054054059,5,0.38042237442922366,0.6892123287671232,13,1.0473744292237444,3.838755707762557,2.9357876712328768,0.8692922374429224,0.6666666666666667
2024-25,2024-10-23,League phase,RB Salzburg,Dinamo Zagreb,34,38,1.3235294117647058,2.0,0.6578947368421053,2.6315789473684212,0.23529411764705882,0.07894736842105263,0.29411764705882354,0.0,1,2,22,21,A,1,1,22,21,0.6656346749226005,0.6315789473684212,-1.3080495356037154,-1.3421052631578947,0.1563467492260062,0.29411764705882354,-1,-4,1,0.1563467492260062,0.29411764705882354,1,0.6656346749226005,0.6315789473684212,3,0.3142414860681114,1.9814241486068112,4.631578947368421,0.8436532507739938,0.9333333333333333
2024-25,2024-10-23,League phase,Young Boys,Inter,20,67,0.9,2.25,1.3880597014925373,1.1940298507462686,0.15,0.43283582089552236,0.3,0.35294117647058826,3,8,22,22,A,1,1,22,22,-0.4880597014925373,-1.0559701492537314,-0.29402985074626853,-0.8619402985074627,-0.2828358208955224,-0.05294117647058827,-5,-47,0,0.2828358208955224,0.05294117647058827,5,0.4880597014925373,1.0559701492537314,11,0.5828358208955223,2.2880597014925375,3.4440298507462686,0.7171641791044776,0.6666666666666667
2024-25,2024-11-05,League phase,Bologna,Monaco,3,37,0.0,1.3333333333333333,1.2432432432432432,1.5945945945945945,0.0,0.32432432432432434,0.0,0.2222222222222222,1,7,14,14,A,1,1,14,14,-1.2432432432432432,0.26126126126126126,-1.5945945945945945,-0.09009009009009006,-0.32432432432432434,-0.2222222222222222,-6,-34,0,0.32432432432432434,0.2222222222222222,6,1.2432432432432432,0.26126126126126126,8,0.32432432432432434,1.2432432432432432,2.9279279279279278,0.6756756756756757,0.6
2024-25,2024-11-05,League phase,Celtic,RB Leipzig,41,49,0.9024390243902439,2.4146341463414633,1.6938775510204083,1.7959183673469388,0.17073170731707318,0.4489795918367347,0.25,0.43478260869565216,7,1,13,13,H,1,1,13,13,-0.7914385266301643,-0.6187157789945246,-0.8934793429566948,-0.7207565953210551,-0.27824788451966154,-0.18478260869565216,6,-8,0,0.27824788451966154,0.18478260869565216,6,0.7914385266301643,0.6187157789945246,8,0.6197112991538078,2.5963165754106523,4.210552513688402,0.7217521154803385,0.6
2024-25,2024-11-05,League phase,Dortmund,Sturm Graz,109,3,1.7155963302752293,1.3027522935779816,0.3333333333333333,1.6666666666666667,0.46788990825688076,0.0,0.5636363636363636,0.0,9,0,14,14,H,1,1,14,14,1.382262996941896,0.36391437308868513,0.048929663608562546,-0.9694189602446484,0.46788990825688076,0.5636363636363636,9,106,0,0.46788990825688076,0.5636363636363636,9,1.382262996941896,0.36391437308868513,9,0.46788990825688076,2.0489296636085625,2.9694189602446484,0.5321100917431192,0.4
2024-25,2024-11-05,League phase,Lille,Juventus,29,103,0.896551724137931,1.5172413793103448,1.5631067961165048,1.0194174757281553,0.2413793103448276,0.5339805825242718,0.14285714285714285,0.46,6,6,13,14,D,1,1,13,14,-0.6665550719785738,-0.4978239035821894,-0.12286575159022428,0.045865416806160075,-0.2926012721794442,-0.31714285714285717,0,-74,-1,0.2926012721794442,0.31714285714285717,0,0.6665550719785738,0.4978239035821894,12,0.7753598928690995,2.459658520254436,2.5366588550385,0.7073987278205558,1.0
2024-25,2024-11-05,League phase,Liverpool,Leverkusen,74,53,2.0945945945945947,1.1081081081081081,1.2452830188679245,1.4528301886792452,0.5945945945945946,0.33962264150943394,0.6388888888888888,0.18518518518518517,9,9,13,13,H,1,1,13,13,0.8493115757266703,0.34472208057113707,0.6417644059153496,0.13717491075981636,0.2549719530851607,0.45370370370370366,0,21,0,0.2549719530851607,0.45370370370370366,0,0.8493115757266703,0.34472208057113707,18,0.9342172361040286,3.3398776134625194,2.560938296787353,0.7450280469148394,1.0
2024-25,2024-11-05,League phase,PSV,Girona,31,3,0.967741935483871,1.5806451612903225,1.3333333333333333,1.3333333333333333,0.16129032258064516,0.3333333333333333,0.26666666666666666,0.0,3,3,14,14,H,1,1,14,14,-0.36559139784946226,-0.24731182795698925,-0.36559139784946226,-0.24731182795698925,-0.17204301075268816,0.26666666666666666,0,28,0,0.17204301075268816,0.26666666666666666,0,0.36559139784946226,0.24731182795698925,6,0.4946236559139785,2.301075268817204,2.913978494623656,0.8279569892473119,1.0
2024-25,2024-11-05,League phase,Real Madrid,Milan,169,61,2.301775147928994,1.029585798816568,1.1639344262295082,1.2295081967213115,0.6627218934911243,0.3114754098360656,0.7411764705882353,0.23333333333333334,12,6,14,14,A,1,1,14,14,1.137840721699486,0.19992239790474353,1.0722669512076826,0.13434862741294018,0.3512464836550587,0.5078431372549019,6,108,0,0.3512464836550587,0.5078431372549019,6,1.137840721699486,0.19992239790474353,18,0.9741973033271899,3.4657095741585024,2.2590939955378797,0.6487535163449413,0.6
2024-25,2024-11-05,League phase,Slovan Bratislava,Dinamo Zagreb,3,39,0.3333333333333333,3.6666666666666665,0.6923076923076923,2.5641025641025643,0.0,0.10256410256410256,0.0,0.05,0,4,14,13,A,1,1,14,13,-0.358974358974359,-1.1025641025641022,-2.230769230769231,-2.9743589743589745,-0.10256410256410256,-0.05,-4,-36,1,0.10256410256410256,0.05,4,0.358974358974359,1.1025641025641022,4,0.10256410256410256,1.0256410256410255,6.230769230769231,0.8974358974358975,0.7333333333333334
2024-25,2024-11-05,League phase,Sporting CP,Manchester City,35,128,1.4857142857142858,1.6,2.1484375,1.109375,0.34285714285714286,0.578125,0.47058823529411764,0.4838709677419355,8,9,14,13,H,1,1,14,13,-0.6627232142857142,-0.4906250000000001,0.37633928571428577,0.5484374999999999,-0.23526785714285714,-0.013282732447817858,-1,-93,1,0.23526785714285714,0.013282732447817858,1,0.6627232142857142,0.4906250000000001,17,0.9209821428571429,3.6341517857142858,2.709375,0.7647321428571429,0.9333333333333333
2024-25,2024-11-06,League phase,Bayern Munich,Benfica,156,99,2.4743589743589745,0.9807692307692307,1.3333333333333333,1.494949494949495,0.6858974358974359,0.36363636363636365,0.7894736842105263,0.2653061224489796,4,10,14,14,H,1,1,14,14,1.1410256410256412,0.5141802641802643,0.9794094794094794,0.35256410256410253,0.32226107226107226,0.5241675617615467,-6,57,0,0.32226107226107226,0.5241675617615467,6,1.1410256410256412,0.5141802641802643,14,1.0495337995337994,3.8076923076923075,2.4757187257187256,0.6777389277389277,0.6
2024-25,2024-11-06,League phase,Club Brugge,Aston Villa,41,3,0.8780487804878049,1.9024390243902438,2.0,0.0,0.1951219512195122,1.0,0.15,1.0,3,9,15,15,H,1,1,15,15,-1.1219512195121952,-1.9024390243902438,0.8780487804878049,0.09756097560975618,-0.8048780487804879,-0.85,-6,38,0,0.8048780487804879,0.85,6,1.1219512195121952,1.9024390243902438,12,1.1951219512195121,2.8780487804878048,1.9024390243902438,0.19512195121951215,0.6
2024-25,2024-11-06,League phase,Feyenoord,RB Salzburg,15,35,1.3333333333333333,2.066666666666667,1.2857142857142858,2.0,0.3333333333333333,0.22857142857142856,0.42857142857142855,0.17647058823529413,6,1,14,14,A,1,1,14,14,0.04761904761904745,-0.06666666666666687,-0.6666666666666667,-0.7809523809523811,0.10476190476190475,0.25210084033613445,5,-20,0,0.10476190476190475,0.25210084033613445,5,0.04761904761904745,0.06666666666666687,7,0.5619047619047619,2.619047619047619,4.066666666666666,0.8952380952380953,0.6666666666666667
2024-25,2024-11-06,League phase,Inter,Arsenal,68,69,1.3823529411764706,1.1764705882352942,1.826086956521739,1.3043478260869565,0.4411764705882353,0.5217391304347826,0.5151515151515151,0.38235294117647056,10,8,14,15,H,1,1,14,15,-0.44373401534526846,0.12787723785166238,0.07800511508951402,0.6496163682864449,-0.08056265984654731,0.13279857397504458,2,-1,-1,0.08056265984654731,0.13279857397504458,2,0.44373401534526846,0.12787723785166238,18,0.9629156010230179,3.2084398976982094,2.4808184143222505,0.9194373401534527,0.8666666666666667
2024-25,2024-11-06,League phase,Paris SG,Atlético Madrid,118,108,2.042372881355932,1.11864406779661,1.3796296296296295,0.9722222222222222,0.5423728813559322,0.48148148148148145,0.6101694915254238,0.32727272727272727,4,6,15,14,A,1,1,15,14,0.6627432517263026,-0.14642184557438787,1.0701506591337098,0.26098556183301946,0.06089139987445075,0.2828967642526965,-2,10,1,0.06089139987445075,0.2828967642526965,2,0.6627432517263026,0.14642184557438787,10,1.0238543628374137,3.4220025109855614,2.090866290018832,0.9391086001255493,0.8666666666666667
2024-25,2024-11-06,League phase,Red Star,Barcelona,21,144,0.8095238095238095,3.0,2.1041666666666665,1.0625,0.09523809523809523,0.6111111111111112,0.2,0.4647887323943662,0,9,15,14,A,1,1,15,14,-1.294642857142857,-1.9375,-0.25297619047619047,-0.8958333333333335,-0.5158730158730159,-0.2647887323943662,-9,-123,1,0.5158730158730159,0.2647887323943662,9,1.294642857142857,1.9375,9,0.7063492063492064,2.9136904761904763,4.0625,0.4841269841269841,0.4
2024-25,2024-11-06,League phase,Shakhtar D.,Young Boys,91,21,1.3186813186813187,1.7142857142857142,0.8571428571428571,2.1904761904761907,0.31868131868131866,0.14285714285714285,0.35555555555555557,0.0,4,3,15,14,H,1,1,15,14,0.46153846153846156,0.4761904761904765,-0.871794871794872,-0.8571428571428571,0.1758241758241758,0.35555555555555557,1,70,1,0.1758241758241758,0.35555555555555557,1,0.46153846153846156,0.4761904761904765,7,0.4615384615384615,2.1758241758241756,3.904761904761905,0.8241758241758241,0.9333333333333333
2024-25,2024-11-06,League phase,Sparta Prague,Brest,3,3,1.3333333333333333,2.0,2.3333333333333335,0.6666666666666666,0.3333333333333333,0.6666666666666666,1.0,1.0,4,7,14,14,A,1,1,14,14,-1.0000000000000002,-1.3333333333333335,0.6666666666666666,0.3333333333333335,-0.3333333333333333,0.0,-3,0,0,0.3333333333333333,0.0,3,1.0000000000000002,1.3333333333333335,11,1.0,3.666666666666667,2.6666666666666665,0.6666666666666667,0.8
2024-25,2024-11-06,League phase,Stuttgart,Atalanta,3,26,1.0,1.3333333333333333,1.6538461538461537,1.6538461538461537,0.3333333333333333,0.34615384615384615,0.0,0.5,4,6,15,14,A,1,1,15,14,-0.6538461538461537,0.3205128205128205,-0.6538461538461537,0.3205128205128205,-0.01282051282051283,-0.5,-2,-23,1,0.01282051282051283,0.5,2,0.6538461538461537,0.3205128205128205,10,0.6794871794871795,2.6538461538461537,2.9871794871794872,0.9871794871794872,0.8666666666666667
2024-25,2024-11-26,League phase,Barcelona,Brest,145,4,2.1241379310344826,1.0689655172413792,2.25,0.75,0.6137931034482759,0.75,0.7534246575342466,1.0,9,10,20,20,H,1,1,20,20,-0.12586206896551744,-0.3189655172413792,1.3741379310344826,1.1810344827586208,-0.13620689655172413,-0.2465753424657534,-1,141,0,0.13620689655172413,0.2465753424657534,1,0.12586206896551744,0.3189655172413792,19,1.363793103448276,4.374137931034483,1.8189655172413792,0.8637931034482759,0.9333333333333333
2024-25,2024-11-26,League phase,Bayern Munich,Paris SG,157,119,2.464968152866242,0.9745222929936306,2.033613445378151,1.1260504201680672,0.6878980891719745,0.5378151260504201,0.7922077922077922,0.4745762711864407,6,4,20,20,H,1,1,20,20,0.431354707488091,0.15152812717443664,1.338917732698175,1.0590911523845206,0.15008296312155434,0.31763152102135156,2,38,0,0.15008296312155434,0.31763152102135156,2,0.431354707488091,0.15152812717443664,10,1.2257132152223946,4.498581598244393,2.100572713161698,0.8499170368784457,0.8666666666666667
2024-25,2024-11-26,League phase,Inter,RB Leipzig,69,50,1.3768115942028984,1.1594202898550725,1.68,1.82,0.4492753623188406,0.44,0.5294117647058824,0.4166666666666667,10,1,20,21,H,1,1,20,21,-0.3031884057971015,0.6605797101449276,-0.4431884057971016,0.5205797101449274,0.009275362318840574,0.11274509803921567,9,19,-1,0.009275362318840574,0.11274509803921567,9,0.3031884057971015,0.6605797101449276,11,0.8892753623188405,3.056811594202898,2.9794202898550726,0.9907246376811594,0.4
2024-25,2024-11-26,League phase,Leverkusen,RB Salzburg,54,36,1.2222222222222223,1.5,1.3333333333333333,1.9722222222222223,0.3333333333333333,0.25,0.5,0.2222222222222222,8,3,21,20,H,1,1,21,20,-0.11111111111111094,0.4722222222222223,-0.75,-0.16666666666666674,0.08333333333333331,0.2777777777777778,5,18,1,0.08333333333333331,0.2777777777777778,5,0.11111111111111094,0.4722222222222223,11,0.5833333333333333,2.5555555555555554,3.4722222222222223,0.9166666666666667,0.6666666666666667
2024-25,2024-11-26,League phase,Manchester City,Feyenoord,129,16,2.13953488372093,1.1317829457364341,1.3125,2.125,0.5736434108527132,0.3125,0.6666666666666666,0.25,8,6,21,20,D,1,1,21,20,0.82703488372093,0.9932170542635659,0.014534883720930036,0.18071705426356588,0.2611434108527132,0.41666666666666663,2,113,1,0.2611434108527132,0.41666666666666663,2,0.82703488372093,0.9932170542635659,14,0.8861434108527132,3.45203488372093,3.2567829457364343,0.7388565891472868,0.8666666666666667
2024-25,2024-11-26,League phase,Slovan Bratislava,Milan,4,62,0.5,3.75,1.1935483870967742,1.2258064516129032,0.0,0.3225806451612903,0.0,0.25806451612903225,0,9,21,21,A,1,1,21,21,-0.6935483870967742,-2.524193548387097,-0.7258064516129032,-2.556451612903226,-0.3225806451612903,-0.25806451612903225,-9,-58,0,0.3225806451612903,0.25806451612903225,9,0.6935483870967742,2.524193548387097,9,0.3225806451612903,1.6935483870967742,4.975806451612903,0.6774193548387097,0.4
2024-25,2024-11-26,League phase,Sparta Prague,Atlético Madrid,4,109,1.25,2.0,1.385321100917431,0.9724770642201835,0.25,0.48623853211009177,0.5,0.3392857142857143,4,6,20,20,A,1,1,20,20,-0.1353211009174311,-1.0275229357798166,0.27752293577981646,-0.6146788990825689,-0.23623853211009177,0.1607142857142857,-2,-105,0,0.23623853211009177,0.1607142857142857,2,0.1353211009174311,1.0275229357798166,10,0.7362385321100917,2.635321100917431,2.9724770642201834,0.7637614678899083,0.8666666666666667
2024-25,2024-11-26,League phase,Sporting CP,Arsenal,36,70,1.5555555555555556,1.5833333333333333,1.8,1.3,0.3611111111111111,0.5142857142857142,0.5,0.37142857142857144,10,7,21,20,A,1,1,21,20,-0.24444444444444446,-0.2833333333333332,0.25555555555555554,0.21666666666666679,-0.15317460317460313,0.12857142857142856,3,-34,1,0.15317460317460313,0.12857142857142856,3,0.24444444444444446,0.2833333333333332,17,0.8753968253968254,3.3555555555555556,2.8833333333333333,0.8468253968253969,0.8
2024-25,2024-11-26,League phase,Young Boys,Atalanta,22,27,0.8636363636363636,2.1818181818181817,1.6666666666666667,1.5925925925925926,0.13636363636363635,0.37037037037037035,0.2727272727272727,0.5384615384615384,0,8,20,20,A,1,1,20,20,-0.8030303030303031,-0.5892255892255891,-0.7289562289562289,-0.5151515151515149,-0.234006734006734,-0.26573426573426573,-8,-5,0,0.234006734006734,0.26573426573426573,8,0.8030303030303031,0.5892255892255891,8,0.5067340067340067,2.5303030303030303,3.774410774410774,0.765993265993266,0.4666666666666667
2024-25,2024-11-27,League phase,Aston Villa,Juventus,4,104,1.5,0.25,1.5576923076923077,1.0192307692307692,0.75,0.5288461538461539,1.0,0.45098039215686275,9,7,21,22,D,1,1,21,22,-0.05769230769230771,0.7692307692307692,0.48076923076923084,1.3076923076923077,0.22115384615384615,0.5490196078431373,2,-100,-1,0.22115384615384615,0.5490196078431373,2,0.05769230769230771,0.7692307692307692,16,1.2788461538461537,3.0576923076923075,1.2692307692307692,0.7788461538461539,0.8666666666666667
2024-25,2024-11-27,League phase,Bologna,Lille,4,30,0.0,1.25,0.9,1.5,0.0,0.23333333333333334,0.0,0.3333333333333333,1,7,22,22,A,1,1,22,22,-0.9,0.25,-1.5,-0.35,-0.23333333333333334,-0.3333333333333333,-6,-26,0,0.23333333333333334,0.3333333333333333,6,0.9,0.25,8,0.23333333333333334,0.9,2.75,0.7666666666666666,0.6
2024-25,2024-11-27,League phase,Celtic,Club Brugge,42,42,0.9523809523809523,2.380952380952381,0.8809523809523809,1.8571428571428572,0.19047619047619047,0.21428571428571427,0.2857142857142857,0.23809523809523808,10,6,22,21,D,1,1,22,21,0.0714285714285714,-0.5238095238095237,-0.9047619047619049,-1.5,-0.023809523809523808,0.047619047619047616,4,0,1,0.023809523809523808,0.047619047619047616,4,0.0714285714285714,0.5238095238095237,16,0.40476190476190477,1.8333333333333333,4.238095238095238,0.9761904761904762,0.7333333333333334
2024-25,2024-11-27,League phase,Dinamo Zagreb,Dortmund,40,110,0.775,2.525,1.709090909090909,1.290909090909091,0.125,0.4727272727272727,0.15789473684210525,0.37037037037037035,7,9,22,22,A,1,1,22,22,-0.934090909090909,-1.234090909090909,-0.515909090909091,-0.8159090909090909,-0.3477272727272727,-0.2124756335282651,-2,-70,0,0.3477272727272727,0.2124756335282651,2,0.934090909090909,1.234090909090909,16,0.5977272727272727,2.484090909090909,3.815909090909091,0.6522727272727273,0.8666666666666667
2024-25,2024-11-27,League phase,Liverpool,Real Madrid,75,170,2.12,1.0933333333333333,2.2941176470588234,1.0411764705882354,0.6,0.6588235294117647,0.6486486486486487,0.5833333333333334,12,9,22,22,H,1,1,22,22,-0.17411764705882327,-0.0521568627450979,1.0788235294117647,1.20078431372549,-0.05882352941176472,0.06531531531531531,3,-95,0,0.05882352941176472,0.06531531531531531,3,0.17411764705882327,0.0521568627450979,21,1.2588235294117647,4.4141176470588235,2.134509803921569,0.9411764705882353,0.8
2024-25,2024-11-27,League phase,Monaco,Benfica,38,100,1.236842105263158,1.5526315789473684,1.32,1.49,0.34210526315789475,0.36,0.42105263157894735,0.26,10,9,22,21,A,1,1,22,21,-0.0831578947368421,-0.06263157894736837,-0.253157894736842,-0.2326315789473683,-0.01789473684210524,0.16105263157894734,1,-62,1,0.01789473684210524,0.16105263157894734,1,0.0831578947368421,0.06263157894736837,19,0.7021052631578948,2.556842105263158,3.0426315789473684,0.9821052631578948,0.9333333333333333
2024-25,2024-11-27,League phase,PSV,Shakhtar D.,32,92,1.0625,1.53125,1.326086956521739,1.7065217391304348,0.1875,0.32608695652173914,0.3125,0.2826086956521739,5,4,22,21,H,1,1,22,21,-0.263586956521739,0.1752717391304348,-0.6440217391304348,-0.20516304347826098,-0.13858695652173914,0.02989130434782611,1,-60,1,0.13858695652173914,0.02989130434782611,1,0.263586956521739,0.1752717391304348,9,0.5135869565217391,2.3885869565217392,3.2377717391304346,0.8614130434782609,0.9333333333333333
2024-25,2024-11-27,League phase,Red Star,Stuttgart,22,4,0.8636363636363636,3.090909090909091,0.75,1.5,0.09090909090909091,0.25,0.18181818181818182,0.5,0,4,21,21,H,1,1,21,21,0.11363636363636365,-1.5909090909090908,-0.6363636363636364,-2.340909090909091,-0.1590909090909091,-0.3181818181818182,-4,18,0,0.1590909090909091,0.3181818181818182,4,0.11363636363636365,1.5909090909090908,4,0.34090909090909094,1.6136363636363638,4.590909090909091,0.8409090909090909,0.7333333333333334
2024-25,2024-11-27,League phase,Sturm Graz,Girona,4,4,0.25,1.5,1.0,2.0,0.0,0.25,0.0,0.0,0,3,22,22,H,1,1,22,22,-0.75,0.5,-1.75,-0.5,-0.25,0.0,-3,0,0,0.25,0.0,3,0.75,0.5,3,0.25,1.25,3.5,0.75,0.8
2024-25,2024-12-10,League phase,Atalanta,Real Madrid,28,171,1.8214285714285714,1.5714285714285714,2.280701754385965,1.0467836257309941,0.39285714285714285,0.6549707602339181,0.21428571428571427,0.5764705882352941,11,6,14,13,A,1,1,14,13,-0.4592731829573935,-0.5246449456975772,0.7746449456975772,0.7092731829573935,-0.26211361737677524,-0.36218487394957977,5,-143,1,0.26211361737677524,0.36218487394957977,5,0.4592731829573935,0.5246449456975772,17,1.0478279030910609,4.102130325814536,2.6182121971595658,0.7378863826232247,0.6666666666666667
2024-25,2024-12-10,League phase,Brest,PSV,5,33,1.8,1.2,1.121212121212121,1.5454545454545454,0.6,0.21212121212121213,0.5,0.0625,10,8,14,13,H,1,1,14,13,0.6787878787878789,0.34545454545454546,0.25454545454545463,-0.07878787878787885,0.3878787878787878,0.4375,2,-28,1,0.3878787878787878,0.4375,2,0.6787878787878789,0.34545454545454546,18,0.8121212121212121,2.921212121212121,2.745454545454545,0.6121212121212122,0.8666666666666667
2024-25,2024-12-10,League phase,Club Brugge,Sporting CP,43,37,0.8837209302325582,1.8372093023255813,1.5405405405405406,1.6756756756756757,0.20930232558139536,0.35135135135135137,0.19047619047619047,0.2222222222222222,7,10,13,14,H,1,1,13,14,-0.6568196103079824,-0.16153362664990567,-0.7919547454431175,-0.29666876178504076,-0.142049025769956,-0.031746031746031744,-3,6,-1,0.142049025769956,0.031746031746031744,3,0.6568196103079824,0.16153362664990567,17,0.5606536769327467,2.4242614707730987,3.512884978001257,0.857950974230044,0.8
2024-25,2024-12-10,League phase,Dinamo Zagreb,Celtic,41,43,0.7560975609756098,2.5365853658536586,0.9534883720930233,2.3488372093023258,0.12195121951219512,0.18604651162790697,0.15,0.09523809523809523,7,8,13,13,D,1,1,13,13,-0.19739081111741352,-0.1877481565513328,-1.592739648326716,-1.5830969937606354,-0.06409529211571185,0.05476190476190476,-1,-2,0,0.06409529211571185,0.05476190476190476,1,0.19739081111741352,0.1877481565513328,15,0.3079977311401021,1.7095859330686332,4.885422575155984,0.9359047078842881,0.9333333333333333
2024-25,2024-12-10,League phase,Girona,Liverpool,5,76,0.8,1.8,2.1184210526315788,1.0789473684210527,0.2,0.6052631578947368,0.5,0.5526315789473685,3,15,13,13,A,1,1,13,13,-1.3184210526315787,-0.7210526315789474,-0.2789473684210526,0.3184210526315787,-0.4052631578947368,-0.052631578947368474,-12,-71,0,0.4052631578947368,0.052631578947368474,12,1.3184210526315787,0.7210526315789474,18,0.8052631578947369,2.9184210526315786,2.878947368421053,0.5947368421052632,0.19999999999999996
2024-25,2024-12-10,League phase,Leverkusen,Inter,55,70,1.290909090909091,1.4727272727272727,1.3714285714285714,1.1428571428571428,0.34545454545454546,0.45714285714285713,0.5185185185185185,0.37142857142857144,10,13,14,14,H,1,1,14,14,-0.08051948051948044,-0.32987012987012987,0.1480519480519482,-0.10129870129870122,-0.11168831168831167,0.14708994708994705,-3,-15,0,0.11168831168831167,0.14708994708994705,3,0.08051948051948044,0.32987012987012987,23,0.8025974025974025,2.6623376623376624,2.6155844155844155,0.8883116883116884,0.8
2024-25,2024-12-10,League phase,RB Leipzig,Aston Villa,51,5,1.6470588235294117,1.803921568627451,1.2,0.2,0.43137254901960786,0.6,0.46153846153846156,0.5,0,10,14,13,A,1,1,14,13,0.44705882352941173,-1.603921568627451,1.4470588235294117,-0.603921568627451,-0.1686274509803921,-0.038461538461538436,-10,46,1,0.1686274509803921,0.038461538461538436,10,0.44705882352941173,1.603921568627451,10,1.0313725490196077,2.8470588235294114,2.003921568627451,0.8313725490196079,0.33333333333333337
2024-25,2024-12-10,League phase,RB Salzburg,Paris SG,37,120,1.2972972972972974,2.054054054054054,2.0166666666666666,1.125,0.24324324324324326,0.5333333333333333,0.2777777777777778,0.4666666666666667,3,4,14,14,A,1,1,14,14,-0.7193693693693692,-0.929054054054054,0.17229729729729737,-0.03738738738738734,-0.29009009009009007,-0.18888888888888888,-1,-83,0,0.29009009009009007,0.18888888888888888,1,0.7193693693693692,0.929054054054054,7,0.7765765765765766,3.313963963963964,3.179054054054054,0.70990990990991,0.9333333333333333
2024-25,2024-12-10,League phase,Shakhtar D.,Bayern Munich,93,158,1.3333333333333333,1.7204301075268817,2.4556962025316458,0.9683544303797469,0.3225806451612903,0.689873417721519,0.3695652173913043,0.5875,4,9,13,14,A,1,1,13,14,-1.1223628691983125,-0.7520756771471349,0.36497890295358637,0.735266095004764,-0.3672927725602287,-0.2179347826086957,-5,-65,-1,0.3672927725602287,0.2179347826086957,5,1.1223628691983125,0.7520756771471349,13,1.0124540628828094,3.7890295358649793,2.6887845379066286,0.6327072274397714,0.6666666666666667
2024-25,2024-12-11,League phase,Arsenal,Monaco,71,39,1.8450704225352113,1.295774647887324,1.2564102564102564,1.5897435897435896,0.5211267605633803,0.3333333333333333,0.6571428571428571,0.2631578947368421,10,10,15,14,H,1,1,15,14,0.5886601661249549,0.29396894185626565,0.2553268327916216,-0.039364391477067606,0.18779342723004694,0.39398496240601505,0,32,1,0.18779342723004694,0.39398496240601505,0,0.5886601661249549,0.29396894185626565,20,0.8544600938967135,3.1014806789454674,2.8855182376309134,0.812206572769953,1.0
2024-25,2024-12-11,League phase,Atlético Madrid,Slovan Bratislava,110,5,1.4272727272727272,0.9636363636363636,0.8,3.6,0.4909090909090909,0.0,0.6415094339622641,0.0,9,0,15,15,H,1,1,15,15,0.6272727272727272,2.6363636363636367,-2.172727272727273,-0.16363636363636358,0.4909090909090909,0.6415094339622641,9,105,0,0.4909090909090909,0.6415094339622641,9,0.6272727272727272,2.6363636363636367,9,0.4909090909090909,2.2272727272727275,4.5636363636363635,0.509090909090909,0.4
2024-25,2024-12-11,League phase,Benfica,Bologna,101,5,1.3366336633663367,1.495049504950495,0.2,1.4,0.36633663366336633,0.0,0.46,0.0,9,1,14,14,D,1,1,14,14,1.1366336633663368,-0.09504950495049513,-0.0633663366336632,-1.295049504950495,0.36633663366336633,0.46,8,96,0,0.36633663366336633,0.46,8,1.1366336633663368,0.09504950495049513,10,0.36633663366336633,1.5366336633663367,2.895049504950495,0.6336633663366337,0.4666666666666667
2024-25,2024-12-11,League phase,Dortmund,Barcelona,111,146,1.7207207207207207,1.2792792792792793,2.1301369863013697,1.0616438356164384,0.4774774774774775,0.6164383561643836,0.5714285714285714,0.4722222222222222,12,12,14,15,A,1,1,14,15,-0.40941626558064903,-0.21763544366284093,0.6590768851042823,0.8508577070220904,-0.1389608786869061,0.09920634920634919,0,-35,-1,0.1389608786869061,0.09920634920634919,0,0.40941626558064903,0.21763544366284093,24,1.093915833641861,3.85085770702209,2.340923114895718,0.8610391213130939,1.0
2024-25,2024-12-11,League phase,Feyenoord,Sparta Prague,17,5,1.411764705882353,2.176470588235294,1.0,2.8,0.29411764705882354,0.2,0.375,0.0,7,4,15,15,H,1,1,15,15,0.41176470588235303,0.6235294117647059,-1.3882352941176468,-1.176470588235294,0.09411764705882353,0.375,3,12,0,0.09411764705882353,0.375,3,0.41176470588235303,0.6235294117647059,11,0.49411764705882355,2.4117647058823533,4.976470588235294,0.9058823529411765,0.8
2024-25,2024-12-11,League phase,Juventus,Manchester City,105,130,1.542857142857143,1.0095238095238095,2.146153846153846,1.146153846153846,0.5238095238095238,0.5692307692307692,0.6037735849056604,0.47619047619047616,8,8,14,15,H,1,1,14,15,-0.6032967032967032,0.1366300366300366,0.39670329670329685,1.1366300366300366,-0.04542124542124537,0.1275831087151842,0,-25,-1,0.04542124542124537,0.1275831087151842,0,0.6032967032967032,0.1366300366300366,16,1.0930402930402932,3.6890109890109892,2.1556776556776556,0.9545787545787546,1.0
2024-25,2024-12-11,League phase,Lille,Sturm Graz,31,5,0.9354838709677419,1.4838709677419355,0.4,1.2,0.25806451612903225,0.2,0.13333333333333333,0.0,10,3,14,14,H,1,1,14,14,0.5354838709677419,-0.28387096774193554,-0.2645161290322581,-1.0838709677419356,0.05806451612903224,0.13333333333333333,7,26,0,0.05806451612903224,0.13333333333333333,7,0.5354838709677419,0.28387096774193554,13,0.45806451612903226,1.335483870967742,2.6838709677419352,0.9419354838709677,0.5333333333333333
2024-25,2024-12-11,League phase,Milan,Red Star,63,23,1.2222222222222223,1.2380952380952381,1.0434782608695652,3.0,0.3333333333333333,0.13043478260869565,0.3870967741935484,0.0,9,3,15,14,H,1,1,15,14,0.17874396135265713,1.7619047619047619,-1.7777777777777777,-0.19461697722567295,0.20289855072463767,0.3870967741935484,6,40,1,0.20289855072463767,0.3870967741935484,6,0.17874396135265713,1.7619047619047619,12,0.46376811594202894,2.2657004830917877,4.238095238095238,0.7971014492753623,0.6
2024-25,2024-12-11,League phase,Stuttgart,Young Boys,5,23,0.8,2.2,0.8695652173913043,2.347826086956522,0.2,0.13043478260869565,0.0,0.0,4,0,14,15,H,1,1,14,15,-0.06956521739130428,0.14782608695652177,-1.547826086956522,-1.330434782608696,0.06956521739130436,0.0,4,-18,-1,0.06956521739130436,0.0,4,0.06956521739130428,0.14782608695652177,4,0.33043478260869563,1.6695652173913045,4.547826086956523,0.9304347826086956,0.7333333333333334
2024-25,2025-01-21,League phase,Atalanta,Sturm Graz,29,6,1.8275862068965518,1.6206896551724137,0.6666666666666666,1.5,0.3793103448275862,0.16666666666666666,0.2,0.0,10,3,42,41,H,1,1,42,41,1.160919540229885,-0.1206896551724137,0.3275862068965518,-0.9540229885057471,0.21264367816091953,0.2,7,23,1,0.21264367816091953,0.2,7,1.160919540229885,0.1206896551724137,13,0.5459770114942528,2.4942528735632186,3.1206896551724137,0.7873563218390804,0.5333333333333333
2024-25,2025-01-21,League phase,Atlético Madrid,Leverkusen,111,56,1.4414414414414414,0.963963963963964,1.2857142857142858,1.4464285714285714,0.4954954954954955,0.35714285714285715,0.6481481481481481,0.17857142857142858,9,10,41,42,H,1,1,41,42,0.15572715572715556,0.4824646074646074,-0.004987129987130023,0.3217503217503218,0.13835263835263834,0.46957671957671954,-1,55,-1,0.13835263835263834,0.46957671957671954,1,0.15572715572715556,0.4824646074646074,19,0.8526383526383526,2.7271557271557274,2.4103925353925355,0.8616473616473617,0.9333333333333333
2024-25,2025-01-21,League phase,Benfica,Barcelona,102,147,1.3235294117647058,1.4803921568627452,2.1360544217687076,1.0680272108843538,0.3627450980392157,0.6190476190476191,0.45098039215686275,0.4794520547945205,7,15,41,41,A,1,1,41,41,-0.8125250100040018,-0.41236494597839135,0.255502200880352,0.6556622649059625,-0.2563025210084034,-0.02847166263765777,-8,-45,0,0.2563025210084034,0.02847166263765777,8,0.8125250100040018,0.41236494597839135,22,0.9817927170868348,3.4595838335334133,2.548419367747099,0.7436974789915967,0.4666666666666667
2024-25,2025-01-21,League phase,Bologna,Dortmund,6,112,0.16666666666666666,1.1666666666666667,1.7232142857142858,1.2946428571428572,0.0,0.4732142857142857,0.0,0.38181818181818183,1,9,41,41,H,1,1,41,41,-1.556547619047619,0.12797619047619047,-1.1279761904761905,0.5565476190476191,-0.4732142857142857,-0.38181818181818183,-8,-106,0,0.4732142857142857,0.38181818181818183,8,1.556547619047619,0.12797619047619047,10,0.4732142857142857,1.8898809523809526,2.4613095238095237,0.5267857142857143,0.4666666666666667
2024-25,2025-01-21,League phase,Club Brugge,Juventus,44,106,0.9090909090909091,1.8181818181818181,1.5471698113207548,1.0,0.22727272727272727,0.5283018867924528,0.22727272727272727,0.4423076923076923,10,8,42,41,D,1,1,42,41,-0.6380789022298458,-0.8181818181818181,-0.09090909090909094,-0.2710120068610633,-0.30102915951972553,-0.21503496503496503,2,-62,1,0.30102915951972553,0.21503496503496503,2,0.6380789022298458,0.8181818181818181,18,0.7555746140651801,2.456260720411664,2.8181818181818183,0.6989708404802745,0.8666666666666667
2024-25,2025-01-21,League phase,Liverpool,Lille,77,32,2.103896103896104,1.0649350649350648,1.0,1.5,0.6103896103896104,0.28125,0.6578947368421053,0.375,15,13,42,41,H,1,1,42,41,1.103896103896104,0.43506493506493515,0.6038961038961039,-0.06493506493506485,0.32913961038961037,0.2828947368421053,2,45,1,0.32913961038961037,0.2828947368421053,2,1.103896103896104,0.43506493506493515,28,0.8916396103896104,3.103896103896104,2.5649350649350646,0.6708603896103896,0.8666666666666667
2024-25,2025-01-21,League phase,Monaco,Aston Villa,40,6,1.225,1.625,1.5,0.5,0.325,0.6666666666666666,0.4,0.6666666666666666,7,10,41,42,H,1,1,41,42,-0.2749999999999999,-1.125,0.7250000000000001,-0.125,-0.3416666666666666,-0.2666666666666666,-3,34,-1,0.3416666666666666,0.2666666666666666,3,0.2749999999999999,1.125,17,0.9916666666666667,2.725,2.125,0.6583333333333334,0.8
2024-25,2025-01-21,League phase,Red Star,PSV,24,34,1.0416666666666667,2.9583333333333335,1.088235294117647,1.5294117647058822,0.125,0.20588235294117646,0.25,0.058823529411764705,3,8,41,42,A,1,1,41,42,-0.04656862745098023,-1.4289215686274512,-0.4877450980392155,-1.8700980392156865,-0.08088235294117646,0.19117647058823528,-5,-10,-1,0.08088235294117646,0.19117647058823528,5,0.04656862745098023,1.4289215686274512,11,0.33088235294117646,2.1299019607843137,4.487745098039216,0.9191176470588236,0.6666666666666667
2024-25,2025-01-21,League phase,Slovan Bratislava,Stuttgart,6,6,0.8333333333333334,3.5,1.5,2.0,0.0,0.3333333333333333,0.0,0.3333333333333333,0,7,41,41,A,1,1,41,41,-0.6666666666666666,-1.5,-1.1666666666666665,-2.0,-0.3333333333333333,-0.3333333333333333,-7,0,0,0.3333333333333333,0.3333333333333333,7,0.6666666666666666,1.5,7,0.3333333333333333,2.3333333333333335,5.5,0.6666666666666667,0.5333333333333333
2024-25,2025-01-22,League phase,Arsenal,Dinamo Zagreb,72,42,1.8611111111111112,1.2777777777777777,0.7380952380952381,2.4761904761904763,0.5277777777777778,0.11904761904761904,0.6666666666666666,0.09523809523809523,12,8,42,43,H,1,1,42,43,1.123015873015873,1.1984126984126986,-0.6150793650793651,-0.5396825396825395,0.4087301587301587,0.5714285714285714,4,30,-1,0.4087301587301587,0.5714285714285714,4,1.123015873015873,1.1984126984126986,20,0.6468253968253969,2.5992063492063493,3.753968253968254,0.5912698412698413,0.7333333333333334
2024-25,2025-01-22,League phase,Celtic,Young Boys,44,24,0.9318181818181818,2.2954545454545454,0.875,2.4583333333333335,0.18181818181818182,0.125,0.2727272727272727,0.0,6,0,43,42,H,1,1,43,42,0.05681818181818177,0.16287878787878807,-1.5265151515151518,-1.4204545454545454,0.05681818181818182,0.2727272727272727,6,20,1,0.05681818181818182,0.2727272727272727,6,0.05681818181818177,0.16287878787878807,6,0.3068181818181818,1.8068181818181817,4.753787878787879,0.9431818181818181,0.6
2024-25,2025-01-22,League phase,Feyenoord,Bayern Munich,18,159,1.5555555555555556,2.1666666666666665,2.4716981132075473,0.9685534591194969,0.3333333333333333,0.6918238993710691,0.4444444444444444,0.5925925925925926,10,9,42,43,H,1,1,42,43,-0.9161425576519917,-1.1981132075471697,0.5870020964360587,0.30503144654088077,-0.3584905660377358,-0.14814814814814814,1,-141,-1,0.3584905660377358,0.14814814814814814,1,0.9161425576519917,1.1981132075471697,19,1.0251572327044025,4.027253668763103,3.135220125786163,0.6415094339622642,0.9333333333333333
2024-25,2025-01-22,League phase,Milan,Girona,64,6,1.234375,1.234375,0.6666666666666666,1.6666666666666667,0.34375,0.16666666666666666,0.40625,0.0,12,3,42,43,H,1,1,42,43,0.5677083333333334,0.43229166666666674,-0.43229166666666674,-0.5677083333333334,0.17708333333333334,0.40625,9,58,-1,0.17708333333333334,0.40625,9,0.5677083333333334,0.43229166666666674,15,0.5104166666666666,1.9010416666666665,2.901041666666667,0.8229166666666666,0.4
2024-25,2025-01-22,League phase,Paris SG,Manchester City,121,131,2.024793388429752,1.115702479338843,2.1297709923664123,1.1526717557251909,0.5371900826446281,0.5648854961832062,0.6,0.46875,4,7,43,42,H,1,1,43,42,-0.10497760393666011,0.03696927638634784,0.8721216327045613,1.0140685130275693,-0.027695413538578073,0.13124999999999998,-3,-10,1,0.027695413538578073,0.13124999999999998,3,0.10497760393666011,0.03696927638634784,11,1.1020755788278342,4.154564380796165,2.2683742350640337,0.9723045864614219,0.8
2024-25,2025-01-22,League phase,RB Leipzig,Sporting CP,52,38,1.6538461538461537,1.8269230769230769,1.5263157894736843,1.6842105263157894,0.4230769230769231,0.34210526315789475,0.4444444444444444,0.21052631578947367,0,7,43,43,H,1,1,43,43,0.12753036437246945,-0.1427125506072875,-0.030364372469635637,-0.3006072874493926,0.08097165991902833,0.23391812865497075,-7,14,0,0.08097165991902833,0.23391812865497075,7,0.12753036437246945,0.1427125506072875,7,0.7651821862348178,3.1801619433198383,3.511133603238866,0.9190283400809717,0.5333333333333333
2024-25,2025-01-22,League phase,Real Madrid,RB Salzburg,172,38,2.2848837209302326,1.052325581395349,1.263157894736842,2.0789473684210527,0.6569767441860465,0.23684210526315788,0.7325581395348837,0.21052631578947367,6,3,43,43,H,1,1,43,43,1.0217258261933906,1.0266217870257037,0.20593635250917997,0.2108323133414931,0.4201346389228886,0.52203182374541,3,134,0,0.4201346389228886,0.52203182374541,3,1.0217258261933906,1.0266217870257037,9,0.8938188494492043,3.5480416156670747,3.1312729498164016,0.5798653610771114,0.8
2024-25,2025-01-22,League phase,Shakhtar D.,Brest,94,6,1.3297872340425532,1.7553191489361701,1.6666666666666667,1.0,0.3191489361702128,0.6666666666666666,0.3617021276595745,0.6666666666666666,3,10,43,43,H,1,1,43,43,-0.3368794326241136,-0.7553191489361701,0.32978723404255317,-0.0886524822695034,-0.34751773049645385,-0.30496453900709214,-7,88,0,0.34751773049645385,0.30496453900709214,7,0.3368794326241136,0.7553191489361701,13,0.9858156028368794,2.99645390070922,2.75531914893617,0.6524822695035462,0.5333333333333333
2024-25,2025-01-22,League phase,Sparta Prague,Inter,6,71,1.1666666666666667,3.0,1.352112676056338,1.1408450704225352,0.16666666666666666,0.4507042253521127,0.3333333333333333,0.3611111111111111,1,12,42,43,A,1,1,42,43,-0.18544600938967126,-1.8591549295774648,0.025821596244131495,-1.647887323943662,-0.284037558685446,-0.02777777777777779,-11,-65,-1,0.284037558685446,0.02777777777777779,11,0.18544600938967126,1.8591549295774648,13,0.6173708920187794,2.518779342723005,4.140845070422535,0.715962441314554,0.2666666666666667
2024-25,2025-01-29,League phase,Aston Villa,Celtic,7,45,1.2857142857142858,0.5714285714285714,0.9333333333333333,2.2444444444444445,0.5714285714285714,0.2,0.6666666666666666,0.09090909090909091,7,9,8,7,H,1,1,8,7,0.35238095238095246,1.673015873015873,-0.9587301587301587,0.36190476190476195,0.3714285714285714,0.5757575757575757,-2,-38,1,0.3714285714285714,0.5757575757575757,2,0.35238095238095246,1.673015873015873,16,0.7714285714285714,2.219047619047619,2.8158730158730156,0.6285714285714286,0.8666666666666667
2024-25,2025-01-29,League phase,Barcelona,Atalanta,148,30,2.1554054054054053,1.087837837837838,1.9333333333333333,1.5666666666666667,0.6216216216216216,0.4,0.7567567567567568,0.5714285714285714,15,10,8,8,D,1,1,8,8,0.2220720720720719,0.4788288288288287,0.5887387387387386,0.8454954954954954,0.22162162162162158,0.1853281853281854,5,118,0,0.22162162162162158,0.1853281853281854,5,0.2220720720720719,0.4788288288288287,25,1.0216216216216216,4.088738738738739,2.6545045045045046,0.7783783783783784,0.6666666666666667
2024-25,2025-01-29,League phase,Bayern Munich,Slovan Bratislava,160,7,2.45625,0.98125,0.8571428571428571,3.4285714285714284,0.6875,0.0,0.7948717948717948,0.0,9,0,7,8,H,1,1,7,8,1.5991071428571426,2.4473214285714286,-0.9723214285714286,-0.12410714285714286,0.6875,0.7948717948717948,9,153,-1,0.6875,0.7948717948717948,9,1.5991071428571426,2.4473214285714286,9,0.6875,3.313392857142857,4.409821428571428,0.3125,0.4
2024-25,2025-01-29,League phase,Brest,Real Madrid,7,173,1.4285714285714286,1.1428571428571428,2.300578034682081,1.0520231213872833,0.5714285714285714,0.6589595375722543,0.6666666666666666,0.5813953488372093,7,9,7,7,A,1,1,7,7,-0.8720066061106524,-0.09083402146985953,0.37654830718414534,1.1577208918249382,-0.08753096614368294,0.0852713178294573,-2,-166,0,0.08753096614368294,0.0852713178294573,2,0.8720066061106524,0.09083402146985953,16,1.2303881090008257,3.72914946325351,2.194880264244426,0.9124690338563171,0.8666666666666667
2024-25,2025-01-29,League phase,Dinamo Zagreb,Milan,43,65,0.7209302325581395,2.488372093023256,1.2307692307692308,1.2153846153846153,0.11627906976744186,0.35384615384615387,0.14285714285714285,0.28125,7,15,7,7,H,1,1,7,7,-0.5098389982110914,-1.2729874776386405,-0.4944543828264758,-1.257602862254025,-0.23756708407871202,-0.13839285714285715,-8,-22,0,0.23756708407871202,0.13839285714285715,8,0.5098389982110914,1.2729874776386405,22,0.4701252236135957,1.9516994633273703,3.7037567084078713,0.7624329159212879,0.4666666666666667
2024-25,2025-01-29,League phase,Dortmund,Shakhtar D.,113,95,1.7168141592920354,1.3008849557522124,1.3368421052631578,1.736842105263158,0.4690265486725664,0.3263157894736842,0.5614035087719298,0.2765957446808511,6,6,8,7,H,1,1,8,7,0.37997205402887757,0.43595714951094555,-0.020027945971122563,0.03595714951094542,0.14271075919888215,0.2848077640910787,0,18,1,0.14271075919888215,0.2848077640910787,0,0.37997205402887757,0.43595714951094555,12,0.7953423381462505,3.053656264555193,3.0377270610153704,0.8572892408011179,1.0
2024-25,2025-01-29,League phase,Girona,Arsenal,7,73,0.5714285714285714,1.5714285714285714,1.8767123287671232,1.2602739726027397,0.14285714285714285,0.5342465753424658,0.3333333333333333,0.3888888888888889,3,12,7,7,A,1,1,7,7,-1.3052837573385518,-0.31115459882583174,-0.6888454011741683,0.30528375733855184,-0.39138943248532293,-0.05555555555555558,-9,-66,0,0.39138943248532293,0.05555555555555558,9,1.3052837573385518,0.31115459882583174,15,0.6771037181996087,2.4481409001956944,2.831702544031311,0.6086105675146771,0.4
2024-25,2025-01-29,League phase,Inter,Monaco,72,41,1.3472222222222223,1.125,1.2195121951219512,1.5853658536585367,0.4583333333333333,0.34146341463414637,0.5428571428571428,0.25,12,9,7,8,H,1,1,7,8,0.12771002710027113,0.46036585365853666,-0.23814363143631434,0.09451219512195119,0.11686991869918695,0.2928571428571428,3,31,-1,0.11686991869918695,0.2928571428571428,3,0.12771002710027113,0.46036585365853666,21,0.7997967479674797,2.5667344173441737,2.7103658536585367,0.883130081300813,0.8
2024-25,2025-01-29,League phase,Juventus,Benfica,107,103,1.5327102803738317,0.9906542056074766,1.3495145631067962,1.5145631067961165,0.5233644859813084,0.3592233009708738,0.6111111111111112,0.27450980392156865,6,4,8,8,A,1,1,8,8,0.18319571726703554,0.5239089011886399,0.018147173577715225,0.35886035749931955,0.16414118501043456,0.3366013071895425,2,4,0,0.16414118501043456,0.3366013071895425,2,0.18319571726703554,0.5239089011886399,10,0.8825877869521821,2.882224843480628,2.5052173124035932,0.8358588149895654,0.8666666666666667
2024-25,2025-01-29,League phase,Leverkusen,Sparta Prague,57,7,1.280701754385965,1.456140350877193,1.0,2.7142857142857144,0.3508771929824561,0.14285714285714285,0.5357142857142857,0.0,7,0,8,7,H,1,1,8,7,0.2807017543859649,1.2581453634085213,-1.4335839598997495,-0.45614035087719307,0.20802005012531327,0.5357142857142857,7,50,1,0.20802005012531327,0.5357142857142857,7,0.2807017543859649,1.2581453634085213,7,0.49373433583959897,2.280701754385965,4.170426065162907,0.7919799498746867,0.5333333333333333
2024-25,2025-01-29,League phase,Lille,Feyenoord,33,19,1.0,1.5151515151515151,1.631578947368421,2.0526315789473686,0.2727272727272727,0.3684210526315789,0.1875,0.2222222222222222,10,10,8,7,H,1,1,8,7,-0.631578947368421,0.5374800637958534,-1.0526315789473686,0.11642743221690588,-0.09569377990430622,-0.03472222222222221,0,14,1,0.09569377990430622,0.03472222222222221,0,0.631578947368421,0.5374800637958534,20,0.6411483253588517,2.6315789473684212,3.5677830940988837,0.9043062200956937,1.0
2024-25,2025-01-29,League phase,Manchester City,Club Brugge,132,45,2.128787878787879,1.1742424242424243,0.8888888888888888,1.7777777777777777,0.5606060606060606,0.2222222222222222,0.6567164179104478,0.22727272727272727,4,8,7,8,H,1,1,7,8,1.23989898989899,0.6035353535353534,0.3510101010101012,-0.28535353535353547,0.33838383838383834,0.4294436906377205,-4,87,-1,0.33838383838383834,0.4294436906377205,4,1.23989898989899,0.6035353535353534,12,0.7828282828282828,3.0176767676767677,2.952020202020202,0.6616161616161617,0.7333333333333334
2024-25,2025-01-29,League phase,PSV,Liverpool,35,78,1.1428571428571428,1.542857142857143,2.1025641025641026,1.064102564102564,0.22857142857142856,0.6153846153846154,0.35294117647058826,0.5641025641025641,10,15,8,8,H,1,1,8,8,-0.9597069597069599,-0.47875457875457883,0.0787545787545787,0.5597069597069597,-0.3868131868131869,-0.21116138763197584,-5,-43,0,0.3868131868131869,0.21116138763197584,5,0.9597069597069599,0.47875457875457883,25,0.843956043956044,3.2454212454212454,2.606959706959707,0.6131868131868131,0.6666666666666667
2024-25,2025-01-29,League phase,RB Salzburg,Atlético Madrid,39,112,1.2564102564102564,2.1538461538461537,1.4464285714285714,0.9642857142857143,0.23076923076923078,0.5,0.2631578947368421,0.3508771929824561,3,12,7,8,A,1,1,7,8,-0.190018315018315,-1.1895604395604393,0.2921245421245421,-0.7074175824175823,-0.2692307692307692,-0.08771929824561403,-9,-73,-1,0.2692307692307692,0.08771929824561403,9,0.190018315018315,1.1895604395604393,15,0.7307692307692308,2.7028388278388276,3.118131868131868,0.7307692307692308,0.4
2024-25,2025-01-29,League phase,Sporting CP,Bologna,39,7,1.5128205128205128,1.6923076923076923,0.42857142857142855,1.1428571428571428,0.3333333333333333,0.14285714285714285,0.47368421052631576,0.0,6,4,7,8,D,1,1,7,8,1.0842490842490842,-0.5494505494505495,0.36996336996337,-1.2637362637362637,0.19047619047619047,0.47368421052631576,2,32,-1,0.19047619047619047,0.47368421052631576,2,1.0842490842490842,0.5494505494505495,10,0.47619047619047616,1.9413919413919414,2.835164835164835,0.8095238095238095,0.8666666666666667
2024-25,2025-01-29,League phase,Sturm Graz,RB Leipzig,7,53,0.5714285714285714,2.0,1.6603773584905661,1.8113207547169812,0.14285714285714285,0.4339622641509434,0.3333333333333333,0.4,3,3,8,7,H,1,1,8,7,-1.0889487870619947,-0.18867924528301883,-1.2398921832884098,-0.3396226415094339,-0.29110512129380056,-0.06666666666666671,0,-46,1,0.29110512129380056,0.06666666666666671,0,1.0889487870619947,0.18867924528301883,6,0.5768194070080863,2.2318059299191377,3.811320754716981,0.7088948787061995,1.0
2024-25,2025-01-29,League phase,Stuttgart,Paris SG,7,122,1.7142857142857142,1.8571428571428572,2.040983606557377,1.1229508196721312,0.42857142857142855,0.5409836065573771,0.3333333333333333,0.47540983606557374,9,7,8,7,A,1,1,8,7,-0.3266978922716628,-0.734192037470726,0.591334894613583,0.18384074941451978,-0.11241217798594855,-0.14207650273224043,2,-115,1,0.11241217798594855,0.14207650273224043,2,0.3266978922716628,0.734192037470726,16,0.9695550351288056,3.755269320843091,2.980093676814988,0.8875878220140514,0.8666666666666667
2024-25,2025-01-29,League phase,Young Boys,Red Star,25,25,0.84,2.4,1.08,2.96,0.12,0.12,0.25,0.0,0,3,7,8,A,1,1,7,8,-0.2400000000000001,0.56,-2.12,-1.3199999999999998,0.0,0.25,-3,0,-1,0.0,0.25,3,0.2400000000000001,0.56,3,0.24,1.92,5.359999999999999,1.0,0.8
2024-25,2025-02-11,Knockout phase play-offs,Brest,Paris SG,8,123,1.25,1.375,2.0569105691056913,1.1219512195121952,0.5,0.5447154471544715,0.5,0.4838709677419355,6,9,13,13,A,1,1,13,13,-0.8069105691056913,-0.25304878048780477,0.12804878048780477,0.6819105691056913,-0.04471544715447151,0.016129032258064502,-3,-115,0,0.04471544715447151,0.016129032258064502,3,0.8069105691056913,0.25304878048780477,15,1.0447154471544715,3.3069105691056913,2.4969512195121952,0.9552845528455285,0.8
2024-25,2025-02-11,Knockout phase play-offs,Juventus,PSV,108,36,1.5185185185185186,1.0,1.1944444444444444,1.5555555555555556,0.5185185185185185,0.25,0.6,0.1111111111111111,6,12,13,13,H,1,1,13,13,0.3240740740740742,0.5555555555555556,-0.03703703703703698,0.19444444444444442,0.2685185185185185,0.4888888888888889,-6,72,0,0.2685185185185185,0.4888888888888889,6,0.3240740740740742,0.5555555555555556,18,0.7685185185185185,2.712962962962963,2.5555555555555554,0.7314814814814815,0.6
2024-25,2025-02-11,Knockout phase play-offs,Manchester City,Real Madrid,133,174,2.1353383458646618,1.1729323308270676,2.3045977011494254,1.0459770114942528,0.5639097744360902,0.6609195402298851,0.6617647058823529,0.5862068965517241,4,9,13,13,A,1,1,13,13,-0.16925935528476366,-0.1269553193328148,1.089361334370409,1.1316653703223578,-0.09700976579379483,0.07555780933062883,-5,-41,0,0.09700976579379483,0.07555780933062883,5,0.16925935528476366,0.1269553193328148,13,1.2248293146659752,4.439936047014087,2.2189093423213206,0.9029902342062052,0.6666666666666667
2024-25,2025-02-11,Knockout phase play-offs,Sporting CP,Dortmund,40,114,1.5,1.675,1.7280701754385965,1.2982456140350878,0.325,0.47368421052631576,0.45,0.375,4,9,13,13,A,1,1,13,13,-0.22807017543859653,-0.3767543859649123,0.20175438596491224,0.05307017543859649,-0.14868421052631575,0.07500000000000001,-5,-74,0,0.14868421052631575,0.07500000000000001,5,0.22807017543859653,0.3767543859649123,13,0.7986842105263158,3.2280701754385968,2.973245614035088,0.8513157894736842,0.6666666666666667
2024-25,2025-02-12,Knockout phase play-offs,Celtic,Bayern Munich,46,161,0.9565217391304348,2.282608695652174,2.459627329192547,0.9813664596273292,0.1956521739130435,0.6894409937888198,0.30434782608695654,0.5853658536585366,8,12,14,14,A,1,1,14,14,-1.503105590062112,-1.3012422360248448,-0.024844720496894346,0.17701863354037295,-0.4937888198757764,-0.28101802757158,-4,-115,0,0.4937888198757764,0.28101802757158,4,1.503105590062112,1.3012422360248448,20,0.8850931677018633,3.416149068322982,3.263975155279503,0.5062111801242236,0.7333333333333334
2024-25,2025-02-12,Knockout phase play-offs,Club Brugge,Atalanta,46,31,0.8913043478260869,1.8043478260869565,1.935483870967742,1.5806451612903225,0.21739130434782608,0.3870967741935484,0.21739130434782608,0.5333333333333333,8,10,14,14,H,1,1,14,14,-1.044179523141655,-0.22370266479663403,-0.6893408134642356,0.13113604488078545,-0.1697054698457223,-0.3159420289855073,-2,15,0,0.1697054698457223,0.3159420289855073,2,1.044179523141655,0.22370266479663403,18,0.6044880785413744,2.826788218793829,3.384992987377279,0.8302945301542777,0.8666666666666667
2024-25,2025-02-12,Knockout phase play-offs,Feyenoord,Milan,20,66,1.6,2.25,1.2272727272727273,1.2272727272727273,0.35,0.3484848484848485,0.5,0.2727272727272727,7,12,14,14,H,1,1,14,14,0.3727272727272728,-1.0227272727272727,0.3727272727272728,-1.0227272727272727,0.0015151515151514694,0.2272727272727273,-5,-46,0,0.0015151515151514694,0.2272727272727273,5,0.3727272727272728,1.0227272727272727,19,0.6984848484848485,2.827272727272727,3.4772727272727275,0.9984848484848485,0.6666666666666667
2024-25,2025-02-12,Knockout phase play-offs,Monaco,Benfica,42,104,1.1904761904761905,1.619047619047619,1.3557692307692308,1.5,0.3333333333333333,0.36538461538461536,0.42857142857142855,0.28846153846153844,6,7,14,14,A,1,1,14,14,-0.16529304029304037,-0.11904761904761907,-0.30952380952380953,-0.26327838827838823,-0.03205128205128205,0.1401098901098901,-1,-62,0,0.03205128205128205,0.1401098901098901,1,0.16529304029304037,0.11904761904761907,13,0.6987179487179487,2.5462454212454215,3.119047619047619,0.967948717948718,0.9333333333333333
2024-25,2025-02-18,Knockout phase play-offs,Atalanta,Club Brugge,32,47,1.90625,1.59375,0.9148936170212766,1.7872340425531914,0.375,0.23404255319148937,0.25,0.21739130434782608,7,8,6,6,A,1,1,6,6,0.9913563829787234,0.1934840425531914,0.1190159574468086,-0.6788563829787234,0.14095744680851063,0.03260869565217392,-1,-15,0,0.14095744680851063,0.03260869565217392,1,0.9913563829787234,0.1934840425531914,15,0.6090425531914894,2.8211436170212765,3.3809840425531914,0.8590425531914894,0.9333333333333333
2024-25,2025-02-18,Knockout phase play-offs,Bayern Munich,Celtic,162,47,2.45679012345679,0.9814814814814815,0.9574468085106383,2.276595744680851,0.691358024691358,0.19148936170212766,0.7974683544303798,0.08695652173913043,12,5,6,6,D,1,1,6,6,1.4993433149461515,1.2951142631993697,0.1801943787759388,-0.024034672970843163,0.49986866298923033,0.7105118326912494,7,115,0,0.49986866298923033,0.7105118326912494,7,1.4993433149461515,1.2951142631993697,17,0.8828473863934856,3.4142369319674284,3.2580772261623325,0.5001313370107696,0.5333333333333333
2024-25,2025-02-18,Knockout phase play-offs,Benfica,Monaco,105,43,1.3523809523809525,1.4857142857142858,1.1627906976744187,1.6046511627906976,0.37142857142857144,0.32558139534883723,0.4423076923076923,0.23809523809523808,10,3,6,6,D,1,1,6,6,0.1895902547065338,0.11893687707641187,-0.2522702104097452,-0.3229235880398671,0.04584717607973421,0.2042124542124542,7,62,0,0.04584717607973421,0.2042124542124542,7,0.1895902547065338,0.11893687707641187,13,0.6970099667774087,2.515171650055371,3.0903654485049836,0.9541528239202658,0.5333333333333333
2024-25,2025-02-18,Knockout phase play-offs,Milan,Feyenoord,67,21,1.208955223880597,1.2238805970149254,1.5714285714285714,2.142857142857143,0.34328358208955223,0.38095238095238093,0.42424242424242425,0.2,9,10,6,6,D,1,1,6,6,-0.36247334754797444,0.9189765458422174,-0.9339019189765458,0.34754797441364604,-0.0376687988628287,0.22424242424242424,-1,46,0,0.0376687988628287,0.22424242424242424,1,0.36247334754797444,0.9189765458422174,19,0.7242359630419332,2.7803837953091683,3.366737739872068,0.9623312011371713,0.9333333333333333
2024-25,2025-02-19,Knockout phase play-offs,Dortmund,Sporting CP,115,41,1.7391304347826086,1.2869565217391303,1.4634146341463414,1.7073170731707317,0.4782608695652174,0.3170731707317073,0.5689655172413793,0.2,9,1,8,8,D,1,1,8,8,0.2757158006362672,0.42036055143160134,0.03181336161187698,0.1764581124072111,0.16118769883351008,0.3689655172413793,8,74,0,0.16118769883351008,0.3689655172413793,8,0.2757158006362672,0.42036055143160134,10,0.7953340402969247,3.2025450689289503,2.994273594909862,0.8388123011664899,0.4666666666666667
2024-25,2025-02-19,Knockout phase play-offs,PSV,Juventus,37,109,1.1891891891891893,1.5675675675675675,1.5229357798165137,1.0,0.24324324324324326,0.5229357798165137,0.3888888888888889,0.4339622641509434,9,8,8,8,H,1,1,8,8,-0.3337465906273245,-0.5675675675675675,0.18918918918918926,-0.04463178775105381,-0.2796925365732705,-0.045073375262054516,1,-72,0,0.2796925365732705,0.045073375262054516,1,0.3337465906273245,0.5675675675675675,17,0.7661790230597569,2.712124969005703,2.5675675675675675,0.7203074634267295,0.9333333333333333
2024-25,2025-02-19,Knockout phase play-offs,Paris SG,Brest,124,9,2.064516129032258,1.1129032258064515,1.1111111111111112,1.5555555555555556,0.5483870967741935,0.4444444444444444,0.6065573770491803,0.5,12,3,8,8,H,1,1,8,8,0.9534050179211468,0.44265232974910407,0.5089605734767024,-0.0017921146953403522,0.10394265232974909,0.10655737704918034,9,115,0,0.10394265232974909,0.10655737704918034,9,0.9534050179211468,0.44265232974910407,15,0.9928315412186379,3.175627240143369,2.6684587813620073,0.8960573476702509,0.4
2024-25,2025-02-19,Knockout phase play-offs,Real Madrid,Manchester City,175,134,2.3085714285714287,1.0514285714285714,2.1343283582089554,1.1865671641791045,0.6628571428571428,0.5597014925373134,0.735632183908046,0.46153846153846156,12,4,8,8,H,1,1,8,8,0.17424307036247333,0.13513859275053308,1.1220042643923243,1.082899786780384,0.10315565031982943,0.2740937223695844,8,41,0,0.10315565031982943,0.2740937223695844,8,0.17424307036247333,0.13513859275053308,16,1.2225586353944562,4.442899786780384,2.237995735607676,0.8968443496801706,0.4666666666666667
2024-25,2025-03-04,Round of 16,Club Brugge,Aston Villa,48,8,0.9583333333333334,1.7708333333333333,1.625,0.75,0.25,0.625,0.25,0.5,10,7,14,34,A,1,1,14,34,-0.6666666666666666,-1.0208333333333333,0.20833333333333337,-0.14583333333333326,-0.375,-0.25,3,40,-20,0.375,0.25,3,0.6666666666666666,1.0208333333333333,17,0.875,2.5833333333333335,2.520833333333333,0.625,0.8
2024-25,2025-03-04,Round of 16,Dortmund,Lille,116,34,1.7241379310344827,1.2758620689655173,1.1470588235294117,1.5,0.47413793103448276,0.29411764705882354,0.559322033898305,0.35294117647058826,7,10,13,34,D,1,1,13,34,0.577079107505071,0.22413793103448265,0.22413793103448265,-0.12880324543610566,0.18002028397565922,0.20638085742771678,-3,82,-21,0.18002028397565922,0.20638085742771678,3,0.577079107505071,0.22413793103448265,17,0.7682555780933062,2.8711967545638943,2.7758620689655173,0.8199797160243407,0.8
2024-25,2025-03-04,Round of 16,PSV,Arsenal,38,74,1.236842105263158,1.5526315789473684,1.8783783783783783,1.2567567567567568,0.2631578947368421,0.5405405405405406,0.42105263157894735,0.40540540540540543,9,12,13,34,A,1,1,13,34,-0.6415362731152203,-0.29587482219061156,-0.019914651493598834,0.3257467994310099,-0.2773826458036985,0.015647226173541917,-3,-36,-21,0.2773826458036985,0.015647226173541917,3,0.6415362731152203,0.29587482219061156,21,0.8036984352773826,3.1152204836415365,2.809388335704125,0.7226173541963015,0.8
2024-25,2025-03-04,Round of 16,Real Madrid,Atlético Madrid,176,113,2.3125,1.0511363636363635,1.4690265486725664,0.9646017699115044,0.6647727272727273,0.504424778761062,0.7386363636363636,0.3620689655172414,15,15,13,34,H,1,1,13,34,0.8434734513274336,-0.08653459372485917,1.3478982300884956,0.4178901850362029,0.16034794851166534,0.37656739811912227,0,63,-21,0.16034794851166534,0.37656739811912227,0,0.8434734513274336,0.08653459372485917,30,1.1691975060337891,3.7815265486725664,2.0157381335478677,0.8396520514883347,1.0
2024-25,2025-03-05,Round of 16,Bayern Munich,Leverkusen,163,58,2.4478527607361964,0.9815950920245399,1.293103448275862,1.4310344827586208,0.6871165644171779,0.3620689655172414,0.7875,0.1724137931034483,10,9,15,35,H,1,1,15,35,1.1547493124603343,0.4494393907340809,1.0168182779775756,0.3115083562513222,0.32504759889993656,0.6150862068965517,1,105,-20,0.32504759889993656,0.6150862068965517,1,1.1547493124603343,0.4494393907340809,19,1.0491855299344193,3.7409562090120585,2.4126295747831605,0.6749524011000634,0.9333333333333333
2024-25,2025-03-05,Round of 16,Benfica,Barcelona,106,149,1.3679245283018868,1.5,2.1543624161073827,1.0939597315436242,0.36792452830188677,0.6174496644295302,0.4339622641509434,0.4864864864864865,8,13,15,35,A,1,1,15,35,-0.7864378878054958,-0.40604026845637575,0.2739647967582626,0.6543624161073827,-0.24952513612764343,-0.0525242223355431,-5,-43,-20,0.24952513612764343,0.0525242223355431,5,0.7864378878054958,0.40604026845637575,21,0.985374192731417,3.5222869444092693,2.5939597315436242,0.7504748638723566,0.6666666666666667
2024-25,2025-03-05,Round of 16,Feyenoord,Inter,22,73,1.5454545454545454,2.090909090909091,1.36986301369863,1.1095890410958904,0.36363636363636365,0.4657534246575342,0.5454545454545454,0.3783783783783784,10,12,15,35,A,1,1,15,35,0.17559153175591535,-0.9813200498132004,0.435865504358655,-0.7210460772104608,-0.10211706102117057,0.16707616707616701,-2,-51,-20,0.10211706102117057,0.16707616707616701,2,0.17559153175591535,0.9813200498132004,22,0.8293897882938979,2.9153175591531753,3.2004981320049812,0.8978829389788294,0.8666666666666667
2024-25,2025-03-05,Round of 16,Paris SG,Liverpool,125,79,2.104,1.104,2.1012658227848102,1.0886075949367089,0.552,0.6075949367088608,0.6129032258064516,0.55,15,12,14,35,A,1,1,14,35,0.0027341772151898702,-0.015392405063291204,1.0153924050632912,0.9972658227848101,-0.05559493670886073,0.06290322580645158,3,46,-21,0.05559493670886073,0.06290322580645158,3,0.0027341772151898702,0.015392405063291204,27,1.159594936708861,4.20526582278481,2.192607594936709,0.9444050632911393,0.8
2024-25,2025-03-11,Round of 16,Barcelona,Benfica,150,107,2.1466666666666665,1.0866666666666667,1.355140186915888,1.4953271028037383,0.62,0.3644859813084112,0.7466666666666667,0.3018867924528302,13,7,6,6,H,1,1,6,6,0.7915264797507786,0.4086604361370716,0.6513395638629282,0.2684735202492212,0.2555140186915888,0.4447798742138365,6,43,0,0.2555140186915888,0.4447798742138365,6,0.7915264797507786,0.4086604361370716,20,0.9844859813084113,3.501806853582554,2.581993769470405,0.7444859813084113,0.6
2024-25,2025-03-11,Round of 16,Inter,Feyenoord,74,23,1.3783783783783783,1.0945945945945945,1.4782608695652173,2.0869565217391304,0.47297297297297297,0.34782608695652173,0.5555555555555556,0.18181818181818182,12,7,6,6,H,1,1,6,6,-0.099882491186839,0.9923619271445359,-0.7085781433607521,0.3836662749706228,0.12514688601645124,0.37373737373737376,5,51,0,0.12514688601645124,0.37373737373737376,5,0.099882491186839,0.9923619271445359,19,0.8207990599294948,2.856639247943596,3.1815511163337247,0.8748531139835487,0.6666666666666667
2024-25,2025-03-11,Round of 16,Leverkusen,Bayern Munich,59,164,1.271186440677966,1.4576271186440677,2.451219512195122,0.975609756097561,0.3559322033898305,0.6890243902439024,0.5517241379310345,0.5903614457831325,9,10,6,6,A,1,1,6,6,-1.1800330715171559,-0.48201736254650673,0.2955766845804051,0.9935923935510542,-0.3330921868540719,-0.03863730785209807,-1,-105,0,0.3330921868540719,0.03863730785209807,1,1.1800330715171559,0.48201736254650673,19,1.0449565936337328,3.722405952873088,2.4332368747416284,0.6669078131459281,0.9333333333333333
2024-25,2025-03-11,Round of 16,Liverpool,Paris SG,80,126,2.0875,1.075,2.0873015873015874,1.1031746031746033,0.6125,0.5476190476190477,0.6666666666666666,0.49206349206349204,12,12,6,6,A,1,1,6,6,0.00019841269841247566,0.028174603174603297,0.9843253968253967,1.0123015873015875,0.06488095238095237,0.1746031746031746,0,-46,0,0.06488095238095237,0.1746031746031746,0,0.00019841269841247566,0.028174603174603297,24,1.1601190476190477,4.174801587301587,2.178174603174603,0.9351190476190476,1.0
2024-25,2025-03-12,Round of 16,Arsenal,PSV,75,39,1.9466666666666668,1.2533333333333334,1.2307692307692308,1.6923076923076923,0.5466666666666666,0.2564102564102564,0.6756756756756757,0.10526315789473684,15,9,8,8,D,1,1,8,8,0.7158974358974359,0.4389743589743589,0.2543589743589745,-0.022564102564102573,0.29025641025641025,0.5704125177809388,6,36,0,0.29025641025641025,0.5704125177809388,6,0.7158974358974359,0.4389743589743589,24,0.803076923076923,3.1774358974358976,2.9456410256410255,0.7097435897435898,0.6
2024-25,2025-03-12,Round of 16,Aston Villa,Club Brugge,9,49,1.7777777777777777,0.7777777777777778,0.9591836734693877,1.7959183673469388,0.6666666666666666,0.24489795918367346,0.75,0.25,10,7,8,8,H,1,1,8,8,0.81859410430839,1.0181405895691609,-0.018140589569161092,0.18140589569160992,0.42176870748299317,0.5,3,-40,0,0.42176870748299317,0.5,3,0.81859410430839,1.0181405895691609,17,0.91156462585034,2.7369614512471654,2.5736961451247167,0.5782312925170068,0.8
2024-25,2025-03-12,Round of 16,Atlético Madrid,Real Madrid,114,177,1.4649122807017543,0.9736842105263158,2.310734463276836,1.0508474576271187,0.5,0.6666666666666666,0.6545454545454545,0.5909090909090909,12,15,8,8,H,1,1,8,8,-0.8458221825750818,0.07716324710080291,0.41406482307463555,1.3370502527505201,-0.16666666666666663,0.0636363636363636,-3,-63,0,0.16666666666666663,0.0636363636363636,3,0.8458221825750818,0.07716324710080291,27,1.1666666666666665,3.7756467439785903,2.0245316681534344,0.8333333333333334,0.8
2024-25,2025-03-12,Round of 16,Lille,Dortmund,35,117,1.1428571428571428,1.4857142857142858,1.7179487179487178,1.2735042735042734,0.2857142857142857,0.4700854700854701,0.23529411764705882,0.38596491228070173,10,8,8,8,A,1,1,8,8,-0.575091575091575,-0.21221001221001234,-0.13064713064713063,0.23223443223443208,-0.18437118437118438,-0.1506707946336429,2,-82,0,0.18437118437118438,0.1506707946336429,2,0.575091575091575,0.21221001221001234,18,0.7557997557997558,2.8608058608058604,2.759218559218559,0.8156288156288156,0.8666666666666667
2024-25,2025-04-08,Quarter-finals,Arsenal,Real Madrid,76,178,1.9473684210526316,1.263157894736842,2.297752808988764,1.050561797752809,0.5394736842105263,0.6629213483146067,0.6578947368421053,0.5842696629213483,13,12,27,27,H,1,1,27,27,-0.35038438793613236,-0.21259609698403303,0.8968066232998226,1.034594914251922,-0.12344766410408037,0.07362507392075701,1,-102,0,0.12344766410408037,0.07362507392075701,1,0.35038438793613236,0.21259609698403303,25,1.202395032525133,4.245121230041396,2.3137196924896513,0.8765523358959196,0.9333333333333333
2024-25,2025-04-08,Quarter-finals,Bayern Munich,Inter,165,75,2.4484848484848483,0.9696969696969697,1.3866666666666667,1.0933333333333333,0.6909090909090909,0.48,0.7901234567901234,0.39473684210526316,13,12,28,28,A,1,1,28,28,1.0618181818181816,0.12363636363636354,1.355151515151515,0.416969696969697,0.21090909090909093,0.39538661468486025,1,90,0,0.21090909090909093,0.39538661468486025,1,1.0618181818181816,0.12363636363636354,25,1.170909090909091,3.835151515151515,2.063030303030303,0.7890909090909091,0.9333333333333333
2024-25,2025-04-09,Quarter-finals,Barcelona,Dortmund,151,118,2.152317880794702,1.086092715231788,1.7203389830508475,1.271186440677966,0.6225165562913907,0.4745762711864407,0.75,0.39655172413793105,13,11,29,28,H,1,1,29,28,0.43197889774385456,0.18509372544617797,0.881131440116736,0.6342462678190595,0.14794028510495,0.35344827586206895,2,33,1,0.14794028510495,0.35344827586206895,2,0.43197889774385456,0.18509372544617797,24,1.0970928274778313,3.87265686384555,2.357279155909754,0.85205971489505,0.8666666666666667
2024-25,2025-04-09,Quarter-finals,Paris SG,Aston Villa,127,10,2.078740157480315,1.094488188976378,1.9,0.7,0.5511811023622047,0.7,0.6031746031746031,0.6,12,12,29,28,H,1,1,29,28,0.1787401574803149,-0.39448818897637805,1.3787401574803149,0.8055118110236219,-0.1488188976377952,0.0031746031746031633,0,117,1,0.1488188976377952,0.0031746031746031633,0,0.1787401574803149,0.39448818897637805,24,1.2511811023622048,3.9787401574803147,1.794488188976378,0.8511811023622048,1.0
2024-25,2025-04-15,Quarter-finals,Aston Villa,Paris SG,11,128,1.8181818181818181,0.9090909090909091,2.0859375,1.09375,0.6363636363636364,0.5546875,0.8,0.5,9,12,6,6,H,1,1,6,6,-0.2677556818181819,0.18465909090909094,0.7244318181818181,1.1768465909090908,0.08167613636363635,0.30000000000000004,-3,-117,0,0.08167613636363635,0.30000000000000004,3,0.2677556818181819,0.18465909090909094,21,1.1910511363636362,3.9041193181818183,2.002840909090909,0.9183238636363636,0.8
2024-25,2025-04-15,Quarter-finals,Dortmund,Barcelona,119,152,1.7058823529411764,1.2941176470588236,2.164473684210526,1.0789473684210527,0.47058823529411764,0.625,0.55,0.49333333333333335,8,13,6,6,H,1,1,6,6,-0.4585913312693497,-0.21517027863777094,0.6269349845201238,0.8703560371517025,-0.15441176470588236,0.0566666666666667,-5,-33,0,0.15441176470588236,0.0566666666666667,5,0.4585913312693497,0.21517027863777094,21,1.0955882352941178,3.8703560371517023,2.3730650154798765,0.8455882352941176,0.6666666666666667
2024-25,2025-04-16,Quarter-finals,Inter,Bayern Munich,76,166,1.394736842105263,1.0921052631578947,2.4397590361445785,0.9759036144578314,0.4868421052631579,0.6867469879518072,0.5675675675675675,0.5952380952380952,15,10,8,8,D,1,1,8,8,-1.0450221940393154,-0.11620164870006333,0.4188332276474317,1.3476537729866838,-0.1999048826886493,-0.02767052767052769,5,-90,0,0.1999048826886493,0.02767052767052769,5,1.0450221940393154,0.11620164870006333,25,1.173589093214965,3.8344958782498413,2.068008877615726,0.8000951173113506,0.6666666666666667
2024-25,2025-04-16,Quarter-finals,Real Madrid,Arsenal,179,77,2.2849162011173183,1.0614525139664805,1.9610389610389611,1.2467532467532467,0.659217877094972,0.5454545454545454,0.7415730337078652,0.42105263157894735,9,13,8,8,A,1,1,8,8,0.32387724007835716,0.18530073278676618,1.0381629543640716,0.8995864470724806,0.11376333164042662,0.32052040212891786,-4,102,0,0.11376333164042662,0.32052040212891786,4,0.32387724007835716,0.18530073278676618,22,1.2046724225495176,4.24595516215628,2.3082057607197273,0.8862366683595734,0.7333333333333334
2024-25,2025-04-29,Semi-finals,Arsenal,Paris SG,78,129,1.9615384615384615,1.2435897435897436,2.0852713178294575,1.1085271317829457,0.5512820512820513,0.5503875968992248,0.6666666666666666,0.49230769230769234,13,9,13,14,A,1,1,13,14,-0.12373285629099606,-0.1350626118067979,0.8530113297555157,0.8416815742397139,0.0008944543828265372,0.1743589743589743,4,-51,-1,0.0008944543828265372,0.1743589743589743,4,0.12373285629099606,0.1350626118067979,22,1.101669648181276,4.046809779367919,2.3521168753726895,0.9991055456171735,0.7333333333333334
2024-25,2025-04-30,Semi-finals,Barcelona,Inter,153,77,2.156862745098039,1.091503267973856,1.4025974025974026,1.103896103896104,0.6209150326797386,0.4805194805194805,0.7532467532467533,0.41025641025641024,10,13,15,14,D,1,1,15,14,0.7542653425006365,0.012392835922247825,1.0529666412019352,0.3110941346235465,0.14039555216025806,0.34299034299034303,-3,76,1,0.14039555216025806,0.34299034299034303,3,0.7542653425006365,0.012392835922247825,23,1.1014345131992191,3.5594601476954417,2.19539937186996,0.859604447839742,0.8
2024-25,2025-05-06,Semi-finals,Inter,Barcelona,78,154,1.4230769230769231,1.1282051282051282,2.1623376623376624,1.103896103896104,0.47435897435897434,0.6168831168831169,0.5526315789473685,0.4868421052631579,11,10,6,6,H,1,1,6,6,-0.7392607392607393,-0.024309024309024263,0.3191808191808192,1.0341325341325343,-0.14252414252414258,0.06578947368421056,1,-76,0,0.14252414252414258,0.06578947368421056,1,0.7392607392607393,0.024309024309024263,21,1.0912420912420913,3.5854145854145854,2.232101232101232,0.8574758574758574,0.9333333333333333
2024-25,2025-05-07,Semi-finals,Paris SG,Arsenal,130,79,2.076923076923077,1.1,1.9367088607594938,1.240506329113924,0.5538461538461539,0.5443037974683544,0.609375,0.4358974358974359,9,10,8,8,H,1,1,8,8,0.14021421616358332,0.1405063291139239,0.8364167478091531,0.8367088607594937,0.009542356377799432,0.1734775641025641,-1,51,0,0.009542356377799432,0.1734775641025641,1,0.14021421616358332,0.1405063291139239,19,1.0981499513145083,4.013631937682571,2.340506329113924,0.9904576436222006,0.9333333333333333
2024-25,2025-05-31,Final,Paris SG,Inter,131,79,2.0763358778625953,1.099236641221374,1.4556962025316456,1.1518987341772151,0.5572519083969466,0.4810126582278481,0.6153846153846154,0.4,12,11,24,25,H,1,1,24,25,0.6206396753309498,0.05266209295584101,0.9244371436853802,0.35645956131027146,0.0762392501690985,0.2153846153846154,1,52,-1,0.0762392501690985,0.2153846153846154,1,0.6206396753309498,0.05266209295584101,23,1.0382645666247947,3.5320320803942407,2.251135375398589,0.9237607498309015,0.9333333333333333
2025-26,2025-09-16,League phase,Athletic Club,Arsenal,6,80,0.8333333333333334,1.0,1.925,1.25,0.3333333333333333,0.5375,0.3333333333333333,0.425,6,7,3933,132,A,1,1,365,132,-1.0916666666666668,0.25,-0.41666666666666663,0.925,-0.20416666666666666,-0.09166666666666667,-1,-74,233,0.20416666666666666,0.09166666666666667,1,1.0916666666666668,0.25,13,0.8708333333333333,2.7583333333333333,2.25,0.7958333333333334,0.9333333333333333
2025-26,2025-09-16,League phase,Benfica,Qarabağ,108,6,1.3518518518518519,1.5092592592592593,0.3333333333333333,2.3333333333333335,0.3611111111111111,0.0,0.42592592592592593,0.0,7,2,189,2842,A,1,1,189,365,1.0185185185185186,0.8240740740740742,-0.9814814814814816,-1.175925925925926,0.3611111111111111,0.42592592592592593,5,102,-176,0.3611111111111111,0.42592592592592593,5,1.0185185185185186,0.8240740740740742,9,0.3611111111111111,1.6851851851851851,3.8425925925925926,0.6388888888888888,0.6666666666666667
2025-26,2025-09-16,League phase,Juventus,Dortmund,110,120,1.518181818181818,1.018181818181818,1.7166666666666666,1.2916666666666667,0.5181818181818182,0.475,0.6071428571428571,0.3898305084745763,7,8,209,154,D,1,1,209,154,-0.1984848484848485,0.27348484848484866,0.22651515151515134,0.6984848484848485,0.04318181818181821,0.2173123486682808,-1,-10,55,0.04318181818181821,0.2173123486682808,1,0.1984848484848485,0.27348484848484866,15,0.9931818181818182,3.2348484848484844,2.3098484848484846,0.9568181818181818,0.9333333333333333
2025-26,2025-09-16,League phase,PSV,Union SG,40,0,1.25,1.7,0.0,0.0,0.25,0.0,0.4,0.0,7,0,188,-1,A,1,0,188,0,1.25,-1.7,1.25,-1.7,0.25,0.4,7,40,188,0.25,0.4,7,1.25,1.7,7,0.25,1.25,1.7,0.75,0.5333333333333333
2025-26,2025-09-16,League phase,Real Madrid,Marseille,180,36,2.2777777777777777,1.0666666666666667,1.0277777777777777,1.3888888888888888,0.6555555555555556,0.3055555555555556,0.7333333333333333,0.2777777777777778,6,6,153,1050,H,1,1,153,365,1.25,0.3222222222222222,0.8888888888888888,-0.03888888888888897,0.35,0.4555555555555555,0,144,-212,0.35,0.4555555555555555,0,1.25,0.3222222222222222,12,0.9611111111111111,3.3055555555555554,2.4555555555555557,0.65,1.0
2025-26,2025-09-16,League phase,Tottenham,Villarreal,53,18,1.679245283018868,1.3962264150943395,1.2222222222222223,1.6666666666666667,0.4339622641509434,0.2777777777777778,0.5555555555555556,0.3333333333333333,8,7,923,1232,H,1,1,365,365,0.4570230607966457,0.2704402515723272,0.012578616352201255,-0.1740041928721172,0.15618448637316562,0.22222222222222227,1,35,0,0.15618448637316562,0.22222222222222227,1,0.4570230607966457,0.2704402515723272,15,0.7117400419287212,2.90146750524109,3.0628930817610063,0.8438155136268344,0.9333333333333333
2025-26,2025-09-17,League phase,Ajax,Inter,68,80,1.5735294117647058,1.4705882352941178,1.4375,1.2,0.39705882352941174,0.475,0.4117647058823529,0.3902439024390244,3,8,1051,109,A,1,1,365,109,0.13602941176470584,-0.2705882352941178,0.3735294117647059,-0.03308823529411775,-0.07794117647058824,0.021520803443328518,-5,-12,256,0.07794117647058824,0.021520803443328518,5,0.13602941176470584,0.2705882352941178,11,0.8720588235294118,3.0110294117647056,2.670588235294118,0.9220588235294118,0.6666666666666667
2025-26,2025-09-17,League phase,Bayern Munich,Chelsea,167,106,2.437125748502994,0.9820359281437125,1.8584905660377358,0.9716981132075472,0.6826347305389222,0.5377358490566038,0.7804878048780488,0.46296296296296297,8,6,154,883,H,1,1,154,365,0.578635182465258,-0.010337814936165368,1.4654276352954465,0.8764546378940232,0.14489888148231844,0.31752484191508584,2,61,-211,0.14489888148231844,0.31752484191508584,2,0.578635182465258,0.010337814936165368,14,1.220370579595526,4.295616314540729,1.9537340413512596,0.8551011185176816,0.8666666666666667
2025-26,2025-09-17,League phase,Liverpool,Atlético Madrid,81,115,2.0617283950617282,1.0740740740740742,1.4608695652173913,0.9652173913043478,0.6049382716049383,0.5043478260869565,0.65,0.3559322033898305,9,12,190,189,H,1,1,190,189,0.6008588298443369,-0.10885668276972638,1.0965110037573804,0.3867954911433171,0.1005904455179818,0.2940677966101695,-3,-34,1,0.1005904455179818,0.2940677966101695,3,0.6008588298443369,0.10885668276972638,21,1.1092860976918948,3.5225979602791195,2.039291465378422,0.8994095544820182,0.8
2025-26,2025-09-17,League phase,Olympiacos,Pafos FC,50,0,1.18,1.78,0.0,0.0,0.36,0.0,0.52,0.0,0,0,1743,-1,D,1,0,365,0,1.18,-1.78,1.18,-1.78,0.36,0.52,0,50,365,0.36,0.52,0,1.18,1.78,0,0.36,1.18,1.78,0.64,1.0
2025-26,2025-09-17,League phase,Paris SG,Atalanta,132,33,2.0984848484848486,1.0909090909090908,1.878787878787879,1.6363636363636365,0.5606060606060606,0.36363636363636365,0.6212121212121212,0.5,12,4,109,211,H,1,1,109,211,0.21969696969696972,0.5454545454545456,0.46212121212121215,0.7878787878787881,0.1969696969696969,0.12121212121212122,8,99,-102,0.1969696969696969,0.12121212121212122,8,0.21969696969696972,0.5454545454545456,16,0.9242424242424242,3.9772727272727275,2.7272727272727275,0.8030303030303031,0.4666666666666667
2025-26,2025-09-17,League phase,Slavia Prague,Bodø/Glimt,6,0,0.6666666666666666,1.6666666666666667,0.0,0.0,0.0,0.0,0.0,0.0,1,0,2108,-1,D,1,0,365,0,0.6666666666666666,-1.6666666666666667,0.6666666666666666,-1.6666666666666667,0.0,0.0,1,6,365,0.0,0.0,1,0.6666666666666666,1.6666666666666667,1,0.0,0.6666666666666666,1.6666666666666667,1.0,0.9333333333333333
2025-26,2025-09-18,League phase,Club Brugge,Monaco,50,44,0.94,1.82,1.2045454545454546,1.6363636363636365,0.24,0.3181818181818182,0.24,0.22727272727272727,6,4,190,212,H,1,1,190,212,-0.26454545454545464,-0.1836363636363636,-0.6963636363636365,-0.6154545454545455,-0.07818181818181819,0.012727272727272726,2,6,-22,0.07818181818181819,0.012727272727272726,2,0.26454545454545464,0.1836363636363636,10,0.5581818181818181,2.1445454545454545,3.4563636363636365,0.9218181818181819,0.8666666666666667
2025-26,2025-09-18,League phase,FC Copenhagen,Leverkusen,34,60,0.8529411764705882,1.411764705882353,1.25,1.4666666666666666,0.23529411764705882,0.35,0.35294117647058826,0.16666666666666666,7,6,561,191,D,1,1,365,191,-0.3970588235294118,0.05490196078431353,-0.6137254901960784,-0.16176470588235303,-0.11470588235294116,0.1862745098039216,1,-26,174,0.11470588235294116,0.1862745098039216,1,0.3970588235294118,0.05490196078431353,13,0.5852941176470587,2.1029411764705883,2.8784313725490196,0.8852941176470588,0.9333333333333333
2025-26,2025-09-18,League phase,Frankfurt,Galatasaray,8,48,0.875,1.625,1.0208333333333333,1.9791666666666667,0.375,0.20833333333333334,0.25,0.16666666666666666,6,4,918,646,H,1,1,365,365,-0.14583333333333326,0.35416666666666674,-1.1041666666666667,-0.6041666666666667,0.16666666666666666,0.08333333333333334,2,-40,0,0.16666666666666666,0.08333333333333334,2,0.14583333333333326,0.35416666666666674,10,0.5833333333333334,1.8958333333333333,3.604166666666667,0.8333333333333334,0.8666666666666667
2025-26,2025-09-18,League phase,Manchester City,Napoli,135,60,2.1259259259259258,1.2,1.7666666666666666,1.3166666666666667,0.5555555555555556,0.4666666666666667,0.6521739130434783,0.3333333333333333,3,5,211,555,H,1,1,211,365,0.35925925925925917,0.1166666666666667,0.8092592592592591,0.5666666666666667,0.0888888888888889,0.31884057971014496,-2,75,-154,0.0888888888888889,0.31884057971014496,2,0.35925925925925917,0.1166666666666667,8,1.0222222222222221,3.8925925925925924,2.5166666666666666,0.9111111111111111,0.8666666666666667
2025-26,2025-09-18,League phase,Newcastle,Barcelona,6,155,1.0,1.1666666666666667,2.167741935483871,1.1225806451612903,0.16666666666666666,0.6129032258064516,0.3333333333333333,0.4805194805194805,4,7,645,135,A,1,1,365,135,-1.1677419354838712,-0.04408602150537644,-0.1225806451612903,1.0010752688172044,-0.446236559139785,-0.1471861471861472,-3,-149,230,0.446236559139785,0.1471861471861472,3,1.1677419354838712,0.04408602150537644,11,0.7795698924731183,3.167741935483871,2.289247311827957,0.553763440860215,0.8
2025-26,2025-09-18,League phase,Sporting CP,FC Kairat,42,0,1.4285714285714286,1.6666666666666667,0.0,0.0,0.30952380952380953,0.0,0.42857142857142855,0.0,2,0,211,-1,H,1,0,211,0,1.4285714285714286,-1.6666666666666667,1.4285714285714286,-1.6666666666666667,0.30952380952380953,0.42857142857142855,2,42,211,0.30952380952380953,0.42857142857142855,2,1.4285714285714286,1.6666666666666667,2,0.30952380952380953,1.4285714285714286,1.6666666666666667,0.6904761904761905,0.8666666666666667
2025-26,2025-09-30,League phase,Atalanta,Club Brugge,34,51,1.8235294117647058,1.7058823529411764,1.0,1.803921568627451,0.35294117647058826,0.2549019607843137,0.23529411764705882,0.24,4,9,13,12,H,1,1,13,12,0.8235294117647058,0.0980392156862746,0.019607843137254832,-0.7058823529411764,0.09803921568627455,-0.004705882352941171,-5,-17,1,0.09803921568627455,0.004705882352941171,5,0.8235294117647058,0.0980392156862746,13,0.607843137254902,2.8235294117647056,3.5098039215686274,0.9019607843137254,0.6666666666666667
2025-26,2025-09-30,League phase,Atlético Madrid,Frankfurt,116,9,1.4655172413793103,0.9827586206896551,1.3333333333333333,1.5555555555555556,0.5,0.4444444444444444,0.6607142857142857,0.5,9,9,13,12,H,1,1,13,12,0.13218390804597702,0.5727969348659004,-0.0900383141762453,0.3505747126436781,0.05555555555555558,0.1607142857142857,0,107,1,0.05555555555555558,0.1607142857142857,0,0.13218390804597702,0.5727969348659004,18,0.9444444444444444,2.7988505747126435,2.5383141762452106,0.9444444444444444,1.0
2025-26,2025-09-30,League phase,Bodø/Glimt,Tottenham,1,54,2.0,2.0,1.6666666666666667,1.3703703703703705,0.0,0.4444444444444444,0.0,0.3076923076923077,1,8,13,14,D,1,1,13,14,0.33333333333333326,-0.6296296296296295,0.6296296296296295,-0.33333333333333326,-0.4444444444444444,-0.3076923076923077,-7,-53,-1,0.4444444444444444,0.3076923076923077,7,0.33333333333333326,0.6296296296296295,9,0.4444444444444444,3.666666666666667,3.3703703703703702,0.5555555555555556,0.5333333333333333
2025-26,2025-09-30,League phase,Chelsea,Benfica,107,109,1.8504672897196262,0.9906542056074766,1.3577981651376148,1.5229357798165137,0.5327102803738317,0.3577981651376147,0.6153846153846154,0.2962962962962963,3,4,13,14,H,1,1,13,14,0.4926691245820114,0.5322815742090371,0.3275315099031124,0.3671439595301381,0.17491211523621703,0.31908831908831914,-1,-2,-1,0.17491211523621703,0.31908831908831914,1,0.4926691245820114,0.5322815742090371,7,0.8905084455114465,3.2082654548572407,2.5135899854239905,0.825087884763783,0.9333333333333333
2025-26,2025-09-30,League phase,FC Kairat,Real Madrid,1,181,1.0,4.0,2.276243093922652,1.0662983425414365,0.0,0.6574585635359116,0.0,0.5777777777777777,0,6,12,14,A,1,1,12,14,-1.276243093922652,-2.9337016574585633,-0.06629834254143652,-1.723756906077348,-0.6574585635359116,-0.5777777777777777,-6,-180,-2,0.6574585635359116,0.5777777777777777,6,1.276243093922652,2.9337016574585633,6,0.6574585635359116,3.276243093922652,5.066298342541437,0.3425414364640884,0.6
2025-26,2025-09-30,League phase,Galatasaray,Liverpool,49,82,1.0204081632653061,2.0408163265306123,2.073170731707317,1.0853658536585367,0.20408163265306123,0.6097560975609756,0.25,0.5609756097560976,1,9,12,13,H,1,1,12,13,-1.052762568442011,-0.9554504728720756,-0.06495769039323052,0.03235440517670485,-0.40567446490791437,-0.3109756097560976,-8,-33,-1,0.40567446490791437,0.3109756097560976,8,1.052762568442011,0.9554504728720756,10,0.8138377302140368,3.093578894972623,3.126182180189149,0.5943255350920856,0.4666666666666667
2025-26,2025-09-30,League phase,Inter,Slavia Prague,81,7,1.4444444444444444,1.1851851851851851,0.8571428571428571,1.7142857142857142,0.48148148148148145,0.0,0.5641025641025641,0.0,8,2,13,13,H,1,1,13,13,0.5873015873015873,0.5291005291005291,-0.26984126984126977,-0.328042328042328,0.48148148148148145,0.5641025641025641,6,74,0,0.48148148148148145,0.5641025641025641,6,0.5873015873015873,0.5291005291005291,10,0.48148148148148145,2.3015873015873014,2.8994708994708995,0.5185185185185186,0.6
2025-26,2025-09-30,League phase,Marseille,Ajax,37,69,1.027027027027027,1.4054054054054055,1.5507246376811594,1.4782608695652173,0.2972972972972973,0.391304347826087,0.3333333333333333,0.38235294117647056,6,3,14,13,H,1,1,14,13,-0.5236976106541325,0.07285546415981181,-0.4512338425381903,0.14531923227575394,-0.09400705052878966,-0.04901960784313725,3,-32,1,0.09400705052878966,0.04901960784313725,3,0.5236976106541325,0.07285546415981181,9,0.6886016451233843,2.5777516647081864,2.883666274970623,0.9059929494712103,0.8
2025-26,2025-09-30,League phase,Pafos FC,Bayern Munich,1,168,0.0,0.0,2.4404761904761907,0.9821428571428571,0.0,0.6845238095238095,0.0,0.5882352941176471,1,10,13,13,A,1,1,13,13,-2.4404761904761907,0.9821428571428571,-0.9821428571428571,2.4404761904761907,-0.6845238095238095,-0.5882352941176471,-9,-167,0,0.6845238095238095,0.5882352941176471,9,2.4404761904761907,0.9821428571428571,11,0.6845238095238095,2.4404761904761907,0.9821428571428571,0.31547619047619047,0.4
2025-26,2025-10-01,League phase,Arsenal,Olympiacos,81,51,1.9259259259259258,1.2345679012345678,1.1568627450980393,1.7450980392156863,0.5432098765432098,0.35294117647058826,0.65,0.2,9,1,15,14,H,1,1,15,14,0.7690631808278865,0.5105301379811185,0.18082788671023953,-0.07770515613652851,0.1902687000726216,0.45,8,30,1,0.1902687000726216,0.45,8,0.7690631808278865,0.5105301379811185,10,0.8961510530137982,3.082788671023965,2.9796659404502543,0.8097312999273785,0.4666666666666667
2025-26,2025-10-01,League phase,Barcelona,Paris SG,156,133,2.1666666666666665,1.1217948717948718,2.112781954887218,1.0827067669172932,0.6153846153846154,0.5639097744360902,0.7435897435897436,0.5,7,12,13,14,A,1,1,13,14,0.05388471177944831,-0.03908810487757863,1.0839598997493733,0.9909870830923464,0.05147484094852517,0.2435897435897436,-5,23,-1,0.05147484094852517,0.2435897435897436,5,0.05388471177944831,0.03908810487757863,19,1.1792943898207056,4.279448621553884,2.204501638712165,0.9485251590514748,0.6666666666666667
2025-26,2025-10-01,League phase,Dortmund,Athletic Club,121,7,1.7355371900826446,1.3140495867768596,0.7142857142857143,1.1428571428571428,0.47107438016528924,0.2857142857142857,0.5573770491803278,0.3333333333333333,8,6,15,15,H,1,1,15,15,1.0212514757969302,-0.17119244391971677,0.5926800472255018,-0.5997638724911453,0.18536009445100354,0.2240437158469945,2,114,0,0.18536009445100354,0.2240437158469945,2,1.0212514757969302,0.17119244391971677,14,0.7567886658795749,2.449822904368359,2.456906729634002,0.8146399055489965,0.8666666666666667
2025-26,2025-10-01,League phase,Leverkusen,PSV,61,41,1.2622950819672132,1.4754098360655739,1.2439024390243902,1.7317073170731707,0.3442622950819672,0.24390243902439024,0.5333333333333333,0.1,4,4,13,15,D,1,1,13,15,0.018392642942822945,0.25629748100759686,-0.46941223510595753,-0.23150739704118362,0.10035985605757697,0.43333333333333335,0,20,-2,0.10035985605757697,0.43333333333333335,0,0.018392642942822945,0.25629748100759686,8,0.5881647341063574,2.5061975209916034,3.2071171531387446,0.8996401439424231,1.0
2025-26,2025-10-01,League phase,Monaco,Manchester City,45,136,1.2,1.6888888888888889,2.125,1.1911764705882353,0.3111111111111111,0.5588235294117647,0.4090909090909091,0.45454545454545453,4,6,13,13,D,1,1,13,13,-0.925,-0.4977124183006536,0.008823529411764675,0.4361111111111111,-0.2477124183006536,-0.045454545454545414,-2,-91,0,0.2477124183006536,0.045454545454545414,2,0.925,0.4977124183006536,10,0.8699346405228758,3.325,2.880065359477124,0.7522875816993464,0.8666666666666667
2025-26,2025-10-01,League phase,Napoli,Sporting CP,61,43,1.7377049180327868,1.3278688524590163,1.4883720930232558,1.6511627906976745,0.45901639344262296,0.32558139534883723,0.6,0.19047619047619047,4,5,13,13,H,1,1,13,13,0.24933282500953102,0.32329393823865815,0.08654212733511235,0.16050324056423948,0.13343499809378573,0.4095238095238095,-1,18,0,0.13343499809378573,0.4095238095238095,1,0.24933282500953102,0.32329393823865815,9,0.7845977887914601,3.2260770110560424,2.9790316431566906,0.8665650019062143,0.9333333333333333
2025-26,2025-10-01,League phase,Qarabağ,FC Copenhagen,7,35,0.7142857142857143,2.2857142857142856,0.8857142857142857,1.4285714285714286,0.14285714285714285,0.22857142857142856,0.0,0.11764705882352941,5,5,15,13,H,1,1,15,13,-0.17142857142857137,-0.857142857142857,-0.7142857142857143,-1.4,-0.08571428571428572,-0.11764705882352941,0,-28,2,0.08571428571428572,0.11764705882352941,0,0.17142857142857137,0.857142857142857,10,0.37142857142857144,1.6,3.7142857142857144,0.9142857142857143,1.0
2025-26,2025-10-01,League phase,Union SG,Newcastle,1,7,3.0,1.0,1.0,1.2857142857142858,1.0,0.14285714285714285,0.0,0.0,3,1,15,13,A,1,1,15,13,2.0,0.2857142857142858,1.7142857142857142,0.0,0.8571428571428572,0.0,2,-6,2,0.8571428571428572,0.0,2,2.0,0.2857142857142858,4,1.1428571428571428,4.0,2.2857142857142856,0.1428571428571428,0.8666666666666667
2025-26,2025-10-01,League phase,Villarreal,Juventus,19,111,1.1578947368421053,1.631578947368421,1.5405405405405406,1.045045045045045,0.2631578947368421,0.5135135135135135,0.2222222222222222,0.42592592592592593,4,5,15,15,D,1,1,15,15,-0.38264580369843526,-0.586533902323376,0.11284969179706028,-0.09103840682788045,-0.2503556187766714,-0.20370370370370372,-1,-92,0,0.2503556187766714,0.20370370370370372,1,0.38264580369843526,0.586533902323376,9,0.7766714082503556,2.6984352773826457,2.6766239924134663,0.7496443812233287,0.9333333333333333
2025-26,2025-10-21,League phase,Arsenal,Atlético Madrid,82,117,1.9268292682926829,1.2195121951219512,1.4957264957264957,0.9829059829059829,0.5487804878048781,0.5042735042735043,0.6585365853658537,0.35,9,9,20,21,H,1,1,20,21,0.4311027725661871,-0.23660621221596834,0.9439232853867,0.27621430060454455,0.044506983531373834,0.3085365853658537,0,-35,-1,0.044506983531373834,0.3085365853658537,0,0.4311027725661871,0.23660621221596834,18,1.0530539920783824,3.4225557640191786,2.202418178027934,0.9554930164686262,1.0
2025-26,2025-10-21,League phase,Barcelona,Olympiacos,157,52,2.159235668789809,1.127388535031847,1.1346153846153846,1.75,0.6114649681528662,0.34615384615384615,0.7341772151898734,0.19230769230769232,4,1,20,20,H,1,1,20,20,1.0246202841744245,0.6226114649681529,0.4092356687898091,0.007226849583537476,0.26531112199902007,0.5418695228821812,3,105,0,0.26531112199902007,0.5418695228821812,3,1.0246202841744245,0.6226114649681529,5,0.9576188143067124,3.2938510534051937,2.877388535031847,0.7346888780009799,0.8
2025-26,2025-10-21,League phase,FC Copenhagen,Dortmund,36,122,0.8611111111111112,1.4444444444444444,1.7540983606557377,1.3114754098360655,0.2222222222222222,0.47540983606557374,0.3333333333333333,0.38333333333333336,4,10,20,20,A,1,1,20,20,-0.8929872495446265,-0.13296903460837894,-0.4503642987249543,0.30965391621129323,-0.25318761384335153,-0.050000000000000044,-6,-86,0,0.25318761384335153,0.050000000000000044,6,0.8929872495446265,0.13296903460837894,14,0.697632058287796,2.615209471766849,2.75591985428051,0.7468123861566485,0.6
2025-26,2025-10-21,League phase,FC Kairat,Pafos FC,2,2,0.5,4.5,0.5,2.5,0.0,0.0,0.0,0.0,0,1,21,21,D,1,1,21,21,0.0,-2.0,-2.0,-4.0,0.0,0.0,-1,0,0,0.0,0.0,1,0.0,2.0,1,0.0,1.0,7.0,1.0,0.9333333333333333
2025-26,2025-10-21,League phase,Leverkusen,Paris SG,62,134,1.2580645161290323,1.467741935483871,2.111940298507463,1.0820895522388059,0.3387096774193548,0.5671641791044776,0.5161290322580645,0.5074626865671642,5,15,20,20,A,1,1,20,20,-0.8538757823784306,-0.3856523832450651,0.17597496389022638,0.6441983630235919,-0.22845450168512277,0.008666345690900301,-10,-72,0,0.22845450168512277,0.008666345690900301,10,0.8538757823784306,0.3856523832450651,20,0.9058738565238325,3.370004814636495,2.5498314877226766,0.7715454983148773,0.33333333333333337
2025-26,2025-10-21,League phase,Newcastle,Benfica,8,110,1.375,1.125,1.3454545454545455,1.518181818181818,0.25,0.35454545454545455,0.25,0.2909090909090909,4,1,20,21,H,1,1,20,21,0.02954545454545454,0.3931818181818181,-0.14318181818181808,0.22045454545454546,-0.10454545454545455,-0.040909090909090895,3,-102,-1,0.10454545454545455,0.040909090909090895,3,0.02954545454545454,0.3931818181818181,5,0.6045454545454545,2.7204545454545457,2.643181818181818,0.8954545454545455,0.8
2025-26,2025-10-21,League phase,PSV,Napoli,42,62,1.2380952380952381,1.7142857142857142,1.7419354838709677,1.3225806451612903,0.23809523809523808,0.46774193548387094,0.38095238095238093,0.3225806451612903,5,7,20,20,H,1,1,20,20,-0.5038402457757296,-0.39170506912442393,-0.08448540706605212,0.02764976958525356,-0.22964669738863286,0.05837173579109062,-2,-20,0,0.22964669738863286,0.05837173579109062,2,0.5038402457757296,0.39170506912442393,12,0.705837173579109,2.980030721966206,3.0368663594470044,0.7703533026113671,0.8666666666666667
2025-26,2025-10-21,League phase,Union SG,Inter,2,82,1.5,2.5,1.4634146341463414,1.170731707317073,0.5,0.4878048780487805,0.0,0.40476190476190477,3,10,20,21,A,1,1,20,21,0.03658536585365857,-1.329268292682927,0.3292682926829269,-1.0365853658536586,0.012195121951219523,-0.40476190476190477,-7,-80,-1,0.012195121951219523,0.40476190476190477,7,0.03658536585365857,1.329268292682927,13,0.9878048780487805,2.9634146341463414,3.6707317073170733,0.9878048780487805,0.5333333333333333
2025-26,2025-10-21,League phase,Villarreal,Manchester City,20,137,1.2,1.65,2.124087591240876,1.197080291970803,0.25,0.5547445255474452,0.2,0.44776119402985076,2,7,20,20,A,1,1,20,20,-0.9240875912408761,-0.4529197080291969,0.0029197080291969435,0.4740875912408762,-0.30474452554744524,-0.24776119402985075,-5,-117,0,0.30474452554744524,0.24776119402985075,5,0.9240875912408761,0.4529197080291969,9,0.8047445255474452,3.3240875912408763,2.847080291970803,0.6952554744525548,0.6666666666666667
2025-26,2025-10-22,League phase,Atalanta,Slavia Prague,35,8,1.8285714285714285,1.6857142857142857,0.75,1.875,0.37142857142857144,0.0,0.2777777777777778,0.0,4,2,22,22,D,1,1,22,22,1.0785714285714285,0.18928571428571428,-0.046428571428571486,-0.9357142857142857,0.37142857142857144,0.2777777777777778,2,27,0,0.37142857142857144,0.2777777777777778,2,1.0785714285714285,0.18928571428571428,6,0.37142857142857144,2.5785714285714283,3.560714285714286,0.6285714285714286,0.8666666666666667
2025-26,2025-10-22,League phase,Athletic Club,Qarabağ,8,8,0.75,1.5,0.875,2.0,0.25,0.25,0.25,0.25,6,7,21,21,H,1,1,21,21,-0.125,0.5,-1.25,-0.625,0.0,0.0,-1,0,0,0.0,0.0,1,0.125,0.5,13,0.5,1.625,3.5,1.0,0.9333333333333333
2025-26,2025-10-22,League phase,Bayern Munich,Club Brugge,169,52,2.455621301775148,0.9822485207100592,1.0,1.8076923076923077,0.6863905325443787,0.25,0.7831325301204819,0.23076923076923078,10,6,22,22,H,1,1,22,22,1.4556213017751478,0.8254437869822485,0.6479289940828401,0.017751479289940808,0.43639053254437865,0.5523632993512511,4,117,0,0.43639053254437865,0.5523632993512511,4,1.4556213017751478,0.8254437869822485,16,0.9363905325443787,3.455621301775148,2.789940828402367,0.5636094674556213,0.7333333333333334
2025-26,2025-10-22,League phase,Chelsea,Ajax,108,70,1.8425925925925926,0.9814814814814815,1.5285714285714285,1.5142857142857142,0.5370370370370371,0.38571428571428573,0.6226415094339622,0.37142857142857144,6,3,22,22,H,1,1,22,22,0.3140211640211641,0.5328042328042327,0.3283068783068783,0.547089947089947,0.15132275132275136,0.2512129380053908,3,38,0,0.15132275132275136,0.2512129380053908,3,0.3140211640211641,0.5328042328042327,9,0.9227513227513229,3.371164021164021,2.4957671957671956,0.8486772486772487,0.8
2025-26,2025-10-22,League phase,Frankfurt,Liverpool,10,83,1.3,1.9,2.0481927710843375,1.0843373493975903,0.4,0.6024096385542169,0.4,0.5476190476190477,6,6,22,22,A,1,1,22,22,-0.7481927710843375,-0.8156626506024096,0.21566265060240974,0.1481927710843376,-0.2024096385542169,-0.14761904761904765,0,-73,0,0.2024096385542169,0.14761904761904765,0,0.7481927710843375,0.8156626506024096,12,1.002409638554217,3.3481927710843378,2.98433734939759,0.7975903614457831,1.0
2025-26,2025-10-22,League phase,Galatasaray,Bodø/Glimt,50,2,1.02,2.0,2.0,2.0,0.22,0.0,0.28,0.0,4,2,22,22,H,1,1,22,22,-0.98,0.0,-0.98,0.0,0.22,0.28,2,48,0,0.22,0.28,2,0.98,0.0,6,0.22,3.02,4.0,0.78,0.8666666666666667
2025-26,2025-10-22,League phase,Monaco,Tottenham,46,55,1.2173913043478262,1.6956521739130435,1.6727272727272726,1.3818181818181818,0.30434782608695654,0.43636363636363634,0.391304347826087,0.2962962962962963,2,8,21,22,D,1,1,21,22,-0.45533596837944645,-0.3138339920948616,-0.16442687747035567,-0.02292490118577084,-0.1320158102766798,0.0950080515297907,-6,-9,-1,0.1320158102766798,0.0950080515297907,6,0.45533596837944645,0.3138339920948616,10,0.7407114624505928,2.890118577075099,3.0774703557312253,0.8679841897233203,0.6
2025-26,2025-10-22,League phase,Real Madrid,Juventus,182,112,2.291208791208791,1.0604395604395604,1.5446428571428572,1.0535714285714286,0.6593406593406593,0.5089285714285714,0.7362637362637363,0.41818181818181815,6,5,22,21,H,1,1,22,21,0.7465659340659339,-0.006868131868131844,1.2376373626373625,0.48420329670329676,0.15041208791208793,0.31808191808191816,1,70,1,0.15041208791208793,0.31808191808191816,1,0.7465659340659339,0.006868131868131844,11,1.1682692307692308,3.8358516483516483,2.114010989010989,0.8495879120879121,0.9333333333333333
2025-26,2025-10-22,League phase,Sporting CP,Marseille,44,38,1.4772727272727273,1.6590909090909092,1.105263157894737,1.368421052631579,0.3181818181818182,0.3157894736842105,0.45454545454545453,0.2631578947368421,5,6,21,22,H,1,1,21,22,0.37200956937799035,-0.2906698564593302,0.10885167464114831,-0.5538277511961722,0.002392344497607668,0.19138755980861244,-1,6,-1,0.002392344497607668,0.19138755980861244,1,0.37200956937799035,0.2906698564593302,11,0.6339712918660287,2.5825358851674642,3.027511961722488,0.9976076555023923,0.9333333333333333
2025-26,2025-11-04,League phase,Atlético Madrid,Union SG,118,3,1.4830508474576272,1.0084745762711864,1.0,3.0,0.5,0.3333333333333333,0.6666666666666666,1.0,6,3,14,14,H,1,1,14,14,0.48305084745762716,1.9915254237288136,-1.5169491525423728,-0.008474576271186418,0.16666666666666669,-0.33333333333333337,3,115,0,0.16666666666666669,0.33333333333333337,3,0.48305084745762716,1.9915254237288136,9,0.8333333333333333,2.483050847457627,4.008474576271187,0.8333333333333333,0.8
2025-26,2025-11-04,League phase,Bodø/Glimt,Monaco,3,47,1.6666666666666667,2.3333333333333335,1.1914893617021276,1.6595744680851063,0.0,0.2978723404255319,0.0,0.21739130434782608,2,3,13,13,A,1,1,13,13,0.47517730496453914,-0.6737588652482271,0.007092198581560405,-1.1418439716312059,-0.2978723404255319,-0.21739130434782608,-1,-44,0,0.2978723404255319,0.21739130434782608,1,0.47517730496453914,0.6737588652482271,5,0.2978723404255319,2.8581560283687946,3.99290780141844,0.7021276595744681,0.9333333333333333
2025-26,2025-11-04,League phase,Juventus,Sporting CP,113,45,1.5309734513274336,1.0530973451327434,1.488888888888889,1.6444444444444444,0.504424778761062,0.3333333333333333,0.5964912280701754,0.18181818181818182,5,7,13,13,D,1,1,13,13,0.04208456243854464,0.5913470993117009,-0.11347099311701081,0.4357915437561455,0.17109144542772864,0.4146730462519936,-2,68,0,0.17109144542772864,0.4146730462519936,2,0.04208456243854464,0.5913470993117009,12,0.8377581120943953,3.0198623402163225,2.697541789577188,0.8289085545722714,0.8666666666666667
2025-26,2025-11-04,League phase,Liverpool,Real Madrid,84,183,2.0833333333333335,1.0833333333333333,2.2841530054644807,1.0546448087431695,0.6071428571428571,0.6612021857923497,0.6585365853658537,0.5824175824175825,9,9,13,13,H,1,1,13,13,-0.20081967213114726,-0.0286885245901638,1.028688524590164,1.2008196721311475,-0.05405932864949259,0.07611900294827123,0,-99,0,0.05405932864949259,0.07611900294827123,0,0.20081967213114726,0.0286885245901638,18,1.2683450429352068,4.367486338797814,2.137978142076503,0.9459406713505074,1.0
2025-26,2025-11-04,League phase,Napoli,Frankfurt,63,11,1.746031746031746,1.3968253968253967,1.2727272727272727,2.1818181818181817,0.4603174603174603,0.36363636363636365,0.6129032258064516,0.4,4,3,14,13,D,1,1,14,13,0.47330447330447334,0.7849927849927849,-0.4357864357864356,-0.12409812409812404,0.09668109668109665,0.2129032258064516,1,52,1,0.09668109668109665,0.2129032258064516,1,0.47330447330447334,0.7849927849927849,7,0.823953823953824,3.0187590187590185,3.5786435786435784,0.9033189033189033,0.9333333333333333
2025-26,2025-11-04,League phase,Olympiacos,PSV,53,43,1.1320754716981132,1.830188679245283,1.3488372093023255,1.7209302325581395,0.33962264150943394,0.2558139534883721,0.5,0.09523809523809523,1,5,14,14,D,1,1,14,14,-0.21676173760421236,-0.10925844668714357,-0.5888547608600263,-0.4813514699429575,0.08380868802106184,0.40476190476190477,-4,10,0,0.08380868802106184,0.40476190476190477,4,0.21676173760421236,0.10925844668714357,6,0.595436594997806,2.4809126810004387,3.5511189118034228,0.9161913119789382,0.7333333333333334
2025-26,2025-11-04,League phase,Paris SG,Bayern Munich,135,170,2.1481481481481484,1.0888888888888888,2.4647058823529413,0.9764705882352941,0.5703703703703704,0.6882352941176471,0.6268656716417911,0.5930232558139535,15,10,14,13,A,1,1,14,13,-0.31655773420479294,-0.1124183006535947,1.1716775599128542,1.3758169934640525,-0.11786492374727664,0.033842415827837535,5,-35,1,0.11786492374727664,0.033842415827837535,5,0.31655773420479294,0.1124183006535947,25,1.2586056644880175,4.61285403050109,2.0653594771241828,0.8821350762527234,0.6666666666666667
2025-26,2025-11-04,League phase,Slavia Prague,Arsenal,9,83,0.6666666666666666,1.6666666666666667,1.9518072289156627,1.2048192771084338,0.0,0.5542168674698795,0.0,0.43902439024390244,2,9,13,14,A,1,1,13,14,-1.285140562248996,-0.4618473895582329,-0.5381526104417672,0.285140562248996,-0.5542168674698795,-0.43902439024390244,-7,-74,-1,0.5542168674698795,0.43902439024390244,7,1.285140562248996,0.4618473895582329,11,0.5542168674698795,2.6184738955823295,2.8714859437751006,0.4457831325301205,0.5333333333333333
2025-26,2025-11-04,League phase,Tottenham,FC Copenhagen,56,37,1.6428571428571428,1.3571428571428572,0.8918918918918919,1.5135135135135136,0.42857142857142855,0.21621621621621623,0.5714285714285714,0.1111111111111111,6,1,13,14,H,1,1,13,14,0.7509652509652509,0.1563706563706564,0.1293436293436292,-0.4652509652509653,0.21235521235521232,0.4603174603174603,5,19,-1,0.21235521235521232,0.4603174603174603,5,0.7509652509652509,0.1563706563706564,7,0.6447876447876448,2.5347490347490345,2.870656370656371,0.7876447876447876,0.6666666666666667
2025-26,2025-11-05,League phase,Ajax,Galatasaray,71,51,1.5211267605633803,1.5633802816901408,1.0588235294117647,1.9803921568627452,0.38028169014084506,0.23529411764705882,0.4,0.16,3,7,14,14,A,1,1,14,14,0.46230323115161553,0.4170118751726044,-0.4592653962993649,-0.504556752278376,0.14498757249378624,0.24000000000000002,-4,20,0,0.14498757249378624,0.24000000000000002,4,0.46230323115161553,0.4170118751726044,10,0.6155758077879039,2.579950289975145,3.543772438552886,0.8550124275062138,0.7333333333333334
2025-26,2025-11-05,League phase,Benfica,Leverkusen,111,63,1.3333333333333333,1.5315315315315314,1.2698412698412698,1.5555555555555556,0.35135135135135137,0.3333333333333333,0.41818181818181815,0.16129032258064516,0,2,15,15,A,1,1,15,15,0.06349206349206349,0.02402402402402415,-0.22222222222222232,-0.26169026169026166,0.018018018018018056,0.25689149560117297,-2,48,0,0.018018018018018056,0.25689149560117297,2,0.06349206349206349,0.02402402402402415,2,0.6846846846846847,2.603174603174603,3.0870870870870872,0.9819819819819819,0.8666666666666667
2025-26,2025-11-05,League phase,Club Brugge,Barcelona,53,158,0.9811320754716981,1.849056603773585,2.1835443037974684,1.1265822784810127,0.24528301886792453,0.6139240506329114,0.2692307692307692,0.48717948717948717,3,7,14,15,D,1,1,14,15,-1.2024122283257703,-0.7224743252925723,-0.14545020300931455,0.3344877000238835,-0.3686410317649869,-0.21794871794871795,-4,-105,-1,0.3686410317649869,0.21794871794871795,4,1.2024122283257703,0.7224743252925723,10,0.859207069500836,3.1646763792691663,2.9756388822545974,0.6313589682350131,0.7333333333333334
2025-26,2025-11-05,League phase,Inter,FC Kairat,83,3,1.4939759036144578,1.1566265060240963,0.3333333333333333,3.0,0.4939759036144578,0.0,0.575,0.0,12,1,15,15,H,1,1,15,15,1.1606425702811245,1.8433734939759037,-1.5060240963855422,-0.8232931726907631,0.4939759036144578,0.575,11,80,0,0.4939759036144578,0.575,11,1.1606425702811245,1.8433734939759037,13,0.4939759036144578,1.827309236947791,4.156626506024097,0.5060240963855422,0.2666666666666667
2025-26,2025-11-05,League phase,Manchester City,Dortmund,138,123,2.1231884057971016,1.1884057971014492,1.7723577235772359,1.3170731707317074,0.5579710144927537,0.4796747967479675,0.6571428571428571,0.39344262295081966,7,10,15,15,H,1,1,15,15,0.3508306822198657,0.12866737363025815,0.8061152350653942,0.5839519264757866,0.07829621774478618,0.2637002341920375,-3,15,0,0.07829621774478618,0.2637002341920375,3,0.3508306822198657,0.12866737363025815,17,1.0376458112407212,3.8955461293743374,2.505478967833157,0.9217037822552139,0.8
2025-26,2025-11-05,League phase,Marseille,Atalanta,39,36,1.1025641025641026,1.3846153846153846,1.7777777777777777,1.6388888888888888,0.3076923076923077,0.3611111111111111,0.3684210526315789,0.47058823529411764,3,4,14,14,A,1,1,14,14,-0.675213675213675,0.25427350427350426,-0.5363247863247862,0.3931623931623931,-0.053418803418803396,-0.10216718266253871,-1,3,0,0.053418803418803396,0.10216718266253871,1,0.675213675213675,0.25427350427350426,7,0.6688034188034189,2.8803418803418803,3.0235042735042734,0.9465811965811965,0.9333333333333333
2025-26,2025-11-05,League phase,Newcastle,Athletic Club,9,9,1.5555555555555556,1.0,1.0,1.4444444444444444,0.3333333333333333,0.3333333333333333,0.4,0.25,7,9,15,14,H,1,1,15,14,0.5555555555555556,0.4444444444444444,0.11111111111111116,0.0,0.0,0.15000000000000002,-2,0,1,0.0,0.15000000000000002,2,0.5555555555555556,0.4444444444444444,16,0.6666666666666666,2.5555555555555554,2.4444444444444446,1.0,0.8666666666666667
2025-26,2025-11-05,League phase,Pafos FC,Villarreal,3,21,0.3333333333333333,1.6666666666666667,1.1428571428571428,1.6666666666666667,0.0,0.23809523809523808,0.0,0.3,2,1,15,15,H,1,1,15,15,-0.8095238095238095,0.0,-1.3333333333333335,-0.523809523809524,-0.23809523809523808,-0.3,1,-18,0,0.23809523809523808,0.3,1,0.8095238095238095,0.0,3,0.23809523809523808,1.476190476190476,3.3333333333333335,0.7619047619047619,0.9333333333333333
2025-26,2025-11-05,League phase,Qarabağ,Chelsea,9,109,0.8888888888888888,2.111111111111111,1.871559633027523,0.981651376146789,0.2222222222222222,0.5412844036697247,0.25,0.45454545454545453,6,6,14,14,D,1,1,14,14,-0.9826707441386342,-1.129459734964322,-0.09276248725790015,-0.23955147808358812,-0.31906218144750254,-0.20454545454545453,0,-100,0,0.31906218144750254,0.20454545454545453,0,0.9826707441386342,1.129459734964322,12,0.763506625891947,2.7604485219164117,3.0927624872579003,0.6809378185524975,1.0
2025-26,2025-11-25,League phase,Ajax,Benfica,72,112,1.5,1.5833333333333333,1.3214285714285714,1.5267857142857142,0.375,0.3482142857142857,0.3888888888888889,0.2857142857142857,3,0,20,20,A,1,1,20,20,0.1785714285714286,-0.05654761904761907,-0.02678571428571419,-0.26190476190476186,0.0267857142857143,0.1031746031746032,3,-40,0,0.0267857142857143,0.1031746031746032,3,0.1785714285714286,0.05654761904761907,3,0.7232142857142857,2.821428571428571,3.1101190476190474,0.9732142857142857,0.8
2025-26,2025-11-25,League phase,Bodø/Glimt,Juventus,4,114,1.25,2.0,1.5263157894736843,1.0526315789473684,0.0,0.5,0.0,0.4107142857142857,2,3,21,21,A,1,1,21,21,-0.2763157894736843,-0.9473684210526316,0.19736842105263164,-0.4736842105263157,-0.5,-0.4107142857142857,-1,-110,0,0.5,0.4107142857142857,1,0.2763157894736843,0.9473684210526316,5,0.5,2.776315789473684,3.052631578947368,0.5,0.9333333333333333
2025-26,2025-11-25,League phase,Chelsea,Barcelona,110,159,1.8727272727272728,0.990909090909091,2.188679245283019,1.1383647798742138,0.5363636363636364,0.610062893081761,0.6296296296296297,0.4810126582278481,7,7,20,20,H,1,1,20,20,-0.31595197255574603,0.14745568896512284,0.734362492853059,1.1977701543739279,-0.0736992567181246,0.14861697140178154,0,-49,0,0.0736992567181246,0.14861697140178154,0,0.31595197255574603,0.14745568896512284,14,1.1464265294453972,4.061406518010291,2.1292738707833045,0.9263007432818754,1.0
2025-26,2025-11-25,League phase,Dortmund,Villarreal,124,22,1.7661290322580645,1.3387096774193548,1.0909090909090908,1.6363636363636365,0.47580645161290325,0.22727272727272727,0.5645161290322581,0.2727272727272727,10,1,20,20,H,1,1,20,20,0.6752199413489737,0.2976539589442817,0.12976539589442804,-0.24780058651026393,0.24853372434017598,0.2917888563049854,9,102,0,0.24853372434017598,0.2917888563049854,9,0.6752199413489737,0.2976539589442817,11,0.7030791788856305,2.8570381231671553,2.9750733137829912,0.751466275659824,0.4
2025-26,2025-11-25,League phase,Galatasaray,Union SG,52,4,1.0961538461538463,1.9423076923076923,1.0,3.0,0.25,0.25,0.3076923076923077,0.5,9,3,20,21,A,1,1,20,21,0.09615384615384626,1.0576923076923077,-1.9038461538461537,-0.9423076923076923,0.0,-0.1923076923076923,6,48,-1,0.0,0.1923076923076923,6,0.09615384615384626,1.0576923076923077,12,0.5,2.0961538461538463,4.9423076923076925,1.0,0.6
2025-26,2025-11-25,League phase,Manchester City,Leverkusen,139,64,2.1366906474820144,1.1870503597122302,1.265625,1.53125,0.5611510791366906,0.34375,0.6619718309859155,0.1875,10,5,20,20,A,1,1,20,20,0.8710656474820144,0.34419964028776984,0.6054406474820144,0.07857464028776984,0.2174010791366906,0.4744718309859155,5,75,0,0.2174010791366906,0.4744718309859155,5,0.8710656474820144,0.34419964028776984,15,0.9049010791366906,3.4023156474820144,2.71830035971223,0.7825989208633094,0.6666666666666667
2025-26,2025-11-25,League phase,Marseille,Newcastle,40,10,1.075,1.375,1.6,0.9,0.3,0.4,0.35,0.25,3,9,20,20,H,1,1,20,20,-0.5250000000000001,-0.475,0.17499999999999993,0.2250000000000001,-0.10000000000000003,0.09999999999999998,-6,30,0,0.10000000000000003,0.09999999999999998,6,0.5250000000000001,0.475,12,0.7,2.675,2.275,0.8999999999999999,0.6
2025-26,2025-11-25,League phase,Napoli,Qarabağ,64,10,1.71875,1.375,1.0,2.1,0.453125,0.2,0.59375,0.2,4,7,21,20,H,1,1,21,20,0.71875,0.7250000000000001,-0.3812500000000001,-0.375,0.253125,0.39375,-3,54,1,0.253125,0.39375,3,0.71875,0.7250000000000001,11,0.653125,2.71875,3.475,0.746875,0.8
2025-26,2025-11-25,League phase,Slavia Prague,Athletic Club,10,10,0.6,1.8,0.9,1.5,0.0,0.3,0.0,0.2,2,6,21,20,D,1,1,21,20,-0.30000000000000004,-0.30000000000000004,-0.9,-0.9,-0.3,-0.2,-4,0,1,0.3,0.2,4,0.30000000000000004,0.30000000000000004,8,0.3,1.5,3.3,0.7,0.7333333333333334
2025-26,2025-11-26,League phase,Arsenal,Bayern Munich,84,171,1.9642857142857142,1.1904761904761905,2.461988304093567,0.9766081871345029,0.5595238095238095,0.6900584795321637,0.6666666666666666,0.5977011494252874,12,13,22,22,H,1,1,22,22,-0.49770258980785287,-0.21386800334168754,0.9876775271512113,1.2715121136173766,-0.13053467000835417,0.06896551724137923,-1,-87,0,0.13053467000835417,0.06896551724137923,1,0.49770258980785287,0.21386800334168754,25,1.2495822890559731,4.4262740183792815,2.1670843776106934,0.8694653299916458,0.9333333333333333
2025-26,2025-11-26,League phase,Atlético Madrid,Inter,119,84,1.495798319327731,1.0084033613445378,1.5,1.1547619047619047,0.5042016806722689,0.5,0.6724137931034483,0.4186046511627907,9,12,22,21,H,1,1,22,21,-0.004201680672268893,0.14635854341736687,0.34103641456582645,0.4915966386554622,0.004201680672268893,0.25380914194065757,-3,35,1,0.004201680672268893,0.25380914194065757,3,0.004201680672268893,0.14635854341736687,21,1.004201680672269,2.995798319327731,2.1631652661064424,0.9957983193277311,0.8
2025-26,2025-11-26,League phase,FC Copenhagen,FC Kairat,38,4,0.868421052631579,1.5789473684210527,0.5,2.75,0.21052631578947367,0.0,0.3157894736842105,0.0,1,1,22,21,H,1,1,22,21,0.368421052631579,1.1710526315789473,-1.881578947368421,-1.0789473684210527,0.21052631578947367,0.3157894736842105,0,34,1,0.21052631578947367,0.3157894736842105,0,0.368421052631579,1.1710526315789473,2,0.21052631578947367,1.368421052631579,4.328947368421053,0.7894736842105263,1.0
2025-26,2025-11-26,League phase,Frankfurt,Atalanta,12,37,1.1666666666666667,2.0,1.7567567567567568,1.5945945945945945,0.3333333333333333,0.3783783783783784,0.3333333333333333,0.5,4,7,22,21,A,1,1,22,21,-0.5900900900900901,-0.4054054054054055,-0.4279279279279278,-0.2432432432432432,-0.045045045045045085,-0.16666666666666669,-3,-25,1,0.045045045045045085,0.16666666666666669,3,0.5900900900900901,0.4054054054054055,11,0.7117117117117118,2.9234234234234235,3.5945945945945947,0.954954954954955,0.8
2025-26,2025-11-26,League phase,Liverpool,PSV,85,44,2.070588235294118,1.0705882352941176,1.3409090909090908,1.7045454545454546,0.611764705882353,0.25,0.6666666666666666,0.09090909090909091,9,6,22,22,A,1,1,22,22,0.729679144385027,0.633957219251337,0.36604278074866325,0.2703208556149732,0.361764705882353,0.5757575757575757,3,41,0,0.361764705882353,0.5757575757575757,3,0.729679144385027,0.633957219251337,15,0.861764705882353,3.4114973262032087,2.7751336898395724,0.638235294117647,0.8
2025-26,2025-11-26,League phase,Olympiacos,Real Madrid,54,184,1.1296296296296295,1.8148148148148149,2.2717391304347827,1.0543478260869565,0.3333333333333333,0.657608695652174,0.48148148148148145,0.5760869565217391,2,9,22,22,A,1,1,22,22,-1.1421095008051532,-0.7604669887278583,0.075281803542673,0.4569243156199678,-0.32427536231884063,-0.09460547504025768,-7,-130,0,0.32427536231884063,0.09460547504025768,7,1.1421095008051532,0.7604669887278583,11,0.9909420289855073,3.401368760064412,2.8691626409017714,0.6757246376811594,0.5333333333333333
2025-26,2025-11-26,League phase,Pafos FC,Monaco,4,48,0.5,1.25,1.1875,1.625,0.25,0.3125,0.5,0.25,5,6,21,22,D,1,1,21,22,-0.6875,0.375,-1.125,-0.0625,-0.0625,0.25,-1,-44,-1,0.0625,0.25,1,0.6875,0.375,11,0.5625,1.6875,2.875,0.9375,0.9333333333333333
2025-26,2025-11-26,League phase,Paris SG,Tottenham,136,57,2.139705882352941,1.0955882352941178,1.6842105263157894,1.3333333333333333,0.5661764705882353,0.43859649122807015,0.6176470588235294,0.2857142857142857,12,9,22,22,H,1,1,22,22,0.45549535603715174,0.2377450980392155,0.8063725490196079,0.5886222910216716,0.12757997936016513,0.33193277310924374,3,79,0,0.12757997936016513,0.33193277310924374,3,0.45549535603715174,0.2377450980392155,21,1.0047729618163055,3.8239164086687305,2.428921568627451,0.8724200206398349,0.8
2025-26,2025-11-26,League phase,Sporting CP,Club Brugge,46,54,1.4782608695652173,1.6304347826086956,1.0185185185185186,1.8703703703703705,0.32608695652173914,0.24074074074074073,0.4782608695652174,0.2222222222222222,8,4,22,21,H,1,1,22,21,0.4597423510466987,0.2399355877616749,-0.39210950080515317,-0.611916264090177,0.08534621578099841,0.2560386473429952,4,-8,1,0.08534621578099841,0.2560386473429952,4,0.4597423510466987,0.2399355877616749,12,0.5668276972624798,2.496779388083736,3.500805152979066,0.9146537842190016,0.7333333333333334
2025-26,2025-12-09,League phase,Atalanta,Chelsea,38,111,1.7894736842105263,1.5526315789473684,1.882882882882883,0.9819819819819819,0.39473684210526316,0.5405405405405406,0.2631578947368421,0.44642857142857145,10,10,13,14,H,1,1,13,14,-0.09340919867235664,-0.5706495969653864,0.8074917022285444,0.3302513039355146,-0.1458036984352774,-0.18327067669172936,0,-73,-1,0.1458036984352774,0.18327067669172936,0,0.09340919867235664,0.5706495969653864,20,0.9352773826458037,3.6723565670934093,2.5346135609293503,0.8541963015647226,1.0
2025-26,2025-12-09,League phase,Barcelona,Frankfurt,160,13,2.175,1.15,1.0769230769230769,2.076923076923077,0.60625,0.3076923076923077,0.7375,0.3333333333333333,7,4,14,13,H,1,1,14,13,1.098076923076923,0.9269230769230772,0.09807692307692273,-0.07307692307692304,0.29855769230769225,0.40416666666666673,3,147,1,0.29855769230769225,0.40416666666666673,3,1.098076923076923,0.9269230769230772,11,0.9139423076923077,3.2519230769230765,3.226923076923077,0.7014423076923078,0.8
2025-26,2025-12-09,League phase,Bayern Munich,Sporting CP,172,47,2.453488372093023,0.9883720930232558,1.5106382978723405,1.5957446808510638,0.686046511627907,0.3404255319148936,0.7857142857142857,0.17391304347826086,12,10,13,13,H,1,1,13,13,0.9428500742206827,0.607372587827808,0.8577436912419594,0.5222662048490847,0.34562097971301337,0.6118012422360248,2,125,0,0.34562097971301337,0.6118012422360248,2,0.9428500742206827,0.607372587827808,22,1.0264720435428005,3.9641266699653634,2.5841167738743196,0.6543790202869866,0.8666666666666667
2025-26,2025-12-09,League phase,FC Kairat,Olympiacos,5,55,0.8,2.8,1.1636363636363636,1.8545454545454545,0.0,0.32727272727272727,0.0,0.18518518518518517,1,2,13,13,A,1,1,13,13,-0.36363636363636354,-0.9454545454545453,-1.0545454545454545,-1.6363636363636362,-0.32727272727272727,-0.18518518518518517,-1,-50,0,0.32727272727272727,0.18518518518518517,1,0.36363636363636354,0.9454545454545453,3,0.32727272727272727,1.9636363636363636,4.654545454545454,0.6727272727272727,0.9333333333333333
2025-26,2025-12-09,League phase,Inter,Liverpool,85,86,1.4941176470588236,1.1647058823529413,2.058139534883721,1.1046511627906976,0.49411764705882355,0.6046511627906976,0.5853658536585366,0.5581395348837209,12,9,13,13,A,1,1,13,13,-0.5640218878248975,-0.06005471956224362,0.3894664842681259,0.8934336525307798,-0.11053351573187409,0.027226318774815628,3,-1,0,0.11053351573187409,0.027226318774815628,3,0.5640218878248975,0.06005471956224362,21,1.0987688098495212,3.5522571819425446,2.269357045143639,0.8894664842681259,0.8
2025-26,2025-12-09,League phase,Monaco,Galatasaray,49,53,1.2040816326530612,1.6326530612244898,1.0754716981132075,1.9245283018867925,0.30612244897959184,0.24528301886792453,0.375,0.19230769230769232,6,9,13,14,H,1,1,13,14,0.1286099345398537,0.29187524066230264,-0.7204466692337312,-0.5571813631112823,0.060839430111667314,0.18269230769230768,-3,-4,-1,0.060839430111667314,0.18269230769230768,3,0.1286099345398537,0.29187524066230264,15,0.5514054678475164,2.2795533307662685,3.5571813631112823,0.9391605698883327,0.8
2025-26,2025-12-09,League phase,PSV,Atlético Madrid,45,120,1.4,1.6888888888888889,1.5,1.0083333333333333,0.26666666666666666,0.5083333333333333,0.4090909090909091,0.3442622950819672,8,9,13,13,A,1,1,13,13,-0.10000000000000009,-0.6805555555555556,0.3916666666666666,-0.18888888888888888,-0.24166666666666664,0.06482861400894191,-1,-75,0,0.24166666666666664,0.06482861400894191,1,0.10000000000000009,0.6805555555555556,17,0.7749999999999999,2.9,2.697222222222222,0.7583333333333333,0.9333333333333333
2025-26,2025-12-09,League phase,Tottenham,Slavia Prague,58,11,1.706896551724138,1.396551724137931,0.5454545454545454,1.6363636363636365,0.43103448275862066,0.0,0.5862068965517241,0.0,8,3,13,14,H,1,1,13,14,1.1614420062695925,0.23981191222570541,0.07053291536050144,-0.8510971786833856,0.43103448275862066,0.5862068965517241,5,47,-1,0.43103448275862066,0.5862068965517241,5,1.1614420062695925,0.23981191222570541,11,0.43103448275862066,2.2523510971786833,3.0329153605015673,0.5689655172413793,0.6666666666666667
2025-26,2025-12-09,League phase,Union SG,Marseille,5,41,1.0,2.4,1.0975609756097562,1.3658536585365855,0.4,0.3170731707317073,0.0,0.25,6,6,14,14,A,1,1,14,14,-0.09756097560975618,-1.0341463414634144,-0.36585365853658547,-1.3024390243902437,0.0829268292682927,-0.25,0,-36,0,0.0829268292682927,0.25,0,0.09756097560975618,1.0341463414634144,12,0.7170731707317073,2.097560975609756,3.765853658536585,0.9170731707317072,1.0
2025-26,2025-12-10,League phase,Athletic Club,Paris SG,11,137,0.8181818181818182,1.3636363636363635,2.1605839416058394,1.1094890510948905,0.2727272727272727,0.5693430656934306,0.4,0.5147058823529411,4,12,15,14,D,1,1,15,14,-1.342402123424021,-0.25414731254147305,-0.29130723291307226,0.7969475779694759,-0.2966157929661579,-0.1147058823529411,-8,-126,1,0.2966157929661579,0.1147058823529411,8,1.342402123424021,0.25414731254147305,16,0.8420703384207033,2.978765759787658,2.4731254147312542,0.7033842070338421,0.4666666666666667
2025-26,2025-12-10,League phase,Benfica,Napoli,113,65,1.3274336283185841,1.5132743362831858,1.7230769230769232,1.353846153846154,0.35398230088495575,0.46153846153846156,0.4107142857142857,0.3125,3,7,15,15,H,1,1,15,15,-0.39564329475833904,-0.15942818243703183,-0.026412525527569786,0.20980258679373742,-0.10755616065350582,0.0982142857142857,-4,48,0,0.10755616065350582,0.0982142857142857,4,0.39564329475833904,0.15942818243703183,10,0.8155207624234173,3.050510551395507,2.8671204901293397,0.8924438393464942,0.7333333333333334
2025-26,2025-12-10,League phase,Club Brugge,Arsenal,55,85,1.0,1.8909090909090909,1.9764705882352942,1.188235294117647,0.23636363636363636,0.5647058823529412,0.25925925925925924,0.4523809523809524,4,15,14,14,A,1,1,14,14,-0.9764705882352942,-0.7026737967914438,-0.18823529411764706,0.08556149732620333,-0.32834224598930484,-0.19312169312169314,-11,-30,0,0.32834224598930484,0.19312169312169314,11,0.9764705882352942,0.7026737967914438,19,0.8010695187165775,2.976470588235294,3.079144385026738,0.6716577540106952,0.2666666666666667
2025-26,2025-12-10,League phase,Dortmund,Bodø/Glimt,125,5,1.784,1.328,1.4,2.2,0.48,0.0,0.5714285714285714,0.0,10,2,15,15,D,1,1,15,15,0.3840000000000001,0.8720000000000001,-0.41600000000000015,0.07199999999999984,0.48,0.5714285714285714,8,120,0,0.48,0.5714285714285714,8,0.3840000000000001,0.8720000000000001,12,0.48,3.184,3.5280000000000005,0.52,0.4666666666666667
2025-26,2025-12-10,League phase,Juventus,Pafos FC,115,5,1.5391304347826087,1.0608695652173914,0.8,1.4,0.5043478260869565,0.2,0.5862068965517241,0.0,6,6,15,14,H,1,1,15,14,0.7391304347826086,0.3391304347826085,0.13913043478260878,-0.26086956521739135,0.3043478260869565,0.5862068965517241,0,110,1,0.3043478260869565,0.5862068965517241,0,0.7391304347826086,0.3391304347826085,12,0.7043478260869565,2.339130434782609,2.4608695652173913,0.6956521739130435,1.0
2025-26,2025-12-10,League phase,Leverkusen,Newcastle,65,11,1.2769230769230768,1.5076923076923077,1.5454545454545454,1.0,0.35384615384615387,0.36363636363636365,0.5,0.2,8,9,15,15,D,1,1,15,15,-0.2685314685314686,-0.5076923076923077,0.2769230769230768,0.03776223776223775,-0.00979020979020978,0.3,-1,54,0,0.00979020979020978,0.3,1,0.2685314685314686,0.5076923076923077,17,0.7174825174825175,2.8223776223776222,2.5076923076923077,0.9902097902097902,0.9333333333333333
2025-26,2025-12-10,League phase,Qarabağ,Ajax,11,73,0.9090909090909091,2.090909090909091,1.4794520547945205,1.5890410958904109,0.18181818181818182,0.3698630136986301,0.2,0.3611111111111111,7,0,15,15,A,1,1,15,15,-0.5703611457036114,-0.50186799501868,-0.6799501867995018,-0.6114570361145704,-0.1880448318804483,-0.1611111111111111,7,-62,0,0.1880448318804483,0.1611111111111111,7,0.5703611457036114,0.50186799501868,7,0.5516811955168119,2.3885429638854294,3.679950186799502,0.8119551681195517,0.5333333333333333
2025-26,2025-12-10,League phase,Real Madrid,Manchester City,185,140,2.281081081081081,1.0648648648648649,2.1214285714285714,1.1928571428571428,0.6594594594594595,0.5571428571428572,0.7391304347826086,0.45588235294117646,12,10,14,15,A,1,1,14,15,0.15965250965250943,0.12799227799227797,1.088223938223938,1.0565637065637066,0.10231660231660233,0.2832480818414322,2,45,-1,0.10231660231660233,0.2832480818414322,2,0.15965250965250943,0.12799227799227797,22,1.2166023166023168,4.402509652509652,2.2577220077220077,0.8976833976833977,0.8666666666666667
2025-26,2025-12-10,League phase,Villarreal,FC Copenhagen,23,39,1.0434782608695652,1.7391304347826086,0.9230769230769231,1.5897435897435896,0.21739130434782608,0.23076923076923078,0.18181818181818182,0.10526315789473684,1,4,15,14,A,1,1,15,14,0.12040133779264206,-0.149386845039019,-0.5462653288740245,-0.8160535117056855,-0.013377926421404701,0.07655502392344499,-3,-16,1,0.013377926421404701,0.07655502392344499,3,0.12040133779264206,0.149386845039019,5,0.4481605351170569,1.9665551839464883,3.3288740245261983,0.9866220735785953,0.8
2025-26,2026-01-20,League phase,Bodø/Glimt,Manchester City,6,141,1.5,2.1666666666666665,2.120567375886525,1.1914893617021276,0.0,0.5602836879432624,0.0,0.463768115942029,2,10,41,41,H,1,1,41,41,-0.6205673758865249,-0.9751773049645389,0.3085106382978724,-0.04609929078014163,-0.5602836879432624,-0.463768115942029,-8,-135,0,0.5602836879432624,0.463768115942029,8,0.6205673758865249,0.9751773049645389,12,0.5602836879432624,3.620567375886525,3.358156028368794,0.43971631205673756,0.4666666666666667
2025-26,2026-01-20,League phase,FC Copenhagen,Napoli,40,66,0.975,1.6,1.696969696969697,1.3636363636363635,0.25,0.45454545454545453,0.35,0.30303030303030304,6,7,41,41,D,1,1,41,41,-0.721969696969697,-0.23636363636363655,-0.38863636363636356,0.09696969696969693,-0.20454545454545453,0.04696969696969694,-1,-26,0,0.20454545454545453,0.04696969696969694,1,0.721969696969697,0.23636363636363655,13,0.7045454545454546,2.671969696969697,2.963636363636364,0.7954545454545454,0.9333333333333333
2025-26,2026-01-20,League phase,FC Kairat,Club Brugge,6,56,0.6666666666666666,2.5,0.9821428571428571,1.9107142857142858,0.0,0.23214285714285715,0.0,0.21428571428571427,1,1,42,41,A,1,1,42,41,-0.31547619047619047,-0.5892857142857142,-1.244047619047619,-1.5178571428571428,-0.23214285714285715,-0.21428571428571427,0,-50,1,0.23214285714285715,0.21428571428571427,0,0.31547619047619047,0.5892857142857142,2,0.23214285714285715,1.6488095238095237,4.410714285714286,0.7678571428571428,1.0
2025-26,2026-01-20,League phase,Inter,Arsenal,86,86,1.4767441860465116,1.1627906976744187,1.9883720930232558,1.1744186046511629,0.4883720930232558,0.5697674418604651,0.5714285714285714,0.46511627906976744,9,15,42,41,A,1,1,42,41,-0.5116279069767442,0.011627906976744207,0.3023255813953487,0.8255813953488371,-0.08139534883720934,0.10631229235880396,-6,0,1,0.08139534883720934,0.10631229235880396,6,0.5116279069767442,0.011627906976744207,24,1.058139534883721,3.4651162790697674,2.3372093023255816,0.9186046511627907,0.6
2025-26,2026-01-20,League phase,Olympiacos,Leverkusen,56,66,1.1607142857142858,1.8214285714285714,1.2878787878787878,1.5151515151515151,0.3392857142857143,0.3484848484848485,0.4642857142857143,0.21212121212121213,4,8,42,41,H,1,1,42,41,-0.12716450216450204,-0.30627705627705626,-0.35443722943722933,-0.5335497835497836,-0.009199134199134207,0.25216450216450215,-4,-10,1,0.009199134199134207,0.25216450216450215,4,0.12716450216450204,0.30627705627705626,12,0.6877705627705628,2.4485930735930737,3.3365800865800868,0.9908008658008658,0.7333333333333334
2025-26,2026-01-20,League phase,Real Madrid,Monaco,186,50,2.274193548387097,1.0698924731182795,1.2,1.6,0.6559139784946236,0.32,0.7311827956989247,0.24,9,9,41,42,H,1,1,41,42,1.074193548387097,0.5301075268817206,0.6741935483870969,0.13010752688172045,0.3359139784946236,0.49118279569892476,0,136,-1,0.3359139784946236,0.49118279569892476,0,1.074193548387097,0.5301075268817206,18,0.9759139784946236,3.474193548387097,2.6698924731182796,0.6640860215053763,1.0
2025-26,2026-01-20,League phase,Sporting CP,Paris SG,48,138,1.5,1.625,2.1449275362318843,1.1014492753623188,0.3333333333333333,0.5652173913043478,0.5,0.5072463768115942,7,10,42,41,H,1,1,42,41,-0.6449275362318843,-0.5235507246376812,0.39855072463768115,0.5199275362318843,-0.23188405797101447,-0.007246376811594235,-3,-90,1,0.23188405797101447,0.007246376811594235,3,0.6449275362318843,0.5235507246376812,17,0.8985507246376812,3.6449275362318843,2.726449275362319,0.7681159420289856,0.8
2025-26,2026-01-20,League phase,Tottenham,Dortmund,59,126,1.728813559322034,1.3728813559322033,1.7857142857142858,1.3333333333333333,0.4406779661016949,0.47619047619047616,0.6,0.3870967741935484,8,10,42,41,H,1,1,42,41,-0.056900726392251855,-0.039548022598870025,0.3954802259887007,0.4128329297820825,-0.03551251008878126,0.2129032258064516,-2,-67,1,0.03551251008878126,0.2129032258064516,2,0.056900726392251855,0.039548022598870025,18,0.9168684422921711,3.5145278450363198,2.7062146892655363,0.9644874899112188,0.8666666666666667
2025-26,2026-01-20,League phase,Villarreal,Ajax,24,74,1.0833333333333333,1.7916666666666667,1.5135135135135136,1.5945945945945945,0.20833333333333334,0.3783783783783784,0.16666666666666666,0.3783783783783784,1,3,41,41,A,1,1,41,41,-0.43018018018018034,-0.19707207207207222,-0.5112612612612613,-0.27815315315315314,-0.17004504504504506,-0.21171171171171174,-2,-50,0,0.17004504504504506,0.21171171171171174,2,0.43018018018018034,0.19707207207207222,4,0.5867117117117118,2.596846846846847,3.3862612612612613,0.829954954954955,0.8666666666666667
2025-26,2026-01-21,League phase,Atalanta,Athletic Club,39,12,1.794871794871795,1.5384615384615385,0.75,1.25,0.41025641025641024,0.25,0.3,0.16666666666666666,13,5,43,42,A,1,1,43,42,1.044871794871795,-0.28846153846153855,0.5448717948717949,-0.7884615384615385,0.16025641025641024,0.13333333333333333,8,27,1,0.16025641025641024,0.13333333333333333,8,1.044871794871795,0.28846153846153855,18,0.6602564102564102,2.5448717948717947,2.7884615384615383,0.8397435897435898,0.4666666666666667
2025-26,2026-01-21,League phase,Bayern Munich,Union SG,173,6,2.4566473988439306,0.9884393063583815,1.1666666666666667,2.5,0.6878612716763006,0.3333333333333333,0.788235294117647,0.6666666666666666,12,3,43,43,H,1,1,43,43,1.2899807321772638,1.5115606936416186,-0.043352601156069426,0.17822736030828523,0.3545279383429673,0.1215686274509804,9,167,0,0.3545279383429673,0.1215686274509804,9,1.2899807321772638,1.5115606936416186,15,1.0211946050096339,3.6233140655105975,3.4884393063583814,0.6454720616570326,0.4
2025-26,2026-01-21,League phase,Chelsea,Pafos FC,112,6,1.875,0.9910714285714286,0.6666666666666666,1.5,0.5357142857142857,0.16666666666666666,0.6363636363636364,0.0,10,5,43,42,H,1,1,43,42,1.2083333333333335,0.5089285714285714,0.375,-0.324404761904762,0.36904761904761907,0.6363636363636364,5,106,1,0.36904761904761907,0.6363636363636364,5,1.2083333333333335,0.5089285714285714,15,0.7023809523809523,2.5416666666666665,2.491071428571429,0.6309523809523809,0.6666666666666667
2025-26,2026-01-21,League phase,Galatasaray,Atlético Madrid,54,121,1.0555555555555556,1.9074074074074074,1.512396694214876,1.0165289256198347,0.24074074074074073,0.512396694214876,0.2962962962962963,0.3548387096774194,9,12,43,43,D,1,1,43,43,-0.4568411386593205,-0.8908784817875728,0.039026629935720925,-0.39501071319253134,-0.2716559534741353,-0.05854241338112309,-3,-67,0,0.2716559534741353,0.05854241338112309,3,0.4568411386593205,0.8908784817875728,21,0.7531374349556167,2.567952249770432,2.923936333027242,0.7283440465258647,0.8
2025-26,2026-01-21,League phase,Juventus,Benfica,116,114,1.543103448275862,1.0517241379310345,1.3333333333333333,1.5,0.5086206896551724,0.35964912280701755,0.5932203389830508,0.2982456140350877,8,6,42,42,H,1,1,42,42,0.20977011494252884,0.4482758620689655,0.0431034482758621,0.2816091954022988,0.14897156684815482,0.2949747249479631,2,2,0,0.14897156684815482,0.2949747249479631,2,0.20977011494252884,0.4482758620689655,14,0.8682698124621899,2.876436781609195,2.5517241379310347,0.8510284331518452,0.8666666666666667
2025-26,2026-01-21,League phase,Marseille,Liverpool,42,87,1.1428571428571428,1.380952380952381,2.045977011494253,1.0919540229885059,0.3333333333333333,0.6091954022988506,0.38095238095238093,0.5681818181818182,9,9,43,43,A,1,1,43,43,-0.90311986863711,-0.2889983579638751,0.05090311986863694,0.6650246305418719,-0.2758620689655173,-0.1872294372294373,0,-45,0,0.2758620689655173,0.1872294372294373,0,0.90311986863711,0.2889983579638751,18,0.9425287356321839,3.1888341543513956,2.472906403940887,0.7241379310344827,1.0
2025-26,2026-01-21,League phase,Newcastle,PSV,12,46,1.5833333333333333,1.0833333333333333,1.4130434782608696,1.7173913043478262,0.3333333333333333,0.2608695652173913,0.5,0.13043478260869565,10,8,42,43,H,1,1,42,43,0.17028985507246364,0.6340579710144929,-0.1340579710144929,0.32971014492753636,0.07246376811594202,0.3695652173913043,2,-34,-1,0.07246376811594202,0.3695652173913043,2,0.17028985507246364,0.6340579710144929,18,0.5942028985507246,2.996376811594203,2.800724637681159,0.927536231884058,0.8666666666666667
2025-26,2026-01-21,League phase,Qarabağ,Frankfurt,12,14,1.0,2.25,1.0714285714285714,2.0714285714285716,0.16666666666666666,0.2857142857142857,0.16666666666666666,0.2857142857142857,4,1,42,43,H,1,1,42,43,-0.0714285714285714,-0.17857142857142838,-1.0714285714285716,-1.1785714285714286,-0.11904761904761904,-0.11904761904761904,3,-2,-1,0.11904761904761904,0.11904761904761904,3,0.0714285714285714,0.17857142857142838,5,0.45238095238095233,2.071428571428571,4.321428571428571,0.8809523809523809,0.8
2025-26,2026-01-21,League phase,Slavia Prague,Barcelona,12,161,0.5,1.75,2.1739130434782608,1.1490683229813665,0.0,0.6086956521739131,0.0,0.475,2,7,43,43,A,1,1,43,43,-1.6739130434782608,-0.6009316770186335,-0.6490683229813665,0.42391304347826075,-0.6086956521739131,-0.475,-5,-149,0,0.6086956521739131,0.475,5,1.6739130434782608,0.6009316770186335,9,0.6086956521739131,2.6739130434782608,2.8990683229813667,0.3913043478260869,0.6666666666666667
2025-26,2026-01-28,League phase,Ajax,Olympiacos,75,57,1.52,1.5866666666666667,1.1754385964912282,1.7894736842105263,0.38666666666666666,0.3508771929824561,0.3783783783783784,0.21428571428571427,6,7,8,8,A,1,1,8,8,0.34456140350877185,0.20280701754385966,-0.2694736842105263,-0.4112280701754385,0.03578947368421054,0.16409266409266413,-1,18,0,0.03578947368421054,0.16409266409266413,1,0.34456140350877185,0.20280701754385966,13,0.7375438596491228,2.695438596491228,3.376140350877193,0.9642105263157894,0.9333333333333333
2025-26,2026-01-28,League phase,Arsenal,FC Kairat,87,7,2.0,1.1724137931034482,0.7142857142857143,2.7142857142857144,0.5747126436781609,0.0,0.6744186046511628,0.0,15,1,8,8,H,1,1,8,8,1.2857142857142856,1.5418719211822662,-0.7142857142857144,-0.4581280788177339,0.5747126436781609,0.6744186046511628,14,80,0,0.5747126436781609,0.6744186046511628,14,1.2857142857142856,1.5418719211822662,16,0.5747126436781609,2.7142857142857144,3.886699507389163,0.4252873563218391,0.06666666666666665
2025-26,2026-01-28,League phase,Athletic Club,Sporting CP,13,49,0.9230769230769231,1.3076923076923077,1.510204081632653,1.6122448979591837,0.3076923076923077,0.3469387755102041,0.3333333333333333,0.16666666666666666,8,10,7,8,A,1,1,7,8,-0.5871271585557298,0.304552590266876,-0.6891679748822606,0.20251177394034525,-0.03924646781789637,0.16666666666666666,-2,-36,-1,0.03924646781789637,0.16666666666666666,2,0.5871271585557298,0.304552590266876,18,0.6546310832025117,2.433281004709576,2.9199372056514914,0.9607535321821037,0.8666666666666667
2025-26,2026-01-28,League phase,Atlético Madrid,Bodø/Glimt,122,7,1.5081967213114753,1.0163934426229508,1.7142857142857142,2.0,0.5081967213114754,0.14285714285714285,0.6779661016949152,0.0,10,4,7,8,A,1,1,7,8,-0.20608899297423888,0.9836065573770492,-0.4918032786885247,0.6978922716627634,0.36533957845433257,0.6779661016949152,6,115,-1,0.36533957845433257,0.6779661016949152,6,0.20608899297423888,0.9836065573770492,14,0.6510538641686183,3.2224824355971897,3.0163934426229506,0.6346604215456675,0.6
2025-26,2026-01-28,League phase,Barcelona,FC Copenhagen,162,41,2.185185185185185,1.154320987654321,0.975609756097561,1.5853658536585367,0.6111111111111112,0.24390243902439024,0.7407407407407407,0.15,10,7,7,8,H,1,1,7,8,1.2095754290876242,0.43104486600421565,0.5998193315266485,-0.17871123155676005,0.3672086720867209,0.5907407407407407,3,121,-1,0.3672086720867209,0.5907407407407407,3,1.2095754290876242,0.43104486600421565,17,0.8550135501355014,3.160794941282746,2.7396868413128574,0.6327913279132791,0.8
2025-26,2026-01-28,League phase,Benfica,Real Madrid,115,187,1.3217391304347825,1.5043478260869565,2.2941176470588234,1.0695187165775402,0.3565217391304348,0.6577540106951871,0.42105263157894735,0.5806451612903226,6,9,7,8,H,1,1,7,8,-0.9723785166240408,-0.43482910950941633,0.25222041385724236,0.7897698209718669,-0.30123227156475235,-0.15959252971137527,-3,-72,-1,0.30123227156475235,0.15959252971137527,3,0.9723785166240408,0.43482910950941633,15,1.0142757498256219,3.615856777493606,2.5738665426644967,0.6987677284352476,0.8
2025-26,2026-01-28,League phase,Club Brugge,Marseille,57,43,1.0350877192982457,1.894736842105263,1.1162790697674418,1.4186046511627908,0.24561403508771928,0.32558139534883723,0.25,0.2857142857142857,4,6,8,7,H,1,1,8,7,-0.08119135046919612,-0.4761321909424723,-0.38351693186454505,-0.7784577723378212,-0.07996736026111795,-0.0357142857142857,-2,14,1,0.07996736026111795,0.0357142857142857,2,0.08119135046919612,0.4761321909424723,10,0.5711954304365565,2.151366789065688,3.313341493268054,0.920032639738882,0.8666666666666667
2025-26,2026-01-28,League phase,Dortmund,Inter,127,87,1.7716535433070866,1.3385826771653544,1.471264367816092,1.1839080459770115,0.47244094488188976,0.4827586206896552,0.5625,0.4090909090909091,7,6,8,8,A,1,1,8,8,0.30038917549099464,-0.1546746311883429,0.5877454973300751,0.13268169065073754,-0.010317675807765436,0.15340909090909088,1,40,0,0.010317675807765436,0.15340909090909088,1,0.30038917549099464,0.1546746311883429,13,0.955199565571545,3.2429179111231785,2.522490723142366,0.9896823241922346,0.9333333333333333
2025-26,2026-01-28,League phase,Frankfurt,Tottenham,15,60,1.1333333333333333,2.1333333333333333,1.7333333333333334,1.35,0.26666666666666666,0.45,0.2857142857142857,0.27586206896551724,1,10,7,8,A,1,1,7,8,-0.6000000000000001,-0.7833333333333332,-0.21666666666666679,-0.3999999999999999,-0.18333333333333335,0.009852216748768461,-9,-45,-1,0.18333333333333335,0.009852216748768461,9,0.6000000000000001,0.7833333333333332,11,0.7166666666666667,2.8666666666666667,3.4833333333333334,0.8166666666666667,0.4
2025-26,2026-01-28,League phase,Leverkusen,Villarreal,67,25,1.2686567164179106,1.5223880597014925,1.08,1.8,0.34328358208955223,0.2,0.48484848484848486,0.25,7,0,8,8,H,1,1,8,8,0.18865671641791049,0.27761194029850755,-0.5313432835820895,-0.4423880597014924,0.14328358208955222,0.23484848484848486,7,42,0,0.14328358208955222,0.23484848484848486,7,0.18865671641791049,0.27761194029850755,7,0.5432835820895523,2.348656716417911,3.3223880597014928,0.8567164179104478,0.5333333333333333
2025-26,2026-01-28,League phase,Liverpool,Qarabağ,88,13,2.0568181818181817,1.0795454545454546,1.1538461538461537,2.230769230769231,0.6136363636363636,0.23076923076923078,0.6511627906976745,0.16666666666666666,12,4,7,7,H,1,1,7,7,0.9029720279720279,1.1512237762237763,-0.17395104895104918,0.07430069930069916,0.38286713286713286,0.48449612403100784,8,75,0,0.38286713286713286,0.48449612403100784,8,0.9029720279720279,1.1512237762237763,16,0.8444055944055944,3.2106643356643354,3.3103146853146854,0.6171328671328671,0.4666666666666667
2025-26,2026-01-28,League phase,Manchester City,Galatasaray,142,55,2.112676056338028,1.204225352112676,1.0545454545454545,1.8909090909090909,0.5563380281690141,0.23636363636363636,0.6527777777777778,0.18518518518518517,9,7,8,7,H,1,1,8,7,1.0581306017925736,0.6866837387964149,0.22176696542893715,-0.14967989756722155,0.3199743918053778,0.4675925925925926,2,87,1,0.3199743918053778,0.4675925925925926,2,1.0581306017925736,0.6866837387964149,16,0.7927016645326505,3.1672215108834827,3.0951344430217667,0.6800256081946222,0.8666666666666667
2025-26,2026-01-28,League phase,Monaco,Juventus,51,117,1.196078431372549,1.6862745098039216,1.547008547008547,1.0427350427350428,0.3137254901960784,0.5128205128205128,0.4,0.42105263157894735,8,10,8,7,D,1,1,8,7,-0.3509301156359981,-0.6435394670688788,0.15334338863750618,-0.1392659627953745,-0.19909502262443435,-0.021052631578947323,-2,-66,1,0.19909502262443435,0.021052631578947323,2,0.3509301156359981,0.6435394670688788,18,0.8265460030165912,2.743086978381096,2.7290095525389644,0.8009049773755657,0.8666666666666667
2025-26,2026-01-28,League phase,Napoli,Chelsea,67,113,1.6865671641791045,1.3582089552238805,1.8672566371681416,0.9823008849557522,0.44776119402985076,0.5398230088495575,0.6060606060606061,0.43859649122807015,5,10,8,7,A,1,1,8,7,-0.18068947298903715,-0.37590807026812834,0.7042662792233523,0.5090476819442611,-0.09206181481970671,0.16746411483253593,-5,-46,1,0.09206181481970671,0.16746411483253593,5,0.18068947298903715,0.37590807026812834,15,0.9875842028794082,3.553823801347246,2.3405098401796325,0.9079381851802932,0.6666666666666667
2025-26,2026-01-28,League phase,PSV,Bayern Munich,47,174,1.3829787234042554,1.7446808510638299,2.454022988505747,0.9827586206896551,0.2553191489361702,0.6896551724137931,0.391304347826087,0.5909090909090909,7,12,7,7,A,1,1,7,7,-1.0710442651014918,-0.7619222303741747,0.4002201027146003,0.7093421374419173,-0.43433602347762296,-0.19960474308300397,-5,-127,0,0.43433602347762296,0.19960474308300397,5,1.0710442651014918,0.7619222303741747,19,0.9449743213499633,3.837001711910003,2.727439471753485,0.565663976522377,0.6666666666666667
2025-26,2026-01-28,League phase,Pafos FC,Slavia Prague,7,13,0.5714285714285714,1.4285714285714286,0.6153846153846154,1.9230769230769231,0.14285714285714285,0.0,0.3333333333333333,0.0,5,2,7,7,H,1,1,7,7,-0.04395604395604402,0.4945054945054945,-1.3516483516483517,-0.8131868131868132,0.14285714285714285,0.3333333333333333,3,-6,0,0.14285714285714285,0.3333333333333333,3,0.04395604395604402,0.4945054945054945,7,0.14285714285714285,1.1868131868131868,3.3516483516483517,0.8571428571428572,0.8
2025-26,2026-01-28,League phase,Paris SG,Newcastle,139,13,2.1366906474820144,1.1079136690647482,1.6923076923076923,1.0,0.5611510791366906,0.38461538461538464,0.6231884057971014,0.16666666666666666,7,10,8,7,D,1,1,8,7,0.44438295517432214,-0.1079136690647482,1.1366906474820144,0.5843940232429441,0.17653569452130596,0.4565217391304348,-3,126,1,0.17653569452130596,0.4565217391304348,3,0.44438295517432214,0.1079136690647482,17,0.9457664637520753,3.828998339789707,2.1079136690647484,0.8234643054786941,0.8
2025-26,2026-01-28,League phase,Union SG,Atalanta,7,40,1.0,2.4285714285714284,1.8,1.575,0.2857142857142857,0.4,0.0,0.5263157894736842,3,10,7,7,H,1,1,7,7,-0.8,-0.8535714285714284,-0.575,-0.6285714285714283,-0.11428571428571432,-0.5263157894736842,-7,-33,0,0.11428571428571432,0.5263157894736842,7,0.8,0.8535714285714284,13,0.6857142857142857,2.8,4.003571428571428,0.8857142857142857,0.5333333333333333
2025-26,2026-02-17,Knockout phase play-offs,Benfica,Real Madrid,116,188,1.3448275862068966,1.5086206896551724,2.2925531914893615,1.0851063829787233,0.3620689655172414,0.6542553191489362,0.43103448275862066,0.574468085106383,9,6,20,20,A,1,1,20,20,-0.947725605282465,-0.42351430667644907,0.25972120322817327,0.7839325018341892,-0.2921863536316948,-0.14343360234776237,3,-72,0,0.2921863536316948,0.14343360234776237,3,0.947725605282465,0.42351430667644907,15,1.0163242846661775,3.637380777696258,2.5937270726338957,0.7078136463683051,0.8
2025-26,2026-02-17,Knockout phase play-offs,Dortmund,Atalanta,128,41,1.7578125,1.34375,1.7560975609756098,1.5609756097560976,0.46875,0.3902439024390244,0.5538461538461539,0.5,4,9,20,20,H,1,1,20,20,0.0017149390243902385,0.21722560975609762,0.19683689024390238,0.41234756097560976,0.0785060975609756,0.05384615384615388,-5,87,0,0.0785060975609756,0.05384615384615388,5,0.0017149390243902385,0.21722560975609762,13,0.8589939024390244,3.5139100609756095,2.9047256097560976,0.9214939024390244,0.6666666666666667
2025-26,2026-02-17,Knockout phase play-offs,Galatasaray,Juventus,56,118,1.0357142857142858,1.8928571428571428,1.5338983050847457,1.0338983050847457,0.23214285714285715,0.5084745762711864,0.2857142857142857,0.41379310344827586,4,11,20,20,H,1,1,20,20,-0.49818401937045986,-0.8589588377723971,0.001815980629540137,-0.3589588377723971,-0.27633171912832927,-0.12807881773399016,-7,-62,0,0.27633171912832927,0.12807881773399016,7,0.49818401937045986,0.8589588377723971,15,0.7406174334140436,2.5696125907990313,2.9267554479418885,0.7236682808716708,0.5333333333333333
2025-26,2026-02-17,Knockout phase play-offs,Monaco,Paris SG,52,140,1.1730769230769231,1.6538461538461537,2.1285714285714286,1.1071428571428572,0.3076923076923077,0.5571428571428572,0.38461538461538464,0.5,8,5,20,20,A,1,1,20,20,-0.9554945054945054,-0.5467032967032965,0.06593406593406592,0.4747252747252748,-0.24945054945054945,-0.11538461538461536,3,-88,0,0.24945054945054945,0.11538461538461536,3,0.9554945054945054,0.5467032967032965,13,0.8648351648351649,3.3016483516483515,2.760989010989011,0.7505494505494505,0.8
2025-26,2026-02-18,Knockout phase play-offs,Bodø/Glimt,Inter,8,88,1.75,1.875,1.4772727272727273,1.1704545454545454,0.25,0.48863636363636365,0.25,0.4222222222222222,7,6,21,21,H,1,1,21,21,0.2727272727272727,-0.7045454545454546,0.5795454545454546,-0.3977272727272727,-0.23863636363636365,-0.17222222222222222,1,-80,0,0.23863636363636365,0.17222222222222222,1,0.2727272727272727,0.7045454545454546,13,0.7386363636363636,3.2272727272727275,3.0454545454545454,0.7613636363636364,0.9333333333333333
2025-26,2026-02-18,Knockout phase play-offs,Club Brugge,Atlético Madrid,58,123,1.0689655172413792,1.8620689655172413,1.5040650406504066,1.024390243902439,0.25862068965517243,0.5040650406504065,0.27586206896551724,0.3492063492063492,7,10,21,21,D,1,1,21,21,-0.43509952340902736,-0.8376787216148023,0.04457527333894018,-0.35800392486683474,-0.24544435099523404,-0.07334428024083195,-3,-65,0,0.24544435099523404,0.07334428024083195,3,0.43509952340902736,0.8376787216148023,17,0.762685730305579,2.573030557891786,2.88645920941968,0.754555649004766,0.8
2025-26,2026-02-18,Knockout phase play-offs,Olympiacos,Leverkusen,58,68,1.1896551724137931,1.7758620689655173,1.2941176470588236,1.5,0.3620689655172414,0.35294117647058826,0.4827586206896552,0.20588235294117646,10,10,21,21,A,1,1,21,21,-0.10446247464503045,-0.27586206896551735,-0.31034482758620685,-0.48174442190669375,0.009127789046653123,0.27687626774847873,0,-10,0,0.009127789046653123,0.27687626774847873,0,0.10446247464503045,0.27586206896551735,20,0.7150101419878296,2.483772819472617,3.2758620689655173,0.9908722109533469,1.0
2025-26,2026-02-18,Knockout phase play-offs,Qarabağ,Newcastle,14,14,1.0714285714285714,2.5,1.6428571428571428,1.0,0.21428571428571427,0.35714285714285715,0.2857142857142857,0.14285714285714285,4,8,21,21,A,1,1,21,21,-0.5714285714285714,-1.5,0.0714285714285714,-0.8571428571428572,-0.14285714285714288,0.14285714285714285,-4,0,0,0.14285714285714288,0.14285714285714285,4,0.5714285714285714,1.5,12,0.5714285714285714,2.7142857142857144,3.5,0.8571428571428571,0.7333333333333334
2025-26,2026-02-24,Knockout phase play-offs,Atlético Madrid,Club Brugge,124,59,1.5161290322580645,1.0403225806451613,1.1016949152542372,1.88135593220339,0.5,0.2542372881355932,0.6666666666666666,0.2413793103448276,8,7,6,6,H,1,1,6,6,0.41443411700382726,0.8410333515582287,-0.3652268999453254,0.061372334609075985,0.2457627118644068,0.425287356321839,1,65,0,0.2457627118644068,0.425287356321839,1,0.41443411700382726,0.8410333515582287,15,0.7542372881355932,2.617823947512302,2.921678512848551,0.7542372881355932,0.9333333333333333
2025-26,2026-02-24,Knockout phase play-offs,Inter,Bodø/Glimt,89,9,1.4719101123595506,1.1910112359550562,1.8888888888888888,1.7777777777777777,0.48314606741573035,0.3333333333333333,0.5581395348837209,0.25,3,10,6,6,A,1,1,6,6,-0.41697877652933824,0.5867665418227215,-0.3058676654182271,0.6978776529338326,0.14981273408239704,0.3081395348837209,-7,80,0,0.14981273408239704,0.3081395348837209,7,0.41697877652933824,0.5867665418227215,13,0.8164794007490637,3.3607990012484397,2.9687890137328337,0.850187265917603,0.5333333333333333
2025-26,2026-02-24,Knockout phase play-offs,Leverkusen,Olympiacos,69,59,1.3043478260869565,1.4782608695652173,1.1694915254237288,1.7796610169491525,0.36231884057971014,0.3559322033898305,0.5,0.2413793103448276,10,9,6,6,D,1,1,6,6,0.13485630066322774,0.30140014738393517,-0.4753131908621959,-0.3087693441414885,0.00638663718987964,0.2586206896551724,1,10,0,0.00638663718987964,0.2586206896551724,1,0.13485630066322774,0.30140014738393517,19,0.7182510439695406,2.4738393515106853,3.25792188651437,0.9936133628101204,0.9333333333333333
2025-26,2026-02-24,Knockout phase play-offs,Newcastle,Qarabağ,15,15,1.9333333333333333,1.0,1.0666666666666667,2.7333333333333334,0.4,0.2,0.5714285714285714,0.14285714285714285,8,3,6,6,H,1,1,6,6,0.8666666666666667,1.7333333333333334,-0.8,0.06666666666666665,0.2,0.42857142857142855,5,0,0,0.2,0.42857142857142855,5,0.8666666666666667,1.7333333333333334,11,0.6000000000000001,3.0,3.7333333333333334,0.8,0.6666666666666667
2025-26,2026-02-25,Knockout phase play-offs,Atalanta,Dortmund,42,129,1.7142857142857142,1.5714285714285714,1.7596899224806202,1.3333333333333333,0.38095238095238093,0.4728682170542636,0.2857142857142857,0.38095238095238093,6,7,8,8,H,1,1,8,8,-0.04540420819490598,-0.23809523809523814,0.38095238095238093,0.18826135105204878,-0.09191583610188264,-0.09523809523809523,-1,-87,0,0.09191583610188264,0.09523809523809523,1,0.04540420819490598,0.23809523809523814,13,0.8538205980066444,3.473975636766334,2.9047619047619047,0.9080841638981174,0.9333333333333333
2025-26,2026-02-25,Knockout phase play-offs,Juventus,Galatasaray,119,57,1.5378151260504203,1.0672268907563025,1.105263157894737,1.894736842105263,0.5042016806722689,0.24561403508771928,0.6,0.17857142857142858,10,4,8,8,H,1,1,8,8,0.4325519681556833,0.8275099513489605,-0.3569217160548428,0.03803626713843444,0.2585876455845496,0.4214285714285714,6,62,0,0.2585876455845496,0.4214285714285714,6,0.4325519681556833,0.8275099513489605,14,0.7498157157599882,2.643078283945157,2.9619637328615656,0.7414123544154504,0.6
2025-26,2026-02-25,Knockout phase play-offs,Paris SG,Monaco,141,53,2.1347517730496453,1.1134751773049645,1.1886792452830188,1.679245283018868,0.5602836879432624,0.3018867924528302,0.6142857142857143,0.23076923076923078,8,5,8,8,D,1,1,8,8,0.9460725277666264,0.5657701057139035,0.45550649003077726,0.07520406797805435,0.25839689549043227,0.38351648351648354,3,88,0,0.25839689549043227,0.38351648351648354,3,0.9460725277666264,0.5657701057139035,13,0.8621704803960926,3.323431018332664,2.7927204603238325,0.7416031045095677,0.8
2025-26,2026-02-25,Knockout phase play-offs,Real Madrid,Benfica,189,117,2.2857142857142856,1.0793650793650793,1.3333333333333333,1.5042735042735043,0.656084656084656,0.358974358974359,0.7340425531914894,0.29310344827586204,9,9,8,8,H,1,1,8,8,0.9523809523809523,0.42490842490842495,0.7814407814407813,0.25396825396825395,0.2971102971102971,0.4409391049156273,0,72,0,0.2971102971102971,0.4409391049156273,0,0.9523809523809523,0.42490842490842495,18,1.015059015059015,3.6190476190476186,2.5836385836385833,0.702889702889703,1.0
2025-26,2026-03-10,Round of 16,Atalanta,Bayern Munich,43,175,1.7674418604651163,1.558139534883721,2.4514285714285715,0.9828571428571429,0.3953488372093023,0.6914285714285714,0.3181818181818182,0.5955056179775281,6,12,13,41,A,1,1,13,41,-0.6839867109634552,-0.5752823920265782,0.7845847176079734,0.8932890365448505,-0.2960797342192691,-0.2773237997957099,-6,-132,-28,0.2960797342192691,0.2773237997957099,6,0.6839867109634552,0.5752823920265782,18,1.0867774086378736,4.218870431893688,2.540996677740864,0.7039202657807309,0.6
2025-26,2026-03-10,Round of 16,Atlético Madrid,Tottenham,125,61,1.536,1.04,1.7377049180327868,1.3278688524590163,0.504,0.45901639344262296,0.6721311475409836,0.3,8,12,14,41,H,1,1,14,41,-0.20170491803278678,0.2878688524590163,0.20813114754098372,0.6977049180327868,0.04498360655737704,0.3721311475409836,-4,64,-27,0.04498360655737704,0.3721311475409836,4,0.20170491803278678,0.2878688524590163,20,0.963016393442623,3.273704918032787,2.3678688524590163,0.955016393442623,0.7333333333333334
2025-26,2026-03-10,Round of 16,Galatasaray,Liverpool,58,89,1.1206896551724137,1.9137931034482758,2.101123595505618,1.0674157303370786,0.2413793103448276,0.6179775280898876,0.3103448275862069,0.5777777777777777,4,12,13,41,H,1,1,13,41,-0.9804339403332043,-0.8463773731111972,0.05327392483533511,0.1873304920573422,-0.37659821774505997,-0.2674329501915708,-8,-31,-28,0.37659821774505997,0.2674329501915708,8,0.9804339403332043,0.8463773731111972,16,0.8593568384347152,3.2218132506780317,2.981208833785354,0.62340178225494,0.4666666666666667
2025-26,2026-03-10,Round of 16,Newcastle,Barcelona,16,163,2.0,1.0625,2.196319018404908,1.1533742331288344,0.4375,0.6134969325153374,0.625,0.48148148148148145,11,10,14,41,D,1,1,14,41,-0.19631901840490817,0.09087423312883436,0.8466257668711656,1.1338190184049082,-0.17599693251533743,0.14351851851851855,1,-147,-27,0.17599693251533743,0.14351851851851855,1,0.19631901840490817,0.09087423312883436,21,1.0509969325153374,4.196319018404909,2.2158742331288344,0.8240030674846626,0.9333333333333333
2025-26,2026-03-11,Round of 16,Bodø/Glimt,Sporting CP,10,50,1.9,1.7,1.54,1.62,0.4,0.36,0.4,0.2,13,10,15,42,H,1,1,15,42,0.3599999999999999,-0.07999999999999985,0.2799999999999998,-0.15999999999999992,0.040000000000000036,0.2,3,-40,-27,0.040000000000000036,0.2,3,0.3599999999999999,0.07999999999999985,23,0.76,3.44,3.3200000000000003,0.96,0.8
2025-26,2026-03-11,Round of 16,Leverkusen,Arsenal,70,88,1.2857142857142858,1.457142857142857,2.0113636363636362,1.1818181818181819,0.35714285714285715,0.5795454545454546,0.4857142857142857,0.4772727272727273,8,15,15,42,D,1,1,15,42,-0.7256493506493504,-0.2753246753246752,0.10389610389610393,0.5542207792207792,-0.22240259740259744,0.008441558441558417,-7,-18,-27,0.22240259740259744,0.008441558441558417,7,0.7256493506493504,0.2753246753246752,23,0.9366883116883118,3.2970779220779223,2.638961038961039,0.7775974025974026,0.5333333333333333
2025-26,2026-03-11,Round of 16,Paris SG,Chelsea,142,114,2.1338028169014085,1.119718309859155,1.8771929824561404,0.9912280701754386,0.5563380281690141,0.543859649122807,0.6056338028169014,0.4482758620689655,6,10,14,42,H,1,1,14,42,0.2566098344452681,-0.12849023968371642,1.14257474672597,0.7574746725969854,0.012478379046207078,0.15735794074793585,-4,28,-28,0.012478379046207078,0.15735794074793585,4,0.2566098344452681,0.12849023968371642,16,1.1001976772918212,4.0109957993575485,2.1109463800345933,0.9875216209537929,0.7333333333333334
2025-26,2026-03-11,Round of 16,Real Madrid,Manchester City,190,143,2.2842105263157895,1.0789473684210527,2.111888111888112,1.1958041958041958,0.6578947368421053,0.5594405594405595,0.7368421052631579,0.45714285714285713,9,9,14,42,H,1,1,14,42,0.17232241442767737,0.11685682738314318,1.0884063305115936,1.0329407434670594,0.09845417740154583,0.2796992481203007,0,47,-28,0.09845417740154583,0.2796992481203007,0,0.17232241442767737,0.11685682738314318,18,1.217335296282665,4.396098638203902,2.2747515642252485,0.9015458225984542,1.0
2025-26,2026-03-17,Round of 16,Arsenal,Leverkusen,89,71,2.0,1.1797752808988764,1.2816901408450705,1.4507042253521127,0.5730337078651685,0.352112676056338,0.6818181818181818,0.22857142857142856,13,8,6,6,H,1,1,6,6,0.7183098591549295,0.27092894445323634,0.5492957746478873,0.10191485994619409,0.2209210318088305,0.45324675324675323,5,18,0,0.2209210318088305,0.45324675324675323,5,0.7183098591549295,0.27092894445323634,21,0.9251463839215065,3.2816901408450705,2.630479506250989,0.7790789681911695,0.6666666666666667
2025-26,2026-03-17,Round of 16,Chelsea,Paris SG,115,143,1.8782608695652174,1.0260869565217392,2.1538461538461537,1.1258741258741258,0.5391304347826087,0.5594405594405595,0.6428571428571429,0.5070422535211268,9,8,6,6,A,1,1,6,6,-0.2755852842809363,0.09978716935238663,0.7523867436910916,1.1277591973244145,-0.02031012465795079,0.13581488933601615,1,-28,0,0.02031012465795079,0.13581488933601615,1,0.2755852842809363,0.09978716935238663,17,1.0985709942231683,4.032107023411371,2.1519610823958653,0.9796898753420492,0.9333333333333333
2025-26,2026-03-17,Round of 16,Manchester City,Real Madrid,144,191,2.0972222222222223,1.2083333333333333,2.287958115183246,1.0732984293193717,0.5555555555555556,0.6596858638743456,0.6575342465753424,0.5789473684210527,6,12,6,6,A,1,1,6,6,-0.1907358929610239,-0.13503490401396157,1.0239237929028506,1.079624781849913,-0.10413030831879,0.07858687815428977,-6,-47,0,0.10413030831879,0.07858687815428977,6,0.1907358929610239,0.13503490401396157,18,1.2152414194299013,4.385180337405469,2.281631762652705,0.89586969168121,0.6
2025-26,2026-03-17,Round of 16,Sporting CP,Bodø/Glimt,51,11,1.5098039215686274,1.6470588235294117,2.0,1.5454545454545454,0.35294117647058826,0.45454545454545453,0.52,0.4,9,15,6,6,H,1,1,6,6,-0.4901960784313726,-0.10160427807486627,-0.035650623885918,0.3529411764705883,-0.10160427807486627,0.12,-6,40,0,0.10160427807486627,0.12,6,0.4901960784313726,0.10160427807486627,24,0.8074866310160428,3.5098039215686274,3.192513368983957,0.8983957219251337,0.6
2025-26,2026-03-18,Round of 16,Barcelona,Newcastle,164,17,2.1890243902439024,1.1524390243902438,1.9411764705882353,1.0588235294117647,0.6097560975609756,0.4117647058823529,0.7439024390243902,0.25,10,11,8,8,H,1,1,8,8,0.2478479196556671,-0.0936154949784791,1.1302008608321377,0.7887374461979915,0.19799139167862267,0.49390243902439024,-1,147,0,0.19799139167862267,0.49390243902439024,1,0.2478479196556671,0.0936154949784791,21,1.0215208034433285,4.130200860832137,2.2112625538020083,0.8020086083213773,0.9333333333333333
2025-26,2026-03-18,Round of 16,Bayern Munich,Atalanta,176,44,2.471590909090909,0.9829545454545454,1.75,1.6590909090909092,0.6931818181818182,0.38636363636363635,0.7906976744186046,0.47619047619047616,12,3,8,8,H,1,1,8,8,0.7215909090909092,0.6761363636363638,0.8125,0.7670454545454546,0.3068181818181819,0.31450719822812845,9,132,0,0.3068181818181819,0.31450719822812845,9,0.7215909090909092,0.6761363636363638,15,1.0795454545454546,4.221590909090909,2.6420454545454546,0.6931818181818181,0.4
2025-26,2026-03-18,Round of 16,Liverpool,Galatasaray,90,59,2.077777777777778,1.0666666666666667,1.11864406779661,1.88135593220339,0.6111111111111112,0.2542372881355932,0.6590909090909091,0.1724137931034483,9,7,8,8,H,1,1,8,8,0.9591337099811679,0.8146892655367233,0.19642184557438802,0.051977401129943424,0.35687382297551795,0.4866771159874608,2,31,0,0.35687382297551795,0.4866771159874608,2,0.9591337099811679,0.8146892655367233,16,0.8653483992467044,3.1964218455743882,2.9480225988700566,0.643126177024482,0.8666666666666667
2025-26,2026-03-18,Round of 16,Tottenham,Atlético Madrid,62,126,1.7419354838709677,1.3870967741935485,1.5634920634920635,1.0476190476190477,0.45161290322580644,0.5079365079365079,0.6129032258064516,0.34375,9,8,8,8,H,1,1,8,8,0.17844342037890426,-0.3394777265745008,0.6943164362519201,0.176395289298515,-0.05632360471070147,0.2691532258064516,1,-64,0,0.05632360471070147,0.2691532258064516,1,0.17844342037890426,0.3394777265745008,17,0.9595494111623144,3.3054275473630312,2.4347158218125964,0.9436763952892986,0.9333333333333333
2025-26,2026-04-07,Quarter-finals,Real Madrid,Bayern Munich,192,177,2.2864583333333335,1.0729166666666667,2.480225988700565,0.9830508474576272,0.6614583333333334,0.6949152542372882,0.7395833333333334,0.6,12,15,21,20,A,1,1,21,20,-0.1937676553672314,-0.08986581920903958,1.3034074858757063,1.4073093220338981,-0.0334569209039548,0.1395833333333334,-3,15,1,0.0334569209039548,0.1395833333333334,3,0.1937676553672314,0.08986581920903958,27,1.3563735875706215,4.766684322033898,2.055967514124294,0.9665430790960452,0.8
2025-26,2026-04-07,Quarter-finals,Sporting CP,Arsenal,52,90,1.5769230769230769,1.6153846153846154,2.0,1.1666666666666667,0.36538461538461536,0.5777777777777777,0.5384615384615384,0.4666666666666667,9,13,21,21,A,1,1,21,21,-0.42307692307692313,-0.4487179487179487,0.41025641025641013,0.3846153846153846,-0.21239316239316236,0.07179487179487176,-4,-38,0,0.21239316239316236,0.07179487179487176,4,0.42307692307692313,0.4487179487179487,22,0.9431623931623931,3.5769230769230766,2.782051282051282,0.7876068376068377,0.7333333333333334
2025-26,2026-04-08,Quarter-finals,Barcelona,Atlético Madrid,165,127,2.2181818181818183,1.1575757575757575,1.5669291338582678,1.062992125984252,0.6121212121212121,0.5039370078740157,0.7469879518072289,0.3384615384615385,13,7,21,21,A,1,1,21,21,0.6512526843235504,-0.0945836315915054,1.1551896921975662,0.40935337628251034,0.10818420424719632,0.4085264133456904,6,38,0,0.10818420424719632,0.4085264133456904,6,0.6512526843235504,0.0945836315915054,20,1.1160582199952278,3.7851109520400863,2.2205678835600096,0.8918157957528037,0.6
2025-26,2026-04-08,Quarter-finals,Paris SG,Liverpool,144,91,2.1597222222222223,1.1180555555555556,2.098901098901099,1.054945054945055,0.5625,0.6153846153846154,0.6111111111111112,0.5652173913043478,11,12,22,21,H,1,1,22,21,0.06082112332112333,-0.06311050061050061,1.1047771672771673,0.9808455433455434,-0.05288461538461542,0.04589371980676338,-1,53,1,0.05288461538461542,0.04589371980676338,1,0.06082112332112333,0.06311050061050061,23,1.1778846153846154,4.258623321123322,2.1730006105006106,0.9471153846153846,0.9333333333333333
2025-26,2026-04-14,Quarter-finals,Atlético Madrid,Barcelona,128,166,1.5703125,1.0546875,2.2048192771084336,1.1626506024096386,0.5078125,0.608433734939759,0.6774193548387096,0.47560975609756095,10,10,6,6,A,1,1,6,6,-0.6345067771084336,0.10796310240963858,0.4076618975903614,1.1501317771084336,-0.10062123493975905,0.20180959874114868,0,-38,0,0.10062123493975905,0.20180959874114868,0,0.6345067771084336,0.10796310240963858,20,1.116246234939759,3.7751317771084336,2.217338102409639,0.899378765060241,1.0
2025-26,2026-04-14,Quarter-finals,Liverpool,Paris SG,92,145,2.0760869565217392,1.065217391304348,2.1586206896551725,1.110344827586207,0.6086956521739131,0.5655172413793104,0.6666666666666666,0.5138888888888888,9,13,6,6,A,1,1,6,6,-0.08253373313343326,0.045127436281859,0.9657421289355324,1.0934032983508246,0.04317841079460272,0.1527777777777778,-4,-53,0,0.04317841079460272,0.1527777777777778,4,0.08253373313343326,0.045127436281859,22,1.1742128935532234,4.234707646176911,2.175562218890555,0.9568215892053973,0.7333333333333334
2025-26,2026-04-15,Quarter-finals,Arsenal,Sporting CP,91,53,1.989010989010989,1.1538461538461537,1.5471698113207548,1.6037735849056605,0.5824175824175825,0.3584905660377358,0.6888888888888889,0.19230769230769232,13,9,8,8,D,1,1,8,8,0.44184117769023423,0.4499274310595067,0.3852374041053286,0.3933236574746011,0.22392701637984663,0.4965811965811966,4,38,0,0.22392701637984663,0.4965811965811966,4,0.44184117769023423,0.4499274310595067,22,0.9409081484553183,3.536180800331744,2.7576197387518144,0.7760729836201534,0.7333333333333334
2025-26,2026-04-15,Quarter-finals,Bayern Munich,Real Madrid,178,193,2.4775280898876404,0.9831460674157303,2.2797927461139897,1.077720207253886,0.6966292134831461,0.6580310880829016,0.7931034482758621,0.5833333333333334,15,12,8,8,H,1,1,8,8,0.19773534377365065,0.09457413983815577,1.3998078826337543,1.2966466786982593,0.03859812540024454,0.20977011494252873,3,-15,0,0.03859812540024454,0.20977011494252873,3,0.19773534377365065,0.09457413983815577,27,1.3546603015660477,4.757320836001631,2.0608662746696162,0.9614018745997555,0.8
2025-26,2026-04-28,Semi-finals,Paris SG,Bayern Munich,146,179,2.1575342465753424,1.1027397260273972,2.4860335195530725,0.994413407821229,0.5684931506849316,0.6983240223463687,0.6164383561643836,0.6043956043956044,13,15,14,13,H,1,1,14,13,-0.3284992729777301,-0.10832631820616823,1.1631208387541134,1.3832937935256753,-0.12983087166143714,0.012042751768779225,-2,-33,1,0.12983087166143714,0.012042751768779225,2,0.3284992729777301,0.10832631820616823,28,1.2668171730313003,4.643567766128415,2.097153133848626,0.8701691283385629,0.8666666666666667
2025-26,2026-04-29,Semi-finals,Atlético Madrid,Arsenal,129,92,1.565891472868217,1.062015503875969,1.9673913043478262,1.141304347826087,0.5038759689922481,0.5760869565217391,0.6666666666666666,0.4782608695652174,9,11,15,14,D,1,1,15,14,-0.4014998314796092,0.07928884395011782,0.42458712504213003,0.9053758004718571,-0.07221098752949107,0.18840579710144922,-2,37,1,0.07221098752949107,0.18840579710144922,2,0.4014998314796092,0.07928884395011782,20,1.0799629255139873,3.5332827772160433,2.203319851702056,0.9277890124705089,0.8666666666666667
2025-26,2026-05-05,Semi-finals,Arsenal,Atlético Madrid,93,130,1.956989247311828,1.1397849462365592,1.5615384615384615,1.0615384615384615,0.5698924731182796,0.5,0.6739130434782609,0.3484848484848485,9,7,6,6,H,1,1,6,6,0.39545078577336645,-0.0782464846980977,0.8954507857733665,0.4217535153019023,0.06989247311827962,0.32542819499341236,2,-37,0,0.06989247311827962,0.32542819499341236,2,0.39545078577336645,0.0782464846980977,16,1.0698924731182795,3.5185277088502893,2.201323407775021,0.9301075268817204,0.8666666666666667
2025-26,2026-05-06,Semi-finals,Bayern Munich,Paris SG,180,147,2.4944444444444445,1.0166666666666666,2.17687074829932,1.1224489795918366,0.6944444444444444,0.5714285714285714,0.7954545454545454,0.5205479452054794,12,15,8,8,D,1,1,8,8,0.31757369614512454,0.10578231292517004,1.3719954648526078,1.1602040816326533,0.12301587301587302,0.274906600249066,-3,33,0,0.12301587301587302,0.274906600249066,3,0.31757369614512454,0.10578231292517004,27,1.2658730158730158,4.671315192743764,2.139115646258503,0.876984126984127,0.8
2025-26,2026-05-30,Final,Paris SG,Arsenal,148,94,2.168918918918919,1.1216216216216217,1.946808510638298,1.127659574468085,0.5675675675675675,0.574468085106383,0.6216216216216216,0.46808510638297873,13,11,24,25,D,1,1,24,25,0.2221104082806209,0.006037952846463357,1.0412593444508338,0.8251868890166763,-0.006900517538815487,0.15353651523864287,2,54,-1,0.006900517538815487,0.15353651523864287,2,0.2221104082806209,0.006037952846463357,24,1.1420356526739506,4.115727429557217,2.249281196089707,0.9930994824611845,0.8666666666666667
