log_loss_difference,brier_difference,ece_difference
-0.005618467084940071,-0.003778126128256787,0.003387323013219583
-0.017741111424691258,-0.011409007746785771,-0.027250984855149034
-0.014411005003029609,-0.008782757049708323,-0.00929277931850498
-0.007303703647487114,-0.004289369980318702,-0.009690268659550298
-0.013621551078683791,-0.008387542320893782,-0.005470285773665033
-0.009557087165744216,-0.005859070709004044,-0.012148381184504245
-0.016538859856216837,-0.011158495345918729,-0.026833437529075264
-0.0031778933991313263,-0.002529977223804103,-0.005237101172334689
0.0027135141341276814,0.002161738364767851,0.013136921905262257
-0.009863811177985293,-0.006590908919063554,-0.019387593463570545
-0.01000780774988963,-0.006698991972923118,-0.025652857113981152
-0.007352666730030433,-0.004737244752943126,-0.007035153771527684
-0.009825867302483804,-0.005944217050788181,0.0017111293102380076
-0.015829065078464155,-0.00972452866493656,-0.018430693670785446
-0.006474417203399918,-0.004791536664085272,-0.006345801297376011
-0.0021392583055647174,-0.0010190018777287424,-0.007980767859334145
-0.007956775597734334,-0.0059768639130327594,-0.006264669793607673
-0.008177990855213091,-0.005291053122714495,-0.009894643879539256
-0.010122477071973113,-0.006327660158787163,-0.01438966476194943
-0.0033766437623121703,-0.0022879593222285832,-0.010704750607981268
-0.013288936437466536,-0.008612993905802613,-0.021010355927712582
-0.009425083320186767,-0.005082796705499049,-0.012175875977242047
-0.00794875843520193,-0.004995102100112003,-0.0099806911656182
-0.016724944952250298,-0.010094519437709337,-0.02005004599551643
-0.0007868271609458022,0.0006830627818175117,0.01383762541835646
-0.016812100719964973,-0.011372658823006199,-0.02151796212904667
-0.003638116700916072,-0.0025162289574781616,0.016115728409243003
-0.004809272729619396,-0.004400911570901833,0.00039661762597936745
-0.005697664849562911,-0.003248462673446695,-0.0003051841773946129
-0.004150831267848765,-0.002635910933159069,0.003218010751117828
-0.0056692469898133035,-0.0035285064729422277,0.006808418770622805
-0.011426657039566135,-0.007362599444895479,-0.007866548122075857
-0.015611788254378256,-0.009230780155258578,-0.015839076375566155
-0.012313205035282104,-0.008033596383673403,-0.015460879268152664
-0.010295949798586945,-0.006856290913921481,-0.020985707670875924
-0.003352471067234686,-0.0024547342826379825,0.00551705522664981
-0.011134998393941165,-0.00818552850734755,-0.007140420497952174
-0.0024926226498747095,-0.001707872427820445,-0.0011595855042112677
0.0007951762892184355,0.001841094951199218,0.0010721294435933684
-0.0013194468004211757,0.00028362319112307244,0.006605061951624039
-0.00813742003806639,-0.00538463869370609,-0.019229933830851344
-0.007452717962726396,-0.005924540666201739,-0.019090543222565946
-0.0041579586196641705,-0.002474153211291741,0.01278673836826015
-0.017913245170334546,-0.012204915425117036,-0.011408350199408654
-0.0076292667100067435,-0.005100027714280531,-0.006347570075728358
-0.013059623929920217,-0.008504347881187146,-0.023312352509630013
-0.004624881924199298,-0.0029718328932737403,0.013870959545071782
-0.014308178457446918,-0.008887724032608735,-0.028825012160908
-0.01147349834384781,-0.007066830277742686,-0.00819908295958436
-0.0035679073858220223,-0.0019380519630440851,1.0221489972907227e-05
-0.007624110941159445,-0.004465276814170971,-0.010904797904309219
-0.003561533786935911,-0.0016726775872829558,0.008727514915592531
-0.014646048523085708,-0.009268390078199018,-0.01858678047380804
-0.007132538357410456,-0.003973604108951423,-0.01150574120546305
-0.015800231711263657,-0.010104219545966853,-0.024190648091322715
0.00016126181088560454,0.0005582720640466832,0.006374757553136719
-0.0075191531844973625,-0.004728959314446057,-0.01746936115161929
-0.00584646728047955,-0.0038991541520707607,-0.02034529553074623
-0.005467395813474885,-0.0033917179748848003,0.0043726614169117065
-0.00527744304581701,-0.002758694644617754,-0.007956793216970418
-0.010615911752140605,-0.0067922060417914265,-0.02534482627686368
-0.003158304432669401,-0.0021017113363679396,0.01344267306157286
-0.005782043090447386,-0.0042237561389845135,-0.010194407161002693
-0.010846361458830334,-0.006728223137372313,-0.016033606857103685
-0.007168945066858057,-0.004618077100147278,0.004554092008107621
-0.009807785543653691,-0.007002399691463546,-0.00817590712810156
0.0003232576334153414,0.0005337074808781095,0.00754359898860716
-0.009591329675564864,-0.006373768738215491,-0.014712093635154633
-0.010290512676384367,-0.0075351438863612286,-0.015214360856508784
-0.0014919391005076,-0.0005203403204774304,0.012432950640552505
-0.005149771802267056,-0.0029974262642535887,-0.014511707681381783
-0.0035835427688591937,-0.0018432962321404123,0.008148157161724644
-0.016689679640315314,-0.011033711618079645,-0.02536368973437672
-0.007903995951039966,-0.005491450969512313,-0.012394076996707457
-0.015226618980405338,-0.009416562333159795,-0.01962295874165553
-0.008408276342030008,-0.00585692902917756,-0.011199873979955303
-0.0061956538635801195,-0.003987409743952619,0.012657241220870454
-0.011039169334957966,-0.006428504094794452,-0.012430556747486048
-0.012886659387176813,-0.008593546562977394,-0.01455492164079332
-0.007007325500854922,-0.00465095866609444,0.011662300565902124
-0.006339520082651151,-0.004241278234307089,-0.00858788617905807
-0.005925381497208448,-0.0030682113003639433,0.002758884295232411
-0.004775523310522112,-0.002615665791829813,-0.018115571692621332
-0.011148249653951225,-0.008009873372034293,-0.021156909204183852
-0.008405039306235818,-0.005855753807836761,-0.007666991653036415
0.004126440198203296,0.002747154682874786,0.014959438498015433
0.00025499797661654444,2.4960680639618538e-05,0.008993771653100419
-0.006693348837552682,-0.0038811592768289715,-0.006974511335603693
0.008399698099567199,0.005492100083935747,0.025680429302223272
0.0021403844782794668,0.0021235695432662016,0.0213233219703714
0.008284586228173074,0.005154012834254429,0.028650527165865063
-0.012378373962122602,-0.008353857802948506,-0.028419416895851618
-0.005647390899826243,-0.0027055382257463734,-0.011096064521067178
-0.004187633142380687,-0.0031901545911442453,0.010467061448302166
-0.006155952886792382,-0.0039037171756343136,-0.008941344550093835
-0.0039677585711495045,-0.0024122156734532885,0.003112177236281405
-0.008479410002761645,-0.005754783015957221,0.0028520414347824735
-0.006402422361244886,-0.0040388249625618045,-0.006792871870219756
-0.008966445383546406,-0.005619595326359694,-0.01562441140027896
-0.010436557459860718,-0.006669501115406318,-0.015913317591144976
-0.008264473504013714,-0.00530058342346118,-0.015023757695117781
-0.002786892796495133,-0.0015411248489797247,0.009740076305955116
-0.007825282232601483,-0.005633166572653336,-0.007943218532646047
-0.0105296497340166,-0.006020717754270044,-0.002166392870942682
0.00027089695231374833,0.0005489242185089394,0.011326682576787692
-0.013253205604941143,-0.008873341471438922,-0.01273398171806095
-0.009816970973877681,-0.006217291265435798,-0.008499202206936507
-0.008351010795312752,-0.005295241642099602,-0.002987305473576944
-0.00832166748596963,-0.004312936989058991,-0.01010219318496447
-0.005252227488601768,-0.003734920380909057,-0.012849480532972059
0.0011073869680223725,-0.00016638930344536895,0.013420676744988841
-0.010203371063038924,-0.007442087492229188,-0.018474837564169108
-0.014918638931566641,-0.009474541480500198,-0.01853846838437899
-0.0122341644824,-0.008045894791420483,-0.007430782361551383
-0.006417392290719359,-0.00387350238656603,0.01173122287918954
-0.008344272687828669,-0.005732614589615159,0.004159027816830176
-0.01240302322527087,-0.007849763804759657,-0.018148551137237894
-0.011611060530292927,-0.00782983531492798,-0.012689290180272532
0.0009713062541456541,0.0007948470178906764,-0.003951959876077472
-0.005114351864654698,-0.0032437707050257947,0.006226752607461618
-0.010784285385649905,-0.006654160368869011,-0.016306539516521237
-0.006588525910147691,-0.0031040548676752877,-0.0056031462394871695
-0.01575065439743284,-0.01013071641121377,-0.016055797691980754
-0.00492767520285442,-0.003330196670873531,0.01296968128811496
-0.00714503465949512,-0.0045233541150451195,-0.001044059378021052
-0.004682111373410791,-0.0031041675627972998,-0.0027718231946230465
-0.007347717984511393,-0.004814618308312868,-0.01884394964476126
-0.003900425693806886,-0.0026270683261473415,0.004701281768011059
-0.01387280664292645,-0.008190855860431223,-0.007410756941684624
-0.008909767337520025,-0.005585558053963879,-0.0024468144130501968
0.0014046306527730756,0.0010869719699159175,0.030173815651356895
-0.010278284546264005,-0.006990244367132581,-0.009769850305905957
-0.013577359291453872,-0.008590742092740022,-0.014557718278170532
-0.004958136971916716,-0.003818492982169408,0.01486073606679656
-0.012911058778742213,-0.0077005495331868845,-0.007702638178016946
-0.005657010488080871,-0.003126139647439352,0.003114759996811156
-0.005680210825105503,-0.004032010087420046,0.014190915941370778
-0.012994601204227463,-0.008593291969295924,-0.013771893940339147
-0.005049010441100177,-0.003392574155358541,0.0046652328978608465
-0.007833258069707694,-0.0040864754492137,-0.005328168913801785
-0.01340078992578786,-0.008122183481615752,-0.011688945649675445
-0.0116218736681033,-0.00818360061569634,-0.02149575875155322
-0.00838689104117718,-0.004498719558202691,0.007460545142967505
-0.014596209732449017,-0.010046958726918742,-0.017799148565112444
-0.006351353857618536,-0.004113335784156735,-0.014882289569041786
-0.009207262883430656,-0.0063473083849115985,-0.01301933360242765
-0.014836081689904357,-0.010301860226752724,-0.017944867577312222
-0.012306391606129896,-0.007900158310526817,-0.021551205542512324
-0.010228727923799696,-0.006027440354675173,-0.01876769745729156
-0.015286445904180823,-0.010030719120044163,-0.017584254534372894
-0.014801376092852814,-0.010458590798073875,-0.02242435487127535
-0.010871425806438406,-0.007002543818608209,-0.024993233220282872
-0.00534224910752934,-0.002538830163239081,5.115792318781398e-05
-0.003361682541847766,-0.0018638160740507281,-0.011823966333891212
-0.02064703236185339,-0.01386860457530259,-0.023614589347759375
-0.000323908735048839,0.0004886533596255571,0.014986007644241336
-0.015659522142834725,-0.009829648421897708,-0.01507935302773087
-0.007121411172601233,-0.003971730872462831,-0.0053306095062731
-0.000419917366896283,3.3757854293270384e-05,0.007460928355238226
0.0014843588881422454,0.001664739519424141,0.020172055596970696
-0.007429418042936176,-0.0050179569945774105,0.0008069721974942462
-0.007962994401509271,-0.006059578212094907,-0.007654133453639016
-0.004596324108325001,-0.002705407681586225,0.005565864371526993
-0.0021036714795670264,-0.000490246772851699,0.013560030615164566
-0.004160446150517472,-0.0019499653329634326,-0.0011686061405216108
-0.00941742407020063,-0.006145828002334985,-0.008328124028328755
-0.006597757545635519,-0.004043482156595779,0.007067867940060563
-0.008055814415394602,-0.005529146592881284,-0.011903107921380607
-0.00037352714266691844,-0.00039971632159718773,0.008630394117677194
-0.00690491966469764,-0.0033445288472039314,-0.008131321835766779
-0.010410380692793098,-0.006787077282001119,0.0016136816025359019
-0.0014961873508710921,-0.00039762401162890537,-0.00111289080357483
-0.00911452652203626,-0.005514518309557959,-0.006244788355064791
-0.014055985423293893,-0.009178029954055367,-0.015356997981574055
-0.007461603883806123,-0.004529286965043844,-0.009949313487413187
-0.0030311226770990407,-0.001646704057676307,0.004449027152760368
-0.0038992271032814996,-0.002226128351294765,-0.006478183290433474
-0.002272235076155038,-0.002140884423125433,0.004574836324095527
-0.008168262300601525,-0.004713008116262851,-0.008816483478829698
-0.003936018634238092,-0.002386749998213089,0.0028373563712580374
-0.0038859796705627003,-0.002347976609657909,-0.001192277692009254
-0.020270300153556242,-0.013518615319414395,-0.018978954044157878
-0.006524329010968666,-0.004614488311025178,-0.020555421859656028
-0.007906147431293253,-0.004914816501075281,-0.016629244525131016
-0.0044761624635132335,-0.0031748235324031704,-0.0050773353382312925
-0.009482936431899125,-0.005964859320283122,-0.004734618477316398
-0.002210232906786902,-0.0015027136823502207,0.020417421054243413
-0.0031393483647396137,-0.002900553320571264,-0.017093772801370304
-0.006829475425451759,-0.0047798751671398465,-0.009457795581331703
-0.018367042748926532,-0.011891769979655797,-0.007615938215408055
-0.0010810093651165698,-0.0005128988537332901,0.019983435043150755
-0.004310183796042533,-0.00229104953287973,-0.019786866445717942
-0.009487092807536568,-0.006004940022972138,-0.02091906916208177
-0.0116405565927018,-0.007402294658771957,-0.018196831052027976
-0.008703267182427088,-0.005013359265062967,-0.016860524084313308
-0.0156428855244497,-0.010553158182379563,-0.02268952296844374
-0.009413136747766782,-0.005373834780114772,-0.02560538099714165
-0.007730664298333134,-0.004847328488484903,-0.006389287330945327
-0.007753887371453327,-0.005238644639833923,0.002292624459617802
-0.0014670327594606958,-0.0017913677835151853,0.015240767958889921
-0.007503453211095357,-0.004318242038758635,-0.011077335906872703
-0.007715952066570719,-0.004401083085692092,-0.0107402567752201
-0.013658682489865792,-0.008849415663969906,-0.018434476603045903
-0.0038030089324877503,-0.0013650863481164954,0.009943045807295894
-0.015413375762470038,-0.01022326298488474,-0.008632075515999184
-0.007881775313841488,-0.00451829741589127,0.001740778599258641
-0.0044164393870731455,-0.0025466766243091854,0.014250089199494442
-0.0060837743243968845,-0.004020580765980886,0.0007515568220369043
-0.005107118809543509,-0.003000291860236537,0.006561530905881616
-0.005610747784823178,-0.0025675607894866115,-0.007587458842226016
-0.0031282165122313854,-0.0024928024431356555,-0.005864391829732883
-0.010533287810333802,-0.006559981935927106,-0.02229256359053971
-0.01196025226868469,-0.00767262832729898,-0.024669935974444723
-0.008736047313377182,-0.005320574452147175,-0.01957337178290445
-0.012697707911825784,-0.008324701122091605,-0.023487805547521397
0.0021141170040264168,0.0018196234759422225,0.023526433896995776
-0.013275942583294897,-0.009176929777783838,-0.01313965897004208
-0.0015643104703549904,-0.0012146512893067563,0.012012311946558461
-0.0014943732935438492,-0.001535152459302358,-0.012255329104129686
-0.012239805307338814,-0.007305843304723392,-0.010835220316680577
-0.010297277256541837,-0.005785041432343152,-0.015028962004819665
-0.012169230403410447,-0.007717610190578927,-0.020439403315902153
-0.0029348605709696995,-0.001727300044269242,0.0070365063553691695
-0.020345994170005488,-0.013446496622817938,-0.025796293528492775
-0.010367544014457164,-0.0070521975515445146,-0.022433410069775117
-0.013596933505666153,-0.008176931195775894,-0.0040210717643246255
-0.008132397542084502,-0.006032903090970709,-0.00015250497180546718
-0.002190550040988559,-0.0017073262455817861,0.003982801945670446
-0.0061001722614497655,-0.0028766791419355675,-0.005008021419373662
-0.010928702044887495,-0.006491962167203824,-0.013460753066018606
-0.007671891130476283,-0.004776052956789734,-0.0017446353067074385
-0.011908951412871849,-0.007118190322537465,-0.009265199333646057
-0.010929802599079719,-0.007105698827684415,-0.010865298151632286
-0.01238634128701499,-0.0086746666085189,-0.016440162738009537
-0.00825452803068405,-0.005828620317008704,-0.017940239631721762
-0.011023501783744005,-0.00679955130838128,-0.005891315962517442
-0.0033443132293333733,-0.0014242103361957748,0.033570126662989204
-0.01543471101699645,-0.010095997319002792,-0.02030569102515256
-0.0038148215373549066,-0.0019496998109121977,-0.00564686681826275
-0.0020035150645435484,-0.0013933256769610436,0.006569750026979619
-0.005066933521393091,-0.002393233578930065,-0.006356257571058441
-0.008961437639883774,-0.005557551470023792,-0.016536643188935135
-0.006811926556635428,-0.004062940111854041,-0.0034683834103394554
-0.013922549707627518,-0.008870206153659077,-0.01148904770169179
-0.009523891468045997,-0.005537848529170497,-0.006791402849224339
-0.012050994637425316,-0.008705505393925894,-0.013143840704811977
-0.0077209001316087544,-0.006166181241280988,-0.005838076095228101
-0.0019404745648321509,-0.001000082574612371,0.0013138949287610432
-0.00443726483811302,-0.002159505359082159,-0.00418200580754427
-0.0073817942168472594,-0.004060707668693486,-0.007162882190817579
-0.01177630443180977,-0.008668007297176539,-0.0067497143252580535
-0.00411314370862248,-0.002133600867677443,-0.018984201497627702
-0.011819864221306209,-0.006571750247509667,-0.015510495315230487
-0.018066662062990235,-0.010434939121287234,-0.024280175960599323
-0.016352268214519405,-0.010328405352607595,-0.02453237418147227
-0.015939293351187156,-0.010595178183029574,-0.010005602324535331
-0.0025470636576270245,-0.0021482078828245488,0.0019356921768242663
-0.0022952227327313057,-0.0017064787920264557,0.004904937066012166
-0.002336449055308165,-0.001645471075653715,0.00389530806881605
-0.010253092348459503,-0.006362528172853432,-0.022378555377492747
-0.0032277192410771205,-0.003231914836780758,-0.0035910438363699546
-0.011608229915154311,-0.007078392263735744,-0.00773604277534351
-0.010421285690990767,-0.006786751147922598,-0.004726519297690475
-0.008524301817877111,-0.005418743739017184,0.002549697714675267
-0.011296027919828422,-0.0072007922806219815,-0.007398141466691904
-0.010388466293393628,-0.0069113858903772085,-0.008839917902038925
-0.011816540227475913,-0.007201840387596747,-0.018403062706715434
-0.011954077051937517,-0.008131054344657107,-0.020054310824211545
-0.007982947927396844,-0.005326511788087629,-0.003849277768891622
-0.007485024574372723,-0.004846157730099887,-0.016812512139206794
0.0025918387097090267,0.0008649110632057422,0.01611873465136386
-0.013653677433983602,-0.008921670171501694,-0.017920902801455647
-0.004882485027283057,-0.0028757236800707187,0.0036638957482249823
-0.0006779595130680383,-3.478974745463326e-05,-0.010305136893891426
0.0005001240399957751,-3.311914281067807e-05,0.026324896719636802
-0.007682921794594844,-0.005015273813165133,-0.011139313421510574
-0.011630696438089339,-0.0073536696600139395,-0.011737786413406164
-0.009948974885974238,-0.006188696584567777,-0.012190961659136412
-0.012675316116554813,-0.008044357826813564,-0.02982136891258129
-0.009258036170510686,-0.0064731236563004835,-0.0021799964506956995
0.0007003494872538374,0.0008570417401805308,0.0044478006335191625
-0.010460859144959977,-0.006057788264804853,-0.010189363521981555
-0.00897610862634679,-0.005548607581630782,-0.007052944065035073
-0.010002811483354579,-0.006670604681915049,-0.020968714969744798
-0.007642512928997647,-0.005002391616201307,0.0010027042992741264
-0.013264517707199164,-0.008161960372217059,-0.019415112803589284
-0.002437725939662072,-0.0014536058566112509,0.005668210563206252
-0.004174625783164632,-0.002444160709455856,-0.006996890990769812
-0.0032354383034093326,-0.001900199555976867,0.004971699752957706
-0.014332507424916097,-0.009957355845233051,-0.0328249626134429
-0.003953527150861946,-0.0017091204521388903,0.011411623885033272
-0.011800621487529805,-0.007515467701854184,-0.018725223334182944
-0.01151817284524792,-0.007331771402982912,-0.004604826154328237
-0.007189589526061746,-0.0051899319594874704,-0.02568687091552085
-0.009605655063059437,-0.005781541692032266,-0.024682911205612716
-0.0020277696979242865,-0.001667847838488723,-0.008608275253162677
-0.008313468919728062,-0.004897760365596082,-0.009224454106025202
-0.014569376785964816,-0.009732107674290336,-0.006887035331979693
-0.010978600571643238,-0.007068382085648972,-0.017213398392443707
-0.005972759858073329,-0.004164133783175261,-0.014399040125428517
-0.00875880182529376,-0.0046269602749453576,-0.016834318236568308
-0.004510748944593912,-0.002448230310607591,-0.006775189142774349
-0.00824548283511739,-0.0056958793441844735,-0.003761210758096059
-0.006620107620980198,-0.0038545698841299103,0.0014014650930228162
-0.010204307291945214,-0.007872405251437509,-0.00954082954091861
-0.00815460385320499,-0.005187025356816699,0.014666050510174902
-0.007941655935333691,-0.005345114672103968,0.011570216898759672
-0.0020145484403257807,-0.001186287757197535,0.014100710008407444
-0.009858378769570963,-0.006199607080115133,-0.003654504244407386
-0.002990597205585699,-0.0013641391918868262,0.012109541467475102
-0.009610730127765255,-0.005821855095388018,-0.01249851197677522
-0.013202224520761918,-0.007710325430496767,-0.006813002081756385
-0.004278188721756004,-0.0026999365829782906,-0.005532792893157834
-0.015231839444308837,-0.009686215320434455,-0.02164260412302809
-0.009324664547268324,-0.006061551998651216,-0.0033111442991042433
-4.39613166869357e-06,-0.00018913762885641727,0.011976330590010298
-0.011644975348592657,-0.007233653247433081,-0.01436811528287045
-0.003089840435959279,-0.0014691146943014433,0.012568367669220246
-0.0029258478477623973,-0.0011125350205608564,0.0004572296647317453
-0.013818694529142195,-0.009903669253073066,-0.010781870425357797
-0.008704805454515574,-0.004837104261942948,0.007917794001215298
-0.011879954681197624,-0.0071251983442705,-0.005890195463897484
0.001842923850763123,0.0017555246144476122,0.020092587174515057
-0.013385343263361604,-0.008699179577871918,-0.024420879668229194
-0.013613386909441583,-0.009510348730308094,-0.014104876542013867
-0.018643110208175218,-0.01165174050881701,-0.026576019003040664
-0.012531544460533395,-0.008230016136400509,-0.008286142502281962
-0.014702970787235148,-0.009006790240711937,-0.007534672856255725
0.0017096258649712537,0.0014804272178974287,0.0015427266776676801
-0.01198764613720904,-0.00829744380623143,-0.016906047665105242
-0.005455883167377884,-0.004376868121195976,-0.0009639014891635114
-0.011766797017955466,-0.008550605304938452,-0.01569119626215417
-0.014050169039420912,-0.00953779398947574,-0.020745298923416144
-0.010698043660218759,-0.007244863853847261,-0.014872592925922565
0.0007293438294238008,0.0010513710429492784,-0.01223756815054735
-0.0016312505236649733,-0.0005685799122728818,0.010840615782313538
-0.006890733986411046,-0.004086010110062155,0.005201377924316963
-0.004199833671484798,-0.0031986224936033647,0.0024770959043962856
-0.005003251416991872,-0.0032265860612352704,-0.005214786772415075
-0.00795774165287777,-0.006392349988377566,-0.004297868858267141
-0.008557222040322832,-0.0059753049186997975,-0.004164712343677712
-0.014067125101133615,-0.009875841169638688,-0.023134698359834248
-0.00927796958049687,-0.005835333316265734,-0.02036193433160543
-0.000255429591864309,0.0005932550841608597,0.015069426768077578
-0.009094557670373149,-0.004802013044381992,-0.006899014576014682
-0.004723365169437277,-0.002431869865550884,-0.0055645833512387305
0.0009670968689162729,0.0005698745764383117,0.01228033485239944
-0.010296324056911943,-0.006873563745239175,-0.015682897934767015
-0.006393724027249803,-0.003903348023930997,-0.014347654839079071
-0.013594292363453553,-0.008242393029570527,-0.016588782532298674
-0.0005706651834531673,0.0010205440924414555,0.005176600120418609
-0.015779995067279007,-0.01023408333664777,0.00040010504427719085
-0.014051557963360994,-0.009021245978433012,-0.009222776662806513
-0.0016030373191976421,-0.001356352799333882,0.012980138819974285
-0.006319267623258629,-0.0037892535960094564,-0.017135092608135317
-0.010492280344429172,-0.006591268977025555,-0.019843930409239256
-0.006645095351304531,-0.0047339256574672195,-0.01168729242151046
-0.008124118259921986,-0.00526065356333294,-0.01430089116104221
-0.0069598453661261495,-0.0047525635191664195,0.0022552459180887954
-0.009345001556951726,-0.0057360524793915735,-0.017658809950450348
-0.014877769236912197,-0.009813502983252564,-0.007484385394469294
-0.008053360542566113,-0.005124837839594609,-0.010639432902637837
-0.0017505561024673266,-0.0006136050849436803,0.013054706468106192
-0.010027767363862572,-0.006112856978988002,-0.015037861796876856
-0.012712416743447252,-0.008979295302835144,-0.017581220299523234
-0.012033708071760518,-0.007551689788059313,-0.009809363545337325
-0.010892434247093186,-0.0072960407585537235,-0.016331900815962898
-0.0029615296805524105,-0.001894672418216059,0.0017428627150803053
-0.007586495921170999,-0.004032998752225958,0.00633253781542259
-0.006950707806622214,-0.0045814607658862805,0.0020340105412659584
-0.007406893301391881,-0.004878236131753311,-0.006366152641448637
-0.019578902005510934,-0.013289625342198241,-0.024677566456613023
-0.016864109661860915,-0.01087971740615079,-0.015278146094058795
-0.003563281125354867,-0.001041724174467351,-1.8054480499692105e-05
-0.004693023485814463,-0.0030103456237591253,-0.00022434721998026985
-0.01422713727803604,-0.008607037059372713,-0.004958599004058012
-0.008653496389380733,-0.005517988286217301,-0.00766755802368084
-0.013659543215112757,-0.008682307537310807,-0.02116626400334188
-0.00395766763297889,-0.003015213761593194,-0.014378064288299672
-0.008989123920104314,-0.006238732488993981,-0.0036641486729060077
0.00208065416131209,0.0018278218323660722,0.019838557700520447
-0.009899163969226299,-0.006019657104121223,-0.0014443811298835985
-0.01555773081696843,-0.010280524476472541,-0.015182279825364367
-0.0037003451143018395,-0.0028191602710033736,-0.00679076032778244
-0.010238919449206074,-0.006964799640589048,-0.021046424704320568
-0.019717662464091124,-0.01222084420128755,-0.02699433333085867
-0.009504269209743788,-0.006632519545342608,-0.0016733420441742489
-0.01454034412660865,-0.010138874549855625,-0.026529963715801165
-0.023233230447720188,-0.01558878594882207,-0.030325572029056946
-0.004883437162743309,-0.002996561159413491,0.003546459023821627
-0.005565753342319124,-0.004153074792237477,-0.0007909215936619945
-0.0008141908702553602,-0.0005444321214940206,-0.000993937993048248
-0.007435661774789937,-0.005457013102185271,-0.013733212833420619
-0.017742795078775186,-0.012318336987404699,-0.02630377672173908
-0.014370134743530882,-0.008827709514341642,-0.028593192641688296
-0.016775495320558664,-0.01163649996827465,-0.022642695323723754
-0.0033195052909553713,-0.002521548217136349,-0.015596219424579179
-0.006294036140024772,-0.0039852415072548775,-0.016909605608455273
-0.0035999204998231615,-0.0020649758411436236,0.015041180724468826
-0.012420468276609253,-0.008283097312502874,-0.02031011588119007
-0.009650375400069966,-0.006312272713297484,-0.024417801368452646
-0.014258769641566582,-0.009888060729458803,-0.02958584309353246
-0.004967292553689662,-0.002936408896358822,0.016351143257585486
-0.015152505677391792,-0.009635248545052821,-0.016766466773814527
-0.008259575109259565,-0.005878490053784602,0.0035678237744427854
-0.013807571194740631,-0.008911980409449738,-0.015004672123894523
-0.01341794031137633,-0.00797641393928028,-0.0012635255041140714
-0.009570456150693407,-0.006348024670539298,-0.004839245376634306
-0.006596509613559509,-0.004653753323460186,0.0015045219893502493
-0.008445286479139003,-0.005570453967584155,-0.014000778162279313
-0.00764798015480217,-0.005389223901219653,-0.01883297029723116
-0.00756797126212716,-0.0040615118970623865,-0.0030611683727145705
-0.011070927960328714,-0.007082360464925164,-0.017013750359935756
-0.0012802254761379306,-0.0008097354064782181,-0.0027217126752308377
-0.002469737240702541,-0.0011525477389582317,-0.01888793936360526
-0.014160470957369609,-0.009265041602660506,-0.003996698772646856
-0.013004062792697058,-0.008406471021892736,-0.03172461865878553
-0.009387789432989457,-0.006027738556943163,-0.0156455757152301
-0.011189075657406233,-0.007566401192236616,-0.008117606992440685
0.006069977704280527,0.003563763235176931,0.015900192240433347
-0.008941480772685972,-0.005751460353283555,-0.010628009534321727
-0.011064323716656,-0.007000912966378614,-0.028196347003068122
0.0024538493718616605,0.0018964849877131096,0.024217853613810944
-0.012808859236813408,-0.008629762713346478,-0.017908128799023426
-0.0005155329368066175,7.866245719034826e-05,0.011931993429144312
-0.0069690591717012085,-0.004610484094631273,0.006622986982637552
-0.011102179498168607,-0.007501933308243336,-0.01244900956898553
-0.00985279864019839,-0.00654820671192391,-0.0203607462669866
-0.006079948607234709,-0.0029213196934703145,-0.010146327639003548
-0.019227491774608474,-0.01207670605595823,-0.02598748682599341
-0.01012548746716413,-0.005877332504038657,-0.014974888531888539
-0.010571343350408546,-0.00706112746036891,-0.02848495692969439
-0.00544224728768905,-0.003587574217290168,-0.011958695234441073
-0.01629017522437959,-0.01004039312230287,-0.028374318388342076
-0.013687255963638845,-0.009176554353473976,-0.021596841481192876
-0.0031321146430077773,-0.001517856130169859,-0.005714275934511633
-0.014028451180267965,-0.00899822513949644,-0.009819319889727736
-0.008748468241274288,-0.00503920306065575,-0.012308964826694288
-0.02088337445987598,-0.013430365103590691,-0.027282275801187653
-0.007436989672073513,-0.004857970329851691,0.004090807675636569
-0.0112018983256853,-0.006999084746847073,-0.00740812300084405
-0.0009524000037598457,-0.0003245827980383753,-0.0014961896257182083
0.001504833534502148,0.0011450820033441778,0.007335604549463547
-0.010738360544837566,-0.007101832269131081,-0.018867845118914692
-0.008201751432901916,-0.005569248478371258,-0.004767305673808016
-0.006341340007580798,-0.0036025793331304623,-0.0026055125647629906
-0.004899280813905893,-0.0032819849603772377,0.008567668911358607
-0.011803210945403708,-0.007839282404017323,-0.02642892534477006
-0.00601813870449075,-0.003650914765806923,-0.005458470383880525
-0.007162481665359488,-0.00422788427998666,0.0023762953668469075
-0.005428698958985456,-0.004009625109221537,0.0056653667095390645
-0.011368700951486899,-0.007429400147142773,-0.015754665787972022
-0.015130857027529032,-0.010895899178022916,-0.022100207538828513
-0.009207436767972088,-0.006619897134326536,-0.016107816993382797
-0.005795274538510586,-0.003546481803422208,0.010611869521150306
-0.005860342572211019,-0.003796185974457522,-0.009062743025678423
-0.002289762938905815,-0.00038412056417025386,0.0050508241037148655
-0.0004099318629229298,-0.0004385244090850948,-0.0001876072889826011
-0.0030914270428883395,-0.0017605315414326306,-0.0037285963152882268
-0.007266213578173364,-0.005253393779248938,-0.0023302882221020726
-0.010436186546609827,-0.006409537308010638,-0.005254982358317686
-0.010057407068583046,-0.00638735608619434,-0.012518817888204074
-0.0010696824474174527,-0.0007329299006070267,0.014610629148735246
-0.005193511646619631,-0.0026158002908877043,-0.0022578886435804385
-0.013417455978281034,-0.00924776220086565,-0.021313876079108868
-0.005622715203909556,-0.003967473122893139,0.008139018197053087
-0.009406571791735985,-0.0065551372298149335,-0.011664642190094096
-0.00844874468104917,-0.005300181955649186,-0.007305213847234315
-0.010316434889651616,-0.007014516754940914,-0.024673647070960224
-0.0056127164779467,-0.004072415629059689,0.013107979044574267
-0.00021474180708158652,-0.00038853973837904565,0.005067948100555553
-0.01891937329414528,-0.012721067017999244,-0.030640118815051784
-0.015545327344639315,-0.010075910132443577,-0.015797781028612318
-0.011555274604888699,-0.006904950140466548,-0.015957195677278622
-0.0019127019126172762,-0.00045705973051313187,0.002002475527383668
-0.01014076557628707,-0.00666900468893028,-0.006833357814483007
-0.009301235437003563,-0.005857238557297917,-0.011665174261370655
-0.010354835319231093,-0.006336518509066469,-0.005596897530878782
-0.005785496223337239,-0.0041758946206792436,-0.018335993835786515
-0.004622035722295914,-0.003610619424117889,-0.002556372369482085
-0.003369333026878585,-0.0023962194904270095,0.017509631120438705
-0.0063428054436774906,-0.003913290157986138,0.015227174401503944
0.0005207500164428058,0.00054905686727591,0.00461240212721422
-0.003899809127534404,-0.0027808287448589653,0.006806761469494223
-0.0077566578326396796,-0.005136632115397166,0.004728585140011107
-0.0028490638749267827,-0.0017896513896249466,-0.001316005049945515
-0.00846701883159684,-0.005962814945191686,-0.011052821598118115
-0.021582233168343845,-0.013589090004159032,-0.027916531234002673
-0.00038131839699973025,-7.609165299460319e-05,0.0006481191746198212
-0.00596455090737702,-0.003320387164151617,-0.006108475849417719
-0.01003365449387461,-0.006223864083762964,-0.003069887568482338
-0.006613134479860561,-0.004443064658278262,0.0018594181178406763
-0.009127507319559247,-0.005026868956967689,-0.006911112949511911
-0.01730819587057808,-0.011154323589934512,-0.02742150022019084
-0.006424883772078727,-0.004135051305542481,-0.004427935566757801
-0.009050218051162573,-0.0048689443607372596,-0.008192876602613745
-0.015824333439089622,-0.009708976221132981,-0.016577342078302748
-0.005744211410630529,-0.002828933086315377,0.008565142619295224
-0.011734840571797855,-0.00740947924470492,-0.014386819181862222
-0.010209903347143334,-0.005935164966113349,-0.0011237188255647235
-0.003576079702580337,-0.0018209375678511774,0.005012579024187461
-0.012034299693524209,-0.007941045830999971,-0.02383284494002008
-0.006899420363945197,-0.004223139221210204,-0.013840904368812378
-0.008302953257253165,-0.004743496315664952,-0.018326183602459724
-0.007871535520117434,-0.005426671227359847,-0.018728669612005505
-0.015029040426617457,-0.009550014834940557,-0.021226954709123003
-0.006685807093891105,-0.004388218032878477,-0.014422085683682452
-0.016075032250869037,-0.010224632964321856,-0.027027653546273088
-0.013826526760856273,-0.008698570528449578,-0.011152312992116532
-0.00029924050696861215,0.0001903609069543455,0.0037746989831578467
-0.0066453346317205675,-0.004826337911013834,0.004807248180645041
-0.0015365155503945793,-0.0018683315121568178,0.002552157123490627
-0.011024130507983898,-0.006737913982395982,-0.01669956491642559
-0.0031412743278008692,-0.00245294510220051,0.0023418215318770363
-0.0017923991267467798,3.261554945321876e-05,0.002374474430475275
-0.011412706674690964,-0.007894727251718803,-0.0055100130608498055
-0.0018642249032132518,-0.0008231089797271496,0.008248202789033307
-0.014798726422810216,-0.010017133200197037,-0.030958905051095505
-0.006511851047634409,-0.003913718145835965,-0.005942296646795853
-0.012536832251593966,-0.0073991391034607945,-0.017748313963427416
-0.007520494901069097,-0.004351512244182176,0.001520475322601994
-0.0006838614897352047,0.0004305129350882231,0.0006424883242622664
-0.009495950112791918,-0.0072852247744540355,-0.021732683586737224
-0.020224565840132325,-0.013269661965004453,-0.027770212592842743
-0.007253059568886777,-0.004172973044886286,-0.00865149551679218
-0.0026645982452226935,-0.002400909546136365,-0.023599158542670196
-0.008601562231992155,-0.006075252370294271,-0.013981282816820886
0.002737558485057634,0.0021805925123850045,0.02657111262925555
-0.008913667059796238,-0.005703019498855322,-0.011581944150023192
-0.014448772920361619,-0.008974613381537155,-0.02907761002621876
-0.015629586818776797,-0.010877458491410641,-0.013188514765535862
-0.0068021505896135315,-0.004965514334676069,-0.012986991622284928
0.0026411572754152512,0.0019151106033969967,0.014119924532539345
-0.012453761097664606,-0.008627206200913284,-0.025942172153140965
-0.010381926756409476,-0.00634051797838775,-0.009823911242046172
-0.003661200189373215,-0.002265995024543721,-0.019907774600270753
-0.003993809885432298,-0.0019840009353117027,0.004404579799977791
-0.013884894307048534,-0.008761197897259931,-0.0033158813116627023
-0.002845043349618881,-0.001462706218040788,0.008763567588470488
-0.00885599447266272,-0.004789284101882507,0.0051540557017225735
-0.0030000286533894416,-0.0022277380888597875,-0.005956030952218541
-0.013672487860926785,-0.008963502877781249,-0.006265012818576873
0.006554821173341052,0.004698503798759468,0.03448197078063063
-0.0027179144716821257,-0.0009770790030249055,-0.005512450194278158
-0.005535488632641639,-0.00324633289276699,0.0025627677946045077
-0.007765215221721022,-0.004610919750619336,-0.015143762789013457
-0.007138594419009658,-0.0046777178979087175,0.01525810664933152
-0.0012431246127871942,-0.00033663660651039873,0.005967970771236376
-0.012187078848928445,-0.007766686268604328,-0.01963745385251818
-0.005093412317120016,-0.0032207731591742395,0.0017120910819557675
-0.0007930490311347516,-5.200113083914104e-05,0.010749192095500099
-0.004348002867418543,-0.0022222448516989735,0.010370109886545409
-0.008613323348987234,-0.0066344856593587576,-0.008499795219444904
-0.0054276679350389045,-0.004388485311237478,-0.0025811155367856664
-0.009595781092166411,-0.006449667396701275,-0.013014256946060163
-0.0177767274206313,-0.01110444127556831,-0.015652016319202218
-0.0007671496634471531,0.00017711156118904725,0.010563709790597064
-0.00900291741981929,-0.005177227903386483,-0.011513677203087783
-0.002637116862943656,-0.0014363979797723525,0.008886938857492976
-0.0005402012357712538,-0.0002178398060391773,0.023560114346141366
-0.014218210765647776,-0.009000888781386274,-0.0095755595288054
-0.0041612372677368725,-0.00197879818602531,0.010449879936657087
-0.003058516331323702,-0.001466523364207939,0.010841699234786902
-0.003958546250202533,-0.003457958263015537,0.017197402343022937
-0.009461429969238266,-0.005602079385751857,-0.017456867372114673
-0.01232841434284715,-0.008579493071025235,-0.0215167375155023
-0.005432238185910543,-0.003436267448367558,0.0011884101636875366
0.00032611247630542906,0.0003254200437379229,0.019600619048410994
-0.011834351282101196,-0.008017855121647433,-0.024712712281305553
-0.004344744547002288,-0.0030663711709058017,-0.01038732908230542
-0.0009426687765585751,-0.0006014570273203956,0.007931854229186387
-0.006207848899166368,-0.004822940013699983,0.00027605998132978343
-0.012219363716584053,-0.00773679581076514,-0.016074945661003134
-0.012008331270941142,-0.00735248447879322,-0.017404305639906727
-0.01207586749230527,-0.008429365109778986,-0.018337701838116137
-0.007546588952877409,-0.005921009389734944,-0.0033036699519286145
-0.014105862469678043,-0.009670588258241075,-0.02021522289000223
-0.008197442879543715,-0.006270382841249478,-0.008169698784899301
-0.0160978734527063,-0.01024709045520189,-0.0146648046064402
-0.010034164984320082,-0.0057118870432339985,-0.01118130423088113
-0.014606533504207042,-0.010238330882994862,-0.016718024749761272
-0.006787641594429461,-0.0038476124508282084,0.004147131713241943
-0.011916854670917965,-0.007470575017989867,-0.012715066083831751
-0.004669085213920177,-0.003460657169243153,-0.0059986140892235515
-0.0052648775816297455,-0.0022850515794935466,-0.01187483293354203
-0.008360848508348173,-0.005834724377469347,-0.019373820049667256
-0.001205760466462369,-0.001047684072523647,0.0046477635385209215
-0.006861533198967096,-0.005346223558950203,-0.004535918640417712
-0.013214670795632766,-0.00797959138865878,-0.024205347028277667
-0.00198011936327136,-0.0015172107184177053,0.017380711492972746
-0.0120796412394788,-0.008103329969938677,-0.015040108787299611
-0.007283634967951036,-0.004102677471144567,0.011385062518182679
-0.00805987663158747,-0.004592049812898846,0.0002295195914322895
-0.012155759626292673,-0.007545906395666213,-0.022915904180085107
-0.004408550378798615,-0.002949091016700267,0.004228069080967012
-0.010599021998413671,-0.006347506378593826,-0.013745808801140423
-0.008551767870513372,-0.004943435783455574,0.0016314816188663442
-8.231267162139844e-05,0.00016824852581098781,0.019825521470179998
-0.0036689943312941953,-0.0028302919652671843,0.014418430686383918
-0.010370766560600542,-0.006701198782385176,-0.013773647113647244
-0.011957825924559407,-0.007227759928373656,-0.023029702909895804
-0.0058398529907136565,-0.00433531773426421,-0.009803247434813984
-0.009824006644021055,-0.006673673795428381,0.0004254841256980252
-0.0033802891045860983,-0.0014863557052086085,0.0003484855538384707
-0.00936813791893465,-0.006424393317922106,-0.017945429182208386
-0.007313471110444003,-0.00440018510930662,-0.008851005471795792
-0.01036413936780034,-0.006800401801535072,-0.0120746500256049
-0.005645025735499409,-0.0031616090853988643,0.012921241613700632
-0.007164171686242837,-0.004765913401612698,-0.011004532718109604
-0.010176770321005058,-0.007252999718834863,-0.01905346716799248
-0.0040618324592635036,-0.0032780976239378257,0.01212097483471989
-0.0019658670723383675,-0.00044356871558259847,0.0002672984859692848
-0.0029584432049526432,-0.0019141774742140738,-0.019051340552828887
-0.010854137381755002,-0.006936022676457987,-0.011162995296876067
-0.002883140469331691,-0.00207883192635383,-0.006190576641015293
-0.005927381361371609,-0.003712830366078834,-0.002038000266351224
-0.008450880229792235,-0.0049572338627258405,-0.006059738063171803
-0.014228909003976331,-0.008248002508789432,-0.019754648443291098
-0.0004426419667646897,-0.0007097005011180713,0.03127951168220715
-0.011433108025504568,-0.006960658784829654,0.0032692794890424037
-0.011846527601360846,-0.006798708679362497,-0.010424889286078258
-0.01442502327259465,-0.008389820711066087,-0.020867259938761665
-0.004458837315793551,-0.002431042434072661,-0.0013382673576639512
0.0018608791176935036,0.0018246536958989035,0.008536258979272501
-0.00402105322850288,-0.0030583101583254724,-0.0034265273775837962
-0.005352953504490832,-0.0034642608234527472,-0.008786527864537624
-0.008945233871327063,-0.005815751709483563,-0.016447386710100896
-0.004817921238914558,-0.00279699738062944,-0.003120812674247374
-0.007756178855366835,-0.004536129833541902,-0.008639580567610688
0.0015964009436121307,0.001973902686144613,0.01303231650032182
-0.004144612532566372,-0.0033126586397290714,0.0008042007590086733
-0.0012049259881106167,-0.00040221905169235406,0.00850757818382624
-0.012193730215319332,-0.006703425229756976,-0.008816541464299846
0.00415539446187041,0.002001219534933707,0.003184842829317691
-0.009421897986556793,-0.005185642435086679,-0.0014451301560753152
-0.012240193275335765,-0.008085647561281939,-0.006493369552411511
-0.01767258350422518,-0.010626564951417672,-0.0165683247039789
0.0029549179533814307,0.0014723413138927333,0.015740527082532846
-0.007454183223299937,-0.005012848786509427,-0.0044407660808727725
-0.011395339940578397,-0.006792168801095788,-0.009768528564425068
-0.009128298497172671,-0.005360616858766876,-0.016544138860626292
-0.009231347131727463,-0.006499370296711993,-0.009965694908058556
0.004742849482820444,0.0034014061206486534,0.001526775115984702
-0.008286930888768085,-0.005419615358774221,-0.01829068804100148
-0.009831629082348692,-0.005879585497253759,0.0014316662765376797
-0.009726015239467145,-0.00602477384055633,-0.0073063566412741865
-0.01077246763627382,-0.006765212236373053,-0.014728108622834322
-0.007661071590965962,-0.004680849734797654,-0.014450993328387979
-0.014278915027089223,-0.008809948138268742,-0.00729411656842581
-0.018681120710813737,-0.011746459160983935,-0.025466779357796794
-0.0010917617859845796,-0.0008670324144918196,0.020773617550211697
0.0002047315114280801,0.0004367988809140799,0.005974199656073112
-0.0052231055583351615,-0.00390741737042255,0.001938920525311194
0.0002623748886799726,0.0013911900264673704,0.006271443875463453
-0.001500800454688922,-0.0007406640853633295,0.017365609249394343
-0.011869518031462634,-0.007862653288877142,-0.00029066458394952366
-0.0087709826010961,-0.006216992395604026,-0.0112328119627945
-0.00570517307274343,-0.003687199889150561,-0.00951296163473811
-0.007178670702651657,-0.004799299324969142,-0.009538008015525457
-0.014502750154422706,-0.010454953745322126,-0.005789383484000599
-0.006643438711864236,-0.0036569717409996594,-0.0018458016933769403
-0.017175468935002325,-0.010017974136569574,-0.00538077350754812
-0.004694220476079147,-0.0034531288205347233,-0.003989486770510614
-0.008860315206956737,-0.0058090501021001995,-0.01965204312002735
-0.013198799308781206,-0.008998489148800304,-0.014324848435682491
-0.010379681748609926,-0.006526650234148779,-0.012723001868542042
-0.012641968274807014,-0.008936191324553588,-0.012123286878935803
-0.010201624013144839,-0.006016303804338596,-0.015464686935684618
-0.0051775109361590355,-0.003616955210207773,0.014970260246650428
-0.004954369906887912,-0.0035457253437658487,-0.001341844798311037
0.0003671879847438886,0.001022607027515554,0.011509082397311715
-0.009334271685274231,-0.00530225409054319,-0.002128968317470177
-0.004546935655335593,-0.0024907057137955046,-0.0034938177475697524
-0.004639975919197958,-0.002738721188820792,0.014890616594595577
-0.01027612136267142,-0.006730839251635756,-0.014471710082593015
-0.011023778927714445,-0.007107501970751273,-0.022298329068250973
-0.007414590554185696,-0.004812262705884085,-0.0019969242969511206
-0.003362522289487191,-0.0025878263895335873,0.003108625182893919
-0.008475011480331918,-0.005712137655909055,-0.009771570405117072
-0.00814781910925988,-0.0050388689241529505,-0.01219903165537807
-0.011402526399247881,-0.007847148166364004,-0.023661293293242847
-0.012684465015546098,-0.008021017203869163,-0.010781274428447223
-0.017672648356582665,-0.011556746141590302,-0.019092817004676875
-0.007254677106494967,-0.004636029913137274,-0.017160690433349376
-0.013669641652767073,-0.008929662188563947,-0.014040977660162324
-0.004859840860415243,-0.004140842113380061,-0.011170043460021165
-0.003305919071268537,-0.001504758145141727,0.01489302078534293
-0.005876408803993871,-0.0039042941299574085,0.0028587905545690503
-0.008924215081992926,-0.006322470002689484,-0.0073465626621979155
-0.012701968076266557,-0.008193343424349964,-0.02101562042480011
-0.01008024454148937,-0.007393988040325095,-0.01707195768226792
-0.014061572069696604,-0.009053179155144586,-0.004256586899981152
0.005779248974546958,0.00483967177754574,0.018468567443496682
-0.004444251626978923,-0.0023060036814184226,-0.007104098831626812
-0.01050833411753993,-0.007136828188185063,-0.0050761324968720545
-0.011048187377537877,-0.007344039275631875,-0.001612316087010221
0.00018876951860102853,0.0006406223496357999,-0.0020027561556297327
-0.012865182972252698,-0.007121590513469722,0.0013728904056475588
-0.012030387452265368,-0.0075619722472097806,-0.019427231272004818
-0.003300837264285761,-0.001911535760153349,0.0055508930502099485
-0.010253878735798971,-0.006762492872669057,-0.023913690142130302
-0.006877537799007349,-0.004018784414757448,-0.004448818738036729
-0.004505016088071412,-0.0030275448383649817,-0.0116067984833267
-0.014152565117198201,-0.007899632725043015,-0.0156580690285942
-0.010494127839788425,-0.006769444787743217,-0.004535543935287628
-0.010888942109269495,-0.007249815384353431,-0.0068708325516705915
-0.011551800427178072,-0.008143070487502513,-0.00853347477619322
-0.013189381745069118,-0.009029654729453274,-0.008861181695385252
-0.00432865544084271,-0.0030886672256995595,-0.004015129078547862
-0.009500532294415609,-0.005266607143255886,-0.007443343765602677
-0.0034792516844048826,-0.0020795186420503597,-0.010740772188804225
-0.003324261506481352,-0.0016940383563858186,0.007206122285131865
-0.01137108648100349,-0.00761059581109047,-0.013655225709628085
-0.012054680819898578,-0.007550077642073605,-0.0030831857145938724
-0.0036463958166987887,-0.0026380748831165146,0.012652978791942243
-0.01961901791643439,-0.01397414184753587,-0.03325915742219248
-0.013938415539461069,-0.008994241603919484,-0.01127721352346013
-0.012085572559046742,-0.006888874003209922,-0.0150610041345507
-0.012460524853959876,-0.006962845052278954,-0.005515028148898392
-0.010001457353082444,-0.006306389331676598,-0.012079999605215434
-0.01202908096746802,-0.006911478527607762,-0.010233492865369044
-0.00834848891572626,-0.005592521396543759,-0.01004456935844772
-0.02002992844287188,-0.01419888593928792,-0.028660400474910308
-0.0016754548723886264,-0.001781485212215439,-0.009151187231608349
-0.010329935196704998,-0.007762606645375314,-0.014894064540804948
-0.0063156934645269835,-0.004825856929801531,-0.014486897124077108
-0.003792906291209097,-0.0024504461041728876,-0.005834778142880741
-0.012705313055079381,-0.008934472052401499,-0.019295564252115094
-0.01499270225831184,-0.009910602130477453,-0.018916583519372566
-0.00831333842416715,-0.0049818892254293035,0.0016870115530015634
-0.0173123479871089,-0.010677356545080507,-0.019080560933316663
-0.0028327928520586187,-0.0016056038431158104,-0.0014829596752436863
-0.009307574739007007,-0.0065849301834512985,-0.010897555387402752
-0.012297272004235915,-0.007842828994415574,-0.017528790074607795
-0.011335164366115702,-0.0067173971410928734,-0.02047818429870501
-0.008372029712679252,-0.004768895184491417,-0.006016151037894754
-0.011356132484031223,-0.007712229759556877,-0.010427907045326264
-0.017605741359990934,-0.01186059252316729,-0.019676207279490446
-0.006478471575395384,-0.004947953291301377,-0.0066273933116290165
-0.016872194630862314,-0.010768175053019746,-0.013915884861633296
-0.014034721562165009,-0.009356213874903707,-0.025241182321535625
-0.008592374308801998,-0.005730705905840572,-0.0020383246019813756
-0.007716126330901241,-0.005135307154152113,0.0050483948916292334
-0.009144150931037709,-0.005916718593667714,-0.005808367398568097
-0.011144698221747018,-0.006537668021978638,-0.006910984423132871
-0.013735634814461384,-0.009459523432777783,-0.024022940520374708
-0.011465449486015356,-0.007298864925716075,-0.007385704068777754
-0.0037404228076475254,-0.002888482949107374,0.009044392034948785
-0.011710775246424832,-0.007092740828060662,-0.01801342954102042
-0.01585190145958315,-0.010261253984274243,-0.021838280380257105
-0.01489261851190038,-0.010031802599868911,-0.025130704924461733
-0.010722428285141694,-0.006661505664039669,-0.02045740100734967
-0.01734383976605658,-0.011005060199185235,-0.028193759630150528
0.0017245484782179021,0.001785741432810184,0.008545222445093287
-0.006958307561124477,-0.004323365594110284,-0.030171243597952875
-0.0017158628732588665,-0.0006488721402103659,-0.0032578688635648764
-0.006556318594877486,-0.0038115405880693176,0.00026029459285867307
-0.01537171089859557,-0.011320056565084946,-0.01940507256119256
-0.00897127724353497,-0.0059560903340655225,-0.00284066227866428
-0.0023146688027960716,-0.0008552242429268331,0.008353671434002348
-0.005853593886610553,-0.004331402563954367,-0.0008967978926226056
-0.006733697580768361,-0.004245817356608561,-0.010391257686853311
-0.011142325587432111,-0.007547887721688573,-0.022564584835087186
-0.011942666257037104,-0.007531970966171309,-0.02600581908472239
-0.006355022681090783,-0.003232213251072147,-0.002247600110361757
-0.007872541761769325,-0.004075165892445276,0.000760345913453031
-0.008899125682874431,-0.006536104373753293,-0.022257443206229008
-0.004882683146566369,-0.003299915370873374,-0.004770089460747112
-0.003590718749613697,-0.002652664526396342,0.0018249504635858282
-0.011006014766096306,-0.006989009776910748,-0.020153005556279052
-0.007507701552932899,-0.005282763299944593,-0.010917918624004319
-0.013239167818483999,-0.008430020136479865,-0.01550467316442826
-0.0026981721639747214,-0.0013007833675332536,-0.014417513075368968
0.00226628382489924,0.00222379988472321,0.009201292907053592
-0.003901538794733983,-0.0025025301667168653,-0.003456517153246852
-0.016589941928998986,-0.009700489961837144,-0.017230331022910904
-0.010874636257429904,-0.006728446598687099,-0.022363446614238253
-0.01690595390593086,-0.010973813912014352,-0.01919609659412371
-0.017433383601105468,-0.011333587790283373,-0.03156387336417631
-0.010673293128280914,-0.006121224338753395,-0.012125486032231375
-0.01751364837617453,-0.011350477791266744,-0.02077251882965552
-0.01503233141206095,-0.00929714772966772,-0.013616826502104919
-0.007309502260456124,-0.004148338575876709,-0.023817096394939147
-0.013004026871257901,-0.008511162817988582,-0.019249395799937154
-0.012905621715576854,-0.009267523066840533,-0.021837689450784792
-0.01924788505136199,-0.01263439882303774,-0.026085507646405263
-0.007513832457495595,-0.004349649184096305,-0.0007487372503738321
-0.005391164324518138,-0.004135154365849103,0.0020858771949455873
-0.0031036095808244513,-0.0014781849025764515,0.00010733076531363461
-0.004989610478899009,-0.0027993242131607587,-0.01793041333035713
-0.013316000917902304,-0.00833822139810958,-0.025124210385514066
-0.008775755276986041,-0.005776692156163166,-0.007169318930567159
-0.0014623826692347075,-0.0005453888465793977,-0.0036564930712620347
-0.006217617066578085,-0.004695882225366432,-0.001162210106217726
-0.002250017659953474,-0.0014430404087876214,0.005688453995027126
-0.006369687579591221,-0.003944410227676998,-0.007264166450015534
-0.010852370737884254,-0.00770814021501387,-0.0075399214144727875
-0.014087678060938913,-0.009790025865592411,-0.025616150544136997
-0.009196200171370128,-0.00649459736314284,-0.008626549388560806
-0.01020275664745085,-0.006507332480254369,-0.010640617270599333
0.002531831335985224,0.001580886203466747,0.008332107806036392
-0.009144930626568293,-0.006273580902766307,-0.01883607376589564
-0.00493699256883029,-0.0028321729231428616,0.006315519656584903
-0.010238912935066513,-0.006948714930098743,-0.0020543401974652334
-0.004901168904483333,-0.0033204403250921555,0.005599493134545087
-0.006410500885695614,-0.0036664276487887726,0.009385219966233468
-0.007840975460456145,-0.005400460410944774,-0.021188596848087327
0.0012172282906710574,-0.00027533152414704887,0.006963060031510489
-0.0071406305001242565,-0.0037502082648357415,-0.0028016807545215017
-0.002618534363149627,-0.0023265530192295714,-0.0018973216837255558
-0.007049284514386467,-0.005377783162916927,-0.008316507641902761
-0.008859520979526359,-0.005799609075864298,-0.016428647173873552
-0.009323038848380705,-0.005721470290719233,-0.01421172811268899
-0.012601463434726123,-0.008353885567152441,-0.01523365094610369
-0.01310487769051838,-0.008937203650410952,-0.018557183112933147
-0.008764231219239083,-0.005348557305170809,-0.012969893758229697
-0.005484233233494673,-0.0036597514413377885,-0.017490734181075406
-0.0010353173509874969,-0.0002845596676828155,0.018123116163244336
-0.012381339971909266,-0.007982459367288475,-0.017954797818035696
-0.009410858197577254,-0.0058070524374757015,-0.005932807795125956
1.6033203448784228e-05,-0.00018149213529550234,0.0007614558951968553
-0.008832264798032452,-0.005793008867842286,-0.004847718972482276
-0.0027550187379558055,-0.0018462992912288145,0.010169799787925538
-0.005905699115162366,-0.0040401281606524675,0.011690909145603036
-0.005291286511211135,-0.003414577544359254,-0.011361360592333329
-0.00798052984296771,-0.005883010835609825,-0.01075066390134919
-0.008425917676329497,-0.006049544506682936,-0.018400924419959153
-0.003973713463376716,-0.0024534891137729664,0.0030200538519496514
-0.0068067726749408974,-0.003909025740938765,-0.00034401940989435553
-0.007674637907066351,-0.004406419557641983,0.005720070077010031
-0.0033828173323399158,-0.0024283976136247887,-0.009298519347556829
-0.008841162950829706,-0.005844586148602837,-0.015188645037964299
-0.007788052762847997,-0.005180805415044287,-0.013930854297263262
-0.00583797678800857,-0.004092980160109505,0.0038681793792797944
-0.012093868179871015,-0.007586599012676332,-0.0215216519189586
-0.00551017281152455,-0.004391914596701296,-0.011266140116470681
-0.00828254678587348,-0.005779336605351237,-0.0090720490832744
-0.003188404346519902,-0.0019330428512310815,0.006660405572103574
-0.00721543281650594,-0.004543545512436631,-0.006214956161515198
-0.010953947211491233,-0.00705698574731306,-0.005627143648876197
-0.016299760352568304,-0.010723589918582577,-0.025829703949909612
-0.0074441488971562775,-0.004474175236462319,0.01331713966331434
-0.001615858370822787,-0.001430845511035117,0.012509875292113289
-0.011488275636034162,-0.007585302125021287,-0.011503907069524276
-0.006221039042162091,-0.004450037367698556,-0.005399358259743414
-0.012057924060125513,-0.007222029005818031,0.0017526154333692423
-0.007939738950086483,-0.005039246215045146,-0.015398423260361102
-0.012274945505523327,-0.008091877763292454,0.001167031078179795
-0.0060579171631041095,-0.0035444235616109987,-0.0014956738549178547
-0.014044482451630924,-0.008999440769049571,-0.020612516816518066
-0.013582174769120714,-0.008454086015852402,-0.0188037183026493
-0.008205685773189697,-0.005652595782003167,-0.020841108006481403
-0.012231444182817519,-0.00810526734627226,-0.02267993610887834
-0.00493815442692791,-0.0025905231046775556,0.0005624891632061424
-0.00016398925120775232,0.0004952349292187685,0.010290250137746856
-0.008277646989430898,-0.004873478316963498,0.00415722284748371
0.00364086841898692,0.0025398134734166966,0.012213001918688418
-0.012891364666212102,-0.007645476909514781,0.001215368009061843
-0.005368155399157359,-0.003406681150928126,-0.008105087479853439
-0.002475981475167144,-0.0012302036421562024,0.0075961686777843845
-0.011187405356846702,-0.006217913777413653,-0.007063723644147826
-0.00828799006054648,-0.005072733852106048,-0.006717554989910154
-0.006315419509870024,-0.004361423812880516,0.0005277956002675069
-0.008630737600090144,-0.00503334249601739,-0.015560064205987378
-0.007014518527873381,-0.004858463181036554,0.014223565345328967
-0.003529607816916913,-0.002515139691314894,0.006176601562530547
-0.00826363147970921,-0.005083194199670404,0.003396670241240053
-0.012879242025220172,-0.008624558362285928,-0.01636279242751469
-0.006765650373235177,-0.004630758777822708,-0.007941090986321765
-0.00508202634563748,-0.0029142448175563107,0.0032071683878476323
-0.012035565811393423,-0.008743530044558079,-0.0018643123101563103
-0.00943928749120937,-0.005659790343270132,-0.010107630642601971
-0.009189513808206984,-0.005796875296972814,-0.0030790679084885253
-0.0035602245542935007,-0.002823049499468655,0.00960835885552802
-0.005688312400501494,-0.0026567616031630825,-0.007879445650410863
-0.009193299826054102,-0.00597261831883833,-0.008533646051488104
0.004074744064790692,0.0026901858551027225,0.016027654699836517
-0.009184208820123496,-0.0047018761331137915,-0.005280780777833657
-0.01253616863458773,-0.00796380697051069,-0.008172565816562477
-0.013886635462468822,-0.008649365842425594,-0.007338272853570284
-0.009602250014490443,-0.006313306965047838,-0.008768519648549418
-0.012690380002152502,-0.008339219667003905,-0.02716922822951487
-0.007677666151132745,-0.005193466027979543,0.00799722045938702
-0.0033849226525622944,-0.0020610819524741197,0.012388316781353347
-0.004693832676222032,-0.002949300622181239,-0.008619693307763
-0.006921043224103918,-0.004101735540989249,0.007326660420865799
-0.015093925908327477,-0.010047237595546488,-0.029674609246527837
-0.0006216352259965641,-0.0006063337588022577,0.01113752642779961
-0.0012240515768474625,-0.0009099727428899529,-0.0011709087430125595
-0.010095856088193633,-0.006814015132762918,-0.02118807352459031
-0.009818486732306453,-0.006761142149919963,-0.006939239847044719
-0.016696610781618992,-0.010317857016025611,-0.021228620916301268
-0.01077189659789779,-0.006142722484475227,-0.015486770909399962
-0.011413438864009806,-0.007269141538524204,-0.024583797392563722
-0.014957692911154341,-0.008623315685742816,-0.0211205136511175
-0.002685941265171743,-0.0008255645149042312,0.008261294389220297
-0.012556485860792499,-0.00852274596949032,-0.013396116361771529
-0.015232297465568867,-0.009785049628048381,-0.01478703254747158
-0.0052467214673666,-0.003577555621994133,-0.0014856208663107731
-0.01030538636895273,-0.006240664880204139,-0.0005668710513630701
-0.012961351537912003,-0.008888175524951358,-0.0196650745620277
-0.0029320695599343027,-0.00242003106012445,0.0025731929683767904
-0.009408988008143826,-0.005889391798864052,0.0006739096972524505
-0.0060848408710916235,-0.004300732834355503,-0.00438245428075857
-0.013793851812339386,-0.009547123552473002,-0.012648289926597216
-0.016026458230410268,-0.010893501140316064,-0.023415176385337008
-0.012530001402886737,-0.0071881385025688305,-0.007354578069545904
-0.008060385421824856,-0.004585334729767188,-0.008089307436328415
-0.0116974011140355,-0.007267662949147824,-0.020526164527324503
-0.007903836185459534,-0.005365438104421583,0.012408887059509245
-0.014866081037529844,-0.009942585649462377,-0.01844140437557209
-0.012605480431318261,-0.0076323507813614855,-0.021081638747448395
0.0035284491741456314,0.0026106716174829625,0.009093269635155256
-0.012364090871452627,-0.008431380012048018,-0.008500818315708938
-0.003976225282419366,-0.0019789366969119593,-0.007943248869086046
-0.007514474448685804,-0.004240228465509421,-0.01664354616824692
-0.00632053113342268,-0.003809208623369864,0.00988845069618157
-0.001713880811934576,-0.001297220033248725,0.020096620248971214
-0.008302854325500486,-0.005169694875110764,-0.00465036585983887
-0.009240924676803264,-0.004944958268779831,0.009007065774739427
-0.006366428830925308,-0.004452116248161886,-0.003262110817670201
-0.007630050306379421,-0.005258897568716447,-0.012650616603544093
-0.01308195144951052,-0.008676223844685915,-0.024338313009191453
-0.005153200086804199,-0.003188234180907523,0.002796911683893795
-0.005050265613334326,-0.0036209257061752265,-0.007873714553373878
-0.0011708092041110563,-0.0011765338871221331,0.01875538907111228
-0.007957919805263503,-0.005165188760127393,-0.004316006905401723
-0.01152694407001753,-0.006758678210826985,-0.012004413657863477
-0.006159412638410577,-0.0037852361480025243,0.009317814203537653
-0.004049395827233737,-0.0024705533537785485,0.0023585078477545915
-0.006279203443435466,-0.003707788075257401,-0.017052466712239766
-0.007957694003975502,-0.004773064940076122,-0.008573882838177845
-0.009984962261548658,-0.0061659039531229975,-0.004194733604120621
-0.011910822885572325,-0.007821765578757245,-0.026957186815104724
-0.011054282812429705,-0.006776662975826908,-0.005851485695493486
-0.0039027144936785163,-0.0015210627516069053,0.012371585079508578
-0.011763652963167504,-0.007609921435538403,-0.01800488639186431
0.0005388864760698109,0.000482652628733482,0.010028770190941373
-0.008915733182703889,-0.004632887463433377,-0.018427500866808527
-0.011663635144166684,-0.007132729583195774,-0.025493209801845433
-0.004582369200046288,-0.0034508508542595573,-0.004367959812196766
-0.007347681523243832,-0.005154640687102918,-0.02320739966512588
-0.008386345764709424,-0.0055683365099240545,-0.0164298312758486
-0.01209326277082623,-0.007276509875905446,-0.011508371977486762
-0.005612273975080684,-0.003721170164433296,0.00801785483207048
-0.009614596146186316,-0.007520069394291173,-0.008943123710091545
-0.00022610716857374147,-6.640738142915659e-05,0.02816582681677031
-0.010772844165478856,-0.006355502389448486,-0.015951056862494088
-0.013975897006945126,-0.008235154048626181,-0.010496226833633757
-0.000377544926966511,0.00031201277136494454,0.020048686512264602
0.00039686733011012887,-0.000418425666184441,0.014615282200210654
-0.005963268830687873,-0.004627916312252012,0.0014871158612547036
-0.007548058971417304,-0.004384830794254335,-0.00809336196189571
-0.0027049493630723065,-0.0019012729786267446,0.012161939442722924
-0.013159741972455508,-0.008557754666281947,-0.035801225148284314
-0.006792186797297095,-0.0035492174869863335,-0.012994716452835904
-0.0024418680708713225,-0.0005820610997080422,0.009490515979953228
-0.0025670900553028675,-0.0010765308293094744,-0.005927437457328974
-0.006070200021440986,-0.003527308846769772,-0.006279456192188004
-0.004041597721253454,-0.002033151653358156,-0.018512742098317533
-0.00945925591403085,-0.005905288554453381,0.0021001923213709653
-0.013492830879754836,-0.00866102504814692,-0.02915539451430966
-0.020697412175227248,-0.013257808253503423,-0.030451883610359214
-0.003956022540119508,-0.0017779398212472985,-0.01564840541853973
-0.007002120362412989,-0.004228804321478541,-0.01364241595991273
-0.009919351949991828,-0.007295164586048064,-0.016681530140881952
-0.013690533243187475,-0.008903581785341674,-0.007783645487896854
-4.820371878333507e-05,0.0006189814717303399,-0.018707293369558113
-0.014661520803474715,-0.008897064856839276,-0.009767552250169308
-0.014091544493385233,-0.00935102176272462,-0.01652050816176929
-0.013561944901552048,-0.009779523369179866,-0.02864032022557652
-0.011981779762074818,-0.007505318612466172,-0.0055059040318319735
-0.006177596375157135,-0.003385748794913934,0.010621523964284264
-0.011205932191442614,-0.0067354471841944985,0.0068833408736969914
-0.009954113099199136,-0.006398150974817773,-0.02070521249762907
-0.012085242893414505,-0.007285429661826215,-0.015629421704047554
-0.006368128696958908,-0.004900741707696499,-0.005902811355750083
-0.009249619237054696,-0.005363390243326771,-0.008595359856726527
-0.006621541129735453,-0.00427848513319562,0.0005474635164405342
-0.0034854587624492117,-0.002416885816648895,-0.007440644467742084
-0.01635270802419997,-0.010704603589153594,-0.02214010671540137
-0.004042222855170086,-0.0028857799724343325,0.01883849659006826
-0.010298349158260223,-0.005944921362743716,-0.002907248659577602
0.007329491839035973,0.004935618707851752,0.019820319888671327
0.005791965240573682,0.004182241072015702,0.010649272930760699
-0.010205170010707754,-0.006257872555308963,-0.019916142863160805
0.0025123430657966184,0.0016079728058679965,0.0051194729564249045
-0.010468928880613904,-0.007651067061473338,-0.006467848021362535
-0.009255016418794892,-0.006361123685564296,-0.013835999703649009
-0.01499570940852435,-0.0104161019172484,-0.026485169437099464
-0.011756155715626826,-0.00749156455810529,-0.015106747776869753
-0.014266434124664884,-0.009449342022435303,-0.025571884344327056
-0.008650590273294734,-0.005075110295539642,-0.010404818198267107
-0.010184918344527394,-0.006395882174847101,-0.0004611815637732136
-0.0033566325037973632,-0.001374544960749624,-0.0017960013268014038
-0.011186485019475945,-0.006985806206810774,-0.013656828874505436
-0.0006642560720812041,0.000248657746796499,0.012083395212389943
-0.01130295329659492,-0.007437235628756977,-0.0079609181958792
-0.010566152772139015,-0.007159897007229188,-0.002662609359544786
-0.010164483679310665,-0.007359090472611962,-0.007258434570579578
-0.004955678043414347,-0.002769933777575506,0.005704764805012835
-0.010845492887200936,-0.007461303190050672,-0.02554006580919497
-0.012837409604252947,-0.008057190439959006,-0.016065946666608842
-0.016676738713298334,-0.010643964369996373,-0.0063177341005304435
-0.007200253807478796,-0.004880879721771092,0.0050905136293755635
-0.009159273573779214,-0.006182971104878088,-0.012118159056595676
-0.006587285559770617,-0.004587545361518619,-0.0038340492326114223
-0.009935181587518604,-0.006513121147344592,0.00427691050145701
-0.005333074533831916,-0.003516536013633109,-0.013822630638854666
-0.003214995477924254,-0.0014141454345729665,-0.002434738485364407
-0.011176783008655988,-0.007713492724632842,-1.3661248614155186e-06
-0.0175127004462734,-0.01148786572191518,-0.024517449038365842
-0.012447688342818508,-0.008348153309678974,-0.020142729496140953
0.0004938602110239332,0.000404183436556238,0.006296642068440217
-0.015113486495368589,-0.009431752734782806,-0.017113314740084623
-0.014701571622430354,-0.009586502900635008,-0.029137535474664918
-0.015564158090298652,-0.010134277448832774,-0.011659252246054796
-0.008897359361148882,-0.005109249386746728,-0.0033607719981867124
-0.011587198643305707,-0.008271464843041976,-0.018744745952768864
-0.006035768306926981,-0.004104093587607438,-0.003447544998237205
-0.013516058008770093,-0.009280927197189759,-0.00768750596490618
-0.007062380199013951,-0.004913803658485594,-0.017770667567289067
-0.002009388766355702,-0.0015412526290778938,0.0006668543365732776
-0.008919366784708394,-0.006394364371110406,-0.012496209868620815
-0.0019896256073871355,-0.0005514684336916931,0.00815664213019112
-0.005437946199828958,-0.00342224618449416,-0.007641797273499298
-0.010559662069309361,-0.007144579802181306,-0.02224487025014646
-0.004833766815951712,-0.0035877496243462703,0.011095009204976428
-0.0073482940753252235,-0.003907564736907787,-0.003898637140557333
-0.012246886499594822,-0.0069491919626674115,-0.011343467303916645
-0.0034893033082342706,-0.0020164739660779585,0.0009567381010984546
-0.00941161074862773,-0.006608361319761724,0.0008990426246298575
-0.01159546743724471,-0.007535795442471405,-0.01803230086617192
-0.008614398262844603,-0.005943267683122921,-0.019086256700475195
-0.014817785731356947,-0.009490686655486469,-0.029011254553152822
-0.004013793790130227,-0.002000221270856417,0.00494989042841866
-0.010115255290168434,-0.006782655511119784,-0.012435358918928767
-0.01658420421362594,-0.010463470547221188,-0.022411576037764502
-0.010277556539636357,-0.006949034284508215,-0.0018468462285629109
-0.004075092386194967,-0.00309678689613746,0.01121482605586379
-0.009025633429279312,-0.005375607400750382,-0.002048026926665253
-0.011566630701489222,-0.007617522943755617,-0.025759478233611147
-0.008799840808970005,-0.005601668578920749,-0.006836411265540389
-0.011579211780052168,-0.00789786843920004,-0.02132926923272427
0.003934943946291791,0.0019979015212232554,0.008532130912187505
-0.008177307871257589,-0.005423799284804964,-0.011949102353412767
-0.013860551374972552,-0.009214796884363774,-0.01572527926222718
-0.006248296315495172,-0.00359566827030966,0.0073087389286306745
-0.00909179963208051,-0.005432873136406835,-0.0027803676798455676
-0.001833090174625851,-0.0014074571734447039,-0.003926503601406506
-0.01319967343693984,-0.007830782981489204,-0.014038549131696984
-0.007242745731482092,-0.005032889021465592,-0.005437611842399381
-0.005167633334167365,-0.0028431923509428803,-0.017409713481749453
-0.0016221677470141804,-0.0018194654335826899,0.0260515304237091
0.0008187135442270232,0.0010222459389257477,0.02410093380450975
-0.007528857554374047,-0.005018139194793658,0.005292746002779562
-0.0091739641468509,-0.005495500649482676,-0.018556533191182854
-0.0028293832423701426,-0.0015412650240044234,0.010294678790429002
-0.012723788849168916,-0.007449679864453884,-0.014316622097732545
-0.003333079335631761,-0.001474888578222644,-0.0021472225093656233
-0.010918779088907926,-0.007001464837155913,0.007051982329118786
-0.01688434356638513,-0.010287551917852467,-0.022724063392948385
-0.013035386308324348,-0.008902333767900061,-0.011088115651200235
-0.00835951597689888,-0.005784133454019513,-0.019723608346071606
-0.004633465536921233,-0.0028412977485761104,0.008390608017262907
0.003085137874298427,0.002254369380360277,0.026201814469717866
-0.0009314567228602133,-0.00014457331464690082,0.026139412132607072
-0.013433107589131077,-0.008257906317045483,-0.01902114946637142
-0.008954188553343179,-0.006450393401343124,-0.014287814156796204
-0.0032232763215511717,-0.0012598559196396186,0.014411658370921489
-0.011882462250879744,-0.0075071203330813185,-0.004876228876216623
-0.01805855389962352,-0.012224852703686562,-0.01945489764612024
-0.006067243211943185,-0.0033806710172699095,-0.018242016001098066
-0.012484330243064168,-0.008315383854240022,-0.012902909316770593
-0.014500413403062407,-0.01015614520354624,-0.020739269732885417
-0.014642927414878826,-0.009495768390342163,-0.004485386378635096
-0.011592255104934557,-0.007968175612110384,-0.021376458155005697
-0.008269066117110757,-0.00585262096971062,0.002645215627842576
-0.00802017873732952,-0.005435055530018884,0.0010627302541646663
-0.004685844122503946,-0.002725100884726883,0.0035730647694845047
-0.011483801607813482,-0.007911535397360336,-0.01955949166161767
-0.012093709587008616,-0.007346718654930862,-0.025557849712174487
-0.00561622907237036,-0.003423257420613557,0.004988231182786643
-0.0020912361751797004,-0.0013330169355043608,0.003539412773630221
-0.008457215051972722,-0.005995700394619163,-0.018620467493478808
-0.017393140736489787,-0.010349461888283784,-0.020836701688896578
-0.005874792685406582,-0.0029549263272899973,0.006470742429704454
-0.0004690994379049629,-0.0004212724929401057,-0.011269651789964232
-0.014864492653672845,-0.009391969655447974,-0.01802241771690185
0.0015795548538799498,0.0016852606244761592,0.004275088519003836
-0.007289921515063691,-0.004025973547590045,-0.02150074666662352
-0.00973724970133194,-0.005890348581132354,-0.01723848331806513
-0.0055796479473371186,-0.003952240342993463,-0.0029683714524436217
-0.01298972494127304,-0.009023757253250442,-0.02230798012297635
-0.009840786939800172,-0.005623571497673008,-0.02095654077448386
-0.002838630109868401,-0.001758411287831052,-0.002738537703801988
-0.015075043759824158,-0.01051471323564912,-0.020198763013290648
-0.007652247049716343,-0.0053261651256062414,-0.015715275397721218
-0.006438690958917581,-0.004808721168952035,0.00459720304085004
-0.014363355147529067,-0.00898803613258059,-0.016032270353800157
-0.014348275565783553,-0.009891802451556853,-0.01938925944060292
-0.021072117342699426,-0.013820963268191544,-0.029863318540185126
0.00576113510671139,0.003948531874116812,0.02626507770436027
-0.010193661944382537,-0.006803512604844908,-0.007019481608508474
-0.007603136163915281,-0.0049778682698348176,-0.025860214089703973
-0.0053491773856887415,-0.003708322991591406,-0.012997597448381783
-0.006857650848771102,-0.0049058237667740645,-0.00934544897485759
-0.017867382689910505,-0.01145942619424234,-0.021921159682131104
-0.010056220846503261,-0.005630850052490088,-0.008348892067217228
-0.009308110430947036,-0.005983433108595171,-0.005167948721616265
-0.00526616393638879,-0.003392931096177776,0.0034800802391849947
-0.013135180372113031,-0.009181409302366439,-0.029666420799040527
-0.01468564490371016,-0.009539568931458575,-0.020764806620482565
-0.009440117196341191,-0.005470434492783616,-0.013457920238688637
-0.014286476105402346,-0.009471944148200406,-0.017362531483736822
-0.007196430631367545,-0.005095318351339806,-0.009706637335863279
-0.011694094043442571,-0.006903601767132672,-0.0069681694977722294
-0.004052959942767775,-0.002836916305921533,-0.0013443924792544415
-0.0035874892884852905,-0.002294477858517663,-0.005663311509406341
-0.012154304107271141,-0.008069165591680916,-0.01990851495510454
-0.0052916829947355914,-0.0032662748554954657,0.007506350445317875
-0.016092842267851015,-0.01088027389527435,-0.031580110794536355
0.00019119420411317645,0.00036517463595275856,0.013826708234759622
-0.01243807198451774,-0.0072110380702476995,-0.01744435243653262
-0.022680771094371055,-0.014627210707526539,-0.02215908131981098
-0.00594470662962665,-0.0041239412754523475,-0.014008876876570334
-0.0178695871155371,-0.01161612219602326,-0.029165771040862244
-0.0032284776126539905,-0.0022124800798789535,0.0029448901642931333
-0.006482350466842202,-0.0030351271197561758,0.016135641732527538
-0.013978191102302584,-0.009013362707789963,-0.016310449131007952
-0.012892459928465327,-0.008726016757476973,-0.0014750464453073264
-0.00966704266024132,-0.006047964547051032,0.005897395753413283
-0.00708621558234801,-0.00351938511928096,-0.004553194771637077
-0.0025730748567367456,-0.0012065730312125211,0.001120200468805864
-0.010718141952349547,-0.006656324186533835,-0.021055127904210953
-0.0025014627225881103,-0.0009665146362616284,-0.005780138657503021
-0.007931236903011563,-0.005243401568540862,-0.007183175002411384
-0.011411304158572833,-0.0076500865913827765,-0.00723077362524021
-0.0031277228460063755,-0.0014223539112457884,0.006517022514528875
-0.010889315641763542,-0.006444286620267858,-0.01838981542712377
-0.009319834154646767,-0.005782692559265223,-0.013428945859139146
0.0007360539092300389,0.0002709506520294225,0.013094158480143704
-0.008091428812932233,-0.004245759110294678,-0.0024794953644778905
-0.004410387838256757,-0.0022905348644628454,-0.0020868883690822043
0.005085076892677343,0.004159287537804035,0.03793011964624095
-0.006291186868108478,-0.0042294946425722735,-0.0027635748166789306
-0.001537147561456842,-0.0013133334584256584,0.0008806666243034791
-0.010546393846423863,-0.006768712530910714,-0.017863067491265226
-0.0031068316301172683,-0.001763699842576405,0.014814634878931539
-0.0048393543782784265,-0.0028491013709837087,-0.004536684580359232
0.004530444627742325,0.00269242112860546,0.010078163464257495
-0.007108450586925774,-0.0036632231059390286,-0.013382187900503793
-0.0023035564586173507,-0.0022126806527724696,0.018262010788882378
-0.004269018013050241,-0.0029646282954881586,0.008050669437288827
-0.006717713435803074,-0.003532514817783383,0.005217398841471606
-0.010847283706901578,-0.006362850090618433,-0.00171278343138892
-0.012480842455327879,-0.0080019144358634,-0.02211240588825835
-0.00965782359852807,-0.005435909040453657,0.006608966253322912
-0.012961346514575478,-0.008477487478875334,-0.017826273950666584
-0.021910475776462657,-0.014308724345787394,-0.025515591439861006
-0.011348448037295955,-0.0073716085339483595,-0.012442909608901896
-0.005354577235790914,-0.004179742708128931,-0.004014558760557528
-0.007413762308350336,-0.0050738590501479,-0.015277487879696065
-0.008626572423755974,-0.004984395030607325,-0.004052385574181604
-0.020733281068337828,-0.01381905917774584,-0.023065927081902783
-0.01117175113118396,-0.006745969366799498,-0.015385911139354981
0.003588639658015258,0.0025729508115196476,0.01937458104459034
-0.013724456493459325,-0.008885349881425086,-0.00939188636378687
-0.0073269363481967,-0.0046216300169813485,-0.009232333353824965
-0.013563811083978972,-0.008033072765696536,-0.007249392560406853
-0.013045277572325098,-0.008315838517439444,-0.005508854148769837
-0.00839198745258618,-0.00575353231624165,-0.009627331090356718
-0.007235126200871078,-0.004572422114199393,-0.02094825371386013
-0.013344848207603954,-0.00806937752343484,-0.017211733524872846
-0.013511827330608628,-0.007844931568695257,-0.007742515430689871
-0.0015256442697870742,-0.0011156441353828983,-0.005067756851236456
-0.010717833909187569,-0.005883637802110986,-0.008212487056145329
-0.01184353559385709,-0.008095120131219047,-0.011636356076159815
-0.007821259582026507,-0.00496779459172858,-0.0070234749096466376
-0.024392866076305975,-0.01550274167215454,-0.021464768074805934
-0.011966572653351326,-0.006741215208006857,-0.017552402762821676
-0.011202528730109296,-0.006983448957976424,-0.01726751550864815
-0.0015899432993404794,-0.0014092786107916533,0.016680761948692828
-0.006936327411996568,-0.004223341124851232,-0.01014857079553301
-0.011277039440305114,-0.006770713488214786,-0.03380649141212953
-0.005601326287469788,-0.0037870635449985812,-0.0015249740441063697
-0.012828374674996312,-0.00857175574927238,-0.005285291407813822
-0.00024655641297222086,-0.000951913595128584,0.00403120489112313
-0.012662184596716086,-0.00720598080470114,-0.0066589075502853715
-0.00855269500644562,-0.005894885813845563,0.002880256883000226
-0.0031651448518837944,-0.0011085612207978324,-0.01916301419323411
-0.003908439953931975,-0.0028094313335548238,0.0024230771860036873
-0.014980260288501857,-0.00930992418807186,-0.026183254536412175
-0.008457053102973622,-0.004703830306787338,-0.00959352929979386
-0.01119344994230409,-0.007119941323328716,0.00277509994881444
-0.0013749095237012288,-0.0015074013963713995,0.0027745910800202472
-0.011740035652383463,-0.008319073676262945,-0.01777458850345747
0.005902000311729605,0.003058578713538873,0.024205566990696245
-0.011130813068840228,-0.007165027612527797,-0.014290642156558904
-0.007159486232466761,-0.003931150168577702,-0.01363363322336468
-0.008214602100884982,-0.004934988232545123,-0.015450948191817047
-0.01368282830384282,-0.00935534714138575,-0.009746736892705964
-0.009553157287693459,-0.006901135894075039,-0.025243610550596485
-0.008721268761458845,-0.00644228760141019,-0.00671844017917006
-0.009437068924309733,-0.005894338140907784,0.0018003220378928833
-0.004808461163003819,-0.002718453474823579,0.0001432300498556069
-0.00979834630635279,-0.005471837357743592,-0.008153158974731387
-0.001163732560675701,-0.00045323878014669194,0.01068426359390921
-0.025173252979325267,-0.017265551131396162,-0.026967757504179887
-0.024809944144409846,-0.016296232622599938,-0.02636381048504388
-0.0072771652854760616,-0.004220198335787795,-0.005065243998711909
-0.0022673398396739763,-0.0004044694127344206,0.004736309773339768
-0.012506834360891839,-0.007261204411376343,-0.03596857808260142
-0.0022344625044918853,-0.0008522424475311263,0.014524265961643641
-0.020281050409691637,-0.012748586838980058,-0.020895628806696175
-0.006541006083408796,-0.004756492935538592,0.004038543658565624
-0.008813305896619661,-0.005489514175569532,-0.003830412029599682
-0.00875535392109128,-0.0048167867596580205,-0.016324464753016694
-0.0032142371730403685,-0.002297732855661261,0.005844050083257404
-0.003244808775221597,-0.002206189244076673,-0.005806912345307655
-0.01437037926383633,-0.008993883493821797,-0.02027263357503358
-0.0074612693919495765,-0.004446123945616054,0.005329373193196485
-0.01510239631390975,-0.009498289404888172,-0.020650408919353477
-0.007502349732560587,-0.005538024187948687,-0.017202408429763602
-0.008334050680193106,-0.005201965361906646,-0.01696666778675099
-0.011135370775437692,-0.007865874235447268,-0.0035658397237355033
-0.005669296824693748,-0.003448108708201003,0.011191320942154678
-0.010866579559390854,-0.007125257542392682,-0.006185789712279691
-0.010102997743870357,-0.006282411736013294,-0.0018558553590261456
-0.0005830564971581742,0.00027375748104963016,0.00013758933543970425
0.0019440369694639914,0.0009829397325703537,0.00921996165548572
-0.013250260656023971,-0.008755274440346184,-0.019470187276741782
0.006172174195296254,0.004977713346450585,0.01924142169696353
-0.0023466366882830547,-0.002579582713300166,0.009857072949408907
-0.007274740879995356,-0.0041048595969069845,-0.004938351318208009
-0.009685801511304715,-0.006566187872776408,-0.015215278723830099
-0.008596491793254502,-0.0050330058579717285,0.01140211430013452
-0.013095948518836997,-0.008267285503785526,-0.01779583087037006
-0.007855674278333336,-0.005074746298752819,-0.01898711680402524
-0.0011786910805294815,-0.0012287471086349644,0.006013617465044453
-0.011679918763479846,-0.006659664649678265,-0.011818800863461154
-0.0031448806473033386,-0.0028568935350871127,0.001084312900703828
-0.012744051202728812,-0.007725783403250808,-0.009167386183243406
-0.018160491639530485,-0.011577208724716348,-0.03404716258357375
-0.0010528214720751938,0.00031694008708638144,0.015067163039797667
-0.01220891062798668,-0.008480314316171023,-0.015539022158152248
-0.00047074520622725213,-0.0004393421063877412,0.014160598805066177
-0.00478170748486495,-0.002978550930093027,0.005226294512742868
-0.004639860108978988,-0.0033396869717821076,-0.005629541392726756
-0.005542019365392448,-0.004092951336632011,-0.005207572545285498
-0.01600953809255401,-0.010498274670105112,-0.022935331828680967
0.00018691013654248412,0.00040039332094421454,0.018029466374211274
-0.007483382670623873,-0.00480018262695503,-0.004452564851546062
-0.008005496031938675,-0.005567815398305975,0.004679740324346593
-0.003576307903722653,-0.0016283117301887362,-0.0018013573435265093
-0.01081806632078397,-0.007041200967560779,-0.01048561328721187
-0.007367170640796616,-0.005263194783569958,-0.012652111527574644
-0.020346776066144212,-0.013595501104360141,-0.025939151740169628
-0.010270693591788338,-0.005700843330921912,-0.005028611365968237
-0.006915656293622008,-0.004158474931656331,-0.01387747512488681
-0.004693708244741579,-0.003633850002411565,0.011126078350681634
-0.008309463651184346,-0.005616560227267864,-0.00932060640917061
-0.016695938403393007,-0.010691547211993724,-0.026991952611044576
-0.01277346831929993,-0.009058612946228672,-0.02290671630666561
-0.006493920277011234,-0.00455060801912166,-0.010447410316105701
-0.012087503669380162,-0.007794549404312567,-0.006292636036179383
-0.008266974121915904,-0.004625762679746237,-0.008604583345654226
0.0006824905231451739,-5.6359251861648474e-05,0.009848495443702893
-0.00476404418352816,-0.003045731642198346,0.010265213641173998
-0.01648456882328575,-0.00996899781269145,-0.010872101432275419
-0.012470324582829151,-0.0072609799321942115,-0.00357897020508606
-0.005671067635230176,-0.004613861598038116,0.004644214263517701
-0.005260112253070659,-0.0031649213530523523,-0.0026453837497806346
-0.009132468932918747,-0.00554576350340541,-0.0025643184369145006
-0.017733949974723995,-0.011658230632417443,-0.020647027095790096
-0.008344667855742727,-0.006037459978690318,-0.01328632246802259
-0.01754791797453914,-0.011884034591884807,-0.031897864760790644
-0.01149156050099498,-0.007327015772936041,-0.005437387410461646
-0.008048277015685668,-0.004535957113841915,-0.015044616769573575
0.003056438974082143,0.0014677940820598812,0.013092658246418705
-0.012980247057794436,-0.008178305929671836,-0.013748974619459044
-0.006510312907306304,-0.003616512035911734,-0.00016128688080502968
-0.0040220822102174925,-0.002607811800989457,-0.0012839721295829984
-0.0025227439969819354,-0.0023215559226544835,0.006937364227851094
-0.010000325208036731,-0.006831310742302477,-0.01472506954590777
-0.0027663862605357137,-0.001256517611510688,-0.010292066310055824
-0.004149289293307268,-0.0022807898937292626,-0.007824005924279565
-0.002842960300484809,-0.00202988794672998,0.009060382332397907
-0.007521302955636244,-0.004963582835371572,-0.003141983288517558
-0.01748484357343183,-0.011023173212879156,-0.012596734129856707
-0.015020787207811415,-0.010226556909453732,-0.018194583231103775
-0.015448198364918286,-0.01004958865141381,-0.019918773221533626
-0.009011653258634067,-0.005774654842872318,-0.007767366182755697
0.0034430997396246443,0.002607956410354828,0.021694408735496065
-0.01045975437417268,-0.0066132894970512,-0.0069280219964144504
-0.008211388490825255,-0.005468230966106824,-0.009390203328886272
-0.006433849426277893,-0.005104306614261533,-0.014028288079823037
-0.0010091930922353498,-0.0014636141757451426,0.003791426095180371
-0.013637603193461079,-0.008786611840893688,-0.01545308997771011
0.0011018915231747473,0.0009373752992123396,0.016687117462827666
-0.012565473903434765,-0.0083165164055361,-0.014936932932822923
-0.004199554731023514,-0.0032524666017321735,-0.0012631689332115864
-0.014142187120397054,-0.008361216892966983,-0.006493606367366657
-0.013220392988922303,-0.00921149320664183,-0.018070939169139287
-0.01327090513278617,-0.008646761476832188,-0.019458552550943885
-0.00502405052406929,-0.0030099236733228674,0.0013753578679197645
-0.006092138459126595,-0.003798990131949065,-0.0027150907610291736
-0.0142462667244454,-0.010033619574768449,-0.026841741183186725
0.001395250344180865,0.0010423997297419607,0.004536652960372187
-0.006587777875020406,-0.0044488447315071955,0.004752182228285641
-0.020113623175627815,-0.01273778238210227,-0.014862731343067162
-0.015921662770243872,-0.010339328300285389,-0.018427431260573952
-0.02413976846322674,-0.017169039173205336,-0.021203874383313587
-0.014503763147779347,-0.009565259978484009,-0.014892412385421779
-0.010553059689617506,-0.006924415117360416,-0.016533744726417506
-0.004174535319796391,-0.001864651276111573,-0.007956049221824857
-0.005326516917573354,-0.0033693699443061442,-0.012398113773584463
-0.013766118835218388,-0.009079998640144304,-0.02340128777337694
-0.002284460385962084,-0.0018681834170465317,-0.002895142286704927
-0.0016486859390812958,0.0005904495972639534,0.01424669718886206
-0.015948860820025446,-0.00977542837696821,-0.028098955919341875
-0.0024204227350066443,-0.0014889114265773662,0.012213891859667897
-0.012515595215566666,-0.008076114673058687,-0.012976633839541701
-0.0078705622429468,-0.004355506009110277,-0.0032557517809857148
-0.006851598958592997,-0.004549966307170861,-0.0004029868063082087
-0.007156838970771906,-0.005183145187837468,-0.013379003178035767
-0.012266430976650478,-0.00820724135156714,-0.006039458822987204
-0.0031272134758717485,-0.002103385221801868,0.005297257917808419
-0.0018938887757288247,-0.0005470590402871789,-0.005434823385446513
-0.0070641683829136825,-0.0045934445696158566,-0.014469369231553258
-0.004741054791137955,-0.0028855666598258667,-0.02216681792910303
-0.007147644123985164,-0.0048255893946580475,0.004587550514515024
-0.009454199336622504,-0.0066325020326207795,-0.02336288134530945
-0.0009385738252177811,-0.0005011655102851176,0.01759401909382754
-0.00959736029577729,-0.006894466639713492,-0.021035062987195
-0.018706108980964142,-0.013247039387419113,-0.023962887651251936
0.0012984570094664027,0.0013114535002840544,0.007426577474012486
-0.015421891477981231,-0.009709644346856283,-0.014208322109195613
-0.008970245494551388,-0.005644928649387593,-0.008880239374932465
-0.013311263421134645,-0.008323413687347458,-0.014799201804448645
-0.00898127900075485,-0.00582051952597995,-0.017063223168698405
-0.02057393185403167,-0.013143615120312202,-0.0246528073173466
-0.014187668972113987,-0.009552093105907988,-0.012863151803668253
-0.014880749547175998,-0.00927448798725461,-0.014462515285451803
-0.008072435317848403,-0.004818887739507005,0.0006594633101156336
-0.011763554442450808,-0.0077247650670178025,-0.0027381681506390768
-0.009134439630502866,-0.006577192760245598,-0.024833222786236377
-0.010218757497795439,-0.006629674700603716,-0.001016054878399314
-0.010316345049130704,-0.006908135893084588,-0.015595540288218475
-0.010182566719849295,-0.007040350909547022,-0.004016856846128021
-0.005486180785613803,-0.0035908958237376165,-0.0005112391641606609
-0.007310212278429207,-0.004958346649758805,-0.006185113907227056
-0.012000610542843737,-0.007777743989247243,-0.0210477824259813
-0.014751483200426407,-0.009977613353449488,-0.022763684362628774
-0.013413711698435749,-0.00904915617956581,-0.019058934966935503
0.002265565289545246,0.0009772062134806303,0.02568865686941014
-0.0038358542461472966,-0.002661972064476714,0.010500450622102336
-0.008217740415127683,-0.0053787331996346666,-0.0027003025291852806
0.0002906974251204453,-0.0001925586297041315,0.009834878759702285
-0.007275077953468823,-0.003958629954994519,-0.003477886228705665
-0.009843462444085294,-0.006408178711030499,-0.015620483352474311
-0.01031945941866319,-0.006635670963352158,0.0011075398734834777
-0.009009448192566771,-0.006776289156209314,-0.006707621035222107
-0.005560021085156741,-0.0026067533805468335,-0.023634414653702862
-0.006536039917395153,-0.003766685099844014,-0.001941804254587523
-0.005670978985909736,-0.002942508146703049,-0.014509872299002802
-0.002276570162915603,4.649890419938796e-05,0.018023048238215038
-0.006555326065475264,-0.00452498616269581,-0.010603316019813035
-0.003862648953460446,-0.0030631941102695626,-0.013781367444180535
-0.010398957437902534,-0.006705341570985124,0.0030735433153523326
-0.010172787133748584,-0.006893985881701314,-0.0036180833030075715
-0.009856155829061075,-0.006686487733321478,-0.017624553912008643
-0.007862920752954805,-0.004926280751725853,-0.0025780955467310587
-0.0010459494764615274,-0.0013793217541726577,0.011780568434051869
-0.014063333656488708,-0.009247359218951812,-0.033261964137583346
-0.0012138986478967828,-0.0005246827634601825,0.01795323607139434
-0.0012404790822585499,-0.0016890073899428204,0.005069623581447968
-0.009827322706901676,-0.005931330331632956,-0.015466596253770504
-0.011229381943638095,-0.007271248016049059,-0.018898539581001128
-0.010189510069324892,-0.0063027166367620735,-0.012187640189373156
-0.007513593619657755,-0.0048622234928107355,-0.019284976240147862
-0.009366921120604221,-0.00735078543546408,-0.0020903026781755665
-0.0009338860855871989,-8.874015454074513e-05,0.002955074457480153
-0.009321175627259426,-0.007226639132420387,-0.01667675793345797
-0.016662304828111152,-0.011177049418968354,-0.024832036753040902
-0.013402270080893675,-0.007890734622717499,-0.013053755228795046
-0.00910004676098597,-0.007269185771653808,-0.01515384848212905
-0.008308758034749286,-0.004884970067216221,0.0023232871317105247
-0.004301287537892717,-0.002386768380708948,0.004649813284679789
-0.005196616194619863,-0.0027603894101609905,0.010497859688277322
-0.0148926615318693,-0.009147513697313148,-0.02367473130929098
-0.009429765542497859,-0.006089211399559313,-0.01049130936603887
-0.007477768783527128,-0.004690857395733605,-0.004915058107316281
-0.006077504527159161,-0.0033984634946776504,0.009331957477115127
-0.0017502977912208229,-0.001412630329118647,-0.0001843160475580724
-0.00016248757105752354,-0.0006410073802303184,0.02258609755525815
-0.013298080089667486,-0.008666426584336029,-0.009511768246960407
-0.014117352290453411,-0.008823540560550125,-0.024819531358050928
-0.012705954118334972,-0.008866590224561377,-0.026097832389117136
-0.009840304712565362,-0.006233205020650945,-0.009066738533388782
-0.0062389216532625635,-0.003405278044874893,-0.015251536800088707
-0.01386548268689669,-0.008561577059272074,-0.01645579430466272
-0.01529123107413255,-0.009358837551550092,-0.026029408180091723
-0.004431657866071914,-0.0025887437706743066,-0.0007097787618555382
-0.013644526091268316,-0.008796203858592477,-0.015977610387217886
-0.014284166037316082,-0.00920423447131169,-0.026148907693379506
-0.015271430164606525,-0.009941499167259282,-0.0006311088927281744
-0.01999781047551985,-0.012943978977047355,-0.019193367553429645
-0.00819669129090439,-0.005422924606015345,-0.00022922025251313066
-0.01673005699769259,-0.01126027735454127,-0.022295730036332402
-0.01672534145339344,-0.011388773349897074,-0.02495107360882419
-0.009035596035092075,-0.005775895573837286,-0.010146451438226275
-0.012514622438385303,-0.007539720144388196,-0.020099218567741932
-0.010994538504085827,-0.007408835389526747,-0.010242542388924337
-0.005436330058221972,-0.0036193852154994266,0.008259630624970489
-0.008393437418650285,-0.0053058980628696295,-0.01498546695790888
0.003851015872863406,0.0029257754844780326,0.014570494648668914
-0.01057452003439252,-0.007368005514375553,-0.02630293681881198
-0.002637073550056601,-0.0013292330308021238,-0.014887614629098024
-0.008334011539392061,-0.005380303334767578,-0.004094721155260314
-0.018059343199526068,-0.011816804707542539,-0.017515334841841798
-0.013749269995656843,-0.00947896155410688,0.0034464402729899035
-0.003548716648066108,-0.001288008575282995,0.009169038692522474
-0.006948463220158074,-0.003761107194423241,-0.005470684644471785
-0.019105467632313244,-0.012318814653760501,-0.024764767494976088
-0.00809427882297764,-0.005041185051582131,0.01344261760104986
-0.010356022828779454,-0.006219429335067472,-0.016368334708484693
-0.022814007179877804,-0.015138509909476516,-0.023335833963989687
-0.007730227862336347,-0.004324823917501774,-0.0009520147755457883
-0.00560626421757926,-0.003326960907583776,-0.013049118582978504
-0.012879198185348328,-0.008031407115383415,-0.009168851366133303
-0.002090197931554405,-0.0005771541638581734,0.01670306685073305
-0.011023692681491393,-0.006595624834836444,-0.022950657961559137
0.0038765370869633387,0.0033809524123539214,0.010777220398127355
-0.0012479383581400771,-0.0005247450909061646,0.0058292420114628846
-0.01080678101472754,-0.006601247980310254,-0.012213353611053045
-0.0030753809369168383,-0.002079897129637409,0.0070895904135707885
0.00010238525141625932,-0.0012023014477335892,-0.001962198449564634
-0.012532039316501487,-0.008945951163114918,-0.013283384284564867
-0.005918911278667172,-0.0039583445758107905,-0.007357519896949549
-0.005378002560219808,-0.004032444665150403,-0.0068077470328724715
-0.0060344235188527495,-0.004364556411437848,-0.005821974955357981
-0.007249598594896045,-0.005075913140242805,-0.019567424803491107
-0.009932593381261623,-0.005817482538112317,-0.010922606795091806
-0.008322739605752805,-0.0048871011103068795,-0.016240766401367804
-0.018350869839642736,-0.01174012141933567,-0.025462135736259335
-0.010282700188155913,-0.007147383345059044,0.004365740148456351
-0.002602102647945359,-0.0015387972467184596,-0.0010373375990450212
-0.00950456294794011,-0.004999698385687479,0.005511646920149542
-0.011288588779217457,-0.007056031367558502,-0.0187787956541388
-0.004883849844678156,-0.0037369666851291283,0.0021461577241168456
-0.011267438186043033,-0.007972401657513561,-0.013242643644738705
-0.01781409845305071,-0.011473591891989265,-0.020770271865524957
-0.01044250467343244,-0.007578118849012272,-0.0022674349795505228
-0.01046963211576557,-0.007114226586623862,-0.008738310294590886
-0.008081981313011632,-0.005322891537451024,-0.014408088422216324
-0.007724527237636281,-0.005622829809116547,0.0031740016017758124
-0.01177083485897168,-0.007121470116402073,-0.017894012107534565
-0.00947038749972251,-0.0054605053025879036,-0.008678015740577479
-0.010432525163123207,-0.007449437004566906,-0.01649974878934403
-0.0075231448849834015,-0.003793782751531971,-0.002883252567770056
-0.012212368775693094,-0.00794392269056754,-0.020425083617238306
-0.01058574160093062,-0.006975464166726342,-0.006975669731211838
-0.006090942417144363,-0.004168674876289136,-0.012272519984247894
-0.004624333525100721,-0.002754539099732334,-0.0002941237214138803
-0.014871751663132482,-0.009257756790817195,-0.015480325201099814
-0.014726028079570352,-0.009691948907137427,-0.02273630413674157
-0.00595574929528675,-0.003565129496351238,0.005846520164661313
-0.01314302897907127,-0.00897963178094452,-0.018652636932111347
-0.005449803995558833,-0.0029089436292739634,-0.00837301713780493
-0.004862433032874147,-0.0027015627418629506,-0.012578529295981258
-0.0095865302380993,-0.006247434053712864,-0.022987509880136404
-0.00893300468191549,-0.005846739669836398,-0.00651978260303248
-0.012656650751662446,-0.008077662677129616,-0.014879897978307868
-0.0015202654606205623,-0.0012234755305812195,0.005499759550289078
-0.010427509066360696,-0.0062798262702029595,-0.018964737486890523
-0.012047678665022876,-0.008486524162927944,-0.01665584474638989
-0.007661239263520914,-0.004714312460532111,-0.011450875661868302
-0.0063118620339222,-0.003447281575832406,-0.01259602517681481
-0.014104018254418982,-0.00916268634308326,-0.01854255052829587
-0.0033856139964981713,-0.001777174926976044,-0.015377040144510086
-0.009699817100368269,-0.006033199480184659,-0.008677124208516726
-0.005667312177284889,-0.0031984738857552264,-0.004380843851048914
-0.007833473540436509,-0.005114556620154698,-0.00759293560088474
-0.008096580784634266,-0.0050335695285148585,0.006410320407795003
-0.00025507381736200596,5.713937504936428e-05,0.0096298440680712
-0.0009673711619592185,-0.0013271496018603113,0.009483263857866464
-0.004896801024273922,-0.0024680338961395876,-0.0013386744438304773
-0.011991271189133568,-0.007437031213863743,-0.018651218860317675
-0.0028284746852197395,-0.0017756479289899874,-0.017425976078716876
-0.014054009140813783,-0.008979849061724887,-0.01943883549675504
-0.016028771476881754,-0.009988883072347576,-0.00845851452971385
-0.008693852538003588,-0.004935812233760162,-0.017371155063481684
-0.00010333362594217022,0.0002198209828988551,0.021963953716248458
-0.007579283116609825,-0.004513419386871664,-0.006990271816595908
-0.0026040571566913195,-0.0013846409985792674,0.013931272550287359
-0.013212910403155198,-0.008931993979620856,-0.028744757401413308
-0.004089854465778253,-0.00304309720929119,-0.0038242522177492078
-0.008058837505162009,-0.0048192991255728845,-0.008124027458982025
-0.008320423302192181,-0.005852108927060229,0.008107255939065638
-0.006791088780099597,-0.00440156640615752,-0.004583639081888649
-0.01066203880171368,-0.007193247959764615,-0.00391531540021179
-0.001610483148047459,-0.0004698480977359809,0.0073221685387809265
-0.010391495454959654,-0.007041709503908922,-0.02276687087744083
-0.009664823242618414,-0.005735807476626165,0.01380437914523825
-0.013112405021737383,-0.008376183928064163,-0.01393378186248849
-0.0009855774192071287,-6.513533136265348e-05,0.014847951237317691
-0.004227216119579658,-0.0024732009830734647,0.004405955923240855
-0.005476350213993064,-0.0040264996787159335,-0.001641999108548453
-0.008106519536008272,-0.006280013079606572,-0.0027978788337235383
-0.009562576228673514,-0.006268654450396038,-0.01555875559468746
-0.00633673537086521,-0.004194026698227993,-0.011816487192462241
-0.0056551979160531785,-0.003898065157966424,0.007333691784049676
-0.01041001704770883,-0.006078504513115979,-0.005356191841720669
-0.008340017748617035,-0.005171880871948753,-0.0009986924399885688
-0.01744453061041451,-0.01122382649953857,-0.012903126722389212
-0.005500321484468995,-0.0029702464541423446,-0.0072993806717878695
-0.01630705317230685,-0.01078186594589392,-0.027190075581662483
-0.00430618626181567,-0.002691119725583002,-0.007398166063250902
-0.002353251047554128,-0.002084177870632531,0.015400949427569456
-0.016153508531305705,-0.01062332776026087,-0.0198595329817488
-0.017225837698976343,-0.010982004263827339,-0.027577060117511938
-0.005585419242708722,-0.0029464473512843536,0.006126389673610656
-0.011764187299106332,-0.007959344530022783,-0.00930350167457586
-0.007190286793659628,-0.004651841404374024,-0.012237590334893494
-0.017484112787253814,-0.012576578553468831,-0.02833822630881335
-0.00038580774344865176,-0.0006344208010892194,0.010842045468237915
-0.008305325338197611,-0.004912656144964389,-0.015307629348635804
-0.014022959914388622,-0.00983219743244923,-0.0071259007224456355
-0.002377246366463859,-0.002029434550666065,-0.009169411653871563
-0.017595632940804018,-0.010977529671929998,-0.023662109044428052
-0.008847818678535568,-0.005471493885039758,-0.0170543481082027
-0.008674391887655841,-0.005995309633999413,0.011878275451581384
-0.015687462421395404,-0.009850275232680894,-0.026235381139963897
-0.008927125447535045,-0.0051974464928671305,-0.0064896413277165665
-0.011231978733944548,-0.007579895062292841,-0.018347947679292986
-0.012229391237443488,-0.007877660780881368,-0.010419243136352105
-0.008893974533404236,-0.005639933802679353,-0.013269744838106182
-0.005864973340185986,-0.0037669019343092858,0.008838406007938684
-0.0033200782540162566,-0.0014605161032956726,0.010087891723421026
-0.008190268670792311,-0.005257044794240051,-0.02295634572317405
0.002583841744162818,0.0020351464946020137,0.013312124937821641
-0.010405491494033026,-0.005738625984356482,-0.013888852865341784
-0.014873503102574737,-0.00925740361855032,-0.021250839423907833
-0.004536275658433286,-0.002321028139316561,0.00498896012090215
-0.008739715560803107,-0.00526923461115103,0.003015873640626318
-0.004401401068013344,-0.0029709211022828086,-0.0055108688865987895
-0.008231521933280472,-0.004785449284029242,-0.003441395162968798
-0.009838815590165861,-0.005909907055087427,-0.002033170302958069
-0.007136762441346645,-0.004828277485721788,0.007701907023510875
-0.00015634095217109678,-0.0005394515517821441,0.008858457123767913
-0.004267175025274739,-0.0024865662333026783,0.00606922409300658
-0.007936858244928957,-0.004780659733372272,0.008669191770216286
-0.00771030067333045,-0.0035839641902558617,-0.010459190685797835
-0.009006726072084636,-0.006272481368711613,-0.022643812437926063
-0.004201733690026743,-0.0032777396056972163,0.00033851692158100993
-0.009861116380962764,-0.00500159353551044,-0.022786900210515652
-0.008177579459543671,-0.005855417819431663,-0.009637717234045086
-0.005307961125224581,-0.0032752062130521065,-0.006189105829428693
-0.004533093089209239,-0.0029146072161051473,-0.0032487163885804374
-0.0014898518509325331,-0.002132400308552884,0.00624913142355539
-0.0026596486786724105,-0.001750368136449909,0.003723576816425954
-0.00513267033005671,-0.003580970400639094,-0.01194397755242689
-0.019071846459147834,-0.012011848822619964,-0.026012092617753536
0.002187986050443458,0.002196947371454594,0.01593351135488498
-0.01168213023082565,-0.007778775951819306,-0.007289846127838749
-0.005894841591757682,-0.0037180736918158708,-0.00839258136022171
-3.823854008100369e-05,-0.0004949578088953022,0.0043372169617539105
-0.00713879143888152,-0.004516234675212227,-0.006052435759859351
-0.006257002501220188,-0.003512763884899184,-0.009489659346592197
-0.0024637169595074226,-0.0010972453956599182,0.005907916517952021
-0.010199402318404327,-0.006060480938125168,-0.012928745007478627
-0.009123603191605656,-0.0065942600516748495,-0.020113793335226143
-0.0056964458344076485,-0.003223120617755315,0.0030193422351414076
-0.02010203614522199,-0.013334873605982345,-0.038211704010622356
-0.006307309171821318,-0.003671337674036268,-0.012038976911958335
-0.009926888361737718,-0.007202410739888809,-0.015501705261418287
-0.007668062244001739,-0.004902148137649998,-0.004135947203098594
-0.004510721681432073,-0.003886572637496699,0.013129060884744116
0.000357730952779578,0.0002444235607728107,-0.003757441777132116
-0.009635512897278375,-0.00601391032862475,-0.01618864442101039
-0.010473216144155195,-0.007151650502321916,-0.02040837070702442
-0.010390987745104718,-0.0059461786128395255,-0.02567544862618637
-0.002835385683625513,-0.0013624364668864963,0.011890060198712894
-0.008033807283308048,-0.004977778560171675,-0.01076334197602332
-0.00972977089188587,-0.005581852356046912,-0.003902549047784032
-0.01645829212941985,-0.010384281225404246,-0.021144687772932838
-0.003593756938471082,-0.0017042044671750078,-0.0015934547214000172
-0.00998019791540361,-0.006386274451504859,-0.00045447938678544464
-0.0039705055346798135,-0.003096235587886742,0.008230295832708574
-0.009114575962942961,-0.005202440924358398,-0.001264560269134303
-0.012263280972573676,-0.008034772715491911,-0.020614623071331273
-0.006028232100038222,-0.004097076138291911,-0.014395650289127634
-0.008220950748450084,-0.005629044648917891,-0.017932868274212636
-0.004751177229059933,-0.0031473842690945553,-0.007969488392559475
-0.008128372956935914,-0.005346741476312422,-0.011881199102617798
-0.009127498658112465,-0.006315923972087911,-0.00844601345317822
-0.013241227690517055,-0.008853661987860861,-0.017579780520734542
-0.00997863416056921,-0.006682373314269685,-0.0026761153281597005
-0.009689336269200877,-0.006232391242062207,-0.0035520370104543744
-0.009222627406403339,-0.005409374077210649,0.0005170343013068263
-0.009594159672494884,-0.0066587998448932595,-0.01778314913547989
-0.01236955764283143,-0.008703443066616523,-0.009611091370128326
-0.015827478304437315,-0.00959045605505826,-0.025104293532248863
-0.006947517396149294,-0.0040972823801675995,0.001753930944870738
-0.006365804760966043,-0.003642269857103142,0.0063867690931496204
-0.001972808845456586,-0.0012876965584581734,0.005817263944249661
-0.013556986687434547,-0.008833810420566413,-0.004657101638382226
-0.007110149661558429,-0.004446607565225302,-0.0048039963987037415
-0.017303359789723305,-0.012301894321314566,-0.0018898276815439985
-0.01199506268377104,-0.0074443949204781035,-0.013063888487696074
-0.004399644916778356,-0.003031497541855943,-0.0065361924689867346
-0.003977293203065502,-0.002862489348385955,-0.015791855350880384
-0.005905045192592606,-0.0037277889641321726,0.00444304842504404
-0.012332354928174305,-0.008180947874208422,-0.013074136945489409
-0.013813330816588865,-0.008877257755912416,-0.011427569554770214
-0.012016210295199503,-0.008213115331742182,-0.0148765171549042
-0.00701539383814187,-0.004484114962964414,-0.01424237240861697
-0.002609582247738995,-0.0010794909110144468,0.014011841843502945
-0.017888476016828858,-0.010863786333311864,-0.017957491075914114
-0.005724572690519403,-0.0037653684278518007,-0.006198794465837293
-0.012961361191607401,-0.00917111019221184,-0.003436500933949871
-0.00941794546843533,-0.005902120665696731,-0.005834338327050992
-0.007268362680322715,-0.004530363504066437,-0.02417299115597727
-0.009660792511645644,-0.005973733262972902,-0.0100529704487754
-0.008171471106580563,-0.005960197863635108,-0.013824947867785105
-0.0077277719722445015,-0.004358173492399753,-0.0014658206222319947
-0.006981080557581842,-0.0038493994089411343,-0.004956709500527817
-0.007748143068484259,-0.004392923825244921,-0.01453565018218124
-0.014695002075676422,-0.009463984608820475,-0.023824175884790848
-0.011855874422807333,-0.008157756147206374,-0.02028524608374427
-0.00997168445999086,-0.006206262911692795,-0.017549423978171233
-0.004335000031168046,-0.0029067570145019372,-0.015773150690115492
0.00232444407137522,0.001607283399905679,0.01538053052904971
-0.00019787331618648096,0.000576567918748383,0.004190671884981595
-0.01309894180633675,-0.009369726564736558,-0.00985593497001571
-0.014015058817887449,-0.009082837997554827,-0.01566216805026128
0.0015889400050504987,0.0005230108435776426,0.015206111560676604
-0.009479202137323672,-0.0059871107890391295,0.0020160828367835754
-0.0056245718104027675,-0.003724613299512236,0.00396749956054971
-0.005975291945633732,-0.003580983119353731,-0.013585498299873357
0.002207684870935256,0.0010389789367288849,0.01672860636550567
-0.007348901829777099,-0.003989959588694414,-0.013479138729381668
-0.011924529970787856,-0.008053526976765535,-0.015464297591082497
-0.0050620242286520956,-0.0030431858354049712,0.010630279816321676
-0.005870840468652161,-0.003843827513168696,0.009775936491671917
-0.010453774776358227,-0.006492092106545888,-0.016469469096199264
-0.012530122849298109,-0.008316661602551068,-0.009230407854876985
-0.0015150099419706242,-0.0007130560989533352,-0.007651343605078215
0.0027849236166230806,0.0025099297368249562,0.00675174888077492
-0.01202394384029526,-0.007841522651046429,-0.016153589254265376
-0.006594732437380513,-0.004647568927946044,0.006195868313427569
-0.0064555563793684545,-0.004585268678820809,-0.005872921672393151
-0.0041298769140269975,-0.003056600953202926,-0.004390366744665183
-0.004731695921315837,-0.0027230051266246003,0.0007229106562591167
-0.01155052776645149,-0.0075268471133936865,-0.011328647632310375
-0.013636954244593436,-0.009797973062412257,-0.013030212060975821
-0.007931502754394693,-0.005895358018725982,-0.0030238129862485974
-0.00860682515291733,-0.005402783231982178,-0.005968822842711538
-0.010857981814170414,-0.006946374392785448,-0.012209578594841966
-0.011358934673689425,-0.007608462034101482,-0.019779096517855768
-0.004454328536332208,-0.0032478035228996616,-0.003427820494133975
-0.007760914194355872,-0.00461523200812175,-0.0007914778891971383
-0.009740820262605365,-0.0057101694361513244,-0.00531397843982475
-0.01752789250215303,-0.01108739819700455,-0.02129366731098961
-0.0021784680583547544,-0.0010089597885579726,0.014611964829326807
-0.02032922108351809,-0.013221387248199101,-0.020631529258270852
-0.018559606850530153,-0.012513020855188683,-0.023391991315676465
-0.0027502177414250317,-0.0010853422265658663,-0.006629402470730392
-0.005822324977657889,-0.0029496662390640083,0.011401111700315332
-0.008229924793526244,-0.006263285698329901,-0.012759523989816307
-0.008519028478750634,-0.004708570251812594,0.0017816053746923868
-0.011743287399067381,-0.007067406373593044,-0.022165946049687232
-0.013795422926773715,-0.008970503065906854,-0.00751541254086182
-0.0025915959059803484,-0.0012449718876248461,0.00036481007744063043
-0.002805536191632152,-0.0013145355994105268,-0.0034668766202176
-0.00409861852001403,-0.0023157397465827234,0.022919311792380805
-0.013906035187779109,-0.009214343718418005,-0.00979179703207686
-0.01713959857875158,-0.010576311321131127,-0.014156960798538322
-0.018333423080651445,-0.011831439561178936,-0.02517125319936149
-0.001488145060549395,-0.0006553795468642321,0.019061689780532687
-0.007108424219024578,-0.0046456613172538574,-0.0121940801778943
-0.010755959177297214,-0.007323251066287284,-0.02735912321775647
-0.021526035079275196,-0.013900767502923794,-0.02856992590972931
-0.00445900020023049,-0.003326617509687324,-0.009788308555875383
-0.010863178199931767,-0.00650578521906553,-0.01908427199863312
-0.00810712991330964,-0.006251365694318611,-0.01073188948929784
-0.005828622780128523,-0.003395046254138556,-0.002175972004167269
-0.0029306823873527232,-0.0016134094356088369,0.007637544088423286
-0.005237728207724723,-0.0026204612428682994,-0.0022037081896983945
-0.016716289249866012,-0.010719732298584361,-0.024119538325277114
-0.009705379767885103,-0.006316991155150942,0.005877240632790173
-0.015688486197573792,-0.010509838483034772,-0.017337142926366088
-0.006060993361131972,-0.003737222967220677,0.0038959221483883186
-0.005230491042596319,-0.0034458891798359037,-0.008874663011004202
-0.016471367226176814,-0.010540647753601196,-0.010760270919199198
-0.003833072442017027,-0.0017623993510842428,0.0047861581361386615
-0.003214232016641949,-0.0016126708571798654,0.009745293119088304
-0.00846088785314747,-0.006295583672062066,-0.009690230304703874
-0.011032886367321026,-0.006991369179764839,-0.0029981207663474507
-0.0098468153320036,-0.005754866698660099,-0.016365918020092733
-0.013078535947644299,-0.009101541982596384,-0.02261963572932145
0.0005734398622181391,0.001203310319084494,0.018830341391668698
-0.022883585372333926,-0.015302965434280391,-0.026802573472276582
-0.008326162771030154,-0.005371594713851069,-0.015968499078094223
-0.0032687928408520195,-0.002507581759888522,0.012105066828675445
-0.011065694920767921,-0.00635086722597511,-0.0067692879994511596
-0.008347699138356646,-0.005684339501746849,-0.003295161124651662
-0.002552738721102621,-0.0022193130095584657,-0.0013502226093125083
-0.011680510945190625,-0.007581894884528206,-0.01322734538310421
0.001256124876916842,-0.00013513494674755044,0.021681999479815847
-0.021272069809873284,-0.013956248269474614,-0.02717746556972951
-0.004685218485191767,-0.0030641790991775553,0.0010182585503475672
-0.0061114395892749585,-0.0035314694744469355,0.0071363760747652355
-0.001432356934627954,-0.0009565882791118252,0.023649196022375918
-0.00627867438331664,-0.004284363411930503,0.005793631669526483
-0.00482074443806646,-0.003217117147647275,0.0014387460418466488
-0.014322717940150498,-0.009340006191612127,-0.020644077924705247
0.004166438237137138,0.002503038108772948,0.0016670912871982746
-0.004958872256419999,-0.003563153903534344,0.003625415279170853
-0.0033379948707218388,-0.0019268669763737867,0.004066712851612156
-0.016388030778010876,-0.01139796564209028,-0.027689517242927522
-0.008095120771638875,-0.005084608284637304,0.001537547596990388
-0.009614250539864533,-0.006737524816355922,-0.011426095268427326
-0.003992259483967198,-0.0021934555487812535,-0.005447321077471125
-0.007597121471757617,-0.0047267807102500115,7.567030216008158e-05
-0.008090565181200104,-0.005382718222040617,-0.008082680887589636
-0.015412880985291255,-0.010821244628114068,-0.018590726972959416
-0.008569536978808578,-0.005687271444010933,-0.0002564551057988307
-0.015325671025004373,-0.010117213485788867,-0.020824400888372202
-0.009357056091161109,-0.005171063030513512,0.012659946932584619
-0.012818184396427457,-0.008549926423781384,-0.024555326414628507
-0.007740398953452465,-0.005234216331288621,0.012526297749158942
-0.0045931696441116054,-0.0032191777643190145,0.0016328936997395613
-0.01075350739372305,-0.0067688797010379,0.004777081946871757
-0.010792091855260644,-0.007418959685798421,-0.019746793771282307
-0.009001046165068471,-0.005040328122254856,0.010882142285503084
-0.014872717647316014,-0.00938660029795979,-0.00342506523394491
-0.011971174002139984,-0.007123879255433785,-0.018357168348701595
-0.013088365087302933,-0.008527803205307327,-0.013650538934020663
-0.0127402504619607,-0.0087601814991638,-0.02133394296139928
-0.005915766299586345,-0.003933216423363084,-0.009590624095287756
-0.0037225359848830353,-0.0023593441550734395,0.010247760100226634
-0.00551269828160228,-0.0033262168584689,0.013707231253543437
-0.005682725662820465,-0.003139484192075548,-0.009673594801890846
-0.01504706948605905,-0.01026719990714442,-0.011685404135186366
-0.0038096645988504596,-0.0026964411177918812,-0.0049211854045432685
-0.011489667773518009,-0.0066926425387451305,1.436597709200682e-05
-0.021253400223618657,-0.014013033032155897,-0.03080919543287823
-0.008539280616232103,-0.00602156142313981,-0.00877378199224045
-0.01150387439514411,-0.006933253391399052,-0.014174260034545826
-0.008679255730056568,-0.005634999704545285,-0.00011175251077522041
-0.008667540871414858,-0.005259188113112878,-0.010078008546635667
0.0028819724544825176,0.0018816127672270921,0.03170264071739073
-0.006104059370743875,-0.0035780084848539007,-0.010660382466098232
-0.005176212914977496,-0.003210042208645958,-0.01138265902493639
-0.007067378907875788,-0.003964144193003394,-0.004083287534269037
-0.013058096195231017,-0.008455237504778945,-0.021954352369263137
-0.01022738436041093,-0.007591834037620093,-0.01470802018078049
-0.003521753401117267,-0.0025144340337657223,-0.00838082841514299
-0.013211519985468878,-0.008491953291806742,-0.016613580882886544
-0.008544073857536083,-0.005821035832967669,-0.007442811713596176
-0.009923179130550297,-0.006739600113966127,0.0046678708277977515
-0.008334082179342506,-0.005751762175881914,-0.016029613812037755
0.003763937620216762,0.0030466257170554956,0.027083390978257155
-0.004729680684687265,-0.002474820439890557,-0.0128967845688501
-0.008643666632977998,-0.006620247607055152,-0.01855607825380176
-0.015037551650226577,-0.010288014882776642,-0.022906151337711435
-0.0038948920373131912,-0.0020613897746938337,-0.0030969138125043344
-0.009684414587319834,-0.006676950866622788,-0.02240443569028032
-0.014580507203862503,-0.009281926706359411,-0.01631515552145433
-0.020061920973413416,-0.013193991013961126,-0.030350904375118164
-0.005547905067555536,-0.003595635630265992,0.012163276290412223
-0.016074312423118187,-0.010367559832968887,-0.025223757627852894
-7.648926661629751e-05,-0.00016224413692611517,0.016795610867720807
0.0020180314968050173,0.002469443742413202,0.01564398558956949
-0.00825462635900831,-0.005651285639738823,-0.0075212839396137515
-0.007587740514324204,-0.004278879443835315,0.0031824263581574364
0.00017970883241491542,0.00019836189108246582,0.030486011038531442
-0.00478657870635435,-0.0030612939871824674,0.0049696156181929935
-0.00262270232891737,-0.001194828263230363,0.00035362911398534314
-0.01073649214940997,-0.007656276618614122,-0.012797774067112654
-0.005656344532710023,-0.003277739940845903,0.014637239192002764
-0.008753997686062776,-0.005832287962323268,-0.016384812256373282
-0.008329548902261785,-0.0056920456987187285,-0.004746759659803548
0.0024413090252712877,0.0014497223273237658,0.021499284299754014
-0.010396421337193762,-0.00693243240714736,-0.0156620404203556
-0.004495675905379026,-0.0028908528916973264,-0.0021825610044174937
-0.00835824921746997,-0.0048171775648628845,-0.0007399590975414455
-0.011806497325762555,-0.007751809408201971,-0.005885293587813513
-0.007198895133673666,-0.004670417809740979,0.0036210231050315123
0.007857447795415862,0.005376474444940382,0.025812674810357247
-0.011322807094056087,-0.0069606434151869845,-0.019537631776822814
-0.010741492657006413,-0.007568142935459599,-0.007020549832985612
-0.004672801000345728,-0.002036076642729201,0.0046500429662961335
-0.005227546414296236,-0.003186431525217137,-0.01080448108134608
-0.0010059516377387556,-0.0003928901551432107,0.004795924602241257
-0.0055057731011282085,-0.002975485396351063,-0.016821426767942585
-0.010211074280777943,-0.006480200857128859,-0.021495495161666614
-0.003096074832823148,-0.000951090169624691,-0.003517943677522367
-0.009192188421064396,-0.006227549166074597,-0.017571150955195423
-0.008721027427807337,-0.005686978212211646,-0.014695023563047395
-0.008621618698711253,-0.0049825917340841075,-0.003724237477209992
-0.01719233076369653,-0.011599952492903576,-0.020288250738052745
-0.013425467316061646,-0.008685426855003064,-0.012093921683489002
-0.0076145652253055696,-0.00407401936704388,0.0008695434895497761
-0.011073652519596688,-0.006231192423636567,-0.008472789459865349
-0.008247065771390227,-0.005467151720753072,-0.005119245249332466
-0.010620344588077923,-0.006355655815631245,-0.011315047972831657
-0.0097414326921893,-0.00630721826484737,-0.006799233086940117
-0.013636040695037988,-0.00895309877218009,-0.02279299383582406
-0.013986809934536937,-0.009402481390453077,-0.020151559445119496
-0.0062018908209831025,-0.003917659976033883,-0.00786820135302857
-0.008293746750873465,-0.005417559872891831,-0.010498499286387741
-0.005762937834592474,-0.004349073557115002,-0.0005700538439728786
-0.008361510063151445,-0.005885296160783593,-0.001584782818438428
-0.019185356649307317,-0.013059741017167004,-0.0239077624921444
-0.0035699780326118313,-0.002622205713691317,0.007116257306925909
-0.010317394051392537,-0.00650063552063096,-0.02357707668887199
-0.003814568505090876,-0.00334248247301705,-0.004330647569569392
-0.006948349673385867,-0.005063527446150018,-0.013653359958288626
-0.013704482467529422,-0.007977255217633372,-0.017288436935038932
-0.0010169508885846668,-0.00034495757007424466,-0.006330771393673239
-0.009118732707856791,-0.006800467879794714,-0.0024220382444559915
0.0004904105177121476,0.0005781946665871507,0.023604533872046675
-0.006754221637381819,-0.004805985499445442,0.0004489900177669509
-0.007241733147310803,-0.0037366712582720396,-0.005922068111383627
-0.005046093670676655,-0.0018255964349885856,0.011601211200858871
-0.008191500060205859,-0.004926043542605285,-0.006257510522729583
-0.01063189928715913,-0.007901906473506193,-0.014171220261328756
-0.005485879720119824,-0.003378584664433637,0.003988048216866699
-0.011049116321394159,-0.0075205415063439585,-0.020332912206901442
-0.002683723939009175,-0.002183139452027527,0.00788984553527472
-0.008900845544388747,-0.005613519638233089,-0.004297325267761776
-0.012292897563490723,-0.008340885708583823,-0.021956741679993605
-0.011588652980073055,-0.007211748966955311,-0.008027769293187
-0.017075554928849934,-0.011628226975994416,-0.010363812071535188
-0.011737739587448837,-0.008774657588369816,-0.015780500578713684
0.00044458660676083284,0.0010177979325332043,0.01688976590397965
-0.019311477370158592,-0.012652010799448554,-0.013918781886661923
-0.00858627100324838,-0.005542182572197185,-0.0061644114975914835
-0.004798687643992938,-0.002170910166345852,0.006135452970538975
-0.007359746474828954,-0.005034156705492232,-0.009099860502458583
-0.009522992415724851,-0.0053680223560858,-0.011448947866022532
-0.016508342389167097,-0.010457887871345162,-0.02139638935125094
-0.0100364509899179,-0.0063426567870114026,-0.016302942897348738
-0.011998510199675239,-0.006876275846217639,-0.02146511279848226
-0.0075149877321907255,-0.0050928588116812,-0.0071969950221396906
-0.003806059545364615,-0.0015758146817742569,-0.013050667436334387
-0.0030894994691447186,-0.0011447839977209995,0.0046025175214382125
-0.01123520345677087,-0.007793537349083723,-0.014550223318656387
-0.013251476519573702,-0.008015156963681935,-0.01313391928062202
-0.010029478203256392,-0.005679629804036579,-0.015188829552426314
-0.008581740415840478,-0.0049315971952959,-0.006313699824044228
-0.01018426431099162,-0.006320522224395053,-0.003006287036541093
-0.012351763206237654,-0.008374132450636118,-0.018481150180933853
-0.011749793713712098,-0.007597664017360284,-0.009482682285056492
-0.01650483129131186,-0.010230582271572253,-0.02461207419321506
-0.011331646991740274,-0.00723733733252907,-0.01975309800968896
-0.012266270132019419,-0.0077699350090644215,-0.010942259061738395
-0.004726301793401277,-0.0026038787163042976,-0.002434091752353637
-0.008276241446842914,-0.005109502803780974,-0.017862812382272657
-0.004214286819292368,-0.0023987973907882987,0.0011890628203992115
-0.00811214804407634,-0.005519378771711714,-0.021475737839230007
-0.010240116953633027,-0.006997463510232116,-0.0034566280732029817
-0.002782143079350652,-0.0021659271057793417,-0.0076258085417485605
-0.008471083277377889,-0.005274706890049385,-0.01021494117943706
-0.01199298595926157,-0.008719307777786067,-0.02976261067225673
-0.010922524392315114,-0.006770391731533487,-0.014086349324608491
-0.008912438842072934,-0.005255178135448069,-0.013030850139895293
-0.00765297041391344,-0.004890030482573082,-0.006463742001723505
-0.005885171385157539,-0.003632930298554715,-0.0035489259354059347
-0.011433256881806853,-0.008371115190169531,-0.004531839074906979
-0.013015086723988767,-0.006873297738631212,-0.007807268521837198
1.2095526273125934e-05,0.0006692920427028293,0.012920744747489929
-0.0028387017813911175,-0.0014043951191390347,-0.0033629582600001595
-0.015347140059214004,-0.00945430033406125,-0.022150339170692278
-0.011591797196986886,-0.007767086135806567,-0.02671048935259527
-0.0013977265012500295,-0.001071085932421778,-2.265680570028017e-05
0.0031211795686068022,0.002071696936537748,0.014666904260309054
-0.008373359379957424,-0.00552142459480609,-0.007317844951233082
-0.019588766323059947,-0.012368821715633027,-0.01751509236540099
-0.012018826025868012,-0.00801798405881815,-0.011156042450158415
-0.006352840936014514,-0.003925283605480834,-0.007779216779015774
-0.011330903410435633,-0.007555119405400101,-0.01434730021020534
-0.007248435242586226,-0.004382095259883312,-0.006773132561947927
-0.0021966099280791296,-0.0016675207498492162,-0.01037277867386266
-0.006017059531308155,-0.002625696955587342,0.003032732156683225
-0.009964995155035905,-0.0069255459492012506,-0.009402608380024699
-0.013612279039310393,-0.007645619617036359,-0.006952071644889715
-0.010470476190586275,-0.007627911685825883,-0.010567286680947231
-0.0197219098823036,-0.013753884618865508,-0.026970098035511945
-0.007750202199389045,-0.0050353164491778735,-0.03023195129021535
0.0006967679136711258,0.001165131058171287,0.007532763556764362
-0.00551880190913856,-0.003720351765708396,0.0006741970988570489
-0.010471682272139904,-0.00622887757846291,-0.018353702025390904
-0.013868107845667943,-0.008977289339457739,-0.01831768201630561
-0.0029807787824607246,-0.0017089585784252348,0.016918666308606334
-0.0028086257902786294,-0.00112237691256023,0.010208425080565894
-0.0037978375745572057,-0.0030682155063900263,0.013854282727779166
-0.00011626098288863851,0.0012519798616248412,0.013053316699257266
-0.0189370993377892,-0.012897414366918492,-0.0317291631876636
-0.00535706481628484,-0.0034293896255609413,-0.009585876560476596
-0.008590167843409269,-0.006216894078719726,0.0020355679054541997
-0.01063717087942151,-0.007302748002985693,0.011294079112696788
-0.004262989713095355,-0.0022735041697857783,-0.0035686633928170217
-0.00709153685237307,-0.004369570450763027,-0.016965651273397622
-0.007816113864198782,-0.005009158751764997,-0.010964571525465476
-0.01077204246800767,-0.006981576643898091,-0.025441724680981832
-0.002892540495922913,-0.001187961371153845,-0.0016241965358127913
-0.011331994667576173,-0.007238773330957238,-0.014803292743751001
-0.006314176297585572,-0.0037428364187377383,0.008218726767661236
0.0019794951084062262,0.0009111421935581454,0.010204710374495586
0.001867189130449587,0.00123693085815757,0.011975129179002945
-0.005954524884242307,-0.0042048022528689,-0.016999039512703026
-0.012719262504494289,-0.008119424197066683,-0.0046839432472708525
-0.01055117090950941,-0.006480493523506992,-0.0187621053964769
-0.016814660908484713,-0.011022732942317703,-0.017370922466006314
-0.011768031860356909,-0.007955842109283573,-0.011741070177032152
-0.0011546392665251481,-0.000742002262671182,-0.003326213333445044
-0.00968695938427988,-0.006327187757663388,0.0013472899527280022
-9.60814187298542e-05,-0.0002449681962989336,0.0019491371476753408
-0.007522587214571552,-0.004713092725662227,-0.00019011451353514314
-0.00935440462185988,-0.005567040047996796,-0.014680603467061307
-0.007867210242711642,-0.005653470313118358,-0.012999800267840554
-0.0062629107982422605,-0.003407866002504867,0.005753282759916732
-0.014997248182771261,-0.009706329656139934,-0.021752150777353506
-0.002222038950426719,-0.0005346408098814148,-0.00654905306195664
-0.008233107114786309,-0.004435651406323737,0.01496667363446199
-0.010247566938621055,-0.006133559507172537,-0.01167048829379199
-0.006859323300893894,-0.004578832948572975,-0.005922506020325
-0.007765140421807204,-0.00518275681206859,0.010360793283514184
-0.006582345408175705,-0.004343546738812765,-0.012037469671573153
-0.011049423538679215,-0.007718399919279473,-0.020798716761409347
-0.011852467781184206,-0.007514274880560778,-0.015910918970150963
-0.004662021491941282,-0.002824335381698573,0.00028272974599794637
-0.007610642915626631,-0.004270551977382353,-0.011683046820096042
-0.01561054811880469,-0.011011726331422111,-0.02097508640932135
-0.010637481980321217,-0.006951305506166516,-0.016708121065025103
-0.015183365435746943,-0.010164911113935693,-0.024321116307539144
-0.012219857200372108,-0.008327726049581208,-0.018539044845238967
-0.005084039208805402,-0.0033269057516051026,-0.012287211320474813
-0.008878708866539742,-0.006291927936592279,-0.010929761287090292
-0.011472065288653854,-0.006439178627086095,-0.011207616608719363
-0.013322526361787213,-0.008672383652878701,-0.005646537740702874
-0.010896650440203492,-0.006797357375401991,-0.012723911461581631
-0.003494384060043876,-0.002512812117106633,6.603154561365954e-05
-0.00782425874202719,-0.004612703881252012,-0.008123009496601628
-0.010428406978491456,-0.006803828694541214,-0.017325570718730338
-0.006093518961051592,-0.003461738322175223,-0.0012213707094528015
-0.004094615717240457,-0.0016982965925440574,0.008713774890475041
-0.004675521510829395,-0.0030785066025498242,0.013777822791018947
-0.007959810583046956,-0.004811303106971088,-0.010420113502171084
-0.00936440822639173,-0.005763831597867641,-0.01149678289312521
-0.0027697737553186164,-0.0015774690142477121,0.0035417188617591702
-0.0028796024991900593,-0.0011946688461754729,0.010894849521537187
-0.010135147590273452,-0.00636493352391676,-0.01737045291535625
-0.0055758972844877075,-0.003007434835418654,-0.0028217999486985224
-0.01240558209361986,-0.008144011672256979,-0.00882191636704388
-0.004987990261738351,-0.0037783439520151507,-0.0015789539843596365
-0.006617122712021861,-0.0037162528835191777,0.0012943050700816722
-0.0074352077604599165,-0.004772903380969806,-0.014781591090127222
-0.005282610673369437,-0.0035968409940921875,0.01783554992444488
-0.007026193076707821,-0.004435733245359397,-0.0007768343643639181
-0.010694999545557637,-0.007374619631415502,-0.016724504413083527
-0.009870720095027874,-0.005962444165722114,-0.014946924886423366
-0.007719204171691696,-0.004972518336334275,-0.014626492081043302
-0.0022966409637981133,-0.00048237041328302865,-0.007301756093875948
-0.0023843083225357775,-0.0014668534209199002,0.0017506096389851497
-0.011060539296033567,-0.0055584426105536044,-0.004677511626579131
-0.00779137625217341,-0.004623357450714294,-0.006768804049201695
-0.014492702214524478,-0.009368473523522658,-0.028221439444296982
-0.007749995155090783,-0.004777467252120138,-0.01251736086485744
-0.011581670463857385,-0.007398639657401618,-0.01955114933074078
-0.01355855375436188,-0.008306612313784378,-0.013087393122578617
-0.008201271647731434,-0.005038680965758324,-0.02541464837537416
-0.003083876423581988,-0.0016961537369213353,-0.0014928348261751268
-0.016699413212202918,-0.010439403352752175,-0.018299077308174483
-0.01674389618835248,-0.010339065174033157,-0.013455419415978678
-0.01053104351991796,-0.005715153216453217,-0.005153238352721766
-0.008277001065561285,-0.005022882554602037,-0.015308298137134364
-0.017305184703580667,-0.011222706667225246,0.0016747228733547254
-0.006351743523980935,-0.003632134411490018,0.004195365524308339
-0.005178948693827623,-0.0043475582844192395,0.0004510434209542766
-0.007090721178057979,-0.003855573456736816,-0.008038509565010156
-0.006618154013833255,-0.004907206971919931,0.005378426176893214
-0.009250513902062663,-0.005275740592429967,0.004926950117652686
-0.0007547277765559413,-0.000537891036799576,0.004616043704737796
-0.01037829767052545,-0.0064845823453059115,0.00675853306786478
-0.007902878158673077,-0.005243495460686809,-0.01618817601858935
-0.0022287659395395787,-0.0015887928898602466,-0.0048643523156372895
-0.004247222394942907,-0.00254279184131756,0.01019357990887191
-0.00591201798258445,-0.003045788809168948,0.004993013523442141
-0.014454179620721597,-0.009063053191735282,-0.009726253235005151
-0.013947309112874007,-0.008590058181133453,-0.01980460347143837
-0.014005243783585697,-0.008543750732347033,-0.013428656051687138
-0.005251948165512443,-0.0026207885434099687,-0.0022253264463232975
-0.0049690774854804776,-0.0034659875680478347,0.0043198864381077465
-0.012580236262290878,-0.008069522000561657,-0.011228571212071006
-0.005589104202331052,-0.004041312954869647,-0.007308141034265088
-0.001062244063012363,-0.00021729424300553912,-0.0036072925895137345
-0.012338326313682035,-0.008441915848664161,-0.01563653943225947
-0.00439002837772795,-0.003026594541365224,-0.0011748007242889588
-0.0024723217304172262,-0.0012665354344072455,0.017346377927797196
-0.0009323141324441009,0.0004039444869706754,-0.0027534405322785713
7.119231598162745e-05,-0.0005876991908482232,0.00271148339311425
-0.002827961054376993,-0.0009187092880478254,0.00030149084902655193
-0.010562566252413585,-0.006713128228628018,-0.0004386839034811879
-0.006883214921024616,-0.004835859275651666,-0.015457335134079334
-0.014824987989794591,-0.010014615592948362,-0.024491999603239882
-0.012828480571659528,-0.009044160090575959,-0.006572523144695551
-0.006646003325601613,-0.005278543623870924,-0.013157102661211749
-0.01735253532376635,-0.01060931973324597,-0.02517708579090014
0.0006957878538541573,0.0006874640415275302,0.0006587468244181396
-0.005511767054506178,-0.002717190575615369,-0.0088428510181209
-0.008869535411120566,-0.005002445065934724,-0.00047795401314416897
-0.012416747343476087,-0.007733352373802793,-0.022174425398527813
-0.009276132714421403,-0.006041701181385251,-0.013998362556271356
-0.009071940794964872,-0.0049693934945167495,-0.010371639753991364
-0.01462631714874163,-0.008711081690794265,-0.003955528880600558
-0.008305440243132178,-0.004658878014017098,-0.007976774797160857
-0.010175365960811034,-0.005980590181243528,0.005055308174762262
-0.01055816913261598,-0.0061753517498153165,-0.022874092768561435
-0.011453801067421776,-0.00740810219740784,-0.013653768273849273
0.0019320338616442,0.001670002382821445,0.01636144785362261
-0.01438312272304254,-0.008241758747705052,-0.02052963961673119
-0.013271653326598964,-0.00897194181338079,-0.023330753854269144
-0.0092211227960326,-0.006131789813134225,-0.01895807572238869
-0.007817886265846563,-0.005410008540126854,-0.004356972621794027
-0.00469983417625941,-0.0017492313488629563,0.003346522400086163
-0.014891729574209922,-0.009507682092815828,-0.019039632727576465
-0.011089320409030323,-0.006770371258586705,-0.011883186878642968
-0.011479130410012472,-0.007281803346157245,-0.02327158442744217
-0.0014156121608855932,-0.0010762227828906568,0.006135779788154466
-0.0024812949265775597,-0.0018104430722820641,-0.005626943319585277
-0.015953721606157267,-0.010678104765332264,-0.021215517474958152
-0.013067103273761704,-0.008196367791812098,-0.0287415826534407
-0.011183392020102989,-0.006976903279723556,-0.00430908308606387
-0.0070284452741858905,-0.0054271694520426905,-0.002030881648671823
-0.012393231494119195,-0.008592579547406443,0.0033156513902698193
-0.013775331262483537,-0.008296706749615468,-0.01174184020791453
-0.014240929670208513,-0.009810850956280204,-0.010964788904772045
-0.014286824728029557,-0.00960225270496129,-0.018856368452430758
-0.017012743103698602,-0.010776398291353129,-0.021369923986187665
-0.0031601112944631415,-0.001589553049810788,-0.0017700144372569879
-0.013723335496810374,-0.007991465146889976,-0.010299648218630879
-0.01529137887048837,-0.01004061178685467,-0.018151736206577493
-0.012886196453202547,-0.008663418356179342,-0.010443826463368111
-0.005098789787408298,-0.0039635260855477306,-0.0018448188323710799
0.000386422556116206,9.313147944012279e-05,0.004169298042662181
-0.011977623153527683,-0.008138738945695168,-0.013778433750206265
-0.0022802035330726778,-0.001629500430079589,0.012183699407593
-0.004856540046016211,-0.002366974187611559,-0.0055093230589836825
-0.0001271679025534045,-0.00024004647843389737,0.009280150859084388
-0.012183456077251686,-0.008811607221330342,-0.021184107615150362
-0.00792649746747398,-0.004452765981069251,-0.0050703074797986344
-0.008464051813429019,-0.004605059976713233,-0.017325330448860185
0.001515937133942824,0.0014489496474330288,0.008320980150671252
-0.007592502588722128,-0.004063157442804055,0.0023471958784779257
0.0007329670412704603,0.0004384872644079829,0.005210324900399049
-0.0021982891834656515,-0.0022360037926906218,-0.009424933984980503
-0.005985771756824243,-0.00350356541747332,0.003959725062038039
-0.008013847086366321,-0.004729260830530269,-0.006389614507879782
-0.007096054538829111,-0.00445356232186489,0.003932062390331566
-0.006326366424473373,-0.0036709419049230085,0.008417691407993706
-0.005985569108162614,-0.003305396633951463,-0.0060699229577952235
-0.0029201716453067794,-0.0024734028228001748,0.016037953077149867
0.0007298777471376194,0.0006819626312717375,0.010828716535391116
-0.0057953729888836625,-0.0035366190428205435,-0.012456003955607184
-0.018073278997692954,-0.011625620496671596,-0.017348290829370304
-0.01576972788400044,-0.009445704062796656,-0.017618814204415405
-0.012050522348391768,-0.007029840010617683,-0.013212154667162496
-0.012096595065883009,-0.008227492148044746,-0.017648170715548805
-0.012348467817313136,-0.007775628696760184,-0.006024280208672274
-0.012262600083903674,-0.007795055280616192,-0.021870711660971258
-0.016592064196587653,-0.010979998438418126,-0.025241421147594333
-0.009676671917890123,-0.005977133206324536,-0.011215909223312198
-0.010579805153520083,-0.006898359338757043,-0.017443665905443828
-0.010540122399797291,-0.006402662556928784,-0.006289641431479517
-0.010570714824937988,-0.006956083008144098,-0.0028084756155724866
-0.006980242699398342,-0.004970106803426244,0.0032019447477255117
-0.018653439230211455,-0.012306149355760465,-0.008100342788937412
-0.006213529051084632,-0.003902795371891865,-0.0018874584255657162
5.1895548021763105e-05,0.0005350829145521763,-0.00262186694725057
-0.01128110086068701,-0.0070145117446880345,-0.006552731400597582
-0.00938542627313943,-0.005981463690018507,-0.009225096831010998
-0.005706771076010808,-0.004008118162877605,-0.00016881996957247847
-0.009414661334566143,-0.006171195573465238,0.0010903648217172185
-0.008461688135094292,-0.005352918634753401,-0.006272542410055364
-0.010350322053300887,-0.006627196937495472,-0.017742559694964403
0.0017909231061067343,0.0009284937190621179,0.0197885053333016
-0.01255736964475651,-0.008399617784849878,-0.002868119594395209
-0.009140245760749677,-0.006614063332714415,-0.002997046679137666
-0.0035175665859177307,-0.0025136152573976833,-0.009257404725688471
-0.010288655081271192,-0.006971100599135416,-0.02091107644175009
-0.008107178002215387,-0.005334770980422787,0.0011693304811997499
-0.00415013822171062,-0.0012622334075717,0.010173865333415022
-0.009688808212870992,-0.006842439446764104,-0.02427237355968649
-0.010545197272385898,-0.0073778675021538564,-0.00660862403503288
-0.008323341181104671,-0.005802295664944168,-0.010355141406398642
-0.011125615358409502,-0.006862456719610721,-0.007737373720924347
-0.011771821257236303,-0.00789620378595235,-0.003282605479178427
-0.013979603046145206,-0.009611952126064693,-0.01593975982986185
-0.0012816411471014977,-0.0004853226578259706,0.00894822453135588
-0.011834681861849439,-0.00803885737216059,0.004060983771239979
-0.016902313332805674,-0.010633575629755199,-0.022965895168944712
-0.007984902539653005,-0.00426469092893389,-0.010456713281768018
-0.01472647406562766,-0.009172850929625498,-0.02147847506159333
-0.009835028364141185,-0.006250523604695801,-0.020400575288654667
-0.009231240828518561,-0.0057414325249665055,-0.010749621892215455
-0.003008905055994493,-0.0018710184623562665,-0.004160893570888842
-0.013414818534142725,-0.008305607399493264,-0.01239708332622054
-0.008880696351603157,-0.004929691748508769,-0.020916488791562562
-0.003995760790276859,-0.002045351351903091,0.008672028291055144
-0.00020011418283738536,0.0004367958206717981,0.013472463813595438
-0.006732933156219145,-0.0037678389200248574,-0.0039959952415147965
-0.016417610143807715,-0.01041179309930551,-0.017791641826154024
-0.0062956218696047506,-0.003184481752902535,0.005131121348319549
-0.009441023288230599,-0.005552334873411446,-0.019738922848399183
-0.01485249511837694,-0.009448801714745492,-0.014321443755243128
-0.01471139631502405,-0.009057365849412746,-0.009230770525032551
-0.012323772578289316,-0.008574359881321159,-0.012852267407092506
0.0006909853351153572,0.0002590346015228784,0.009182227488161332
-0.0016859153395303306,-0.0010273223162770018,0.020722559455247952
-0.00840501063026644,-0.005699704501251679,-0.00021688053336705454
-0.01317624440616294,-0.008842693611611163,-0.013804712314207705
-0.009863235217366872,-0.0077262406264512196,-0.017584293870051317
-0.0046336310464824,-0.0026838211975884763,-0.005587432337576491
-0.005616968481310769,-0.003818951156725481,-0.002260954841390689
-0.006561886872517797,-0.0034698436767495178,-0.007957436753743038
-0.017946709394533134,-0.012456176525292073,-0.014376176848507706
-0.016741824771442926,-0.011465278183749983,-0.023656600579096132
-0.006941306885410614,-0.003829722338168029,0.002591448697869536
-0.0003620443857766942,-0.00032683453741544355,0.00865400468929984
-0.012413841802737302,-0.008394671342113469,-0.003988101328518526
-0.013102463246411511,-0.008152622824307287,-0.023256626458557132
-0.0075071361357541555,-0.004418309708660306,-0.0020248979927310062
-0.015164771944355171,-0.009569948371673576,-0.018171464132417818
-0.00028706115450349845,0.00026121551964908285,0.0011070470892937945
-0.008967409497106837,-0.0067976118833330545,0.00022101950292268552
-0.007325778015595308,-0.0044815285160377805,-0.0002547447516574805
-0.002712269393271738,-0.001967596974497776,0.009065874512133212
-0.0040202346526821975,-0.0025374942723144223,-0.0014740220794639061
-0.013448604373606954,-0.0071712018350771345,-0.014531321693193745
-0.008013862352321044,-0.005314526934632191,-0.008823541667424606
-0.007727922334018422,-0.004311721215731423,-0.012524056256040042
-0.009107931848119977,-0.006710376644907368,-0.0021455667109232246
-0.01376157869341088,-0.008284483033542345,-0.011022901133233495
-0.010088393107393179,-0.006121218671390816,-0.007964606126142942
-0.0019089667983973602,-0.0014651165773876818,0.014996205079403246
-0.011957749034380738,-0.007820939098938329,-0.019256580238977174
-0.015762335007273642,-0.010664020666340646,-0.021682616341123638
-0.0020754690022566358,-0.001301041426874372,-0.002166075974560505
-0.020247786099198417,-0.012779165908068268,-0.026530095567685798
-0.014680192903298361,-0.009286834352781992,-0.01826168473070395
-0.01146014735668921,-0.008037633298862756,-0.014733929053510723
-0.013804137524101368,-0.009628260958217227,-0.022108202450071446
-0.010401517857265952,-0.007282731724606362,-0.011586511511910647
-0.019039195155668986,-0.012563454667454288,-0.023013464647420108
0.0035784659016447895,0.0023123268475718772,0.015713763088249753
-0.004293398116119507,-0.001995100569180064,-0.009672979709852668
-0.014165887671675925,-0.008995599302677793,-0.016023981648324977
-0.013974369759302774,-0.009393307611202273,-0.02099243575911329
-0.01157520980356408,-0.008051445342796115,-0.023754313393623085
-0.010594132362303776,-0.006349387956925412,-0.010730375426055039
-0.006217149642550823,-0.004310614248045019,0.0021370125035710397
0.001197570500525158,0.0005235780357824016,0.014392081238880479
-0.005889409880262653,-0.003637473281114967,0.0013000030828355033
-0.013910760331280803,-0.00932299012710891,-0.023516157448488673
-0.012092778974850282,-0.007961947411995851,0.008901239778020875
-0.011183407800178458,-0.006272001859033982,-0.002629944329020563
-0.0018519451146372656,-0.0013030999919043662,0.004497511388677093
-0.006907230140638987,-0.004406950163586165,-0.00040262990065065285
-0.015485902135109697,-0.009462231091160067,-0.004052453228974212
-0.013285519590167993,-0.008124646659328327,-0.007190450245183777
-0.008774875273333205,-0.005410249286246005,0.003373601206490627
-0.01430525452954956,-0.008478838586411297,-0.013143055670869597
-0.012309056740768654,-0.007781412264573517,-0.013326083264179792
-0.004538701361747499,-0.002143541328273324,0.007177717090687784
8.129475882046044e-05,0.00016382842147766308,-0.0021837740776057893
0.005793573098764826,0.0033913929716167246,0.021460080044925327
-0.0035524907191961663,-0.0025075393379696553,0.006888162550349089
-0.004092669728273046,-0.0024478502298335147,0.012097130618421596
-0.007025320854004868,-0.004583241126325133,-0.002807382924042888
-0.006356939100490955,-0.004267938359090673,0.0016023549659870198
-7.915210024400654e-05,0.0009499408919791952,0.017689073105099283
-0.002032418650695922,-0.0013724370339727177,0.0059887756840852
-0.006296678781002374,-0.004211924122306865,-0.029194583474891112
-0.005089063391753301,-0.0026267681126342923,0.00982768492628018
-0.005494797020479836,-0.0031575859192456424,-0.0012272543915895356
-0.018286802919983747,-0.012555463722235816,-0.025561473178110708
0.0002603503952052222,-0.00014680726496707486,0.007156446683634965
-0.006474540735408318,-0.0034429296505045226,-0.007145641907884727
-0.002391394584828288,-0.0015506484931659958,0.00942441301525418
-0.005244364368448884,-0.003633808597094168,-0.00485914668531201
-0.012379070420854732,-0.008096759818952526,-0.01835213154788546
-0.005737942949892161,-0.0028689424529149132,-0.010197148691700277
-0.005140274333679362,-0.00279456103514486,0.0050073326824182016
-0.0012228804699734308,-0.0009860799900442974,0.00815000583190887
-0.008683812375571032,-0.005911964333118247,-0.011050208154898884
-0.014594378454157342,-0.00919155573204411,-0.014385938299733739
-0.0032032813991046405,-0.002287236797744896,0.0009738393823994704
-0.008549640568467853,-0.005411301045961658,-0.01279245717123384
-0.008905347516069084,-0.005521926212284867,0.007651307865397666
-0.006118400366721843,-0.0032793346349265784,0.006299615039246642
-0.007583211960014213,-0.0056215201813943905,-0.012639191140948774
-0.01032348640084535,-0.007622894319303408,-0.009104955233793878
-0.004369800537916024,-0.002784478540013069,0.015766074584515802
-0.01887702392913615,-0.012231498997295365,-0.024159961090865566
-0.016572197967476332,-0.010597556880310388,-0.02486960307686118
-0.006601341459755994,-0.005122159516917857,-0.009790143295635462
-0.010275303261872204,-0.006818040507382772,-0.004633379030918289
-0.004887217378851227,-0.002857528974993806,0.004447003877977543
-0.009554600377284617,-0.00630877118238371,-0.0034026382237163366
-0.0004323669835566424,-0.0010059149605807782,-0.011914881272506853
-0.011898694235442209,-0.007797845795649683,-0.021797053592607203
0.0026507703126794624,0.0018373489006895394,0.017682441586334828
-0.010353236669573107,-0.0065151480568436115,-0.020713649288760197
-0.01121061299015702,-0.006360521743239755,-0.010608120329697782
-0.01434142511957126,-0.009798639693564537,-0.018579936492135997
-0.0017820981836426109,-0.0012280287914702148,0.007733189630964518
-0.019534256032361474,-0.013046342455059645,-0.025448232895220392
-0.006395608539923048,-0.004408015354421813,-0.0064984639000691055
-0.0013614422566176065,-0.0009302804878245086,0.023762405029729865
-0.0077184502007831,-0.004437385729836096,-0.004683679622932528
0.0021744708632552845,0.002115087106012825,-0.00012922065484239492
-0.013296851353438166,-0.008023182283501962,-0.007863350234204286
-0.01039929024038111,-0.0066949007202731226,-0.006672762662932229
-0.01344677355166135,-0.008333780185471151,-0.016666995600828675
-0.007555596676545262,-0.005733513097804566,-0.017216071532745063
-0.010089458653521843,-0.006729668964250646,-0.02042098368154107
-0.011051091803166324,-0.006430228923354209,-0.010842956896420217
-0.01376740181396685,-0.009007194995298784,-0.02021940040756596
-0.0011686781161576176,-0.0003729580283846623,0.014552737863364446
-0.013230785249681576,-0.007680836668408353,-0.014587953567948862
-0.0029483978394179156,-0.0015191603009990784,-0.011404053761315529
0.002694710029280567,0.0017192379985656592,0.0006988047532375322
-0.015512915328421029,-0.009601157241116098,-0.012569582563665062
-0.012614034636354021,-0.007985510823386166,-0.010466953874743959
-0.009063595856878881,-0.005676218369031982,-0.004011753297393811
-0.017094574619153313,-0.011541113723759322,-0.019065111190524613
-0.00757171762585529,-0.004971420559606976,-0.008485974858900631
-0.011764518923949363,-0.006575344027975216,-0.0026400567546821657
-0.010356465504454904,-0.006785989522918756,-0.0032003492569126074
-0.008804418740076425,-0.0056543468028377175,-0.018394605021448074
-0.0036346766128757535,-0.0026619941609675735,-0.0029023482261643363
-0.013414233445567691,-0.008691892850940075,-0.015554453341942276
-0.011941804493205366,-0.007714173732405238,-0.012519223912057162
0.0018910946070492818,0.0011856249301991362,0.01522781567003001
-0.004840210708639825,-0.0026647091119330613,0.0006499024712091489
-0.006374421693616905,-0.003924440468181745,0.01156498826063622
-0.013930222707690398,-0.009090130327590096,-0.027938051413452
0.0036286884738198077,0.0013976019091660463,0.0071828587935847815
-0.005374184325844911,-0.00321706844112557,0.00940416901689057
-0.017488045420899212,-0.011825251015782245,-0.020024995215294827
-0.003480536701227277,-0.0020202422998009117,0.005169921235103014
-0.006313200101653815,-0.0038493366807252904,-0.0026786449371441826
-0.009447630006941599,-0.006205851181824484,-0.005594348279530509
-0.011178719777538482,-0.00723728390306555,-0.011607219992427649
-0.010338737053346425,-0.005999783958199112,-0.022819464801349845
-0.01868060905714808,-0.012816567402040624,-0.028172959455266232
-0.012940795602075839,-0.008027346121118106,-0.012511168486753772
-0.0009905909783987088,6.150826183315417e-05,0.013871551836137037
-0.006775606288387137,-0.004776453757084798,-0.014149304859493499
-0.006470840849438053,-0.0036341323125157476,-0.01031399382321476
-0.013815447309719509,-0.009301137365821277,-0.014470533110982377
-0.005687348455907015,-0.003274468962890298,-0.009597951573808751
-0.011099388736132254,-0.006748862212112572,-0.008064943848019888
-0.003614829084705562,-0.0010767034291215838,0.0034992975463543144
-0.0055612489975316315,-0.0033050284113186335,0.003956870694693103
-0.011713934918274438,-0.008162950636046329,-0.01908075153091056
-0.008765351995934867,-0.005481387465737231,-0.005439951432110721
-0.005630206628652434,-0.004917998751011177,-0.016685142468173833
-0.01018439358615042,-0.005990594144234418,0.00448617400573207
-0.00037845877463016375,7.199990843897996e-05,-0.014824015703235105
-0.011798560950087134,-0.0075897449346353785,-0.016776786997217137
-0.008765292098027344,-0.005374374477435495,-0.0018463665021372089
-0.005151361472190086,-0.00313187659818559,-0.004717446920267224
-0.0009070805013244865,-0.0007109805237336397,0.0076020517463732395
-0.00680121581586457,-0.0035819029517102363,-0.0038642749347029062
-0.006376780472974963,-0.0038140821088493704,-0.009397502857898733
-0.006145838053280173,-0.0032592219646757625,0.020945676001736017
0.0004912319585398395,0.00034092660125040197,0.009098092809547459
-0.00970337522583764,-0.005973449359232386,-0.008907007920402624
-0.012982841458972771,-0.008507584172344096,-0.017721495420642067
-0.0003806530644521189,-6.95553745537758e-05,0.005285649069403764
-0.01027242042685994,-0.006558428334257571,-0.020476298487556846
-0.005147258044995717,-0.0028302515441073206,-0.0008792777151165887
0.00021123885496299177,-0.00020219858489245457,0.011546043371319335
-0.005525097842848936,-0.0030410603193234964,0.0007049876656364043
-0.006511335370338878,-0.004241906464185985,0.0017421923113658463
-0.008749563816319417,-0.005752893395129632,-0.0032544651894895957
-0.013038440751525493,-0.007928877724560413,-0.009302800579826465
-0.01182976583532358,-0.008118152101009746,-0.0076349121047243965
-0.00756025341694877,-0.004847933526466397,-0.0027108630116625815
-0.0007140838963807239,-0.0001236705899723134,0.0026034787381246927
-0.0116996166669604,-0.007243037139413655,-0.021357447249961574
-0.0007423107912878368,0.0005702660091084777,-0.0033993178399846224
-0.005667232767731956,-0.003148081295574756,0.00024399162568735505
-0.009157189427640322,-0.006385564743070837,-0.02175138945633283
-0.007713118615069958,-0.005206329524204967,0.013469141383785646
-0.006213286695384235,-0.004677299752745556,0.006210351588282648
-0.0176426129246392,-0.011088722832743314,-0.028002948952148637
-0.01645988929020803,-0.010116898811652675,-0.00891968616658878
-0.004104779111731238,-0.0020271092083791187,0.0051381003858203544
-0.0030083367219364554,-0.0016068904758337332,0.016185253349665092
-0.016535121160868527,-0.0111020403704718,-0.020035138306431242
-0.010006983339377329,-0.005835417601783854,-0.0018012145955556558
-0.01500899965920477,-0.009076105625480335,-0.02100218348160903
-0.01765386996172158,-0.011139906821078238,-0.008648932758259897
-0.008380012467547937,-0.005114354654361608,0.01537176630382716
-0.0006348399660269788,-6.360290465634577e-05,-0.00485140376498535
-0.008218207309345638,-0.005884232036608261,-0.002464891663689406
-0.002829877631985278,-0.0016548587732436726,0.010607665888616072
-0.022029299294576532,-0.014217581115654132,-0.02571401575844895
-0.012758097051057904,-0.008482009453175898,-0.011665487181997357
-0.01123916754565113,-0.0069006600275616226,-0.004342656212307956
-0.011483163247971273,-0.007078791408728469,0.0017292485550878811
-0.005254332889043201,-0.0034192335174149102,0.005842347951356158
-0.012895468612068695,-0.008233728638985194,-0.017100332866061684
-0.012967149461820981,-0.007253147562247375,-0.0009601175447946364
-0.009541054954629757,-0.006256960078575902,-0.012326673719286974
-0.004676882217890754,-0.0032420093915304093,0.004205233705577606
-0.007566225042418662,-0.005140589592006917,-0.0143866119370116
-0.011199814892883686,-0.006998560712907498,-0.018798576249728624
-0.014691416113600253,-0.009597992735271288,-0.007724083059255905
-0.015897530133391458,-0.011104565319903004,-0.01725329071842205
-0.014065742961102745,-0.008840192056990936,-0.020528169501761083
-0.010235123780498734,-0.006592460999952032,-0.023879492790627906
0.0034909764651624986,0.0025659560584324614,0.01116727702941147
-0.008517115481646687,-0.005463076861463745,-0.019407460786114238
-0.0003841296187290233,0.0005035613874150302,0.006190335784449566
-0.014084840560021683,-0.009708237287360144,-0.016801256146664015
-0.019971324537632507,-0.0123032113501228,-0.01755441684952265
-0.006249187511178422,-0.004308953290252937,-0.011965340498121257
-0.002201484449541491,-0.0006400305688243346,0.008361398958644468
-0.008951637792071532,-0.005525155493812939,-0.008796450097924985
-0.005336140211418372,-0.003108817197070901,0.012221542699998138
-0.004643289454767663,-0.0034488714101709173,0.006453404931621359
-0.005802498690395952,-0.00419900309676835,-0.0030449099715354824
-0.00874159338531022,-0.005363395489068279,0.001964091004757147
-0.004742183295579294,-0.002336872194014572,-0.005371092637195887
-0.006660880697058946,-0.003417676666036762,0.0017831931576722526
-0.011621052429785617,-0.006712439913711399,-0.008540236389298975
-0.015352956346485702,-0.010089276893671562,-0.022044902295090575
-0.019242958265019316,-0.012871448919841044,-0.030546580141166707
-0.008580647864559698,-0.00597688307389177,-0.011459671401889499
-0.00605140411940297,-0.003616425891085684,-0.000830627951525692
-0.005818285223537001,-0.003768790730534599,-0.0036494435357405514
-0.006622129118749598,-0.0037916305501989322,0.00518056038764738
-0.008294019083050053,-0.00562303019149224,-0.0008210759120503563
-0.0055183431212567635,-0.003347100538457326,-0.00020531125866803807
-0.005812618918740298,-0.004419667362603019,0.0010975493870512554
-0.009877688414197228,-0.00647678249543826,-0.0058725210171345354
-0.0031114630238625596,-0.0021443961154822277,-0.002114273348743534
-0.015109575388580487,-0.009772547204121795,-0.014794605855947447
-0.011505249204628032,-0.008540846268885294,-0.02302044937773242
-0.013505439561857902,-0.008817304988044894,-0.004456603560996378
-0.0006585110561762031,-0.00047053672180064066,0.0003630194364130021
-0.006203414985516131,-0.0033669084731690058,-0.002677992057266404
-0.007875533992022343,-0.004333216949105934,-0.008049751782650917
-0.011063382620867035,-0.007729333532889959,-0.008274852379820986
-0.011955126260080329,-0.007343848838581413,-0.018786814998963848
-0.01542854875149502,-0.011006312404891472,-0.024818361599192568
-0.0070987488849066915,-0.0043636949093589505,-0.003994259380114766
-0.009251966176098803,-0.0059735994217181565,-0.021750630478535586
-0.00787286906958462,-0.004845349144762978,-0.0072974997840423855
-0.009912894275080464,-0.006990254406307184,-0.01448460547345315
-0.0024897646964280318,-0.00044488959122890304,0.0016742092161851907
0.004429294663544137,0.0035691078725070824,0.01660777413608596
-0.011147119597714195,-0.0079522090318499,-0.01781955726214203
0.0008570878121336722,0.0011462852246165722,0.0022392374577918095
-0.004659444755322761,-0.0021074378625948187,-0.002482134468586729
-0.016136563693983308,-0.010341535918139133,-0.01874198561533407
-0.00985676116253098,-0.006560786205954461,-0.00775286903064723
-0.0075555059939758085,-0.0044441284500802425,-0.005536758436281687
-0.0072463798615001185,-0.004539457311148798,0.0008478320749989651
-0.010674668268311094,-0.007409532912544758,-0.007493105142572412
-0.00666423103587388,-0.004413226311457352,-0.007816679296605032
-0.006888971262975163,-0.0043490247926119,0.014226049148727889
-0.01350873215100501,-0.008307601467154924,-0.020893895377269642
-0.010725934396962344,-0.007266974824775119,-0.015145454739651884
-0.0106092780338779,-0.006649744374480293,-0.004301118099063958
-0.004496072736385748,-0.0018659102121535431,-0.009381582228272636
-0.010552230948228325,-0.007131415598942037,-0.020134018451792787
-0.013773403769201331,-0.008493570385016302,-0.018319816901239572
-0.0037012966365905786,-0.0021435984686843934,-0.0034359867793205615
-0.0018402458614663608,-0.0009179847114548778,0.00022621708603334095
-0.014271105242302351,-0.009164891831343058,-0.02106212652215554
-0.005338983967466238,-0.0034015093117132356,0.005387202429738919
-0.012679103563068561,-0.007902083632881252,-0.0031185603571553186
0.0018403815290360948,0.0014315432321965194,0.021278524661945145
-0.004870745443691593,-0.0032377433753608686,0.0029581946932086545
-0.012883302828524124,-0.00733278514862068,-0.023197476437296943
-0.013973299406531359,-0.00911845187606708,-0.011312560524958083
-0.014483428342513816,-0.010246987972546862,-0.01084475316396815
-0.005660158190945452,-0.003958177215756753,-0.00644981832599878
-0.01125537519914166,-0.007146810385514679,-0.00838873258315205
0.007505906969547449,0.005258898169215653,0.028752406626775896
-0.011561769280381107,-0.007629771200415525,-0.008073336664580967
-0.01627615270899796,-0.010029104370644304,-0.020544415791186807
-0.007464821801410282,-0.004529967459931616,-0.002783927122566629
-0.017109168014630027,-0.011817004295650135,-0.02282420879618066
-0.015953701449236468,-0.009991469366164019,-0.019744000230882394
-0.009907039990257438,-0.0064375345652448734,-0.012091055080363566
-0.005700865484591144,-0.004057793191458492,0.00012104553439682558
-0.008877230599896091,-0.006141731625800229,-0.012644338315090785
-0.0010451079866378166,-0.0006713446621205987,0.01518672881642837
-0.02088999654731749,-0.014178451711374884,-0.02516825208388744
-0.006170671729698207,-0.003933155632975804,0.0002151738190199759
-0.009942345634001315,-0.005983347533895067,-0.0066599048541745726
-0.010360467664384698,-0.006828877293542868,-0.015426333841822445
-0.010653076424708252,-0.007357968313478014,-0.005098116655483535
-0.0072011534685508805,-0.004817985208172226,0.0028499379342126763
-0.012682556643008769,-0.0073335176602880026,-0.009174685554102842
-0.011930642375002298,-0.007361494215137543,0.0018181111307718073
0.0024015995023991543,0.0026909383709242674,0.006294060696143321
-0.014093860855489804,-0.008817052135831838,-0.018285457053182193
-0.0030116796870747198,-0.002208131486904241,0.0042320865149235165
-0.012538966950678354,-0.008185839564635033,-0.013455038124060313
-0.012265740751490006,-0.008016817241397578,-0.007928885092838185
-0.002526403988114989,-0.0007782078318485652,-0.0009522539699541865
-0.0054363929266221245,-0.003967794173621808,-0.015398817998123308
-0.00805715287591724,-0.005180650808637388,0.00010379500950536552
-0.0080653279418198,-0.005411750505273427,-0.016278194273961905
-0.002416159521594352,-0.0009667733986176152,0.01336490757954873
-0.005431345535067189,-0.004031649579006702,-0.00036805663586156334
1.8023091972629857e-05,-0.0006758377643929503,0.003808299295097531
-0.003873174640561028,-0.0017821021998292164,0.014357945990874331
-0.0005394958230838798,6.852842557858452e-05,0.007417724167532197
-0.006042963140188373,-0.0029763568658035533,0.002900521267908504
-0.009775147065052225,-0.006688084788605497,-0.014062490900593923
-0.0065716377292511785,-0.004677676319242319,-0.003897302885867697
0.0021046747579951397,0.0010122897172114564,0.009377062096317647
-0.010172657587739775,-0.006431286835565819,7.913448045865357e-05
-0.011036565323815362,-0.006534998761807298,-0.009046519965206334
-0.007619416508953036,-0.0039399357806645385,-0.0012346428509287036
-0.017778096584864955,-0.011597827343900247,-0.018040876843698886
-0.004315018124241177,-0.002334396133327754,0.013767819166335446
0.002678200455778157,0.0025271546386569366,0.0073689735185925725
-0.0162392979458168,-0.010774175252301732,-0.02706847940654058
-0.005379523217306836,-0.0041957072650404825,0.0055957806309349795
-0.004148884511789741,-0.0029357856549677708,0.003962179454418735
-0.005355447090554466,-0.0038595272268862058,0.004446874661468522
-0.009692423885601542,-0.007029352957933832,-0.024819839387329283
-0.009775959772085119,-0.006627904661635986,-0.012767144216037668
-0.008298960354727658,-0.005123614497843709,-0.0010690432283727846
-0.008214647152302135,-0.005507194656057313,-0.003175254104748275
-0.008622577088817751,-0.005402151712316616,-0.011460418961780773
-0.008285513206249928,-0.004684498351907651,-0.011899023867547855
-0.006959859215398101,-0.004093706752726134,0.002092821157081197
-0.0033886455908929136,-0.0016710251509343133,0.0005398027791473428
-0.0015160875665490847,-0.0002580969405613365,-0.001501135290685164
-0.014027747834702398,-0.00957289510407533,-0.01597848517235105
-0.0009529888891894878,-0.0013751528508154642,0.015051042975003287
-0.015430823181799669,-0.010124689932464515,-0.02731144035169291
-0.018879038181060737,-0.012250323687170606,-0.028856175213327027
-0.008067613125141482,-0.005780461828469474,-0.004848451364527322
-0.012724559085498188,-0.008235497333361819,-0.0077401917587197056
-0.01710001234107006,-0.011500345826171543,-0.0269838481507869
-0.01338691351322907,-0.008435916583170555,-0.02149591145031947
-0.0070873236507339454,-0.004838539829320032,-0.009668548837340599
-0.010010766909896107,-0.006522710321532288,-0.006106126905544795
-0.009662571349440041,-0.00703578277960204,-0.012475252138706407
-0.003977155981329639,-0.002924173960596854,0.007769633028004229
-0.004544921778188993,-0.002364771131202925,-0.005094121887396635
-0.005747604023305208,-0.0027377293893126042,-0.009211910412773854
-0.0033144233778539256,-0.001975780341290201,0.0033705621250025505
-0.0018853166097392293,-0.0012296916123359924,0.0007971481629734586
-0.01470481861331041,-0.008966723998825477,-0.024184371345261274
-0.01867921574178666,-0.013074601206603087,-0.022101302586122848
-0.008187291966639254,-0.005106268963998906,-0.007256286054210748
-0.011020222312669414,-0.006748711244715433,-0.01250931873886485
-0.0001154478288261096,-0.00020222019896243282,0.012577829465885114
-0.007727310621891914,-0.004233297541167191,-0.013215402305593413
-0.005522248698558774,-0.003566599424060901,-0.009507422047353095
-0.0027807714085517077,-0.0013080825742937119,0.009685925768180205
-0.012020268623891384,-0.008806182161338438,-0.021367601463349477
0.0030218599856018935,0.0009615248168199919,0.028332856344205085
-0.008637950229464675,-0.004906884598285366,-0.004555248704624579
-0.011451337773464965,-0.006326950610419324,-0.004830117756153739
-0.0121353116496693,-0.0077110301194447395,-0.01603859598828261
-0.01326892586003181,-0.008441243221022687,-0.016814241823795713
-0.008825486696379947,-0.006393897543112814,-0.018999085724621646
-0.008838165577414125,-0.00658357622929806,-0.00806765402867498
-0.007576834723237558,-0.004054823452011247,0.0023502806954897246
-0.015013322729251932,-0.009680215776497025,-0.003814822177326316
-0.0046268662228797774,-0.002874803964541317,-0.007682715703166823
-0.005847281186840414,-0.0041331755479243615,-0.013419886504064484
-0.01300797148370414,-0.007710632744313939,-0.009646153444576963
-0.008761303387991415,-0.0049513898097970355,0.000904881643260011
-0.012359349827660626,-0.008343207682582898,-0.026183442595608522
-0.005405932896002552,-0.0031723678536234035,-0.006353572734354503
-0.0035551713896443404,-0.0021646981952219146,-0.007729828127945412
-0.013823805846954751,-0.008573584111408294,-0.0177419457946182
-0.013623881197068255,-0.008671088013402994,-0.02672664771005539
-0.013577988986758549,-0.00784582138519041,0.002496991768286473
-0.0033744921407359296,-0.0015623564003950374,-0.014133228202128915
-0.011824726261733587,-0.007726972428320433,-0.014274237439263288
-0.009133203810724022,-0.006638720850383972,-0.0035326550586871203
-0.0068891159709758565,-0.0036741342470379967,-0.009675606512943268
-0.0024193887075467657,5.854643851654906e-05,0.0002821058824377387
-0.012227627258394547,-0.008602946594836514,-0.013657363213655724
-0.018012880090337857,-0.012351468049976444,-0.021847429712013956
-0.015169884508788756,-0.0097958036685315,-0.016523928094471063
-0.007201667654302968,-0.004863937145399122,-0.00033540340284883563
-0.014642733717532441,-0.009112299877185981,-0.0184798585591781
-0.014023530702373832,-0.009447138547205247,-0.015591781361091482
-0.0024513840527493613,-0.001266371769120589,0.009034024920300497
-0.0028869860569967765,-0.0006493945525006817,-0.004711043811710433
-0.012775062778652146,-0.008623126685375682,-0.03048417997100126
-0.007814394972199823,-0.004645116144774031,-0.0020626073538403816
-0.01293468546555876,-0.008894815694308167,-0.014742948538045718
-0.01193374999282637,-0.008429814879452602,-0.02344925659175314
-0.00675183364114329,-0.00451593936808059,-0.005952808143782844
-0.007382082873647056,-0.004720671699896428,-0.019182781173301154
-0.006419083621685084,-0.004071930545696767,-0.009424182940148518
0.0007865096298625973,0.000812229969951006,0.004947434666174075
-0.007717977605207427,-0.005363764734603205,-0.015632228077347043
-0.010287581370239884,-0.006491671147141442,-0.002024476324803154
-0.005959328255935259,-0.004227508657449364,-0.0103332746821359
-0.012951863224038074,-0.00808122565527214,-0.017873537207431803
-0.00616340137387239,-0.00476381498813816,-0.002492663090605529
-0.005659380440702577,-0.0032344979682064068,0.0046476966419652585
7.870264069642641e-05,0.000841978689683831,0.03129729736172668
-0.004891932081102723,-0.002091455002815601,0.0015570755543944242
-0.0029435010358728197,-0.0017779028778466266,-0.0018742280942991782
-0.006068687350705426,-0.003406289901032311,-0.004258015931330843
-0.007090200070975938,-0.004630270069939213,-0.011869976613451648
-0.009653193536647509,-0.006737990601759725,-0.025715449668061448
-0.0016752824388704957,0.00012590485461361212,0.012694297543823604
-0.015215602663832373,-0.00976769319437043,-0.01043437559478784
-0.018985207942713855,-0.012411139863459875,-0.010270163390876677
-0.006755592283899325,-0.004440980813115725,-0.008308768031061405
-0.0058957247656753475,-0.003932410717058743,-0.010344586211299304
-0.011533475414892913,-0.007099838205348097,-0.015568137192210361
-0.0020686474367341834,-0.0011378332719709228,0.005664749007753517
-0.012747779872651965,-0.008577465281938368,-0.016351968409309192
-0.012599294359111002,-0.00842674413963096,-0.015700478835499278
-0.006279728578616139,-0.0037646942076675627,-0.0007884329402835857
-0.007637892244979905,-0.005321871060123273,-0.021158311724769292
-0.013174271592817588,-0.008963857708731537,-0.0049868705548943085
-0.014430255893667088,-0.00944929228968816,-0.009473776324801356
-0.007808015471151841,-0.004364734329084796,0.009559770784021225
-0.007567643848281791,-0.005379787884545517,0.00646549559031219
-0.006439091504204519,-0.003967451351388651,-0.004164171195582274
-0.014968880337495993,-0.010133900573858767,-0.016981291425918983
-0.00875886502255463,-0.005661494613987794,-0.015100103268204136
-0.013393209955674057,-0.00847707347763993,-0.016971499936365278
-0.00786560807077652,-0.005419171355685037,0.015742061133602533
-0.000852312878937167,-0.0001616846550683837,0.007892602186299585
-0.010794873662893112,-0.00629088459875049,0.0019225608050407392
-0.0012691992479435532,-1.691270761761121e-05,0.008732553934394711
-0.011761073753273177,-0.008170286459481813,-0.009833645113435437
-0.016516098332710172,-0.010683926107214359,-0.011686413938983772
-0.005430474295288534,-0.0034985961551712297,-0.002348275195794537
-0.003880262148782121,-0.0031332921784215095,-0.0203607448487576
-0.006988744548233394,-0.004314905099278676,-0.014505469007052012
-0.006131083056234554,-0.0037000001969463847,-0.015495481094056796
-0.008152672154654317,-0.005791288296320585,-0.015442647769041563
-0.010747738441961752,-0.006381028130197586,-0.008524750017738905
-0.009868523439192756,-0.005809463976007012,-0.010194484278933942
0.00016930150049188075,0.0004989773110714024,0.027102859708224965
-0.004464877876115159,-0.00296812610744579,0.00023154390261997948
-0.007062734819772265,-0.0048717115606916606,-0.004828187984923973
-0.014526847663454578,-0.010021408801437093,-0.013790805406095112
-0.006973696800862239,-0.0045095324385006075,0.006651119018169255
-0.008227296618236846,-0.005163109759019235,-0.026743232712596564
-0.014188196169241274,-0.009110141896014334,-0.012791172601010092
-0.018050326315649845,-0.011952800313729472,-0.025174611905059104
-0.010907156659353268,-0.006994293663494577,-0.005232929121193469
-0.022084708372469564,-0.01394006422231514,-0.01625035531734996
-0.01369809714094361,-0.008833768003747688,-0.021789538310051308
-0.013396932143019069,-0.008698346342920993,-0.02804654176694027
-0.014990941387752144,-0.009359056744627003,-0.021528421381701406
-0.007821167890598502,-0.005158462221917071,0.007599963277448371
-0.011215737175061635,-0.007761387013738852,-0.02056204029752258
-0.012682886781295588,-0.008216237010465144,-0.00852416141530321
-0.0016152386564676213,-0.001900025233450675,0.005699821951609556
-0.009004034846356923,-0.005299487161953165,-0.004946570869884301
-0.012201599152025677,-0.007976151087729644,-0.019192727890477664
-0.011264536413118753,-0.007077769291766622,-0.012534831232955852
-0.00505342467049863,-0.0035121503035425716,0.009822753681453245
-0.00886718144760068,-0.006072660909571481,-0.009912269006434993
-0.0018719794443395887,-0.001477669850238117,0.013375464941583103
-0.010385228271581615,-0.006730095856377516,-0.01590898812160959
-0.02246328182810753,-0.014564402739535354,-0.025340923328306085
-0.005982992143957588,-0.004083881338298845,0.004616739562716701
-0.009783564820054158,-0.006840195956107187,-0.019208975879266947
-0.006584874862560985,-0.003780857241021063,-0.015333389323097205
-0.008203219490527158,-0.005440772855120568,0.003308008677225374
-0.012189058955817345,-0.007101995189395138,-0.014469388183535742
-0.005895804899474277,-0.003287167851005912,-0.015058536116581152
-0.003836603581344189,-0.003294560450455064,-0.0022933675955891797
-0.008913364402520996,-0.0060178994905240035,0.00208518004933856
-0.006993541943374648,-0.004015361187877042,0.0037704111303225388
-0.009119545035685017,-0.0066575922331562065,-0.00645562951186697
-0.00478351088361717,-0.0019278024882581901,-0.007659274288133844
-0.007928383963331398,-0.005327169925321895,-0.00768083852857724
-0.0008750084336187625,-0.0003494954884800672,0.016599765398447153
-0.009773338843134693,-0.005726016255448663,-0.005656994093812179
-0.014185284705660828,-0.009552388954688684,-0.008022942368903135
-0.0068299371372806394,-0.004619147617207053,0.0008322637153594659
-0.0015583894222938044,-0.0007427118901520702,-0.002245863370651649
-0.008094257992441123,-0.004490720125351455,0.016815232494219755
-0.007167686305241783,-0.004693108233318588,-0.018743671676407718
-0.016663938546822576,-0.011705359733340082,-0.024272967337765287
-0.008393945460146601,-0.005273040631010861,-0.004305092501536711
0.0006790657293757052,0.00013979179392564767,-0.004814081424251437
-0.006819084334620085,-0.004044824882085352,0.007069509627194291
-0.011812923823070642,-0.007694777678815323,-0.020395602961810373
-0.0011322095918250286,-0.0004157487984242092,0.019980381936367288
-0.010946097148747835,-0.007546611264890979,-0.01538409464852792
0.0007627396000965403,0.0012878817274590837,0.0016700493409548475
-0.008083701767264806,-0.006174985662831256,-0.015952654579916
-0.004775216547520111,-0.002571343607098431,-0.0007222611436400669
-0.007979309818751279,-0.004592772532254652,0.0009244702376893024
-0.010377339184120093,-0.0062903304929635695,0.009555350831584382
-0.009041170816580846,-0.005852109731821931,-8.602386084958363e-05
-0.005116335875529954,-0.0034700892172453424,0.009986274376503547
-0.010163600902433845,-0.006465222405966475,-0.003736823258581587
-0.013136757772997942,-0.008391798997780753,-0.014987772083314352
-0.010979115864852673,-0.0076761145358893446,-0.02922472210933958
-0.010890534562378207,-0.007429652981970847,-0.01631346387152962
0.0022426578272533026,0.002241187245894505,0.0012213935287465408
-0.010930036447917901,-0.00711578567147797,-0.02682532833069328
-0.0024267719470225657,-0.001053314081834178,0.004950326400283374
-0.00034678735924054127,0.00027550738989567947,0.004405331930587453
-0.009515693785674406,-0.006666369484412127,-0.0027321372714090852
-0.007182871493176757,-0.0046524678592378965,-0.011249463134267543
0.001515976306758815,0.00036420864992026125,0.01595632738008044
-0.004407085941409039,-0.0037692008672952637,-0.002588376015206527
-0.00372794652954922,-0.0034193149109015275,0.0036911160736811527
-0.010743975791722482,-0.00683073944722512,-0.0022886346886411835
-0.0011387632387015456,0.00017493202392504514,-0.0011974303134223985
-0.008728842607323983,-0.005482071954227008,-0.01690277821131156
-0.008947869372204043,-0.005936574118359017,-0.026597127142481365
-0.012382921028822214,-0.009002912447291678,-0.01684039281274561
-0.007758913405864876,-0.005539813649942715,-0.011761549663589346
-0.0164333555126267,-0.010766968324788073,-0.03150566118299409
-0.005478458100848904,-0.003183984093785397,-0.00924946774943309
0.0029491424443564007,0.0029891447937607785,0.003967389167144342
-0.012997505152689937,-0.007902464667058795,-0.023312637688158742
-0.008975086037103397,-0.006082420715528003,-0.006731224733085066
-0.0034879953886286508,-0.0025960735822163628,0.011451561974743299
-0.00882589865191663,-0.0049152463499638754,-0.00042136546829596444
-0.0243411078535406,-0.016445997243447086,-0.0137294723456029
-0.007959476844994096,-0.0053948438909151575,-0.009622398864266357
-0.007936631184394916,-0.005284939360154395,-0.01503899949495481
-0.00983274447271587,-0.007145744637180318,-0.015831652169714466
-0.009938901883116968,-0.007065856911480872,-0.007552507716875628
-0.011317597106344501,-0.007351150415195629,-0.01615356053367225
-0.01733482301264211,-0.010864972889390478,-0.019342229661237144
-0.0004732463096550621,-0.0006275724700437468,0.02637875163566952
-0.02254928345880436,-0.014900390277604758,-0.014768460529192298
-0.000720929099972123,0.0005855059432029464,0.02498120765940296
-0.0019555976836541644,-0.002162100480228135,0.0009305549344136507
-0.008782408273655729,-0.006417673661574197,-0.013562181431780555
-0.012472194592684671,-0.007996503599466909,-0.018240046054774958
-0.004399803509540834,-0.0021240728826167343,0.0068336719917236055
-0.007398925233719211,-0.00438877385641101,0.0013621665810629319
-0.01663516143340793,-0.010716097537403768,-0.012192708411348743
0.0022234658159134835,0.001778895650518475,0.033088152706780845
-0.011753899514098776,-0.007410836928214426,-0.011212951185130729
-0.0052194476983590254,-0.003698109026572416,-0.0022237170382910162
-0.002216802815071195,-0.002665682446643447,0.015011010487554266
-0.003659798819282578,-0.001698708476667865,0.0029171219910256035
-0.009815157477577108,-0.006394549927718374,-0.009073080789618576
-0.0066100403156259535,-0.004156877760740585,0.0031891035175510007
-0.007166501057718988,-0.0045395220390527236,-0.012350245461366177
-0.004544803500092787,-0.004170381589667316,-0.014963635710744876
-0.013179840782405083,-0.008197451008456258,-0.011224084520631526
-0.009654991799737722,-0.005584223978881253,-0.003114503807971694
-0.01241691677299972,-0.008121955096418776,-0.017636808765692027
-0.010667980410240196,-0.006776847888389059,0.0011920573884142693
-0.004171328398999918,-0.002699105362162002,-0.011468902986598625
-0.005652493761195476,-0.00404444679563043,0.0029561080869637407
-0.003479408815325269,-0.0008349204392736898,0.002007733472741434
-0.008362860363792968,-0.00526096939427223,-0.005014257417280767
0.002998552801230514,0.002116858553901202,0.002414500525861854
-0.014359868024536038,-0.009607123015106245,-0.012210834762094017
-0.013331020478266176,-0.008714285150403067,-0.008848182882148427
-0.006182059725062583,-0.004096136568221831,-0.011619638431009625
-0.012707211728319345,-0.007753881973003418,-0.009281670419876431
-0.007446039130799775,-0.005037963014162483,0.009732896989424783
-0.007406967788736618,-0.005428921554995747,-0.0022351194139713995
-0.00745028872416742,-0.004601002097490925,-0.0018529770698322498
-0.01362870590625509,-0.008914881947566289,-0.014362902738336146
-0.012351156907723482,-0.008036869701463556,-0.0262466283715723
-0.01594387636167216,-0.009709342808227217,-0.009341100041811247
-0.00869247733789813,-0.005724906956377507,-0.010021572020713895
-0.006931003682961623,-0.004011135921083375,-0.0042621988784893525
-0.011429107829745266,-0.007974121591458272,-0.020074982425113068
-0.010532396643968212,-0.006204065043965756,-0.008421395372818087
-0.0003641798120942452,-0.00029206932119463236,0.016093664301108507
0.0010143211863655743,-0.00020160202751562384,-0.009916391556234479
-0.010791990489084191,-0.007024701431829983,-0.0074451461408518715
-0.003913940460265053,-0.0021760875196554785,0.0023014876427969316
-0.005719079903428903,-0.003302554600658758,-0.003957550431168605
-0.005025095597417373,-0.0029145284943750127,-0.004817885776075122
-0.011502616371853236,-0.007529762941637097,-0.014007304786738506
-0.008139589680599912,-0.006368627024108342,-0.009810278537389548
-0.012883917572291015,-0.008986905287109992,-0.019157696338055273
-0.014849792903497971,-0.00989660878023002,-0.013269729167909736
-0.010397270233802769,-0.006913839482579731,-0.01728337422030224
-0.00763325851596619,-0.004618942192650244,0.0012904120117322726
0.0010555748221825478,-1.1690151098253665e-06,0.01288244772629965
0.0040381891729351915,0.0032504251859732936,0.01029429082071371
-0.0029649702385302623,-0.0011465601700983985,-0.00014114860934660162
-0.004069983329123117,-0.0026409554114482647,-0.007209035787715243
0.006146473534098806,0.004153246545013367,0.024094572340774445
-0.005653847094732156,-0.004531024591736599,-0.009728996261264174
-0.009209853540349755,-0.006284615382855185,-0.011337809452300805
-0.005858328158766191,-0.0031487723066701,-3.6374417698673e-05
-0.0020034279036926783,-0.0017226764222995072,0.0016545253808208024
-0.0026154826912824225,-0.001471522195841679,0.0009486940126044938
0.006364868481133379,0.004030578730650158,0.02532014665189544
-0.0023688838873979767,-0.0012980638512214426,0.02280521935197185
-0.008723937767185053,-0.005651621474407564,0.006727886734044175
-0.002665424238591174,-0.0013181339074151976,0.0018029204619017594
-0.002370257047971114,-0.0019060939384514253,0.00017943055915332906
-0.0056163032319507256,-0.0027473989628572504,-0.012533448309923596
-0.004481708363883619,-0.0025253307770671807,-0.0016612528005091956
-0.0101570392748207,-0.005983981921020232,-0.00956707842531155
-0.0010644628012927981,-0.00026013528737856007,0.0026464667416794888
-0.004825042555987258,-0.00291134525358705,-0.007347441991823626
-0.012052874466516816,-0.007933390679968677,-0.011245657936716245
-0.00917338456426875,-0.00631025980464428,-0.015324376790511761
-0.0010133626210414581,-0.000803947487386325,0.013252249028786009
-0.007790691813812423,-0.0048752575367797535,-0.016319066116572065
-0.006333543669157282,-0.004099222240564471,0.007523607032615336
-0.008392014077101106,-0.005478034816323252,-0.008017604565691665
-0.009036904835896142,-0.0056738031759145935,-0.005470629418399688
-0.0005778911531538755,-7.345222772470184e-05,-0.009546333401687104
-0.009265662477914938,-0.0059337671181241,-0.01943481146767021
0.007317905797793678,0.0047525286678818945,0.011592617805221049
-0.007840569434960698,-0.005270172443202936,-0.015755583908701985
-0.015460214213216084,-0.009724574485983628,-0.02170762445731126
-0.011625146266478814,-0.007351313614566868,-0.027144065070772848
-0.0035125217998477343,-0.0017775855364643434,-0.002590756687565393
-0.007938930575223657,-0.004738297436025829,-0.014113615228988227
-0.01028064724914779,-0.006090264066847206,-0.012011933152029405
-0.014276932261098163,-0.009553759664577721,-0.0180030718258561
-0.006464660528974431,-0.0029510231246239194,0.016465465208907674
-0.0004333255472136477,3.3071269271989223e-06,0.015985979527186583
-0.014328930084621994,-0.009862902110690186,-0.01104340915755532
-0.004612294064689437,-0.0025487828152157554,0.0023625851086180594
-0.00818928678295272,-0.0048643165933431876,-0.011096045147543435
-0.0029510793725127105,-0.0019246718545821162,0.0008730342325874926
-0.010999256814759772,-0.006969229209114358,-0.020007275789749576
-0.007693344680974046,-0.005629287047800413,-0.00928841548606444
-0.008191171354117954,-0.00604980766312857,-0.015433745289621707
-0.009205934991112552,-0.00628573075598049,-0.012378848317099775
-0.006654521155843862,-0.003571482035802931,-0.0033646438926200617
-0.01530135308060876,-0.009635102922056382,-0.00876850265950365
-0.003177302679073679,-0.0023562680604667374,-0.005312655352907189
-0.0020045528238200605,-0.0008133860667145498,-0.010509267245351138
-0.015805172210409668,-0.010591877028699237,-0.02171917184105409
-0.009427143334239552,-0.00551211586794409,-0.01681310764614851
-0.012207204092245849,-0.008352163670953372,-0.0326101650089734
-0.0143539393416664,-0.009158318953026767,-0.00983322685619964
-0.0036474985393515347,-0.0015548582319284687,0.008227579600045797
-0.01014053225124989,-0.00703669263413742,-0.008451125022594347
-0.005070962257756495,-0.0021658916288411767,0.0019085986267681349
-0.0022995151470610597,-0.001178364167940149,-0.008522623654725593
-0.010101129728132263,-0.00633513692034593,-0.01672735721318576
-0.007394540818438378,-0.004907003690930445,-0.001853415433549846
-0.009940519953474669,-0.007076629913954746,-0.018736437257461123
-0.0038919367546915717,-0.002072866591943834,0.011089224631730732
-0.009628980988590996,-0.006791613504234628,0.0009707947592666119
-0.01662738791409346,-0.010055580085521432,-0.0162926280655048
-0.014288707104344156,-0.009509830010181575,-0.016073003132780636
-0.006598120396749563,-0.0042225635823694985,0.0029039588024371704
-0.008956394791526212,-0.004779693082398895,-0.0169080425448341
-0.010569347800258422,-0.0056206860121049695,-0.016405873702132305
-0.01141489572888077,-0.00798772770673939,-0.022484517902094436
-0.012886656619246484,-0.007819317111209312,-0.015023546414121312
-0.00789971714108173,-0.005586526649631662,-0.009449013747921252
-0.007180065540718927,-0.005067493691571223,-0.0013799109921068461
-0.009167867960497067,-0.006571978183600002,-0.013996951137171636
-0.0032281812658595532,-0.0020758208465574413,0.01097130623950613
-0.010485311108730966,-0.006344471569476706,-0.0017654946708331454
-0.008430734079175162,-0.005403177359291855,-0.011088252357367143
-0.012935428086617407,-0.008499044247453624,-0.02539878642488695
-0.006157498732299538,-0.003931491925848518,0.0003651042562331716
-0.01818889784919131,-0.011583029167605785,-0.02444198183592907
-0.010171083125753877,-0.006637702898565245,-0.013974796244068076
-0.008488664700443183,-0.0056922163672478154,-0.0070508836451669
-0.0206706365860434,-0.013521171172894864,-0.027836892780071218
-0.004915744176392511,-0.0035327321669988976,-1.4486582062760156e-05
-0.01220426819191478,-0.007819930424355026,-0.015779852730509206
-0.011015596839228925,-0.006745059133859144,0.0026442786101689153
-0.002673432153811661,-0.0013513828996383204,-0.002900555150495983
-0.001636149284759636,-0.0015411958800739534,0.015660401619969296
-0.00909729206982035,-0.006007460728048364,-0.0020372679996687737
-0.005024875641614024,-0.0030129746860722006,0.00889831808944657
-0.012694264326459703,-0.008096936993568837,-0.023589626810790652
-0.014770870279324,-0.008958002098377937,-0.018867920773427853
-0.006811672895731369,-0.003710215448969434,-0.002103756386010902
-0.004146609778852395,-0.0023536933370394975,-0.000615204564559442
-0.016687526902920857,-0.010879782117476977,-0.03195438695273197
-0.0004211144373144071,0.00046622047951749845,-0.0017712827450694774
-0.012359219373369812,-0.00718961110888694,-0.009743514432129258
-0.002542172153373712,-0.0020874134311390513,-0.002925170664287366
-0.0030482113262463306,-0.002649231368291205,0.008820188889551765
-0.0014264913377434185,-0.000888652760196118,-0.005150296331077241
-0.008054751677565308,-0.005044167551264689,-0.014619893037462688
-0.008564745300044363,-0.005352318090326658,-0.005312040150650246
0.0011866589553641838,0.0008301924037226183,0.004958277384884122
-0.009991224956112932,-0.0052018425718205474,-0.0016690747647633009
-0.01068518611523106,-0.007498011307646157,-0.017737406578225465
-0.0017555763034766692,-0.001186295059981357,-0.0024220300551170554
-0.014750801762222765,-0.00914666081020743,-0.024022957822188065
-0.01015231378284387,-0.006108325610138077,-0.008824239542810947
-0.007851971816198122,-0.005418835808726041,-0.005759036671234202
-0.018581196458568927,-0.011998786208963108,-0.016797895800017566
-0.006467585670379972,-0.004048152946404482,-0.0216329299915421
-0.016819594778207936,-0.010278133247212162,-0.017341372297258843
-0.010718941109356117,-0.007425598169596648,-0.016184688905341305
-0.014702304378538922,-0.009569213878508398,-0.027980898857066
0.0014686092841210696,0.0012360341183482726,0.004948156925618619
-0.004176820080598387,-0.0021401942174804622,0.0022260321172137623
-0.011934207398868524,-0.007515177317755195,-0.009119635207759505
-0.006151751146540985,-0.004598135201065112,0.00900231890885643
-0.010908912276560434,-0.006468440262019981,0.0030170086195005913
-0.005354798955207962,-0.0029267504622030316,-0.014681659259761587
-0.006435799080016014,-0.004300195281268349,0.0020975950826228815
-0.01296376005459865,-0.008345510607047912,0.008911939229255261
-0.010918678507783164,-0.0066647323009437764,-0.019171520582689193
-0.008438808907546669,-0.005643598764408675,0.006875757755301061
-0.010806202589924041,-0.0065898774293634554,-0.02175680263993908
-0.014021588950460906,-0.009922700999752343,-0.014083569504613765
-0.011430298812858175,-0.0071749099932009175,-0.0037372659651701765
-0.013038429019256115,-0.008177443113362215,-0.01617864553341925
-0.008266160648376264,-0.005453241571399148,0.018293524530794213
-0.009230137917031422,-0.005631697068663066,-0.0035473548274374544
-0.0037268417550223587,-0.002198122089905219,-0.01620084563982901
-0.009167743005337736,-0.005605331471093766,-0.0024882604569659225
-0.006843160437222551,-0.003772130145483832,-0.01589404299252572
-0.0023826750720866707,-0.001090561000550605,0.00543048820543484
-0.0018374969227660243,-0.000976834446197783,0.02051772976740606
-0.006622484843686549,-0.00528484706283594,-0.016488441045355996
-0.008760818768484335,-0.005457702701135547,-0.0021354764646048796
-0.008493210885431979,-0.0050740030041883655,-0.007362603863580182
-0.007959623560837792,-0.004553575586877301,0.003814106681258464
-0.007912329899996573,-0.005230883055513891,-0.003846477529432228
-0.003256565744561346,-0.0016149276194959983,0.0021669596376989522
-0.004401774404887759,-0.0031058870268678707,-0.01089469850496589
-0.0034154840024749333,-0.0016298515367818567,0.006412091853144279
-0.007903108281868354,-0.003740018109473997,-0.01222519787631405
-0.01292869055892576,-0.008492335631145598,-0.024552443192060944
-0.015775017964126836,-0.00911817622303801,-0.0193091619113418
-0.01633739182627092,-0.011272594759493715,-0.03179370849472756
-0.009562086701582873,-0.005994379354821278,-0.013141440357996227
-0.011033019707509584,-0.007729020841170331,-0.018167615501526256
-0.011592472348675553,-0.008028617428962215,-0.006591249246113803
-0.009073429757545326,-0.005354423298994604,-0.009769521581322597
-0.013145697702642734,-0.0092150358977936,-0.027009333464941478
-0.005143058375340792,-0.003179833323542991,-0.003062779306716168
-0.007623442319869778,-0.004502025918034835,-0.004327036397150763
-0.010426177024737693,-0.006694365426982096,0.0010579191863309065
-0.010874791369152148,-0.007188588906915316,-0.023257494030464773
-0.01263661835520391,-0.008479537119516434,-0.007030548682928343
-0.017131449806062293,-0.010896183561828088,-0.019447375019939102
-0.014337777680244468,-0.009848974673970612,-0.024658228101018816
-0.0036590220187048272,-0.002010259673299153,-0.00816936257661035
-0.007193818799394069,-0.0048730169031871995,-0.029960811093344884
-0.012337899853679835,-0.008402226870235507,-0.024103324397773386
-0.016882433330153046,-0.011015424876677393,-0.017110463605847955
-0.009953819662268382,-0.005491321590838094,-0.0019926673508049997
-0.0023394508588882035,-0.0008191040984429909,0.018668537393704377
-0.002056339513234695,-0.0011453833960864968,0.007124393372687707
-0.005837273899523043,-0.003070964428534273,0.0037738155145445665
-0.008334834187612938,-0.00408643123022312,-0.00775083564182226
-0.003153251696556114,-0.0016607245688488037,0.02205215304914058
-0.0062458068800861355,-0.003793802409233993,0.005561785282903825
-0.0050425590693991,-0.0023927637045135786,-0.005538482358118865
-0.003020307101528452,-0.003058799802923895,-0.0038493471547695057
-0.011239870826242337,-0.0076934990324288854,-0.008180420445653203
-0.00036155349054889374,-0.0008213589033368995,0.0016664241117448492
-0.007705526787071815,-0.004348527840452365,-0.01716472611949619
-0.009686932079685517,-0.005844198841686299,-0.007875071229314433
-0.012942411768709583,-0.0076591380784402086,0.0031974338064345714
-0.007698955068085378,-0.005712238296594063,-0.0012711984670431414
-0.012547954437147513,-0.00894293450312278,-0.020035734301787185
-0.0036764544338282468,-0.00202507151689002,0.0076831618889598025
-0.014286566653159416,-0.008992370673038264,-0.015407891675822183
0.003995522021221998,0.002359027229573041,0.020232399427148065
-0.0035529348426347473,-0.0033069389058951737,0.012151609761707906
-0.007447126230409329,-0.0051924069107218696,-0.008866765779018404
-0.012624497572279236,-0.007774986141594775,-0.02123487060312175
-0.003189535359963247,-0.0013739587805213782,0.0036299799254017606
-0.01028333731512232,-0.006380497305433108,-0.013499638141788409
-0.005175892381902747,-0.0029099544979115377,-0.0031955786913209078
-0.00310071070680773,-0.002481855466330951,0.009224598316701985
-0.004889712273295821,-0.002473326928221997,-0.006688193668909742
-0.007872723962731976,-0.0058249043638087805,-0.007334910278365012
-0.012619874482673099,-0.008152331776185129,-0.021181817302172175
-0.014926788091251586,-0.01006769542533359,-0.024453378380187372
-0.00554610846044401,-0.0035499991861951408,0.003863322309683802
-0.012265516350103534,-0.007530307446354412,-0.0132895206988548
-0.012581928796360109,-0.008391399639352648,-0.014828735307021612
-0.009129554357472425,-0.006036852023482031,-0.02823614508347423
-0.008771204802467625,-0.005416954376394334,-0.008149374197788772
-0.00465138228882056,-0.002698359509475279,0.0017984684456314529
-0.006764573179578903,-0.004167515033304703,-0.006797279574577715
0.003416629965598883,0.002297982222218331,0.012626422340202552
-0.0021021100145789395,-0.0015126859224990907,0.022753737809544643
-0.017521412558055394,-0.011888547146145845,-0.018875965270533333
-0.011687340705142435,-0.006715641792097049,-0.016366402187200764
-0.011319508507922627,-0.0066076968920742996,-0.030694692058661224
-0.00908101745195733,-0.0066782449925102405,-0.02090609481623644
-0.00347611430884609,-0.0012154108870168212,-0.0020598592790370754
-0.009858683615578068,-0.005595214677866611,0.0003248449299319972
-0.014914914529586376,-0.010078120772155419,-0.02552560880156793
-0.00744382040560454,-0.0041580445013106315,-0.0007978826203681177
-0.004770109234237152,-0.0031068869973440716,-0.006902602136507605
-0.013861272756107712,-0.009004681425828553,-0.009799915123793898
-0.007630147764993267,-0.004362098042199114,-0.010923343460521935
-0.011094727229450818,-0.007645156401507869,-0.007525925045351191
-0.0005950269290340149,-0.00028880463862679395,0.013186050659089676
-0.012690644074291657,-0.007250934046441837,0.0009171344293239653
-0.010557132922032642,-0.006954296326278975,-0.008746508944265395
-0.00881897786357988,-0.005872942369440914,-0.013699648302270051
-0.008294955899808776,-0.005309245731689893,-0.01672010758764409
-0.007512151939624845,-0.00411055962892215,-0.011945218897708325
-0.0017508334227758215,-0.00038547187057291765,0.012249139987527469
-0.00624310025897612,-0.003919071967230958,-0.0018509760584177054
-0.007531228643461008,-0.005769337065695046,0.006626454091361915
-0.00598542026828508,-0.003501287085924454,-0.0033304313950116293
-0.0085284633873971,-0.005467610582680971,-0.010956976284166996
-0.010339552121232942,-0.005635381733718914,-0.01694445544359783
-0.015680769529851757,-0.010972387257488725,-0.011450477167984606
-0.016351516703594138,-0.010756586074302077,-0.028974945005689416
-0.013195956707821921,-0.008523463372926976,-0.01897144827527405
-0.009362287582197704,-0.005776904033425789,0.006470427643129273
-0.006659395551322778,-0.00421920116605945,0.0018804664475950833
-0.005570436202609885,-0.0036882987588860994,0.0009016456153824459
-0.00506471304105971,-0.003221508166863507,-0.01703063106466575
-0.01626887160070667,-0.009755444074839525,-0.019731529377110327
-0.011263308899693847,-0.007354628702175403,-0.01992499385695149
-0.010982872195376636,-0.007499690101772538,-0.023795150859466825
-0.0075917668585743225,-0.004605635781589346,-0.009309484875880902
-0.01248502888085845,-0.00779631285902338,-0.022893015530262115
-0.002175589823295243,-0.0008078757069300835,0.013672787645496468
-0.010893830932538817,-0.006377846205132709,-0.016543965288836164
-0.010995273593459864,-0.007550115256522383,-0.020454695418724488
0.005402570923117689,0.0034440194769164156,0.012341084021637375
-0.014026059872729979,-0.008397359211877231,-0.022841087644240275
-0.00588213374969504,-0.004019659756650973,-0.004753218241085072
-0.01502415170625282,-0.009343547350599501,-0.0179095860124611
-0.018193580671453713,-0.012297856082262193,-0.026721561566854443
-0.002844852083883631,-0.0022216304441640133,-0.0185689896487824
-0.013962337832484906,-0.00915698555153921,-0.022544118921460056
-0.004702641199065605,-0.002878341854677946,-0.013627915304822692
-0.004568176102468513,-0.002982412662923095,0.0032753643729899196
-0.00696888568193077,-0.003962689618289605,0.004993723623082452
-0.008448240408214458,-0.006846475048477907,-0.017439412309293467
-0.00942327433792356,-0.005988999651032834,-0.009798192255765725
-0.016416990825576794,-0.010597971041818699,-0.025924801602634724
-0.0040716787650633135,-0.003155874162088179,-0.013156985561780792
-0.018951338809270135,-0.012148130506304033,-0.008363809480576828
-0.015053018806795881,-0.009089589637754969,-0.018171243783072825
-0.008168452406509763,-0.004725461247036988,-0.0194310878392829
-0.00966848667705067,-0.006583550181128106,-0.006260988279694575
-0.004558804651664916,-0.002956098312319355,-0.007359606275236907
-0.00468781609920732,-0.0021977742347085716,-0.014477165666320707
-0.007904262872673984,-0.004882275705859196,-0.003420877290237531
-0.007102379086133759,-0.00394245471745025,-0.009807936531408705
-0.0013854184894270816,-0.0016668432939984656,0.026656082130202673
-0.01382335417468017,-0.008696207126367317,-0.01582655403430419
-0.004614562031419078,-0.0037230360970261778,-0.011052537606731264
-0.013496392412051472,-0.008192703862841655,-0.01218029807414523
-0.008595404283323393,-0.005103624346713409,-0.008909735566670088
-0.0020983629716960772,-0.0014392965433961402,0.004630484391409617
-0.005879399010863873,-0.003336459315348317,0.006194156145650331
-0.006247695872144132,-0.004180507074069806,-0.007216099201822687
-0.01615345278551783,-0.010666772485448672,-0.02737187417764656
-0.012088072908419067,-0.008957525255719134,-0.0072685705467012765
-0.01215560545281269,-0.007894193697154606,-0.010689379762944241
-0.015733334247492237,-0.009348110207271998,-0.0007067630188577617
-0.007164276633020217,-0.0046434141654153605,0.006348541809195994
-0.00413163922521953,-0.0032791088254430223,-0.008565147283690407
-0.004369436021782747,-0.0027551824653396784,0.0031166102332347498
0.0025157484658012708,0.0019131717708474882,0.011420040530843605
-0.00645611213146402,-0.0052811422289327226,-0.019790835894776662
-0.006574385046441145,-0.0040316546985113,-0.006227953893937432
-0.0025941485321017144,-0.001506073603584679,0.007563843543298341
-0.007637550793628711,-0.005424065283199497,-0.0005730544353209285
-0.008941557585405047,-0.005282361103403188,-0.0020365550726997445
0.0029985403775821817,0.0023572343598539103,0.027917306727882472
-0.00673670360555767,-0.004037783100343528,-0.00630158160397154
-0.00959050802425554,-0.006317465060569849,-0.011506317992147325
-0.009797637073406085,-0.007067302952432852,-0.005030924381593638
-0.016496414488179845,-0.01157119804097484,-0.024108452922517724
-0.003581557741554553,-0.002777671572299689,-0.007939910449700577
-0.011603278349565982,-0.007670195353395082,-0.01229143091783684
-0.011730995543534406,-0.006799535734352324,-0.02998618098543092
0.004257747333901385,0.003593299317001142,0.005250455090140299
-0.0070371440545906605,-0.0045386535054089405,-0.0064111947744039804
-0.008837882327783264,-0.005860528233219142,-0.009072754789607597
-0.004132456528229023,-0.0021744305025959143,-0.007516417952538976
-0.01039311514811514,-0.007457969030375877,-0.019844009144823246
-0.009309306813130691,-0.005490976492730226,-0.006901764038348308
-0.012233943892426491,-0.008292989230583414,-0.011552672105346024
-0.002258148127506132,-0.00043093458766685355,0.014480550310149817
-0.011798475109019546,-0.007845889873796086,-0.020714047720354022
-0.01739258214234307,-0.011894126969525298,-0.021092538024139247
-0.01319577289102869,-0.008056406918520387,-0.017868611806950575
-0.00323763449441572,-0.0027638136762913046,-0.007241041596082798
-0.007592706890684697,-0.004340971015198591,-0.008244489798062457
-0.013845303120941899,-0.008986478928532993,-0.01767645248493669
-0.004087385643220864,-0.002307236636237997,0.0077715923140290605
-0.023216369438432527,-0.014662848459672195,-0.02367618469687499
-0.011280747464440966,-0.007321833709400316,-0.011314845541517293
0.002342150414516686,0.0018887593926028012,0.027036280778155612
-0.006015938795612352,-0.003233265765286264,-0.0021883531288195007
-0.015431528885202939,-0.009369233410162825,-0.01786974118964494
-0.0067143101459627985,-0.004279000859937043,0.01217944840051119
-0.002439688900346626,-0.0008348377196980561,-0.0037426419114968343
-0.011523212809888106,-0.007782663913631138,-0.021747610608042603
-0.005529089909023788,-0.0036208729768165693,-0.0016050252758999795
-0.0143061374472504,-0.008223974984467253,-0.011060818134559308
-0.015394130117019622,-0.010099794254440408,-0.01652570670881011
0.002152376039427417,0.001234945316367475,0.022248321157103297
-0.004954927105738416,-0.003217184016932162,0.0036736271448358643
-0.008379333528988897,-0.005642498340660773,-0.013464584931155592
-0.006878004452736897,-0.004811042407785959,-0.0029649377763006426
-0.011765486202360287,-0.00799955586675749,-0.009565702302309145
-0.013340884826712696,-0.008529830676337724,-0.006271812384166922
-0.004734013361410105,-0.0025903733921371908,-0.0013171619036209392
-0.006353504474762239,-0.005081999157336203,-0.008814625437773838
-0.0026767060842821655,-0.002409272239372817,0.003833664434973169
-0.00898636209095316,-0.006066213265019327,-0.0052077182956811185
-0.0030468657539877153,-0.0018598283508041158,-0.01086111020850758
-0.00403708364158939,-0.0025410592775223506,0.014463043263732787
-0.005278194759651522,-0.003362502045646809,0.006994382272904831
-0.0020545831799779757,-0.0012428961067181277,0.007244242664440015
-0.007919939218228977,-0.004340657284582994,-0.008539578592853973
-0.010028390573590285,-0.006298237977326204,-0.01054477017641521
-0.008892267987350766,-0.006748214896664773,0.0010589177411150993
-0.0005757888468872485,0.0009885531586413254,0.016916639178349964
-0.010178407233312536,-0.006107333635542722,-0.018999040170816786
-0.009411926178944818,-0.005926938640132273,-0.003636473407380131
-0.007951349358522042,-0.004532483000146192,-0.0021881392859648963
-0.010016327692281668,-0.0068334510175682706,-0.017545956967875677
-0.0036340343129780406,-0.0010011274645044255,0.012622721566730895
-0.0017776179406598924,-0.0008823852421090406,0.013392777686693263
-0.008440633024790478,-0.005754071617293022,-0.01519103235011346
-0.011161497131986109,-0.007105249078143472,-0.008813565325853825
0.0011134643737099603,0.001963637796022044,0.02455811471320881
-0.010943714445137864,-0.006959887954873345,-0.0021742317189730465
-0.012160262649217879,-0.00778173961638795,-0.01693397210561698
-0.007959935003642893,-0.004907719295284219,-0.002714430678619012
-0.014361874046345924,-0.00965085721396064,-0.012307214041192165
-0.0010577992636761069,-0.00024275610556212524,-0.00044437056771839956
-0.009475103340932156,-0.005860024075176273,0.00031685912120693605
-0.009910499271889361,-0.006829782131431927,0.0013078550460706925
-0.013122949286206387,-0.009042558408522083,-0.024338996363714845
-0.009824949631861646,-0.006494150996180448,-0.018570367887075903
-0.010275972112693599,-0.006887127356540845,-0.011062854662082018
-0.00264481981520881,-0.0016665542889450213,-0.0036997329868923706
-0.005452850809754217,-0.0028899987328592225,0.012796182744315168
-0.00963158181723156,-0.006558218567774721,-0.006653052810141925
-0.008383096391761935,-0.005070837633023073,-0.021982865191158496
-0.005677228669110246,-0.0032247879917690625,0.010137965554337769
-0.013742227333133461,-0.009844931164721182,-0.022103731964326967
-0.01006675516776745,-0.005905499923887669,0.002659455349170378
0.0028557972376638263,0.002791625155427413,0.029534963471200486
-0.006305863754359486,-0.005388180378372853,0.00197192902080133
-0.0009566450294438145,-0.0003258317358305618,0.0013952744072865814
-0.0009697158358137337,-0.0008401199400486226,0.013742802765007067
-0.015003289600366787,-0.009499468487060403,-0.01849184520645073
-0.009891481287475856,-0.006366304521980171,-0.0065914849814564525
-0.01272037714612484,-0.008378252903626926,-0.026670414465044583
-0.01914302377463062,-0.01299346030948656,-0.029245916403402024
-0.009934413262376873,-0.0059601988555630925,-0.026814164831232674
-0.0051893595464309605,-0.00297327262651359,0.019735844332262928
-0.011132188203026971,-0.00776392222089628,-0.030973189725375473
-0.0033206138117390926,-0.0017775811227225269,-0.01266275099768921
-0.0042899486820704436,-0.0022587349276893542,-0.00978862877202065
-0.0177278717659336,-0.012185068494458884,-0.015402687077017106
-0.0038334473097957344,-0.002628754225299179,-0.006255663774334175
-0.008892442969345882,-0.005236822434208421,-0.0026403981713250604
-0.007180466198177915,-0.0042169199885662145,0.005082136874091425
-0.010620903238081736,-0.0074449504521780785,-0.013809548157907463
-0.014090817867824068,-0.009324414779346424,-0.016537463150978246
-0.014003955210834862,-0.00853664601573867,-0.01928821822147505
-0.012661856948424921,-0.008580387318590899,-0.009510722101753605
-0.0021379243922409197,-0.0012340955900614903,0.007200556484187458
-0.006958345130227417,-0.004008032444178911,-0.009070130470333206
-0.009240644851844282,-0.006198750775610273,-0.0009089021168473196
-0.0012278682019833953,-0.0018127211616146832,0.004259444115728567
-0.010401829405526364,-0.007207526428647859,-0.008182804926841397
-0.005125043160126186,-0.002901830953725537,0.004698904370383505
-0.010630737135567836,-0.006207924826434952,-0.004045219330931681
-0.005600943165807726,-0.00310476301553253,0.022696546975602513
-0.0014436534744113327,-0.0009035822808054483,0.003574380582093216
-0.011111992898232614,-0.007384728641950833,-0.013286828351812607
-0.008293582034722635,-0.005856082142899566,-0.01165005561811712
-0.008694855730517648,-0.004981970904477606,-0.02226580687168011
-0.008075691183934919,-0.0050751039964285205,-0.003274015469102151
-0.00972905691144832,-0.006686778466735266,-0.0034123118883314443
-0.004071028449885161,-0.002594841202462228,-0.008064671382781934
-0.010360589275973942,-0.007436623715352142,-0.015201053059434602
-0.018913574387918852,-0.01230172276704733,-0.026330242890471443
-0.007709099617730364,-0.004844430208443495,-0.010835864253079606
-0.008734739497195831,-0.005606416222975752,0.0013241821074502919
-0.017351302899480947,-0.012519097073795948,-0.028774871928370527
-0.011634070217167336,-0.007764553825752807,-0.01532030520365895
-0.009999951356298498,-0.005930758310279227,-0.013238251165640327
-0.01469960801591974,-0.008979601629983014,-0.010124991905514823
0.0013605658175944724,0.0009783046921890692,0.014509955237712813
-0.0030677597837236448,-0.0015546140261473163,0.003482714671794361
-0.006413986298344998,-0.003648467792070953,-0.004909074672554886
-0.013410833850563297,-0.008681426729221786,-0.010616213959307681
-0.010231131843204566,-0.00710039216115621,-0.01687409504538681
-0.006856759559852543,-0.004373814270358545,-0.003104684865010074
-0.0030010046982845706,-0.0014394321439130664,0.003489761598009518
-0.00936491896860403,-0.005039468221158194,-0.013104001664191914
-0.010000068643024496,-0.0058910010185244666,-0.006072712867735551
-0.01215461318495381,-0.007705971780547771,-0.020575111445583133
-0.004263135896865444,-0.002512049530248084,0.003174267200558599
-0.002742694165550952,-0.001614975994520873,0.020285492287118505
-0.004456974199803843,-0.003611813122552432,0.003297585940652159
-0.005113634156315716,-0.0030333145689934726,-0.0014778469242947637
-0.005006460367194987,-0.0028797803364988273,0.004567727170442369
-0.007611108197982164,-0.0041799744733947986,-0.005203689733320804
-0.002723623045758017,-0.0012921845034261636,0.01001340803088007
-0.01358548021918271,-0.008661581120841255,-0.020582685099158143
-0.009693149327259287,-0.0066532054628579695,-0.015219826080141594
-0.010729131020602356,-0.0071442268944307274,0.00038545289239794167
-0.005886656616171715,-0.002698490345704463,0.00738680724932788
-0.008035332956963348,-0.005460141808814156,-0.0009748846393593802
-0.005715714847190356,-0.0035779389958253693,0.0015536969526002975
-0.017020442118290013,-0.011333158932819165,-0.012092376543040163
-0.008075435149121568,-0.005831547471885079,-0.023810547387247943
-0.003999463215649146,-0.0018655862229305376,0.017275025586005
-0.003645841367419078,-0.002843751682998996,0.0011455608072576812
-0.011921971916533991,-0.007430411162718142,-0.003357004581046784
-0.008739853564995737,-0.0064427664097435056,-0.008253193134259935
-0.016190753310909134,-0.010910549332430741,-0.022780275474332527
-0.012107903432379108,-0.007725564123553408,-0.0024831696425380023
-0.005635232427418813,-0.003542984397883142,-0.006133386204962468
-0.009799071694430062,-0.005772059065467738,-0.00492621098040872
-0.008409117986295733,-0.005073366760533715,0.010195192758596663
0.0024096687494754576,0.001998633361587676,0.0029678773101279587
-0.0088680481148955,-0.005458830966123762,0.0010770533519705236
-0.004175150078305823,-0.002009606318409074,-0.011240049486663801
-0.008578096246352418,-0.006107245346044121,-0.015733228833380783
-0.009246017725643152,-0.005794133045645133,-0.011665843613493675
-0.017259062980666262,-0.011003724925215175,-0.019367231497387442
-0.010249593620690556,-0.006184877794989774,-0.017171567610265392
-0.005215436272877572,-0.0026351282594901937,-0.01440054558900931
-0.01287930498366241,-0.008857892607672446,-0.02024187037055134
-0.013145921848974784,-0.008080813820595334,-0.020704440068544876
-0.0059184270416445806,-0.0034473957893600415,-0.005716075685004929
-0.014023000611640857,-0.008551321522757616,-0.01661624472231287
-0.010859332721306014,-0.006733765723897611,-0.02506792657889321
-0.016288531517119398,-0.009995402188155644,-0.009843183157323646
-0.0006336234937361906,0.00010322794332451313,0.02257587515372151
-0.0113438761461504,-0.007394615463800824,-0.021978154911224915
-0.0019741817259378847,-0.0009602787615342612,0.01701973416650121
-0.00849216007022413,-0.005995668577653102,0.00818086515030203
-0.008377528670376,-0.004902482601445324,-0.007282706912806691
-0.01359930366266604,-0.009606409993808795,-0.014060514432201812
-0.02352046582636269,-0.01510319142261124,-0.01785631254128668
-0.011488326606871047,-0.0076252738730319125,-0.013286011845908968
-0.006541141043373222,-0.003885066056340425,-0.008452715813804773
-0.01907800114199909,-0.012393401272716709,-0.01839757445514084
-0.007530474637818307,-0.005148951205294572,-0.001019764746731447
-0.006856835084144475,-0.0059693004514936865,-0.010407945361891865
-0.00883229205552627,-0.00522384393601405,0.0016878868332945926
9.057396619838176e-05,4.380989623398168e-05,0.02656779206854673
-0.014145865709693672,-0.008962536896485629,-0.011462110370879477
-0.007645194446661674,-0.005033733974156074,-0.007884942781121125
-0.010717805615081732,-0.006983993062740335,-0.013945630752762783
-0.012515807954306957,-0.008071720370174229,-0.018554396251577676
-0.00718451098698869,-0.00493784146234999,-0.00020880685534534205
-0.0031745310762181234,-0.0010046003590851171,-0.004304774973242588
-0.0080321302090256,-0.005571004537770485,-0.010219792224281543
-0.0030740566174343176,-0.001869514912848036,-0.0006093493781866854
-0.016908158688729746,-0.01087718587169173,-0.004880473299511079
0.003819277132368848,0.0030470662683784733,-0.002699541485069769
-0.0049272886512374825,-0.0032641440245637643,-0.0037003002900873605
0.002940782423934918,0.0016925702997427905,0.027448270631877818
-0.011759221747316917,-0.007491095979444196,-0.013623279070596322
-0.014245141633770109,-0.009476909335056849,-0.01476012418053587
-0.013444325441126281,-0.007932576071269182,-0.0033743714920460854
-0.016720054840152043,-0.010396783554483924,-0.021561208200980404
-0.01414962880002768,-0.008953985700979272,-0.02109561193003061
-0.0054206421339663136,-0.003551143569380688,-0.013196495430236536
-0.015266528940602986,-0.010138624936254503,-0.013709731390449093
0.005542719413076269,0.003253849924923835,0.009395023538170719
-0.01130753545997032,-0.007804468281340404,-0.019356637783467426
-0.002805433628864318,-0.001131040845029685,0.008926486228785793
-0.0002663313726833927,-0.0006292318134446528,-0.0006665116815694205
-0.0025159412988972063,-0.0026190750921800676,-0.008264282598075122
-0.002509609425917936,-0.001656184653271997,-0.004178121760035146
-0.01840892861278398,-0.011576204239402199,-0.022193208113552743
-0.012736681952860374,-0.008966520114590093,-0.02112002437318384
-0.006002042276402553,-0.00369386061779553,-0.010064006612925579
-4.6794347486889265e-05,-0.0003149142652150161,-0.005329421115225524
-0.01524103063224258,-0.010460921865543482,-0.026545762279568334
-0.011406501611838649,-0.006433418311583061,-0.00624754008059919
-0.012844771112960562,-0.007569832756907369,-0.019835073041041887
-0.009867281869200162,-0.0066111380556894694,-0.01415392771921982
-0.0033495486208371394,-0.002869171938726711,0.004728788051858189
-0.0005782341511144651,-0.000560738410657402,0.00965600947425057
-0.017609770355272003,-0.012176826635834304,-0.019218845809250193
-0.00709516869487492,-0.004336523347463372,-0.017644176896339833
-0.012460461503387199,-0.007517188101517469,-0.01691099407049127
-0.01727419655190343,-0.010997691850138214,-0.023065747645514764
-0.005874719443131893,-0.004051125791145194,-0.0029210958582823812
-0.0028647936914913963,-0.0018258426695669794,-0.005678704099870757
-0.01003915304302716,-0.006082303352196172,-0.0002603945486712722
-0.006848381621008759,-0.0045674596343477925,-0.009047956994064861
-0.004290138302669777,-0.0021605162492409624,0.0038993458572225345
-0.0068972742612827265,-0.004651064798753102,0.01312517076913592
-0.010060169118517592,-0.007207059652149073,-0.011801393698644011
-0.0036955297097571727,-0.0030455268945929204,-0.011737557467720539
-0.009882748475222525,-0.0062983984415346805,0.008149291071265281
-0.01217364244168262,-0.00724869107311743,-0.006038532612062539
-0.00897157974108298,-0.00610353059579305,-0.009164079574001033
0.0007784150983485283,0.0006053735515717529,0.007866583162149984
-0.004410937053367037,-0.003136111055923485,0.0021506881888125814
-0.008171753531121206,-0.0050362728045650895,-0.010022190998966639
-0.005429772688059997,-0.003276409018146742,-0.006941352558063753
-0.010764532953833061,-0.0064572788552416105,-0.014537770205557195
-0.012305214821222266,-0.00786183890421388,-0.01133472910137158
-0.004464993349945101,-0.003099297894388342,0.008134060431610246
-0.008827553459180848,-0.005510946432966124,-0.026377125603764075
-0.008745043989986656,-0.005705554484928377,0.0010213986341930867
-0.010620152789977633,-0.006288870915037714,-0.02005465606849239
-0.006602752743198326,-0.0038178392561938335,-0.0026048458880428838
-0.012949210352734664,-0.008428467766256609,-0.024831559450238676
-0.010027135407023158,-0.007134956958242844,-0.014527922364329746
-0.009378647957083208,-0.005897480662924948,-0.012916618110012414
-0.0012196298117195248,-0.00027894823643070943,-0.005208622261786096
-0.00308095703176392,-0.0029848797820165585,0.005354823450730406
-0.011682545638448283,-0.007428863775161498,-0.014744354888555251
-0.002239858133172956,-0.0008203967337052642,0.034387600482180335
-0.006869482421835937,-0.00428783522976206,-0.01340908928514458
-0.010454336777992346,-0.007306953200961641,-0.0067138333098601954
-0.007062488405555234,-0.004708182732089061,-0.007041284365519165
-0.00855275100019759,-0.005276490015377666,-0.008774760147546523
-0.0028128117470515024,-0.001489553043439229,-0.0020174505317067312
-0.0037221185422455783,-0.002799961344731816,-0.00493488129568468
-0.01737291393063156,-0.011436333448774705,-0.021796563237119614
-0.011234412362992052,-0.008198582559729828,-0.0014309953361005961
-0.004874081480077508,-0.0025421286331045456,0.008022004395914557
-0.0068887189757564915,-0.0045353490626790505,-0.012047490233305563
-0.005377986059111883,-0.0023784472210178764,-0.0019892086953670896
-0.0015861996454262783,-0.0018461406868692798,-0.0027917665372991646
-0.009833352057925904,-0.005853776639400565,-0.009857813155316336
-0.009225350982315583,-0.006300550296929774,-0.0054033997649720125
-0.01022978815026332,-0.0067749524954408,-0.015116877643747813
-0.001190668679482032,-0.00034257985368524313,-8.639679218038626e-05
-0.004090751361656264,-0.0025077397513224575,-0.001346821757450975
-0.0146645946055316,-0.009308152793470303,-0.02328518698325909
-0.015793294183296336,-0.009921644592662426,-0.024407220936093814
3.970214725868004e-06,-0.00011128587737185835,0.017096254790596288
-0.01849630669478708,-0.011928221899779712,-0.0120675840298764
-0.004493179140426018,-0.0035466924604515837,0.00042714061260364783
-0.008030522354525393,-0.004383597041522469,0.002268156331834588
-0.021356211165605266,-0.013812141039096726,-0.02842442548777349
-0.009259200497097386,-0.005368512881297471,-0.015731166681687947
-0.007811980997054491,-0.005776339510688788,0.0027327203090243696
-0.016868079052834717,-0.011970641816150152,-0.018647361152445717
-0.008346603569824862,-0.004761754734735502,0.007334525098641929
-0.010086691514634039,-0.006572809857195772,-0.00031405699310829704
-0.004278170927836444,-0.0018484983804807342,0.009607717016613962
-0.014286861720396726,-0.009101445876788183,-0.030065386346995033
-0.005603703930291637,-0.003226242632871079,0.00046747998106235616
-0.008093423727018267,-0.005697024160609132,-0.015418579936805253
-0.004126728152223813,-0.0018671216173778982,-0.0006874682075026298
-0.013183457489697625,-0.007808039716834636,-0.007947273847710115
-0.014059101188388823,-0.008584330511397176,-0.020165627116615077
-0.008123555926124015,-0.005518087289919427,-0.010530342760636878
-0.004743158422660931,-0.0033488200058656714,-0.012338649016368913
0.00024133795710934436,0.0008507240452789722,0.0024641480503340904
-0.00820814800251879,-0.0051173468417042844,0.003385966031480593
-0.0037658588045961228,-0.0017652975300509466,-0.009102674311015073
-0.0073341012619322354,-0.004666173702171039,-0.017572972312417584
-0.003927910373454968,-0.0025885204011627527,0.014432161586615859
-0.01406325986367607,-0.009411501518070353,-0.017467855432325242
-0.00743189550768808,-0.004891893717423379,0.011283415940134656
-0.001299841063102436,-0.00018167913612132658,-0.002712424361018269
-0.01642163350402348,-0.011187866488676645,-0.008898464646607679
-0.007033795136716203,-0.004059573534061278,-0.00991375759208308
-0.008504368421787256,-0.0050173917951519265,-0.023711475908095934
-0.012980260227634544,-0.007701636140908463,-0.017362262593955673
-0.016757420956970193,-0.011066704367555191,-0.015202236331054962
-0.0039432971089129465,-0.0016318816039619932,0.0016899206333245917
-0.013491377699790807,-0.008341696765495454,-0.007529148073688242
-0.0020204552725796576,-0.0015465303256693153,0.001288967103923254
-0.013411547096616516,-0.008140607097339547,-0.02634502228204926
-0.003386091688108217,-0.0017789736712542359,-0.00540891876246976
-0.013082718896237688,-0.008899425327353883,-0.006046936767471124
-0.002998684203793789,-0.0014304885870423112,-0.0018753086869803537
-0.007929849505816211,-0.004678728267957899,0.002656031115686193
-0.015554150506555398,-0.009374105213665995,-0.026439366993150852
-0.0031761633117324273,-0.002111794373253928,0.015763455821566484
-0.006260186720442706,-0.00431167546775979,-0.013978153829988828
-0.007403541208595876,-0.005311340092561179,-0.0032373932975893194
-0.014478828017081224,-0.00910407217053133,-0.02668520827310434
0.0019459486779387358,0.0008336380207150107,0.019111075048447723
-0.013723324523174707,-0.008386806326307505,-0.022852286747894468
-0.006426481790240524,-0.0037964519446922473,0.007653054282468513
-0.009107220599665067,-0.006070313273293548,-0.013496777329835175
-0.006802244269666247,-0.00400961054509863,-0.010384967028818574
-0.01044549265131256,-0.006070700234715232,-0.006669530068881366
-0.009504970319725636,-0.005933848766790595,-0.003344532107346629
0.00032412719360830344,0.0007174769860208707,0.00859608601341632
-0.009824187133514184,-0.006261114910949828,-0.016966805673757412
-0.012116162731211078,-0.007938183313722424,-0.01362482146667695
-0.0055299884726506265,-0.0037268705282116343,-0.005719944095819579
-0.003636840248146478,-0.002478318196286966,0.004135450874260975
-0.009648267648542652,-0.006098915348535128,-0.016648495770362294
-0.013078970733251483,-0.009144856360048581,-0.012168502811668612
-0.01570297339066351,-0.010436033753818186,-0.017437109532312353
-0.012837947642118208,-0.008494856062251421,-0.014793718877408102
-0.01019269508647358,-0.006844454138032141,-0.0017411736463945754
-0.018479563643205577,-0.013212075992120043,-0.022034427651183443
-0.005622810911859011,-0.0031371108115259005,-0.003300874680760013
-0.009653023193084476,-0.0063432577530762035,-0.007612744434858959
-0.012459740556380994,-0.008792822730261274,-0.009763708269836573
-0.012463577090552014,-0.008100868301378461,-0.016586236018427264
-0.004729487604046345,-0.0024277469585619604,-0.0018458054772997404
-0.01277287997214116,-0.007180923076472778,-0.004181011817511397
-0.012524782099016862,-0.00732754011248582,-0.020311141858646582
-0.01609952113318258,-0.010728431175030306,-0.016146031305528392
-0.006283058819117282,-0.00458684393453046,-0.0016731800420259207
-0.007899981951271506,-0.0046310186762589245,0.003486264004388215
-0.00823749773990401,-0.005377225903179683,0.0060953969105138756
-0.014776149093203461,-0.009614217058328878,-0.021461372069779723
-0.0074025116951517145,-0.005564038279788575,-0.006156189676093882
-0.012039109527026914,-0.007395857542178974,-0.014303744445417911
-0.0032578676332670753,-0.000588847884137822,0.004341965899540334
-0.011674402739389467,-0.00858772125841989,-0.005868346828986369
-0.016401442609868977,-0.011031587792195707,-0.018487092915585743
-0.005706885723584687,-0.0032602616367800596,-0.015726397664244995
-0.007093099636279687,-0.004469218800579933,-0.013000092207315371
-0.0066040423599756926,-0.0044566769018981045,-0.007432829628055235
-0.007337422778537217,-0.0053668678270603065,-0.005013742505928807
-0.01430313763942992,-0.008751596421313401,-0.016153799241869132
-0.010403168081351888,-0.00726618643462551,-0.024232975672059294
-0.010447352937131726,-0.006466691236049038,-0.008967445878903114
-0.0016593013146553037,-0.00045702075739306736,0.02314058879011928
-0.004728820917134224,-0.004077314107915342,-0.007260351953538011
-0.0005454750860538482,-0.0004113302518934381,0.0015838015040371412
-0.008260826622303208,-0.004198689123910859,-0.004700438453210533
-0.004606665299132895,-0.0031697857835271126,-0.003985574293899584
-0.0004739054637507012,-0.0013374027506384278,0.009860643975571508
-0.010262725562872999,-0.005486027818849104,0.0025013105580272144
-0.0018135403118505478,-0.0006414367333061888,0.00473948152762186
-0.007014212362726258,-0.004407240961911363,-0.008496355738728208
-0.006764887763361038,-0.004717899155081029,-0.013751878705180423
-0.012713660485546563,-0.008647225234665878,0.0012616585085163667
-0.008289124719156216,-0.004182827988849613,0.0023304326231394223
-0.015272500567504621,-0.009907924084130326,-0.015417354277579877
-0.010948696519632262,-0.007511512503368012,-0.012435517933571692
-0.006184951108887948,-0.0037670002624015098,-0.0019254891349235886
0.009431834397414018,0.00627686516801218,0.02158942089145613
-0.01709264298701141,-0.010803954372715197,-0.015133552105255986
-0.007031721827213788,-0.004620973396939232,-0.018264668766765864
-0.008540161832532145,-0.006269330505018322,-0.004194016451583266
-0.008408489164168143,-0.005092217264178633,-0.024927670124160195
-0.006855378288974201,-0.0042280757344757,-0.008157966489284532
-0.011616034351405902,-0.007954709971556118,-0.015010294768777216
-0.01133553155576461,-0.00626294275073902,-0.02101899196363266
0.0012234884632522647,0.001182383975536272,0.016042541172091168
0.0007218680813043665,0.0006514724849070452,0.004465127321834031
-0.0013898161433892886,-0.000571784922336005,0.002690579877917876
-0.004742849983639275,-0.002057188503659879,-0.004699886988649843
-0.005164212830729875,-0.003198135632931254,0.012238605221299464
-0.013318780607377123,-0.009215524013883258,-0.028846426017904304
-0.010827382723945456,-0.007886720024650185,-0.019050363038472365
-0.010255433346657017,-0.0068789441625899395,-0.008249780595153071
0.0014148789357681935,0.0009277973771546488,0.017084417008704687
-0.007785061844040819,-0.004919865035192927,-0.006168427572144135
-0.0028866674205967335,-0.0016250409562927892,0.001793001723279966
-0.011769646107187892,-0.007956633118833767,-0.009907004914931634
-0.010232964920071752,-0.006801412616695535,-0.006686129143911028
-0.011926647257540446,-0.007807109622718134,-0.015183995077558632
-0.007590809741722437,-0.004546683659321649,-0.011105444916461503
-0.01161745978858475,-0.007515275721380332,-0.015724248680767106
-0.012133321526815677,-0.006637975005406527,-0.005855719848139068
-0.014948862928413464,-0.00917235541632544,-0.014530257430162653
-0.019377079582759915,-0.012473158146409036,-0.030932889210312065
-0.006536192836689381,-0.0044132888395737035,0.003918217604355297
-0.003042545729223911,-0.0011463467344957623,0.0003585772608609705
-0.019990494028036876,-0.012679355501885925,-0.023768793700555152
-0.010078634571854872,-0.006391333735537907,-0.0035005032546493245
-0.008368495473782711,-0.005426058566897818,-0.004619982859897322
-0.0022402650927459966,-0.0013940477375701255,0.008258134062898798
-0.010086785707580814,-0.007224702799115135,-0.013365085725337914
-0.012431018268822203,-0.008257831213985267,-0.03220540117616792
-0.012588310309560535,-0.0076272384177009656,-0.015876955902556507
-0.006242606583484633,-0.003703732869986043,0.0010341727996351843
-0.0009108417004871638,-0.0006024691311348196,0.01620084208977423
-0.008521515185343942,-0.004494854769158896,-0.01272413634734719
-0.006070440377937358,-0.004486859660238984,-0.01388981617342195
-0.013762632184969092,-0.008301700267682732,-0.020336056968998907
-0.011873477875206873,-0.007435880237741221,-0.03454716392321458
-0.001899218594392238,-0.0014139842183499285,0.007975354790090435
-0.008783800090335414,-0.00538986867712854,-1.2005634970661816e-05
-0.004401563530370245,-0.00220206285191471,0.0024976304636942365
-0.006463157650994145,-0.004626835354803127,0.0012390196972255005
-0.0035288221088933813,-0.0019582029398710343,0.011196559626308361
-0.010804967199600113,-0.006627223742493693,-0.012308329086294596
-0.013511920710694514,-0.008278283677187415,-0.005421708425802529
-0.0037335466198157308,-0.002696063097135437,0.0056691711588378185
-0.008728638398801447,-0.005276263252087077,-0.00966143349450007
-0.00945407728912473,-0.0054449946617523,-0.0018036548123414181
-0.0035091350022964374,-0.0022696656978442586,-0.0036962561905784577
-0.01057280112515846,-0.0065991160208478394,-0.00716955553148188
-0.016671598980726565,-0.010564446326448929,-0.02648855017370979
-0.006503733047159566,-0.003771052766494032,-0.01489063595468157
-0.0028493258189989934,-0.001078504092874022,0.030966221113494577
-0.011384287312796948,-0.007010002311130914,-0.0015155336613132397
-0.010902698386454857,-0.006699746536365625,-0.025613163224904333
-0.013101322150849026,-0.008682460340489917,-0.014276673149461551
-0.008381257815533782,-0.005530862473433373,-0.007761865585142032
-0.004757895578401561,-0.002633707605526503,0.004658774701198055
-0.012808375868035515,-0.008389631106541895,-0.009712321264434234
-0.005589478744003951,-0.003330058123206525,-0.005956379412337107
-0.015886836000060023,-0.01013469127560318,-0.010606568781012266
-0.004613951457434595,-0.003134935550197393,-0.010440775742184112
-0.01941721935113616,-0.013409531304014677,-0.01102919287261133
0.002649609820502774,0.002260607740068643,0.011758724367460276
-0.00524597846788899,-0.0032489547891354498,0.004649206657336875
-0.014283831855552598,-0.008639786777188907,-0.027261900663897977
-0.0033629200177996976,-0.0017049951354194404,0.014575509971174468
-0.0001370517796566162,-0.0007104127646467839,-0.0026940934317975992
-0.010695521022487164,-0.007329374278675305,-0.02092705117999772
-0.003878307556477112,-0.0028895178648479236,0.003689513372184247
-0.004883003701348865,-0.0030488440456653,0.006891585898399402
-0.007979925173255409,-0.0048824335778258066,0.002830248959909659
-0.005539037909962907,-0.0038715586525638335,0.001987104981214398
-0.0076728906500770355,-0.005229687916491033,-0.0020143954393453123
-0.005274077321491433,-0.0026157113052183156,0.023222097454851764
-0.018193684491411455,-0.011545320837898831,-0.019111239585224662
-0.010838451637297353,-0.007973101273814565,-0.012718114595917172
-0.014837333167393107,-0.010658062451254002,-0.01958570192290493
-0.004667971154125428,-0.0027350748016973236,0.007987305738585367
-0.014389295819638659,-0.00942422581544633,-0.023281020970730752
-0.0005422089591431423,0.0001446251191808967,-0.004562475581994421
-0.009775642819426,-0.005397008349035004,-0.005096086248469342
-0.00020505989332886276,-5.907343155997502e-05,0.013184705086622166
-0.0067596832587166755,-0.004209647955883189,-0.007097268814125354
-0.016994949387171387,-0.011078449453701955,-0.03084376176760649
-0.012015558532657677,-0.006448295839108775,-0.022746872020625974
-0.0113314438961023,-0.007407628987228687,-0.011791797652686946
-0.01152684996792841,-0.007935622795324337,0.0041567456839022784
-0.012479765828926737,-0.007920971510772756,-0.021171409206430118
-0.011896983685957707,-0.0077073359462223046,-0.0218443880536014
-0.005377039074602186,-0.003701218710831955,0.005112828898148819
-0.0172795899989987,-0.010599523858700999,-0.022325828817545454
-0.010542269245148561,-0.006179599086757692,-0.017253702609170744
-0.01285516782545626,-0.00825661739680128,-0.01898285885484334
-0.016437724720641977,-0.01099616243011059,-0.028279502866234978
-0.01751804112741029,-0.012091692807099208,-0.017088233430912557
-0.00200177949739766,-0.0009281395148160732,-0.004604566588537522
-0.01149008811766472,-0.007718094007576615,-0.027129673434646027
-0.013756608875936327,-0.008539168318644985,-0.020675321898547476
-0.00267023623494711,-0.00156349357009411,0.00019131740663112795
-0.0042149399082653805,-0.0024222483541067596,-0.007981144791611626
-0.004692875070626656,-0.003647919098470176,-0.015826060583790873
-0.004683375013286528,-0.0024796766987319474,0.006757313130533779
-0.011554698973043398,-0.006594767818221325,-0.012132117758245131
-0.011545211251716592,-0.007067499349475814,-0.020978297918897992
-0.009100049822979073,-0.005876865751570093,-0.008248604445145462
-0.0132531221102411,-0.007941156136943794,-0.014081207424864448
-0.013115994704148037,-0.009044920258516442,-0.018999871604399907
-0.013886735434499475,-0.00953765981298016,-0.022951798615460074
-0.01007339680327013,-0.006744377309952032,-0.020408967872560746
-0.0007016981369021291,-0.0007787059132240426,0.014707964923751912
-0.005045938945998363,-0.0038980750666569586,1.2499264086897333e-05
-0.017545118412232497,-0.010969148218221703,-0.019493912531378665
-0.015307135733813482,-0.009967561068968789,-0.02292409158841486
-0.01093985360281391,-0.0065094336340622005,0.0012775897351114396
-0.010138861452676728,-0.0061588228765451225,-0.009946548152680854
-0.0022871135148907484,-0.0005476710508338645,0.00671842214851158
-0.006068944990983871,-0.00395994702735436,-0.005110715586199535
-0.011492720088266184,-0.00802025639023074,-0.017194301874335384
-0.000496741691556335,0.00039227721552481665,-0.0036444763128264668
-0.00785854592255919,-0.004880223573669795,-0.002985678600677416
-0.008614525526181915,-0.005677778641580256,-0.002840822296584569
-0.008722557434928557,-0.00524554304469238,-0.004340733141606774
-0.012368214080847428,-0.00791487758424736,-0.012958356725594748
0.003025455464137572,0.0017254259896634094,0.017106452900309328
-0.012313045635509723,-0.007827099403637794,-0.018372514938298876
-0.012481251444962926,-0.007628359575367782,-0.013003305622249883
-0.0019313838747138101,-0.0001220804922464902,-0.003183705623520258
-0.011794979819462426,-0.007548993652804703,-0.010690675773149597
-0.00980966168626951,-0.006397589340560117,-0.009769895771751573
-0.011072173671009544,-0.0075561736705209714,-0.012523854168496391
-0.0047242672578010625,-0.0031965587962351494,-0.01029195831251914
-0.009994431910199442,-0.0069021372907649425,-0.016483510244733865
-0.004659987048845071,-0.0019465483868197353,0.006421221351511852
-0.005534488336240706,-0.0031731132919528005,0.007319785548727989
0.002017490670839006,0.001554452515109328,0.0024379721943770527
-0.010889971932394604,-0.00738638234055089,-0.01525642030811656
-0.010261206545168267,-0.00664878528588464,0.009784981789010404
-0.010549499545892571,-0.007148670016529413,-0.008515341984747037
-0.01247254344191262,-0.007709696567217872,-0.016073565093828228
-0.011972774448517853,-0.007810866768720115,-0.011796831822509263
-0.008041885340656196,-0.005250489405200343,0.004208833545280212
-0.003595502832529962,-0.001939725723368868,-0.0072804916714030235
-0.004564146823081261,-0.0025857109273378365,-0.00013486965958328656
0.00204172409930814,0.0006337566748844115,0.02082575825689604
-0.011109600288578547,-0.007900930770135095,-0.01822587048919471
-0.008519052713792497,-0.005470979458574332,-0.024554467381355072
-0.02009068239261369,-0.012671314130767497,-0.029978402309174715
-0.015148200932833533,-0.009885679110829493,-0.024834873286221783
-0.012790509936897676,-0.007886132174725557,-0.010440312635736089
-0.008982253568266652,-0.005898880604429446,-0.017790162278164212
-0.007913182286506282,-0.005742773013214353,-0.007513463650523522
-0.007543233267756633,-0.0042667771194532245,-0.008419462140083642
-0.010962896558580515,-0.006418667043157189,-0.003167262558568404
-0.007346732170540493,-0.004108089170986706,0.00977899415949006
-0.004262195310435923,-0.002513356654918142,0.010518362394463826
-0.002582894466480634,-0.0017595428936408863,0.022312774020892552
-0.020101549946576536,-0.014034269294686319,-0.027171039909120134
-0.015090759660700614,-0.010054680717774933,-0.02032719919569983
-0.006782979584691429,-0.004874943392804254,0.0007084309679481551
-0.012100182367213552,-0.008344579722906587,-0.026876406715037014
-0.01130432831987882,-0.00824380237240252,-0.014539854762922619
-0.014770735486648201,-0.009079418696439245,-0.02254411221948014
-0.003565492827011685,-0.002414887305739244,0.0011524533978140433
-0.001658693269978695,-0.001325505493486312,0.003196729276236626
-0.012154081449914256,-0.007866275812947188,-0.020285762683863576
-0.009859356705732347,-0.006459008562803459,-0.011362924137892493
-2.9002512904829914e-05,0.001159559879031602,-0.005611274053182784
-0.006317092700541038,-0.0038646570672392633,-0.020142878638462
-0.010387130372432885,-0.0063534079329122806,0.0001675243420514727
-0.0042146803701630375,-0.002428250597956705,-0.015869471318270288
-0.00791504973171353,-0.00483862715493355,0.0020218863730177214
-0.003388066381991517,-0.0014244851544324977,0.005872733297889399
-0.010338611964656463,-0.006313330706682718,-0.01734445502448919
-0.008588195811833121,-0.005571488675240821,-0.011172201250436331
-0.011120490319813214,-0.0066823365963559755,0.001602282995937239
-0.009654678507791892,-0.005979748316596645,-0.023520759875769372
-0.01748427192147528,-0.011035763354705908,-0.029942359033541914
-0.017998164879633127,-0.011689142737243419,-0.01284707633949033
-0.009414604552994699,-0.004970663187011559,-0.0055921023781946785
-0.006489821603200108,-0.00417654542771051,-0.003882302054980566
-0.008423892893682172,-0.005271349354931121,-0.004414357410728972
-0.005639212572969177,-0.0034887893046632312,-0.01114601258519303
-0.01730885457200071,-0.011388257575455918,-0.02564055294200203
-0.0016151748566769486,-0.0016050615423269798,-0.002089350750360222
-4.824865286168212e-05,-0.00017068003172004964,0.012091892375312295
-0.0018420249477002493,-0.0011436004805300826,0.00818269952113368
-0.001376537016225865,-0.0008170845961301687,-0.0026203039135656303
-0.004111967151039342,-0.0021947904251902184,-0.007306497380384962
-0.0033671217253625763,-0.001888113736695618,0.002721640907401332
-0.019277326306620712,-0.013165321287001097,-0.025130617471266277
-0.005894819414374419,-0.003978103906843944,-0.002800181155443296
-0.019708191180724866,-0.012644419991251654,-0.012528479498436808
-0.010888586061855055,-0.006186995958458841,-0.005207324373671225
-0.005965732453411143,-0.004126872931054626,-0.0021689795256900624
-0.01186829709633097,-0.007671655248749798,-0.002866218641850729
-0.006271386316460403,-0.004714208882602766,0.0017043630479731259
-0.006633856429904994,-0.00432554003399066,-0.011926269820601548
-0.020183892293747285,-0.013879850232608848,-0.02101782465825043
-0.010702942116783909,-0.006426933792313183,-0.018191262416120506
-0.0075927018892848475,-0.004954846351975295,-0.0036571221531595186
-0.010811957401121175,-0.006478602866578198,-0.004490747377632352
-0.00746669680058909,-0.0049041750648906035,-0.008412732893163376
-0.006835271590111103,-0.00447836981982308,-0.007194215811707781
-0.015817935181629772,-0.010771895766509831,-0.027604938704213308
-0.011257558670173307,-0.007120100551798791,-0.0032736918239153687
-0.0018000922238681216,-0.001280176376999509,-0.0007125138676081222
-0.015410447381584258,-0.010144458124029976,-0.02239950480033611
-0.007054755081781994,-0.005467515368426379,-0.006919510356587333
-0.00451142423000761,-0.002527058514812608,-0.0002412533774836037
-0.010998447475137119,-0.0074625655887906595,0.01027290304420908
-0.01350428998230524,-0.00951757800203823,-0.019838822997704772
-0.01072695219138442,-0.0070372025829589235,-0.010649545459339875
-0.012361433037016978,-0.007984967840862556,-0.007811977071453931
-0.00675983806212177,-0.004378003546054554,-0.025475939123492965
-0.003162918994155439,-0.0020904799694646536,0.01544004480947471
-0.0016910709732189666,-0.0009350664153446875,-0.0034680974555076696
-0.012542557085068351,-0.0072446932411691645,-0.011204033988628272
-0.0011845482803097829,-0.0004512286401828769,0.014766734235604616
-0.007021368509586345,-0.004787510213287827,0.002989308646681954
-0.0027210994261307464,-0.0018157245536375433,-0.023174386284863763
-0.004964330418396723,-0.0037832010777074654,0.003324940884384439
-0.009765846115802335,-0.006057584577240704,-0.01359182148847509
-0.0042839870396576,-0.002409559850092724,0.011212249224713491
-0.010437438213874994,-0.007352233577576417,-0.016194266906091187
-0.010981521018212925,-0.006208748090351657,-0.014178678990743251
-0.00333483942294599,-0.0016279463785097148,0.008864494110100318
-0.014577782149789775,-0.0094908613696697,-0.019744015524693896
-0.004512573190964875,-0.002517591063463165,0.0071732776188886405
-0.018434414569532653,-0.012327188933057176,-0.029923443982971504
-0.0034826444411385493,-0.001975112423778347,0.002860968121858355
-0.0041249815178738825,-0.003491314235744003,-0.0017755971313968347
-0.006672319941691263,-0.005115964360486114,0.004147805958836452
-0.008621361511938153,-0.005222014877244829,0.013926902701495304
-0.007637873106446591,-0.005036297639725462,-0.013971417513556864
0.0005484839119018758,0.00016382646167201198,-0.0007696279568121175
-0.007471855713976461,-0.005659250965768803,-0.017183154513926407
-0.001122292787988144,-0.000880005764756886,0.0073763351940935515
-0.005179241210978347,-0.0028802492533696045,-0.012858394708610402
-0.010007150662310171,-0.007179080103337454,-0.013222821409849088
-0.007447089636616777,-0.004467954618122549,-0.001244410662818475
-0.006360728206382782,-0.004228920407899461,-0.003941395544662073
-0.007569172899045573,-0.005066215252526818,-0.002456486729708565
-0.007637802786398473,-0.00446959673188263,-0.005276340696932155
-0.005256396664671814,-0.0037944079468793523,-0.00865996613187698
-0.00906427258227438,-0.005763844199159207,-0.006207448349005058
-0.012298089950305346,-0.008171670417281174,-0.019617541490860868
-0.00853866206876741,-0.005705222859399006,-0.008597996228589422
-0.010461815787456197,-0.006608625862128736,0.003291109468634562
-0.005812803630948049,-0.0030032916568817347,-0.005675364263864294
-0.014730219874892425,-0.010001506753059997,-0.02262266197016808
-0.006663252638990702,-0.004541724295359262,-0.011064476692409154
-0.01093656488522543,-0.006446462129687802,-0.013444172285247066
-0.0022106752156960674,-0.0011019181069535922,0.017003530826067606
-0.008711422395943025,-0.0054825715267170505,0.005765333372592947
-0.0016406242449453767,-0.0015378626555824226,0.00010164712738743031
-0.008867538653929308,-0.005077801127369219,-0.01529641244533314
-0.013967531472419137,-0.008790545627189617,-0.018514841808181158
-0.0026429606070875744,-0.0007167956339448889,0.01135657439173321
-0.003638267442788501,-0.002123331784305127,0.0008366537367268459
0.0010077016293171814,0.00014980805390385488,0.013081272214444349
-0.017837234724230266,-0.011147149363834874,-0.0072532122750639805
-0.008881375443058559,-0.004989906909883879,-0.005904570162088299
-0.006856678174483211,-0.00349491142154823,-3.368664923941722e-05
-0.01467778799134567,-0.009372199122320901,-0.028953485921847953
-0.016770544550340882,-0.010735038641497496,-0.019933291869012576
-0.003875090844423723,-0.0027360715024034032,-0.00241827059523933
0.003978162341002345,0.002474449429701875,0.02734636778323316
-0.007478665475449731,-0.004657540257455128,0.005074217752893871
-0.013325459027250353,-0.00894804303247565,-0.01162539117019993
-0.005465986839349957,-0.0034933290323981847,-0.008601247295630415
0.0006607886426925891,0.0010070620478809245,-0.012910926536416158
-0.0019190638473883803,-0.0018494744810817476,-0.0029477268140401455
-0.003528648134693113,-0.002889352994529748,0.009563520425447732
-0.010535784426538908,-0.0072319736954199465,-0.011532973647972379
-0.011409060729681952,-0.006560543060141533,-0.011352185744696729
-0.0036460113437546404,-0.002597947928939859,0.008030071292796946
-0.014370981967276375,-0.008527872758287924,-0.021111214603535995
0.001600274072355412,0.0018001507696122632,0.002547564113591416
-0.01112122645065483,-0.006746453613855952,-0.008344080168883522
-0.0001280301289627861,-0.00028599052452016327,-0.0019431776546242618
-0.010508064597097744,-0.006922913668328312,-0.013334630205726304
-0.01532565904158767,-0.010037448396176152,-0.016500954538837265
-0.012523580899405085,-0.008068528639956885,-0.005603056902113955
-0.016052034516730762,-0.01011620846654293,-0.01571441652044943
-0.007173166061282599,-0.004499221055015323,-0.017283145735032764
-0.01272481681368931,-0.007734532594489751,-0.017824614972052663
-0.017691184347929934,-0.011008069722658886,-0.022029420040766794
-0.010077105882127069,-0.005727804121958502,-0.009380635962426033
-0.003465075544174967,-0.002446968816277262,-0.008324157395072404
-0.007940286492388426,-0.0043348714940898425,-0.018601782614529216
-0.009715743228918883,-0.006328257153362937,-0.01135529904103072
-0.009519115676130174,-0.006602893692211231,-0.02544802258715704
-0.004972987540411644,-0.004044907615169846,-4.2681839679516165e-05
-0.007331244087582234,-0.004734236522983437,-0.013611677529097838
-0.01307129371552429,-0.007889936319284363,-0.015487089195817622
-0.0033214523109090788,-0.0021094166693192973,0.0021171645995592472
-0.013453518690289545,-0.008565535540866587,-0.02663659455872388
-0.013044744413460263,-0.007877517806345047,-0.019681081965246143
-0.006227060922765926,-0.0034765445148793317,-0.009958579186825675
-0.01002725383567804,-0.006204688253087398,-0.015015556109140772
-0.00863276225240528,-0.005294551455069296,-0.0005599268915389491
-0.008929126800559462,-0.004772628670545287,0.006409346060181231
-0.002998404885897421,-0.001206601412273689,-0.004369846638383551
-0.009558297574994046,-0.0070367697492117465,-0.015202932815669076
-0.010017800542558186,-0.00648006940346868,-0.008397759615631717
-0.005581793385750711,-0.0031052454629747483,-0.014558361842243375
-0.0065837304542086805,-0.0044069828200790084,-0.009003159232252679
-0.003922779401057452,-0.0024681658567846654,0.00434146773991774
-0.002959031302170234,-0.0025728472348083287,0.012270035337050962
-0.010741392714678555,-0.007132335268186463,-0.022978674146580218
-0.013493754814481451,-0.007781674607449385,-0.016235977784273006
-0.010145003023759869,-0.006970249694584596,-0.018874616948673095
-0.011386444287154851,-0.007274580062192948,-0.016731424871224518
-0.01187663613461154,-0.007936045403847403,-0.021256593821379538
-0.004891859449472791,-0.002243340867007615,-0.006162877715024516
-0.011592935061555787,-0.007838303759577836,-0.016975229291527776
-0.012030645549286012,-0.008041135629819895,-0.010280444752237793
-0.010951021794307958,-0.007228222147137031,-0.0039045675236602725
-0.009566923837740049,-0.005531863946400484,0.019521984690984637
-0.020217816276419276,-0.011890510594745107,-0.010512494221543045
-0.009217577585093006,-0.005711367736112805,-0.0158060453733534
-0.013371549868014587,-0.008703344180306272,-0.019822893508909194
-0.011300874985891607,-0.007143898483078837,-0.018358293520741552
-0.008131656983236368,-0.005798465846020506,-0.011857375904531411
-0.003828841033894803,-0.002233368789401169,-0.0002718680935076753
-0.008103221886831324,-0.00584372426508406,-0.019286493315546847
-0.0071679162970195165,-0.003968997081961523,0.009370007730362027
-0.004430231267744222,-0.002023570081217896,-0.004307815100977573
-0.007366025842931445,-0.004267429363838282,-0.0006858087531084051
-0.0051943001949171785,-0.0035159271242946044,0.0036230819195692127
-0.010408299946590538,-0.006853968497137597,-0.00909794970326594
-0.00892336577655417,-0.005810553099624194,0.0060611960172995485
0.003679223421354072,0.0018628975855597973,0.014428409537952928
-0.004331586020322575,-0.003191946261513645,0.0023270320376166734
-0.004923252797367272,-0.0019595702586882036,-0.0043494016761534485
-0.021207946388429155,-0.013469292083546414,-0.01799522153257157
-0.007887528211075856,-0.004439032967504364,-0.01113834684309134
-0.010363653580385157,-0.007129062592089452,-0.00677599174925874
-0.011120233592575857,-0.0075231081270590305,-0.030996481995233402
-0.010745592249047253,-0.006451687368399961,-0.007136829323117384
-0.010538185658341415,-0.006583468742743959,-0.00728476698408282
-0.012369298388833161,-0.007677907862945199,-0.022419593126740793
-0.003139546012873473,-0.001310865462088917,0.001629909923312134
-0.0020603068195231833,-0.0023405587948004403,0.015777942162609818
-0.0015899510545914763,-0.0009241940872747323,-0.0023900677806495615
-0.015122436920365967,-0.010773111188476236,-0.012537166109449369
-0.017269171973038677,-0.01047312301319181,-0.014791249417677288
-0.009175219267940626,-0.005760298459348778,-0.018931950864904443
-0.003249532196076932,-0.002121379041991278,0.008990049696837227
-0.00801299987799442,-0.004540422995793381,-0.0051034991561783385
-0.00898450504451398,-0.004949703679622219,-0.0069305727052294056
-0.0034685726654661853,-0.0021683391710826116,-0.01603901212094403
-0.01212693252854502,-0.0077571756714416296,-0.02355401002233507
-0.006359457085209019,-0.003944698399012347,-0.012219065718037138
-0.01004089438326805,-0.006037082155017082,-0.014816841294993312
-0.010212420004546141,-0.006943460210383723,-0.016165027320220626
-0.0019022837161316586,-0.000650102684911058,-0.003106827812022428
0.000996266324187145,0.0011653678234817555,0.012755892610212732
-0.0010054518870026286,-0.0010663174073294313,0.010564546290929663
-0.013139752082040546,-0.00830707337851877,-0.023702144183178335
-0.004229720724828856,-0.0024850346269444934,0.008996881781163688
-0.00648941559245475,-0.0031944775374835865,0.00529598112268579
-0.009100598169177743,-0.005170211302049976,0.005066540238097453
-0.010130502390692908,-0.007257679722956212,-0.019698806977562308
-0.00641895848422902,-0.004234928061447207,-0.004841656769051836
-0.008772439992885017,-0.006259507669016617,0.0023447805141572284
-0.014078986197309074,-0.009552047043583811,-0.014006974575027274
-0.010400800705133606,-0.0067320342747754225,-0.014793560738725203
-0.0009664675864909933,-0.0002642098215294153,0.0005923844552554874
-0.00347043832361027,-0.0028596273983156895,-0.0017653635483435015
-0.011836336518640467,-0.007781028669405554,-0.017346129235514242
-0.012788968193808925,-0.008538002172372106,-0.012417036743979308
-0.010534180989715813,-0.005873911282617383,-0.007714654651050028
-0.007546934551256768,-0.004499636833301568,-0.00662666777783593
-0.014984915561118028,-0.00965183499910871,-0.018717666032105743
-0.012643007096896586,-0.007860484277557367,-0.014182829299037553
0.002279478799078416,0.001818593552235348,0.015948544027687542
-0.016694048691297758,-0.0111924558875931,-0.02342635444081436
-0.018458210196405478,-0.01161297182530141,-0.024005401431319635
-0.004405643307978324,-0.0033325920900011408,-0.0029318589178736823
-0.0049735669750796685,-0.002297256286655336,0.00988327666951467
-0.006239529401260047,-0.0035864385697712553,-0.02118782619002115
-0.002861123781728314,-0.0015777476640501664,0.011573658591076202
-0.002209779319517602,-0.0011755442131109461,0.0015524583836414238
-0.011372567501036879,-0.0075857433786929995,-0.015136377545168354
-0.011643687431850847,-0.007104935741696683,-0.026817078347786218
-0.004717655483596039,-0.0030136659648214437,-0.0021226330580700406
-0.00985018519124159,-0.0055099529713298345,-0.003853184625365255
-0.012192100763327884,-0.0076895367938598636,0.0036877112051112992
-0.0032145893300731254,-0.0020032013900793677,-2.6634945825498857e-05
-0.012496351582748755,-0.007681776870419599,-0.012050541668268633
-0.015395522600680667,-0.011077366988637816,-0.02663419817948532
-0.009016380185540629,-0.006520375940160639,-0.01518297709094877
-0.005554801246209329,-0.003551650681018814,-0.013662484891244692
-0.005654258588814964,-0.0028969820000793733,-0.006209894537857863
-0.00321662861210692,-0.0016738232880115778,-0.005781736876269851
-0.0067095653749073,-0.004540663278193691,-0.009155709012259448
-0.010648778522123536,-0.007009015229954008,-0.01945170862885863
-0.005587925458638621,-0.0033396145660490317,0.0027832412862484474
-0.01286651676480377,-0.008271685928096684,-0.017263323748224396
0.00291164974195679,0.002020862710795157,0.006547169380292241
-0.005287453284815835,-0.003822686981311052,0.00010109480615248106
-0.016144280201939254,-0.009765590454657969,-0.026167866933396088
-0.00563822577287687,-0.003684579963668888,-0.00017125393796994792
-0.007319188090404549,-0.005427903238790832,-0.005490331353800185
-0.00862101157682249,-0.005541243921796668,0.003208997952045975
-0.01295951621229352,-0.008208777589315375,-0.011986221482484953
-0.007243251821244856,-0.005459781391404683,0.0017899004184608255
-0.001844099841234348,-0.0013558210820919792,0.014614008401088563
-0.0022231602645202964,-0.0006542119120048762,0.015425285054209321
-0.01241320390429479,-0.007828233942649199,-0.0166306599405312
-0.01098139659980013,-0.0069587797757063585,-0.01626176664180199
0.0021206377557717593,0.0019249461347370378,0.04169844685276497
-0.013160746449906502,-0.007671082169478316,-0.021328227566857587
-0.0062029765323867725,-0.004983985563355442,-0.007069922633280996
0.0011085297030405394,0.0008854535524618345,0.02623683696829578
-0.006432352327241153,-0.004765252030497935,0.0016972978408991493
-0.017207751014083006,-0.010047149443215608,-0.015836961136074065
-0.009383442930290697,-0.00559003993389473,-0.01028766638385896
-0.0039329038895510315,-0.0020193943753298305,0.0021873789052192574
-0.0057203110949958225,-0.0032676271550160507,-0.004123917851239667
-0.0038501058910895836,-0.0024908800887397664,0.010089271765867068
-0.002020605315748658,-0.0012618570258350337,0.0056794144536660846
-0.004490839719171302,-0.003072296367905958,-0.0031234805810756924
-0.0028210675909686733,-0.0012272243758755241,0.015451166820190251
-0.006146202531146172,-0.003647331267810472,-0.018661100981378784
0.00021053240153112718,0.00013706776333788362,-0.008445256735236342
-0.008285121747828694,-0.003414315426846004,-0.00681087276494758
-0.005512725219954384,-0.00393985175156264,9.542963071590416e-05
-0.008331949562786156,-0.005586643794772028,-0.0034922954032463455
-0.008411717440503508,-0.0057092845078380305,-0.018858006835302442
-0.012087627837817139,-0.00795494740662317,-0.009141962911139445
-0.015301168646833396,-0.00997962190457391,-0.011665506285882574
-0.003030266080560562,-0.0022437902803110754,0.01087702534470053
-0.015711819908618918,-0.009902806805982434,-0.02266629926805798
-0.017043195905280695,-0.010442827691957923,-0.02752522765148048
-0.0018207373169981667,-0.00127935316573502,0.02232355037707895
-0.006222056293272327,-0.0036921070010424994,0.000703030609337886
0.0003150155061616422,0.0006887872488254843,-0.011971287160903593
-0.012988747200885498,-0.00786733473813428,-0.00797002967270783
-0.007892932854490886,-0.005457731049105408,0.007404444944498691
-0.00883250299009597,-0.005451320954586669,-0.009168884680986207
-0.013094823335004446,-0.00802351628666187,-0.017182162876498028
-0.014320452078832813,-0.009877294698100503,-0.024205782375583552
0.0037809170289268,0.003095471718588594,0.011829483921347451
-0.007473747503224493,-0.0041471004764088715,-0.020213583226136086
-0.009394289505011533,-0.006231183404702745,-0.02038717655817976
-0.011571249640629722,-0.007909886141471034,-0.01650345838681646
-0.01029674634018829,-0.007372767118205004,-0.011448901202461531
-0.008267911709224696,-0.004768909896075035,-0.012873377602662252
0.0015539862974088825,0.0007963563371187199,0.015251577905427124
-0.015307112434518322,-0.009892377550113407,-0.02861152489834687
-0.0017169936221299587,-0.0019361707598278821,-0.003700480783389512
-0.011649246038515804,-0.007218717513109318,-0.005041508133217951
-0.006537916656464526,-0.00443065868904402,-0.007335172947939089
-0.00480692760228818,-0.0036564343398280963,-0.009189614008531313
-0.008384845539547214,-0.005061745450314681,-0.015155457470349618
-0.01074375860723531,-0.00656499814349687,-0.018233448763986623
-0.01299799621319575,-0.008927899362561331,-0.025150881698917694
0.0036661049880507557,0.0021611029293732154,0.016462200557835087
-0.0052755302024378725,-0.003266492855084624,-0.0042259548549534315
-0.005010630008369876,-0.0033607636198167423,0.0038451223473753293
-0.014290305102399148,-0.008842069143355391,-0.010012276290675526
0.0028964729269240763,0.001985094973924517,0.02037611858773472
-0.004690874101321629,-0.0033574392549169385,-0.003978066009906696
-0.008869447815825104,-0.005962138694130759,-8.361509876463058e-05
-0.003185060056695499,-0.0010892146130998537,-0.0013336429315994186
-0.013637211857309595,-0.007882812085645785,-0.009515634482613979
-0.012987445440811762,-0.007820555114431138,-0.021614497883244918
-0.00971828310868339,-0.006316232001304933,-0.008991296798193125
-0.010999393147732128,-0.006907588439345247,-0.008749667553491339
-0.004720172970827274,-0.00344929179161102,0.000703462989167139
-0.0066609636453877075,-0.004054816403256889,-0.015070471114376947
-0.0015511763499692632,-0.0007131249620506708,0.0070672847395441205
-0.0012740191971452042,-0.00031002753637443536,0.006285760715339581
-0.008381886144155914,-0.004832929636797267,-0.009127994673500235
-0.001613078862836348,-0.0014744661324691544,-0.0017719470414670688
-0.008579051012467365,-0.005101302338306746,-0.005075496894985494
-0.011271855229240235,-0.008056762938107087,-0.004700885893896244
-0.012531201997470487,-0.007888892793551316,-0.019893342788028325
-0.0077271780944696555,-0.005187520717768068,0.000640717960908907
-0.020664047548226705,-0.01404290775797229,-0.026251755496160704
-0.004009949888023945,-0.0024733774532196273,0.005005906065815066
-0.005177351119269202,-0.002996764275913222,0.0031005574221253385
-0.017626960948233572,-0.012200800105858223,-0.014114943353284629
-0.003921190911643557,-0.0029366923626551467,0.012787793403810935
-0.012392107484556658,-0.0077308914128382256,-0.018341467302950575
0.0020094732458576514,0.0017000944668930096,0.015074801405648458
0.001628888178873189,0.0015947010911164794,0.008908731420849449
-0.015576081526681995,-0.00993355917219474,-0.021789914176951967
-0.006771655264922294,-0.005070002477256641,-0.012558201138211246
-0.011184602924012577,-0.0074790956199281,-0.00041426796831277313
-0.01290255644721039,-0.007770793748831273,-0.017614399825482463
-0.009694852994181602,-0.006379832952621567,-0.017908523404678238
-0.00864838302206472,-0.005769019287368726,-0.0034522039513960948
-0.018482276914535967,-0.012762423354729102,-0.021632408088322556
-0.009029327372742202,-0.0059430378622153945,-0.01409871700546618
-0.007932551920157072,-0.005016165454491017,-0.002093095901515546
-0.013831338860724962,-0.008814820433567627,-0.02230313631899395
-0.01905325040487371,-0.012971543567618093,-0.028123311203277476
-0.010110311847840392,-0.006659246417398235,-0.02285237971959609
-0.0073029271988517275,-0.0050103929986214935,-0.004431729407421724
-0.01706351667372097,-0.010949204205830565,-0.016301817552139053
-0.011917878493530099,-0.007708466408839709,-0.014617918312970796
-0.013335713272887961,-0.008797707807861932,-0.014326234987082812
-0.006930213678003172,-0.0043364654964660465,0.009406515143975565
-0.006461393774655266,-0.004071958097705997,-0.0026512859146421014
0.0028138855267678675,0.002054514746608338,0.014543917732450264
-0.015454504992369666,-0.009949193854179472,-0.019544098412831147
-0.006557991425159337,-0.004011874317019659,-0.022558778330653197
-0.015169953143076453,-0.009736414445177477,-0.01759128612058545
-0.00678219114386458,-0.004099604061024609,-0.0031285494196979374
-0.014060609912346589,-0.008419852723005494,-0.005822576289360427
-0.0015524675792959464,-0.001622695979883071,0.015965110351303193
-0.00516883233236487,-0.0027529139451982765,0.003182408364417612
-0.008986858167635892,-0.005476023377694372,-0.003814178029924377
0.0001670141914537071,0.00010394888278031367,-0.003820532727586305
-0.012790874742440561,-0.007439185469622189,-0.018945606677083178
-0.011969086380307803,-0.0075619396367148095,-0.01484046185005937
-0.005587478543552238,-0.0031240026673703403,0.006098833019662894
-0.008434154737930188,-0.00540046944512107,-0.008598338167747153
-0.015040378071717875,-0.009581639607680548,-0.00663780811093051
-0.013882293715634542,-0.008788289550182071,-0.00946749394052037
-0.009614507882606649,-0.005973141866121412,-0.010209319900156215
-0.006103342433546932,-0.004072007873395123,-0.017508671482502798
-0.0162002288596641,-0.010737556317430341,-0.02280225068102997
-0.009585550308967905,-0.007087967166059972,-0.01679639982731187
-0.017483719606315562,-0.01108301075333673,-0.024621029281046425
-0.009067360084301312,-0.005850079435319677,-0.002970799886223098
-0.008106179467096686,-0.005911099604500314,0.003234589276768965
0.0014030959073050298,0.0011676710294468151,0.006277230993065333
-0.012938234454067832,-0.00797021886971161,-0.009635767334069699
-0.00787522285872333,-0.005631520308534643,-0.007046267734811054
-0.008582346637394211,-0.005153604563078895,-0.003092885081303648
-0.011323499785318769,-0.006647580922845342,-0.006391414632730956
-0.001781926272234391,-0.00032909060217722885,0.003628537265944143
-0.007630937258648274,-0.004647409406049907,-0.004114714220228306
-0.01725462876223849,-0.01089533693257394,-0.026161856146650238
-0.00945390540189861,-0.005657588602747343,-0.015169649887152463
0.005130677344907908,0.003748352426118595,0.039684999637237005
-0.009410420811061693,-0.006055148790214404,-0.009502986230455937
0.002169479449401601,0.0009650996233491194,0.0060459288136073056
-0.00859508772648987,-0.005306261598161388,-0.011881799918065435
-0.00518711457680332,-0.0037928020740113366,0.007550293628093709
-0.007474315855305447,-0.004517262233369124,-0.010818730068864066
-0.0067837471905209945,-0.004738424181691014,0.0077799617758588235
-0.0020089275143925223,-0.0016454716190930085,0.016513007279053513
-0.020383752623798213,-0.012760975712889089,-0.028161927774689656
-0.015059604110216118,-0.009740963688257831,-0.021931583768295827
0.002328079393887239,0.0019597022389762353,0.016468854637509456
-0.004388746063112348,-0.0036899709240011402,-0.0009580990660593772
-0.00886447362281495,-0.0054121708236649635,-0.014002876873250997
-0.0014347949717651298,-0.0005312268996010561,-0.0063874778084305195
-0.010780906892882802,-0.005985808517705471,0.010414002204745351
-0.009588172734082745,-0.006190294449440525,-0.0040680607065963145
-0.005473059018405113,-0.003908213083338663,-0.0010228339243676457
-0.0081807908189937,-0.0055111612633198526,-0.009051725459233106
-0.0020757363158336872,-0.0012112225321566639,-0.0008665140781161443
-0.008175575617969888,-0.005585751866899025,-0.0066828524222963814
-0.003958094569898041,-0.0017511420757105878,0.0010559236485265314
-0.01748561837909879,-0.011498458199356687,-0.02521583868193642
-0.00472128046640552,-0.0025568142772987024,-0.008349059933893802
-0.006525107393669294,-0.0032633164374400447,0.009078248771997088
-0.0035947161477883904,-0.0018636251957849792,0.010135369849836075
-0.006067634369294472,-0.0035666489653702893,0.016021929427069814
-0.003391177382043531,-0.002015844692649371,0.009212750264590265
-0.010880239439566619,-0.0066637001020415365,-0.008986499942710821
-0.012872340525582393,-0.008012785130818267,-0.012033585595393276
-0.008236454557117967,-0.005478336085079083,-0.013666454239128864
-0.01914600706285252,-0.013239878549975881,-0.030438495400633904
-0.010257265910083246,-0.006807828654133652,0.007135395337513714
-0.004308874097896043,-0.003057146648178022,0.006795633381735569
-0.0016626587491073153,4.182525078955113e-05,0.002043164185850911
-0.009014865998410504,-0.004930991147318764,-0.010231552531186718
-0.009038744255267961,-0.0047229826263742725,-0.0184121901491019
-0.0037866815797537035,-0.0019716874616000357,0.007889429036771617
-0.010231159598707795,-0.006765408700466158,-0.014350808245371827
-0.008729320541099095,-0.006146819469852849,-0.011446928061693264
-0.005901559066891937,-0.004158914108413292,-0.012031159688288572
0.0008617718465946389,0.0005557612253965782,0.022983007853308805
-0.0068426340674715425,-0.004373286786735209,0.005456489368201277
-0.00960837134837722,-0.00580965967130509,0.00047728422398331943
0.00709505773401653,0.005104888403357322,0.019606771189689363
-0.009791065446291713,-0.006345227281467691,-0.016114336795058228
-0.010762072915907028,-0.0069492137745877924,-0.017896242165842895
-0.006246979790358931,-0.003579304338361289,-0.0015455976203189378
-0.016255438842657788,-0.010003121362985756,-0.014930837602977504
-0.0131716739198241,-0.009142068044880602,-0.017007989321384955
-0.004236106663218608,-0.0034651619759356045,-0.012944741293516124
-0.00657144654489028,-0.0037725784163249454,-0.0018339016536503688
-0.009688261312721824,-0.005837306907343742,-0.010481568918137327
0.0009509280606739834,0.0010897802009065538,0.023823438777368547
0.00432611084128065,0.001962724041763564,0.010108015013735393
-0.010746749232254493,-0.006950656701340874,-0.01769217257707588
-0.00853534348160423,-0.00508202302704841,-0.01077261557565816
-0.009008671138346358,-0.005467310141500814,0.0009935925705423093
-0.018199500534729296,-0.012767510822456085,-0.02201910585635057
-0.0034439107586129447,-0.0017062363243349754,-0.00773982480329681
-0.00997593607853331,-0.006012275265779854,-0.01035031441113949
-0.008581541898392553,-0.005053178939214309,-0.0024063541503989427
-0.011163670833213346,-0.008148574970410327,-0.010096664157067455
-0.011959191816606096,-0.007259211653853459,-0.020739807486005173
-0.005393277033121091,-0.003624917392500593,0.004520195438656366
-0.015870493087379645,-0.010563328838266162,-0.0397144862084307
-0.005943581597445902,-0.0034471765047237035,-0.0002819339032975876
-0.007346326147710025,-0.004014470117975066,-0.014555827970497454
-0.010093097823627661,-0.006610272854853494,-0.013129047364784478
-0.0017418417595093105,-0.0020359786169854566,0.010937215632055894
-0.003120114753946357,-0.001315349468046012,-0.0014096707716131363
-0.009775883665744223,-0.005772106759212692,-0.011151117419311962
-0.016003579247842348,-0.01007540720031308,-0.00747779625208006
-0.0049392760686503,-0.002878521036919768,0.000639674561636272
-0.008281546980193677,-0.00529217860564557,-0.002656916390286826
-0.014935561411261067,-0.00967663862185597,-0.01921216449085058
0.002473955983729903,0.0015698111627004963,0.03938508474293738
-0.01734581221043241,-0.011194203641149203,-0.008517674589205916
-0.016812908183471365,-0.01120008374318382,-0.0336606098870346
-0.004136986109165353,-0.002701190864040748,0.004271201926692045
-0.0053678011979119145,-0.0026384316062371127,0.00029402563419096694
-0.009665818736460441,-0.0061968460910178935,-0.011966455005441592
-0.004405156677493416,-0.0018443119289442977,-0.0042223496168317595
0.00046213232497305246,-0.00021446664565627493,0.024154983361273655
-0.015618156690786589,-0.011078361555140415,-0.011991675215755927
-0.011760362203141805,-0.007473610290844146,-0.007890524899098424
-0.008214283510713072,-0.0052193900787324,-0.0022986333714887786
-0.005801140360890189,-0.0038437824272326004,-0.005524917907197738
-0.0061565750819485565,-0.003591854491007185,-0.010162682359566418
-0.008698126253148142,-0.005416155172839332,0.005554169575113614
-0.005892563512394089,-0.0034826872543139986,-0.01589964481564521
-0.008723170279992587,-0.006006659691960792,-0.013518232719373698
-0.0131423249069067,-0.00796306732170915,-0.013049745918359362
-0.01490608430255369,-0.00977272330202461,-0.019116625680897024
-0.009442422542341622,-0.0063114771701175965,-0.005329438723293015
-0.008468191009302073,-0.005922871391809248,0.00039779889673119406
-0.005640002091127472,-0.003681673378164163,0.002109240925195918
-0.015969148046630743,-0.010707097949376077,-0.017676032403726435
-0.008820255349039297,-0.005622382908163526,0.0013139306432139591
-0.01281855914294805,-0.006695497017831231,-0.007122058415675495
-0.012067949612114326,-0.007664729184038821,-0.0167098007248176
-0.004788422877982534,-0.0028606253188608877,0.0020377958923144396
-0.014247066130630537,-0.009278458060336892,-0.014993651181101776
-0.02140475273124054,-0.013674768938001292,-0.02150710455913269
-0.022960122915640424,-0.013900630031960015,-0.0119605457595659
-0.005781097562747584,-0.0033867558566494926,-0.0037578031101792864
-0.009816015879380191,-0.006234022759759372,-0.011293825170601096
-0.007405528362749436,-0.004788198503219765,0.012621156244386006
-0.006252459452090076,-0.004108219437016669,-0.003721154557395294
-0.008675903874833746,-0.005710608804619932,-0.007489045535416024
-0.0045306345649048785,-0.003128575513668075,0.00856813623764377
-0.004667266279812954,-0.0031936089894584185,-0.012984166529842349
-0.001578616396613497,-0.0015179072898116042,-0.009183813789568354
-0.012340279530707265,-0.008202223930751762,-0.023105290126111448
-0.012234032398357075,-0.008040054827864074,-0.01609564385443025
-0.00818712158513002,-0.0048218598924337774,0.0018693973739448352
-0.005323960878997558,-0.002879370604160325,0.013172151268247119
-0.008935569787685504,-0.0052112051789974245,-0.010639536498147972
-0.009343770978464283,-0.00691614170228072,0.0037786717667104286
-0.0032096270819798045,-0.0023613629261822755,0.01770228265051685
-0.0007514153830053827,-0.0007172598948481657,0.011668847790758344
-0.009065173291758821,-0.005115279492115432,-0.010403301476774408
-0.0017987664477066012,-0.0005667756882319352,0.017079590688656
-0.004817577827598951,-0.002837459916855467,-0.016081982779698085
-0.0007731557568978475,-0.00031577849181507744,0.015552938448256837
-0.0035337938036898997,-0.0020943383307470143,0.001400618473243416
-0.008051348762327604,-0.006120240962211532,0.0017457597617133863
-0.006281818451750465,-0.00411130333253007,-0.006495504677241713
-0.0016683557615762012,-0.0015115361747427558,0.005081420813789463
-0.004261804556482396,-0.0029122620369089747,-0.005667899952708597
-0.006709656787141194,-0.003874518600205046,-0.01305541183846469
-0.013501077688594765,-0.008956330839105409,-0.019092976718316175
-0.007037168910367653,-0.003727115250704127,-0.0072878906720144285
-0.006284413893566265,-0.003233383756713004,-0.016401099271165703
-0.013218190701507981,-0.008601885038337143,-0.028053426501235833
-0.003445748310032859,-0.0016042111703812312,-0.003353107936977566
-0.0020788821099085864,-0.000924165343044625,0.013119724340388099
-0.00392902862716793,-0.0018325129334698653,-0.01060803977895676
-0.008804718405153178,-0.004671974676848656,-0.00686300319089702
-0.0015382799417005266,-0.0015422389509758272,0.013057302352607159
-0.0016911777651313908,-0.00176300677865604,0.005537517611486555
-0.006038872623320368,-0.003629254333008869,-0.008588429110877864
-0.0010891186408304998,1.8758411012953502e-05,0.006251034317289614
-0.00467053238968429,-0.0031813640306230795,-0.003063485350090482
-0.013629144187294662,-0.008828803579986944,-0.0038358437966495296
-0.004759756779834534,-0.0031814593689267756,-0.0008242397814642727
-0.012705808860698053,-0.0069273911790052045,-0.001231272362993141
-0.013874001045779072,-0.008713549499321016,-0.01405782893714281
-0.014073842719153684,-0.009001365280650542,-0.03064482604370477
-0.007242199137950545,-0.005053723305114222,0.0003925806565300491
-0.016320865418134378,-0.010866504962195989,-0.017204993611044654
-0.00848077601978836,-0.004869558301794252,-0.017735307119505543
-0.015323212325467739,-0.009969401764336805,-0.019008390872276813
-0.010589528685291283,-0.006301635706573161,-0.016137423519522937
-0.01571768956212638,-0.010424319708822627,-0.020936190911656993
-0.005317087407573751,-0.0034656616808235174,0.016031061192616325
-0.016233124203014038,-0.011530301087578798,-0.022388765872711443
-0.008583994730162026,-0.005795669734682596,-0.013604142640840478
-0.0013629352791271199,-0.0011069443634039722,0.008544670059015089
-0.002898844025293723,-0.0017520702109854458,-0.0033864940719072686
-0.009152443319385029,-0.005710907036667545,-0.01722443299583548
-0.008976692471223457,-0.006053046166211495,-0.012265381027666722
-0.01382426914177226,-0.00922246998198728,-0.009791982206049654
-0.004414079614499022,-0.002882534527459568,-0.01403902845949924
-0.011977792588744873,-0.00816924211604153,-0.013218803053983874
-0.02307920488375903,-0.0147447762896602,-0.03227445979509293
-0.007755740779450848,-0.004888338735878461,-0.01021044230488665
-0.0026245187226561217,-0.0015035952909145944,0.010575357769537476
-0.010489543652069444,-0.006111566033039528,-0.0010694935023132096
-0.01330749369252604,-0.00933988692706278,-0.02355714659755924
-0.0020829250178762138,-0.0009663065135078197,0.00929840245255846
-0.011882684103808216,-0.0075325271418532624,0.00018528272790560574
-0.005110487173013545,-0.00273164101697998,-0.009245860522596829
-0.008749969454686979,-0.005230865529023521,-0.012927152099660985
-0.008855515740623265,-0.006191822328756702,-0.022710138559981323
-0.007668716027523947,-0.005064466405706347,-0.01275328747237258
-0.018418743642365065,-0.012121097744495324,-0.02491003624107057
-0.015572138091059284,-0.010183719353910825,-0.02410963773192279
0.001286962876195008,0.000620791716455571,0.01050725695712234
-0.015620841002954577,-0.010275257034858987,-0.016360852594626017
-0.0005170168145124387,6.113318397271694e-05,0.004506544984840162
0.00014132243565512237,0.0003861328199904479,-0.0034040209733591925
-0.00938090911020728,-0.0058710919040647624,-0.007265085594359809
-0.009498221546715313,-0.005384120551579663,-0.01520315082787442
-0.006941569450911511,-0.0042450334170808235,-0.017888256110694528
-0.008244477210324064,-0.004423382511216545,0.003109454107595
0.0015788389858719665,0.0019073721403358723,0.0028724633001839875
-0.0010218253761786755,-0.0012487276285737536,0.0048187242599737265
0.00011849829941767975,-4.4457060245473023e-05,0.011081477164384394
-0.015273475356296196,-0.010454886291678012,-0.017539013679408806
-0.009540843636720364,-0.00595581913306964,-0.01856802515015362
-0.0008967257114108618,-0.0010562571854680902,0.020844354486346417
-0.011627315444361797,-0.007768818767426189,-0.011250704642978913
-0.0117628852330528,-0.006529024708302522,-0.01811904842223229
-0.005621070903897962,-0.004303985448571357,-0.008704293493801182
-0.006428099346471816,-0.0035539107616611165,0.006222793115344294
-0.010016306496339555,-0.006361136916037791,0.005008754597454999
0.0031129896793725687,0.001849844954550428,0.019792306253472912
-0.008104746850812306,-0.005566278473519426,-0.02078024048348113
-0.011822615615284748,-0.0072825426415757955,-0.012526013408304476
-0.00914776980304155,-0.006469008690261346,-0.0006908258928581337
-0.00605738299098646,-0.004287963542898288,-0.01804873518112938
-0.011981196886273082,-0.008552722768023546,-0.0062739248423749824
-0.007139246228001994,-0.004431832225907706,0.005855264090352863
-0.006803762005201386,-0.003815587747576177,-0.0006522469949733142
-0.013588059809988895,-0.008893904393016183,-0.009188600359102218
-0.004795154270783697,-0.003338160630318332,-0.004718039408192251
0.0012860490589382545,0.0014291227538323348,0.015779966474937214
-0.0007045443156242781,6.76404771956518e-05,0.002531788476505606
-0.02256806050843274,-0.013881765662906664,-0.028914447886466167
-0.005538098954596782,-0.004168028910099708,-0.011857369100243695
-0.006095290530730324,-0.0026898996114339546,-0.009581760529705899
-0.022296772308143642,-0.013718964085258856,-0.025619424442199654
-0.00806296898280745,-0.00497469397972683,-0.013121123576017045
-0.005497987546147165,-0.0038786626806660562,-0.004069412388590453
-0.00425224031689575,-0.0021821378739917963,0.0004706711968925775
-0.0015838273194443975,-0.001294075069808276,0.00900312535621517
-0.007939090594495934,-0.0057928321989320075,-0.0016348441772000358
-0.005628792043663733,-0.004161173051613343,-0.012814192601363628
-0.0006058791813068343,-0.0013795513226423362,-0.0022788263495454666
-0.012267391160629915,-0.007824649539658668,-0.026040500309698324
-0.012235836884574858,-0.00812296759868203,-0.01282462294591235
-0.00793914615122393,-0.006267993233379565,0.0012573630461036114
-0.007046208762561679,-0.004599130854167743,-0.0076200162292528045
-0.007730046858952511,-0.0061756680103418615,-0.006649335476851419
-0.00668267412477952,-0.004598323311912567,0.0009133517236535257
-0.011051340831240264,-0.006781959754113442,-0.004329583333189085
-0.0004070588038282974,0.0005010958335064375,0.012069815455059182
-0.006513870649315301,-0.004339834621568284,-0.006386975767766277
-0.0009432473418256038,-0.0009992660854485358,0.01593494301699127
-0.01128558380519451,-0.008571594848847175,-0.019667995684528074
-0.013729783643981808,-0.008673722170923215,-0.010662164956805137
-0.01054786406894137,-0.007638772194773935,-0.013957231937205813
0.001964414191110042,0.0013217873056807772,0.014704311610840022
-0.010731880980606179,-0.006819797877885003,-0.019404172497222844
-0.002593870792422126,-0.0013717810551904241,0.01459846552133904
-0.010387754677719352,-0.006890177523032226,-0.0128417699805927
-0.009481143470415176,-0.0063404298088788336,-0.017586884135702627
-0.013792008418171964,-0.00894026929105407,-0.004439574769559716
-0.012658309540127255,-0.009155711285520396,-0.016241974355652153
-0.009324713724721878,-0.006300055710512398,-0.012322880006869284
-0.0014743828896083278,-0.00018937661247309112,-0.0014207629233508878
-0.0030032663649247615,-0.002169950355206729,0.006470609975972139
-0.0062823774922941,-0.0032525925457492777,-0.007412412940257074
-0.010990313018894415,-0.007180914105026304,-0.014943002711623764
-0.010025125115302624,-0.006863234280447772,-0.019679889991818085
-0.014592476116298325,-0.0096092179838978,-0.011523495926727738
-0.011330121458706377,-0.00746450566408241,-0.008169371393688556
-0.01767253060835161,-0.012081814444786176,-0.029195146627767003
-0.009056677946201908,-0.005478963410727733,-0.010161155468204335
-0.008367952205003637,-0.005749711627418885,-0.001977898083622802
-0.011129803055083709,-0.007121864865557659,-0.011543601978364064
0.0014375350281697896,0.0012399351546050763,0.0074504217644178125
-0.019476834078440808,-0.012726248315786004,-0.02535994850581457
-0.007642277565568345,-0.0052446392797083075,-0.018044425894146357
-0.004443584191313854,-0.0027364281773826216,-0.013504948660967436
-0.009852062920058025,-0.006194224220187561,-0.017694379015795146
-0.0215409723567338,-0.013901178100528766,-0.025686934282271534
-0.01551257990024879,-0.009982954248151987,-0.02445259864693202
-0.009411597605769595,-0.00542326830429718,0.0015966824085624776
0.0065697168365246306,0.005406559064891181,0.013456658501042731
-0.005606599633962817,-0.0032220760343489863,-0.0013605473797922846
-0.004877997945809676,-0.0033680199826490176,-0.012435404536812099
-0.0006557088220762175,0.00039565910177918884,0.008391309657720607
-0.007244148938425288,-0.004520151354283075,-0.002201207413990526
-0.008833818138606397,-0.006023361982035902,-0.009928313911788292
-0.007443529254705594,-0.0050093777845299226,-0.03025199236083439
0.0002350198834588646,4.867949222531198e-05,0.008633314559560748
0.0022312196541766083,0.0016376302278702237,0.015397568594043464
-0.012239284758344016,-0.007759193188583535,-0.013597597124349832
-0.0009020185300123718,0.0005287618657022763,0.02265842078553231
-0.015627582387365724,-0.010033246867316548,-0.029206348290103996
-0.011599028680227552,-0.007620101957979131,-0.0058788002476020534
-0.013016983989709963,-0.007496096986032819,-0.013807822708226204
-0.0018507760734178813,-0.001053642499842855,0.00011346137755990915
-0.004697424146643758,-0.003491009171152526,0.017833289323290105
-0.005068958384711775,-0.0025613138798334933,0.005221218521825069
0.0007337493465242595,0.0003132716329895535,0.020610800370537426
-0.009706284246233432,-0.006782762436255085,-0.0109709871350495
-0.009371767597590619,-0.005965895657376263,0.0014647585981505395
-0.009861445701796923,-0.006807815821420871,-0.014463518657054308
-0.006888820157529896,-0.0042139746556228985,-0.007533009425652923
-0.005804539894524008,-0.0034222954936846683,0.009163615491275298
-0.006182568796648469,-0.002885245932220726,-0.013592147757782835
-0.011531609558183886,-0.006002656062081169,-0.006597534480091066
0.0005886838309092646,0.0006372960446391351,0.019250238898676476
-0.006673519740974521,-0.0051188241952793145,0.0025053654387760804
-0.00625435362777671,-0.0046951072850039965,-0.0030464408769791465
-0.011864820705057899,-0.007554375634531096,-0.00813113762080598
-0.0077785567574544245,-0.0038782455573760366,-0.0015354037357972333
-0.003812476996815861,-0.002155913444309876,0.007443025101329909
-0.005601636915320896,-0.0031941513248574527,-0.0028074696831594387
-0.011200129220931276,-0.006806558866314982,-0.008551645164247314
-0.007297007325229199,-0.0044395993727013305,0.010307222952739864
-0.009845620812757527,-0.0060191078885006855,-0.020021254033023343
-0.010404412154379705,-0.007773660845121544,-0.010946980789902937
-0.01228055820754581,-0.00797897790559321,-0.016818518519597904
-0.006842595244514027,-0.004021738433842015,-0.003236416908545932
-0.007535388936605658,-0.004639458548169273,-0.019169814371756494
-0.01081218395508965,-0.006693551711013157,-0.009424258056302433
-0.00943292470126611,-0.00624726193940206,-0.006448623030444904
-0.008670567195852685,-0.005851418399881125,0.0012077449333113902
-0.010931179314324968,-0.006469034019440989,-0.005122933341169825
-0.0021083016980645297,-0.001983220489250148,0.007095025514036811
-0.0007902091383173993,-0.0003354741443342135,0.02065854472322594
-0.0012045874254663635,-0.00021949757743167098,0.006560818811376691
-0.009853822020459702,-0.006310420557773089,-0.006656162571762089
-0.0021983063043462536,-0.002289978073951149,0.009706507122416566
-0.0074280388131992,-0.00462887932523659,-0.016149776961068812
-0.0025840716995639834,-0.0017343913726453053,0.0018766333743021613
0.0019405145175589444,0.0009699105845123457,-0.0014668659246896074
-0.015194932456901178,-0.010257392009199506,-0.021425124962114406
-0.009092404723826553,-0.005994564496920707,-0.013407099140800904
-0.01112637308056208,-0.006721608712592975,-0.011207678929546154
-0.014920579881029017,-0.010009441142974307,-0.024737700213984318
-0.003950204503324617,-0.0019592238452054156,-0.004694807859688718
-0.00971367141443924,-0.005910242612501393,-0.02209153146854622
-0.02106957085796879,-0.013722270262586322,-0.028665732855682434
-0.009953130922327746,-0.0056852432275034115,0.0022497324165818983
-0.002136638237873356,-0.0016255472179513841,0.000978833939517025
-0.004961099732282759,-0.0024625855674246244,-0.0028099992685975336
-0.005728308243882374,-0.0031623755900910266,-0.0044781867563710165
-0.011144407470473183,-0.006707979340650372,-0.0088395126790511
-0.005888053206870469,-0.0036415187175652397,-0.010881867078451173
-0.003975575411495735,-0.0026095711527395204,-0.00583413055646697
-0.009264267583983576,-0.005173640370548016,-0.0020687759981248832
-0.010923679142892384,-0.007164905696451007,-0.007986834805177
-0.007107457653454663,-0.004037099722071669,-0.014857571671240771
-0.012765952302871808,-0.008961086906770221,-0.009803702817380931
-0.010683414236128841,-0.006357368834861821,-0.00901707546431467
-0.01459232034841862,-0.00852379349747201,-0.020667357622630264
0.003149221233795463,0.0028816780702222156,0.015231995082115292
0.004533781662156566,0.002552926594123428,0.014838104815965925
-0.010747765407229104,-0.0067918042469108375,-0.01833631310778745
0.003694833007984566,0.002202902592698952,0.01912956210147737
-0.00899964496230743,-0.005963905375246825,-0.00906442900030642
-0.009119985250722107,-0.006111619622560682,-0.008764718051189266
-0.007982219041263172,-0.004936397377724888,0.009072102507895106
-0.012260570046450092,-0.008683372488392904,-0.017935732262868813
-0.02019645364895939,-0.013604049085398806,-0.028250366025451397
-0.005579530413588829,-0.003670912976470042,0.005834595191300848
-0.0026941595363695336,-0.001189181628239333,0.003121370290926552
-0.006790654250542594,-0.004002645541031469,-0.002282746494677898
-0.01914106880637889,-0.012341977283499062,-0.0272050140899791
-0.012458857274923907,-0.008374446304021732,-0.003877038316405977
-0.006960302017873898,-0.004997759260473855,-0.0034876154272539817
-0.011016204140762542,-0.006785444657397055,-0.01263343918860508
-0.01184484065230762,-0.007226983278094012,-0.01301699138844229
-0.010753729299428971,-0.006477706835542274,-0.012871378815569809
-0.010122614271540376,-0.0055629600781441635,-0.019100300250125872
-0.006334370134064793,-0.004549114467576998,0.0025945223384013227
-0.006045569210705315,-0.003600780796074954,0.0010493664620980225
-0.00947381175717521,-0.005903422973215999,-0.016549998409401773
-0.006891124374632129,-0.003988934304405944,-0.009774848390296652
-0.013660258116476531,-0.009546292616050112,-0.02195595736479935
-0.016582907138225744,-0.011461350762680178,-0.017801389160464053
-0.005241768735380847,-0.0038021239889883818,0.008930446725074946
-0.003705791534437397,-0.0024522895376641873,0.014804367921202842
-0.008247973220719684,-0.0054889984293192695,0.004409336123327376
-0.01389262761084864,-0.008823004577761973,-0.02163758709461123
-0.0003630853132797762,0.00016791973588392572,0.016579534141883793
-0.005467261708730797,-0.002685538340891025,0.004486875612793151
-0.01573400266542402,-0.009814566654147927,-0.01681711576415338
-0.0024635396676766508,-0.0009767946979709619,0.004340811822775036
-0.002888545524663999,-0.0017523557935114065,-0.0017713996073962235
-0.016627994485623132,-0.011045047300635935,-0.014599750068045286
0.002490780466317233,0.00157449309067903,0.0215949867944909
-0.018177052756079837,-0.011477926507207248,-0.023728129659771897
-0.0014515999907861454,0.0006393711594334661,0.013947557098000975
-0.005096561163648539,-0.0029165539739353097,-0.00772745401518949
-0.0069209017602307465,-0.004877493736291316,0.007658796695739711
-0.001362116272615621,-0.0008428517856795548,0.005288588484653717
-0.007742402185228259,-0.004853338650872119,0.002986492560788985
-0.009320827616677518,-0.005784068952971788,-0.010656808626292077
-0.013374608179342218,-0.008979891360760939,-0.020073169846124665
-0.005550100363324817,-0.003925953152030259,0.012260183362151768
-0.012950081544100378,-0.008273656841459642,-0.016262701629064354
-0.006752317033808963,-0.0041571380264257,0.0031800811094569448
-0.0046496271647304965,-0.0032095769765554394,0.002480563085914156
-0.00025947650034574554,-0.0002734081309475611,0.005749908128679038
-0.008036211530834003,-0.004938314743727523,-0.008086201178868081
-0.007492334265563838,-0.005631936624553302,-0.007414976250295843
-0.010227660745747769,-0.006681522816566421,-0.015447672278633182
-0.012294483592758865,-0.007740509069559698,-0.01879813139682887
-0.002858622325292548,-0.0023650357489667373,0.005713244167497175
-0.003255257981987225,-0.0006692074963888794,-0.003579752766791469
-0.014579399587462905,-0.009163697400471071,-0.011473690142997164
-0.004018992756233297,-0.0026293070280490882,0.004742468177560626
-0.011242927003822123,-0.007027451710276189,-0.016711169740374066
-0.014355953465217008,-0.009435274490582013,-0.03036106466895623
-0.007226393765287997,-0.004830694487789611,-0.017201196261237346
-0.005701536558102349,-0.003590584136234143,0.006423130899758656
-0.0029541113406474917,-0.0010355615159547416,-0.008206106597796942
-0.005890401924187549,-0.00350935752417747,-0.015042047695078012
-0.0030105439959360325,-0.0014103695317725373,0.013082326327429533
-0.00530092281885608,-0.0037075798023465945,0.008076874957401559
-0.00888006020517007,-0.0059461080928724375,0.001022738011168492
-0.008895691284886875,-0.006336941679090269,-0.006207136645300683
-0.01292402413440874,-0.008171499252956016,-0.015600147762943613
-0.015221757174564754,-0.010086114202260466,-0.02302214288498905
-0.01009196644034649,-0.006562915216524301,-0.019245432404126593
-0.0014456416840011865,-0.0005802222021477066,0.007594810900742786
-0.010089486007819004,-0.006547689447353844,-0.013498910610359884
-0.008053534942801477,-0.006032113566055264,0.0016501026420511905
-0.005912543294939621,-0.003887514365354172,-0.0005705710619362467
-0.008601761960238874,-0.005561658531672453,-0.0037136704817328364
-0.009108105923931298,-0.005842624469126423,-0.02435826477845171
-0.0136004191720277,-0.008725050760713837,-0.01471322663753153
-0.0121645647891917,-0.007403448045466554,-0.005587266922928137
-0.020253058230500498,-0.013721340282993044,-0.032465381388281235
-0.004520425278625728,-0.002944208534274906,-0.005397752205319982
-0.007649646011347988,-0.0042865137137459985,-0.011224129640540988
-0.007475327933979203,-0.004905355480143592,-0.006514828233085843
-0.005533040144956369,-0.0034736352291723227,0.006909980136534613
0.005956801126954736,0.004433778993796933,0.03555368833558259
-0.00014854657576535146,0.00042542459271244226,0.011346863716960753
-0.004211968384759901,-0.002781019022067732,0.0008975453060772048
-0.011371044749483694,-0.0072636272634931665,-0.013077687015446593
-0.0024037290896443686,-0.0007943414993590858,-0.011369727703013803
-0.0017787341682591329,-0.0013560030590387129,0.015307046955972431
-0.009856248998011852,-0.006828668152440542,-0.013668423754669784
-0.0021891997494414284,-0.0009826687119554034,0.010646764941569561
-0.013210427116524204,-0.008402491583438088,-0.008420116372760945
-0.006937049356528058,-0.004392841680331716,-0.004675182722115846
-0.009935241511989212,-0.0061560314548712025,-0.0011211785563198864
-0.001724751915014644,-0.0010481260501140621,0.013904358947087365
-0.008300198857562613,-0.005526144542690736,-0.012779088883720105
-0.006200824900945756,-0.004157541647969776,0.016041171244210325
-0.0029679728040308273,-0.0016153503932059277,0.006316557334260224
-0.0032013025614097135,-0.001747822667638177,0.013740797945684287
-0.008279507459470148,-0.005810636057759444,-0.006648182758185614
-0.009616810706485124,-0.006025720466883655,-0.007807536249867068
-0.0045914130115828344,-0.0024153143399815447,-0.003305730958680496
-0.011941246168241992,-0.008198323446677924,-0.017510555854783644
-0.0017769066520073595,-0.0009798236331057808,0.005909785403277017
-0.012937970881224947,-0.007850151869688071,-0.02305622861912096
-0.01096182867238138,-0.007231840063821049,-0.015539631835244282
-0.002986325629898423,-0.0023953719934249884,-0.00995504513569264
-0.0121994684132668,-0.00850832245325328,-0.0033485778949756267
-0.01713289741669033,-0.01138626917729002,-0.028537013465976986
-0.011681609093748824,-0.00763062782787427,-0.018778563584213932
-0.01991643130419818,-0.012987965059703677,-0.022148644248517743
-0.013779178946259352,-0.00864526984243541,-0.0033479561252410597
-0.005436857032639408,-0.003141032701242441,0.01918517001498963
-0.015066051456617657,-0.009478734344414486,-0.010036836810838091
-0.01054415144022991,-0.007616117871650285,-0.016408453240711766
-0.012334835844889813,-0.007869361994918833,-0.012336840690649754
-0.010192741802693805,-0.00629375850674585,-0.01567406938330819
-0.006369511960253926,-0.0035108845216401674,0.0010722253265058948
-0.011040818605941416,-0.007081514578642478,-0.004621046676124001
-0.0018048487134990632,-0.0010778933065641594,0.015583043330906689
0.00076555625716479,0.00021008779447395654,0.018799864440654214
0.0007128660124522401,0.0005249878570146027,0.018663514409297137
-0.008553655864579013,-0.005857332404878957,-0.005049236187234088
-0.014761970533033075,-0.00993604518817559,-0.017354485104686103
-0.006581603211474163,-0.004078392665116226,0.01127302713152592
-0.009483406189705001,-0.0064083029145863835,-0.011198039844834529
-0.008996122964448072,-0.0062966941928335185,-0.014841105487010231
-0.015129611199733883,-0.009790208853394211,-0.021728529246540403
-0.003034775505149856,-0.0011395147329656963,-0.0033997842528930497
-0.0094519565826654,-0.005794857685067489,-0.001486377227267327
-0.0003963537913930226,-0.0008343117610053463,0.0096772943267062
-0.005562341341192267,-0.002916058471481131,0.00500785998393611
-0.007394859925221042,-0.00474632603706393,-0.0034371855928000475
-0.00520232891054917,-0.0037567026556412086,-3.854152298349983e-05
-0.004541498332774729,-0.003697511807314924,-0.012601663521917862
-0.01659551422382577,-0.011017185340769009,-0.007142167939154148
-0.004837782183693906,-0.002722370072061775,0.009718644289272438
-0.005122878130448649,-0.0027094390055674156,0.010085801810349383
-0.008225679603306113,-0.0052980911879890735,-0.011923331798582508
-0.01379292242457908,-0.009711480944643247,-0.021516438221983333
-0.008251093217847227,-0.005349605048852846,-0.007695600025955561
-0.001957253294437411,-0.00011386708617733277,0.020020853449540348
-0.010875046133118293,-0.0064472525907255385,-0.011616530584702994
-0.00595430629477256,-0.0038804055050990494,-0.0026210250244096053
-0.01673401123211571,-0.010605678941684515,-0.016311961231046924
-0.016610364666446054,-0.011584341916708873,-0.023145906505435236
-0.0035795341741027276,-0.0010411442356177414,0.010841598343440471
-0.008868708161128613,-0.005388771575259188,-0.0036612541530351497
-0.009715640008989612,-0.006735724027832624,0.006618160680088331
-0.00979643678837172,-0.004945818972000415,-0.003870729976772569
-0.012507026434032897,-0.007727769039152066,-0.0330808249455477
-0.00465427188544032,-0.0026088468223566252,0.0041562851012035135
-0.0036291616614432254,-0.002193042243232357,-0.009134388883959947
-0.004953784838350739,-0.0035806482702867015,-0.019981868654786072
-0.016733108819220965,-0.010311773667971758,-0.016989540896470867
-0.01613318047099377,-0.010194375851337978,-0.018213138728637966
-0.0020491491268846973,-0.0008553176861283429,-0.013519174994713477
-0.004032656603222495,-0.003388566415067573,0.0109523403830264
-0.008520049106070404,-0.005106903561794884,-0.011349467787150389
-0.012042967808148841,-0.007622521218361156,-0.018506006095872315
-0.00524999972165896,-0.003653549280907331,-0.0050237765852206295
-0.012359795599706014,-0.007782046111619589,-0.016742150434309627
-0.008830842421966079,-0.005679710271859317,-0.024619743622502514
0.012173397850658851,0.008852284762684182,0.03498752976343809
-0.004099630696115186,-0.0031855981829103097,0.011673258551089
-0.015734196316390836,-0.00955893375705541,-0.01923742604430901
0.00020908553038045952,0.001157720505126747,0.018575652146287598
-0.01609226008813791,-0.010114024216410167,-0.01680349430459975
-0.015924813187464637,-0.010975028336972725,-0.01421942380526646
-0.011086029988767954,-0.008050627786796771,-0.015017374415113492
-0.006977001326636034,-0.00461339456298826,-0.0017216227295360487
-0.00650256174852859,-0.003537846743933315,0.004717053556810333
-0.007869347436126883,-0.004220707884269537,-0.010483501305271772
-0.00817922074917743,-0.004901933283567028,-0.005059763822502582
-0.009498875452632838,-0.005939847824036781,-0.01712552490827105
-0.009406135037383856,-0.0063636510863678275,-0.016757531428487335
-0.01368314340966803,-0.00880423121909657,-0.00828559734350446
-0.008687637671951132,-0.005653233445029215,-0.002495121863733178
-0.009263100206059471,-0.005857516438143584,-0.00698339768846775
-0.004691207594465063,-0.003152044475907778,-0.009589452156882415
-0.005991139221444786,-0.004704869274367529,0.0019676084067804245
0.007593767964446663,0.00458308295561094,0.013134902580634107
-0.004977494508615066,-0.0035569040589383816,-0.002100485902771808
-0.005238519763510641,-0.0029921035205402458,-0.001514682148953117
-0.012778391970700076,-0.008935091274903328,-0.0175503491291972
-0.006357830829862299,-0.004047551582377795,0.003941067370014546
-0.01162169414923464,-0.007098285568567286,-0.004643053400452089
-0.007033277299046348,-0.004204256516376348,-0.0021589045505789606
-0.007290214628153824,-0.0052091425100120325,-0.0015273267881872193
-0.01779835801575813,-0.011468953993741038,-0.028606865668203287
-0.011629479766382622,-0.00694507242748843,-0.013689431005576923
-0.009011954140931144,-0.004782051491644124,-0.013145630301409146
-0.001714695038901648,-0.0013957214562162479,0.010290972338309223
-0.007784051470845044,-0.004711398705207204,0.006894771823315611
-0.012911431002732288,-0.008464054072935379,-0.01647137539597532
-0.002839536101528428,-0.0016671313479813543,0.003063429538373706
-0.018720081664499566,-0.012046702933777964,-0.011400021183777795
-0.01164403015751414,-0.00703667717391987,-0.015127424041707103
-0.009281645042913955,-0.006076665751011401,-0.0046394654771209146
-0.007662472360429828,-0.005044390922789854,-0.014022948077231957
-0.0074113910718131,-0.005076025637502757,-0.009747621628018677
-0.004316527374095935,-0.0024508950006244534,0.008506952765252984
-0.001207302334978122,-0.0005060114091109957,0.01745983279744846
-0.002740236047702349,-0.0010427440246311148,-0.013624246660502388
-0.019796556672558197,-0.012930989179515295,-0.026823693161892627
-0.010066795201129963,-0.006321740891857441,-0.013470818608537702
-0.007072443361242242,-0.004998951592042111,0.007562198047010776
-0.02221871236574957,-0.014018543844039166,-0.017866764521790313
0.000834896239826799,0.0007058537949374832,0.01622517861441418
-0.012144497186993286,-0.008151346653200275,-0.020827263292668104
-0.012988920645284674,-0.00738342575197648,-0.007670669896369997
-0.015084574285786911,-0.009855991924062946,-0.020487242522248546
-0.008724008146835605,-0.006399183426057831,-0.006842755263091083
-0.0012535039259763403,-0.0007999903428601574,0.006499088262748906
-0.0003654293345130011,7.445014288087748e-05,0.014311456229800186
-0.0011658802992328132,0.0002709593407563826,0.0048486449163176945
-0.0016295010207150185,-0.0001000399895927373,-0.0008106015238692268
-0.014519277278350007,-0.009945375523572886,-0.01921240933541795
-0.023061041635020207,-0.015097749691769413,-0.031828552941423886
-0.003832388446178947,-0.002171348141451701,0.010981004859870414
-0.012102509748445178,-0.008011584011726747,-0.019717362570086605
-0.003621839613300426,-0.0021266189470889874,0.012763089862102409
-0.016426106108176852,-0.011206390572124025,-0.02336938769094326
-0.010082661281014316,-0.007099249806531094,-0.0022155903659860296
-0.01166490938178777,-0.007259740419609195,-0.03163718683408036
-0.010130569534121059,-0.006701977325576647,-0.01576696634076867
-0.0015685389220474466,-0.0011190461545821373,0.004104265954913575
0.002216863815110215,0.0016257245143596055,0.013054588266093403
-0.0032505745118065477,-0.0013640902545402067,0.00022587559409466273
-0.013306459741947219,-0.007881023217305327,-0.02427014371108279
-0.014727462957181081,-0.009485246222907584,-0.02534019296118236
-0.002792634066309252,-0.0018660068384079853,0.007106277080128759
-0.007903462777573478,-0.004436536178556105,-0.00910865155027319
-0.006750583964049595,-0.003154038287647043,-0.0015844142556514576
-0.007402507206974329,-0.004320551725481958,-0.01139403002072753
-0.0016650308700503214,-0.0008717286859686313,0.015506025118473717
-0.00395954501875051,-0.0029075473394545304,-0.0016132598467973325
-0.008435821738382199,-0.005498309855177741,-0.009680965451316054
-0.011423871871068636,-0.007394867924099047,-0.01040513466866299
-0.012847390294598804,-0.008140985817892021,-0.022652854282838523
-0.005985712581838887,-0.0038808312262941236,0.0012567502951753087
-0.004784359009646355,-0.0029979570287990143,0.010662685774834965
-0.008490944466357564,-0.005551486845469578,-0.01026577062481749
-0.013847796445068394,-0.00849647632966255,-0.011587874755140115
-0.005775172736645073,-0.00436538427576405,0.004248716214674583
-0.014025994981480716,-0.008574659799313489,-0.029183529502976792
-0.011030774752511241,-0.006698528904290124,-0.033641122672425985
-0.0008173430973197338,-0.0012399845078240324,0.004960599049078002
-0.017117658345198072,-0.011641006959531297,-0.03322005829217974
-0.011728753201617148,-0.00758738774958112,-0.006265657344164857
-0.010449404908119075,-0.0067279443779656445,0.0004035310547585852
-0.011687313136616306,-0.007948249100279914,-0.014610941371129511
-0.01331377634355091,-0.009554316472842661,-0.018608412348744073
-0.00361806938305409,-0.0016376281615789745,-0.004762057381419861
-0.0049477243382360925,-0.003045950869164815,7.811661272969644e-05
-0.018181389879225796,-0.011417599989722693,-0.03312909063725617
-0.0065496362420424115,-0.0034117965639894887,0.008158324107368484
-0.003368516001049593,-0.00238326863467464,0.007622965602260223
-0.01987230236585058,-0.012757209985035212,-0.03153581637313624
-0.013170847940309649,-0.008262159261245183,-0.013684450846599569
-0.009952221657265947,-0.006597336669896925,-0.0188669110831617
-0.010499737694895983,-0.006460271697178888,-0.0048777130092069465
-0.006603040215406808,-0.003261088404583723,-0.002691498400456953
-0.006000131552576171,-0.004178948903418522,-0.01198804364715575
-0.010068131706687966,-0.007300659046024172,-0.019928467424469368
-0.00926772635370321,-0.0049315283829795,-0.012437934796942253
-0.006522535820155828,-0.004771586468746314,0.0042260414398640825
-0.0012552090319065679,-0.00010789261582266896,0.010839204413407105
-0.011252986168983736,-0.0072059713527670155,-0.0197629897755999
-0.013051876594616818,-0.008371720759653534,-0.022281251255190912
-0.01652845940751202,-0.009960121576477965,-0.014220228474699712
-0.0023914476121135175,-0.0015220396619799459,0.019351063355472216
-0.01710232704543646,-0.010893734755601958,-0.0242570866748762
-0.0018624390833730242,-0.0006306610136478374,0.020713092959156347
-0.007296129827371489,-0.0049186616097792735,-0.015839444765965688
0.00330723163980684,0.0019365815745860937,0.008370725821705359
-0.006026575714748628,-0.0035568748560979024,0.00957527703120345
-0.010262714498753045,-0.006331926729057358,-0.019932623407478242
0.001910727136883783,0.0003389015034680476,0.007723981675549461
-0.010713687565498953,-0.0069958118350992304,-0.011938027295901571
-0.005523689754859951,-0.00322201238421993,-0.014109585204603939
-0.020085414600485296,-0.012953997965574504,-0.016723214568027882
-0.01022225047651304,-0.007375873879709949,-0.021487055954420825
0.0010695130822984122,0.0008026007738034524,0.028344278724111195
-0.013361246104653612,-0.00859801879187394,-0.007881302405544605
-0.006487590569314694,-0.0050706667941224914,-0.00048656613662059756
-0.014839671130335796,-0.010493046889013424,-0.02851365467868206
-0.0065017425317951405,-0.004451600135920053,-0.0004632748047683974
-0.006968364155324314,-0.003766757769443463,-0.005788465023871342
-0.006494220417827212,-0.004265320666162031,-0.010412631345893125
-0.00978541403322608,-0.006188321543919573,-0.005665657107495059
-0.003338444584666589,-0.001637623745054495,0.006828831119720408
0.0004109051002975095,0.0008169754034870191,0.01668987361523812
-0.009029475765697237,-0.005025600220257442,-0.015242763892357916
-0.015135435232210837,-0.01041850324577731,-0.025439461041632368
-0.006642499915224809,-0.0035850752626996885,-0.003718096318261817
-0.01150806337475141,-0.006877010522170379,-0.0069073170845124834
-0.01007781064826474,-0.0068562506460754236,0.013156026216978256
0.0004978339976550172,-0.00017982437556451902,0.01774817202112392
-0.002912343545063645,-0.001487790104160891,-0.005740351198942735
-0.018544527775483766,-0.011936208415542104,-0.02256724501464176
-0.007057961907769861,-0.004652566460644381,-0.018040512437924573
-0.008389672720864882,-0.004722007882808965,-0.0028467280593447095
-0.009000025028230496,-0.005541593446904636,-0.018452622287793444
-0.011618814931849242,-0.007481329853657792,-0.012656779461990356
0.0011611812522498433,0.000908500546274893,0.0006594043903205213
-0.01716318021128671,-0.011601939850596543,-0.023698768214184464
-0.008888030446611017,-0.007068617611586392,-0.00971567488281979
-0.020532758858667677,-0.01329269180456194,-0.02603693455326781
-0.005542193891976854,-0.00300597386146062,-0.003423198228598434
-0.002863444636344248,-0.002202379628806872,0.021442291738842746
-0.01198084064464422,-0.007232832527416799,-0.021629263232340344
-0.0046273421306594065,-0.0032452608224792234,-0.005149670470428552
-0.007161561875542954,-0.005440756076612652,0.002354011109004392
-0.009108513590108447,-0.00580045079337832,-0.012417916008897759
-0.011359343292794533,-0.007551268323987115,-0.01642935034842463
-0.0036211723527469486,-0.002806573598225115,0.011129247229634098
-0.011522230748753026,-0.0075301151469393535,-0.017338371021245483
-0.015410070967480038,-0.009898807878309546,-0.023017442093295995
-0.007011963418018352,-0.0037967574231070333,-0.017895614720392826
-0.009453379045165522,-0.006634573834857327,-0.013765710635723571
-0.0026138591912929776,-0.002048420103170079,-0.00812659965296239
-0.006231616741449231,-0.004158065825262014,-0.024042084664534506
-0.015168179730282061,-0.009763927645375259,-0.021534605140452613
-0.0004449321031193554,0.0008581086363105284,0.016883800885580454
-0.011138029952750594,-0.006943184792319035,-0.020814884452902596
-0.008957770698599377,-0.005089514020236829,-0.014241515249069511
-0.011908578308166051,-0.007539448740689236,-0.015605053443224243
-0.01162894949980764,-0.006814258226016778,-0.0024237197777137315
-0.01348725855347388,-0.00845010236119903,-0.02063588134925986
-0.004848845384185729,-0.0027611805463412242,0.00037801202145605617
-0.005991620262992603,-0.0036110372434506877,0.02516910870624787
-0.017375298345086443,-0.012126852012499634,-0.020135850180404473
-0.009611378504772006,-0.005866452968583458,-0.012178150010740678
-0.008089315993188961,-0.005635885051643141,0.0005912800496980508
-0.004485361114378916,-0.002825213778800628,0.006263131227768545
-0.008956826755215141,-0.005834036687183852,-0.020870973620804603
-0.003156492910979747,-0.0020340798703099017,-0.0022430016402226888
-0.008718353587201633,-0.005301994070128546,-0.01452902663227739
-0.009138762098659714,-0.006264713557548207,-0.00034653302907870775
-0.008531229233684878,-0.004664541828947932,-0.00222312064907719
-0.003611225647524363,-0.003286560553668161,-0.009025637391082066
-0.014256854507107786,-0.009680642599191103,-0.01794275789870701
-0.012861825316782594,-0.007923694556821625,-0.019568908539320876
-0.003142988316915174,-0.0017303487070318146,-0.0013818453637188394
-0.011508216441388996,-0.007004004782668161,-0.017758706286377025
-0.0073128923316002625,-0.005170603737766233,-0.008414297659280735
-0.01725349613952476,-0.010977302237703546,-0.030422945404963424
-0.004641365321975344,-0.002223590454876301,0.009023333017267723
-0.009457459212691699,-0.00597022952422388,-0.005447570174982833
0.005414000850099687,0.003718802065080462,0.01718823383517142
-0.006445952521330844,-0.00339437111945462,-0.0037651528281163887
-0.014613291814261409,-0.010220545345930976,-0.019866228290297737
-0.002999673850372031,-0.0013772245261013394,0.018597569608567857
-0.004048290579070857,-0.0015061796385510418,-0.001014927226233725
-0.004945075371289409,-0.0031578560785957555,0.011175322740208805
-0.008576324895346432,-0.005042263464148822,-0.010425814392754099
-0.017797393424317742,-0.01171319394721615,-0.025493223325970725
-0.002906718832003663,-0.002757724608398626,0.007623956033310224
-0.005327696066469767,-0.0028851897335945287,0.009522797723854913
-0.007665566974454641,-0.004960453645033169,0.0008539733525385479
-0.013198150898078409,-0.008713251108294573,-0.025401904309468017
-0.01316695245339361,-0.008331111722033158,-0.01798561145319632
-0.008267203339879514,-0.004725373950930201,-0.002843158895836327
-0.025245675277807633,-0.016366361743392732,-0.021443805870310084
-0.006758824626089788,-0.004367771506500584,-0.0030712234268422747
-0.012580303310846253,-0.007706261238126566,-0.004155137875181215
0.003591035176998436,0.0023842359209053088,0.03208838435182437
-0.0035972551904382977,-0.002430477991336666,0.009436561039683003
-0.00242488234933691,-0.0009179869857923739,0.0044708543310496215
-0.003306709103123251,-0.0018549910013527793,0.006577289250259653
-0.009135555727611044,-0.005886690169376596,0.009048496326094745
-0.012468235388067628,-0.007667845593230971,-0.019578117651951964
-0.007443476101777535,-0.0056281534295712365,-0.016344056631986605
-0.0094872978736531,-0.00682641062944811,-0.01869010981868944
-0.007540679792155447,-0.004823751430467871,-0.012169024172177953
-0.009119324790946903,-0.005556762931282266,-0.01366138363922309
-0.004396522401077019,-0.002913499500966421,-0.008722716871869186
-0.003502796358592075,-0.0019051303644751494,-0.014529864862540862
0.0030212937169857845,0.0023642490397568494,0.02391771846264442
0.0013380508484041043,0.000678949809924001,-0.006809642962894678
-0.01383658693951495,-0.008572877060200268,-0.017952501482051166
-0.013949160050855114,-0.008749321412098832,-0.020117091830112843
-0.007663264690306426,-0.00426602474770954,-0.0050130783876389945
-0.013283937746538355,-0.008922257731033167,-0.013570138206714905
0.005580190769386539,0.004065338832634935,0.009356447390303335
-0.00873304695619015,-0.005943098994688034,-0.015107266855917602
0.0027666325541488845,0.0030071938296788447,-3.9540964038013715e-05
-0.004787887535736779,-0.0037768704031174716,-0.008571899257611981
-0.014871689636798524,-0.010173403270378967,-0.018593380763436036
-0.008378198495094136,-0.005595755092645871,-0.0064040091564228074
-0.006122032144289524,-0.004133117237744566,0.0012071954760043413
-0.008137620711784588,-0.004778296039690932,-0.009972539791694796
-0.008232808613883424,-0.0034299964641740788,-0.01482834806589238
-0.009430147703488267,-0.006099924589964223,-0.0008454405860817693
-0.005627241623283319,-0.003654589564283217,-0.008871675374498005
-0.012376226011950653,-0.00803049254782795,-0.012195797385838113
-0.009899294129303682,-0.00614809381144843,-0.015908334315809597
-0.013991706685987926,-0.008993723519164276,-0.018912886822917897
-0.012845612547917051,-0.008427687765417025,3.217729145803261e-05
-0.013076786503617766,-0.009127377286101246,-0.024088598646405293
-0.011876908572410527,-0.007413228399714478,-0.0169965968428376
-0.011351142926890101,-0.0072034714205547745,-0.010980164521882364
-0.010988523794831284,-0.00733729709545905,-0.016765844724001555
-0.01019969199561821,-0.006351697427980474,-0.0233862065777418
-0.006039599190957312,-0.0029918566945756897,-0.006334824283883295
-0.005550966047051853,-0.0036723129603916105,0.005518328019309765
-0.006091639440496843,-0.003845114648005521,-0.00912189393348637
-0.011027795140012508,-0.007036678508355543,-0.016553785393202604
-0.011179977854262835,-0.0073594746645953,-0.007209102018302022
-0.011659374575703318,-0.007170515619877693,-0.02404138336412242
-0.002414442842151865,-0.0010696041546712776,0.00875527654270563
-0.013531790146289135,-0.008499788930223073,-0.028804456379687357
-0.006580560113276901,-0.0039363493316829645,-0.002651038519065875
-0.001200151364221802,-0.0010132683391588237,0.010789904091800306
-0.01628070661479064,-0.01054059641708105,-0.03152174693452458
-0.004651278393606129,-0.003898457628900509,-0.008926962963112892
-0.008631175746471098,-0.005855665439842728,-0.006676126957813749
-0.013558626091244363,-0.008768288010945313,-0.01732648663462453
-0.015019539210823663,-0.010022150257005369,-0.021301489059542676
-0.005587677823814641,-0.003046225477109199,-0.00861568659431225
-0.00834003694696317,-0.005718296613378193,-0.006679007784502047
-0.013594288513540831,-0.009384311597580242,-0.006353576469452518
-0.006200996519067026,-0.0032733658904150476,-0.009107957890465042
-0.010769108331877497,-0.007144411260855743,-0.013717361446424915
-0.006768609010172177,-0.004289202020067218,-0.002170591775136968
-0.00859585737822155,-0.005590773976945296,-0.023146141172714428
-0.009079135094221646,-0.005763076171774406,-0.02611783069728886
-0.016845452015983198,-0.010787611366100514,-0.020854623054248803
-0.008753005151202475,-0.005197866719035882,-0.012025732185196494
-0.015877492363306045,-0.010606611713052105,-0.023950697369960743
-0.009079577299171082,-0.005637475348807652,-0.00847445486931929
-0.0049117911032110495,-0.0037239012501488755,-0.0024381928441118833
-0.009757643664283333,-0.007165472037189646,-0.014814986310842874
-0.006890391423289066,-0.004502350477543771,-0.006730893166167505
-0.004359287807783607,-0.003297550436326846,0.0007193578513656484
-0.0007535966179587072,-0.0006990753312333675,0.012664017297279444
-0.004311129785319556,-0.00313086228282744,0.005573025982210489
-0.011350158505401997,-0.007143365618804243,-0.018717759022483946
-0.008250366488444572,-0.005027734898364944,-0.005131605765960515
-0.006702514861781639,-0.004853655362607734,-0.013595409281936234
0.0029358537808396035,0.0018217047091023675,0.016796415285457486
-0.0024768816102210822,-0.0007198565812853719,-0.020601563134745253
-0.018264271976776714,-0.011982850988658478,-0.02131815507606047
-0.009607699620701071,-0.005698118862148438,-0.007095288941492167
-0.007388601246315241,-0.004787591786270529,-0.017896970647951642
-0.0047835321683904475,-0.003217334982964948,0.0036106170363708195
-0.004017381701603484,-0.0026995792107414873,0.00020136422727237008
-0.011455389602038513,-0.007571850749353404,-0.006059538733732744
-0.010033830220650741,-0.006048344288185681,-0.008829425864072461
-0.007166532951331517,-0.004134196635312448,0.01771567534318242
-0.015437021279617436,-0.009628885832604128,0.0006917510928322601
-0.011747972335419132,-0.00826345859410793,-0.024958235059484732
-0.022583231352833688,-0.014054072099761505,-0.028360488583233326
-0.00100503900458504,-0.00034333137203246267,0.026651143844237148
-0.00417802569858805,-0.0027400661454874964,0.0070868097999644206
-0.006847000620778476,-0.003969036145326288,0.0006625143758050706
-0.00827764766792749,-0.005277810298511598,-0.001488432301128606
-0.011654743687501634,-0.00727551525687431,-0.02447192429160857
-0.007885015385948657,-0.004965910945237462,-0.004077482155185878
-0.01059954782396122,-0.007098341051374746,-0.0188672200559247
-0.014451858072330959,-0.008781782488039847,-0.026270056328528295
-0.005154774805192441,-0.002479605914827765,-0.00039319573413435643
-0.012058758980037498,-0.007279493108894086,-0.014999390017280935
-0.0037267860118191942,-0.001352487333029062,0.0005278628846108399
-0.0034230800092971414,-0.0016033280464990973,0.014023782600268354
-0.014939333308169545,-0.009591583354127353,-0.02676083874476872
-0.002195308649340477,-0.001630507239362533,0.004934345654779293
-0.0005445282227857229,-0.00023276411600858804,0.025836608036080864
-0.019121158663525595,-0.011971930860105728,-0.029193183213431936
-0.0019882993128705895,6.853057579858657e-05,0.009069070540922715
-0.001627651174100797,-0.0010921158540413423,0.018586117261083994
-0.00428755641226064,-0.0025771975082282683,0.017254957943619087
-0.0018434276686553064,-0.0002538703220321681,0.020981043175077922
0.007287406889869952,0.005702123142155013,0.020248381995045313
-0.005308308455822086,-0.0025437523493258007,-0.016485788537934885
-0.013619906851062069,-0.009539109883715535,-0.017505849822296325
-0.013309283621013912,-0.008418881144307666,-0.008547476027020995
-0.0019191088325672956,-0.001649448140162879,0.010614848481377642
-0.007255728497491343,-0.004059653873171087,-0.012509604752628016
-0.011458626663480187,-0.007083023751870865,-0.014633593875977478
-0.012647735060601017,-0.008315358506254311,-0.0043500803330083215
-0.0008766904540736808,-0.00038492108014687165,0.02048205794315741
-0.0054198452445622936,-0.0030412975020158717,0.0011327855673972098
-0.011897777750920935,-0.007039672529869145,-0.018030914525833712
0.0011081046733644184,0.0012841363690873075,0.00981754891215876
-0.0038090933956692608,-0.0025043724859886707,-0.002677420765008126
-0.006175329155367226,-0.004242481131101927,-0.0008170697988617234
-0.002879659740740226,-0.0018390811374362492,0.0029621967031958074
-0.015145512333126665,-0.009498752127551802,-0.017192649705400118
0.0031748527871486854,0.002156976621780604,0.012906491540621873
-0.015375891656765117,-0.01044894493935622,-0.013658495154005648
-0.009646035835215505,-0.005776445770418581,-0.0007349454351380513
-0.006886247362221765,-0.003732615309700704,-0.01447165593705805
-0.002359092165829191,-0.001107801882764936,0.004052205991769697
0.010191121634788303,0.006871169839082869,0.030327307036003844
-0.018927457187352115,-0.012294218566381132,-0.01939153772766688
-0.011745920272750676,-0.007579151163360498,-0.019929856536015984
-0.006937139051627739,-0.004700911751818082,-0.004282923153256693
-0.002192920376157703,-0.001641030959842471,0.0008076601956243795
-0.01178135959890747,-0.008402166476474737,-0.021065888452136257
0.0005858419504102264,0.00023275513909992718,0.019487326152748487
-0.006167969081290026,-0.004166908671285441,0.0033503123688965533
-0.010440493809392049,-0.007661985155695161,-0.014142410682019033
-0.018191568836067096,-0.01088373215393934,-0.02073704206666358
-0.007893050375759048,-0.004657134982035793,0.008046455241869872
-0.006870666051126628,-0.004699042457997349,-0.002823567067022824
-0.010527387478289407,-0.00619054835432975,-0.0018297939459930787
0.0005456522544695641,-0.00031621237766332744,-0.001959345889171314
-0.008580747139515066,-0.00547249095030744,-0.009198677165068302
-0.010094409783230174,-0.0057780954644697236,-0.0167847715545561
-0.0024107615884200184,-0.0012399923091491738,0.002231243679670196
-0.0060339466739738334,-0.0032010651349146935,-0.014222154928125015
-0.008814708160550633,-0.005586449383273351,0.0031487565912581283
-0.010496020566067576,-0.006959022507490031,-0.015561377066715433
-0.010252484380434801,-0.006583917431615682,-0.013888422456513512
-0.014917348948286557,-0.00969598528422233,-0.013900135497735736
-0.010383664758857436,-0.006795644676930501,-0.005294948141852246
-0.015273052424210065,-0.010135081895369158,-0.027013791087208916
-0.01207580010396303,-0.008309987382909778,-0.018316807307392206
-0.009864574302629436,-0.006388459449117034,-0.0003338881695871612
-0.009386087391318632,-0.005598315290927025,-0.008723814329280516
-0.009392615291446083,-0.006516222270300576,-0.017664928930417413
-0.00808218966094898,-0.005372195903310506,-0.010062659291592745
-0.014509846259681991,-0.009044960132483126,-0.018560388885867626
-0.0018471545739308093,-0.0009039492133491311,0.015396763153539564
-0.01184672171952228,-0.007625316295979734,-0.0207216616805994
-0.006280216684691031,-0.0048287096141690355,0.008245876239043395
-0.008570165483239855,-0.0054601612864982885,-0.005826214561839266
-0.010512602629961676,-0.006638512481567771,-0.00633731899616867
-0.012843867905979467,-0.008044758585335599,-0.021709229927651723
-0.01145706973579419,-0.0067019863022357296,-0.002524788833489222
-0.0045501625283494995,-0.0024202264349612035,-0.0015309712591466476
-0.005749717878938632,-0.0037684169349335717,0.010703990833102167
-0.011188804246476503,-0.007275788554890639,-0.014318784356617584
-0.011300107446025054,-0.007325684135302657,-0.010606046192025188
-0.0035998614018498687,-0.0020552365859111132,0.005709945007998395
-0.0025935896623804355,-0.0016748516795405122,0.011628619237811597
-0.0015212035725894468,-0.00046282057725732795,0.005365386516860235
-0.0026705211200911405,-0.0016163842808639695,0.00940786198381769
-0.0029827396193127242,-0.0007206856525039385,-0.0005085073911977184
-0.017417828522927503,-0.011572757844847126,-0.012722785714862364
-0.007290742138254314,-0.00470599744233402,-0.002794300486719907
-0.014599833310393051,-0.009390260665636752,-0.019795598793187506
-0.010564725176229417,-0.006910960145096845,-0.020773553640301805
-0.0011033849608755864,-0.00028564071566838933,0.01772752854463494
-0.0031288258814693437,-0.002599204988683268,0.008563494835207013
-0.0043401045232986935,-0.0026196669451175048,0.00708029739571181
-0.003070106605577827,-0.0015980957042422972,0.010862712093680713
-0.008651321574735471,-0.005156803477206151,-0.008098610753559887
-0.009250163521193233,-0.0058819695074308065,-0.014597089794798318
-0.005184381137598559,-0.0036842155542499144,-0.0029519490849759106
-0.010444810657803116,-0.006531380482418747,-0.007136053965807403
-0.0006686399091520023,-0.0004136668029436352,-0.0019900556839346772
-0.01543772816493505,-0.008924062849197223,-0.01056810353365538
-0.00976625853396762,-0.00645811879255509,-0.012308505442490243
-0.0202537288362703,-0.012434442999446016,-0.02823130326726049
0.012409951210227588,0.00873410051676915,0.026505468442992036
0.004602786891005017,0.00294029259300288,0.02093867246737549
-0.003117772337912772,-0.001420831666432587,0.007460964792700794
-0.005262972433609958,-0.002302905512169384,0.0033606208967393025
-0.014217313582243762,-0.009547443098827046,-0.006144909017911128
-0.005289260232804516,-0.0035232995327036942,0.006744668730255511
-0.012467402258162119,-0.007758429541540046,-0.020190755443852522
-0.011224690445823304,-0.006852592839839966,-0.03351729541236796
-0.011277844208755772,-0.007399911058391329,-0.024011047009162893
-0.00872047161099776,-0.006979739554582087,0.009539040040276767
-0.010533713363194419,-0.00660419765628617,-0.008227405836979
-0.004846756518575024,-0.0028320450967399546,-0.009528225479693828
-0.013314285972688689,-0.009234739348075616,-0.024272107651451144
-0.008888968406883357,-0.005869652673946346,-0.00540123866578654
-0.0039656295198849945,-0.002233085073216401,-0.011775543021183922
-0.008340487302228805,-0.005692429471902516,-0.002018020185109805
-0.0011856799125846695,-0.0003403508740165151,0.019792477314042912
-0.008012607352271939,-0.005191449713030982,-0.00854301582699317
-0.006566763482252158,-0.004419478537227239,-0.014095562871696561
-0.00675484048858388,-0.004712786281755199,0.01355554024490966
-0.00766481867191704,-0.005443432065678544,-0.018947510853922357
-0.007935167183929503,-0.005346850095592548,-0.002475308941437465
-0.017538923316374966,-0.01120374274897451,-0.027846249844139845
0.006925801453495417,0.005550040294132641,0.019594409242389706
-0.005040034544465777,-0.003530139676843902,0.0036809989011300226
0.00045478642871643604,0.0013819136333599324,0.008585113990275547
-0.007446252103810891,-0.005970691910451187,-0.021067842152669297
-0.011911877690730543,-0.008565841247848316,-0.017820447433824084
0.0023014339045310805,0.0018055351437775702,0.026999698644795636
-0.010628832318614223,-0.0064722309780224085,-0.011691031297455148
-0.004781580614284353,-0.0031754108052104435,-0.00026309828744304486
-0.005280503120353108,-0.002466842474771913,-0.004091183363993056
-0.01270070991686123,-0.007881613954565103,-0.005227180795702377
-0.01572790049279471,-0.009250512365898023,-0.02076826687624861
-0.006142837716535898,-0.0038420230706279757,-0.00685269467682359
-0.00475108451988604,-0.0021946859040515854,0.005851764659427078
0.012965936759895103,0.008663413331516878,0.03164596689266006
-0.018196171600543543,-0.01258660730099781,-0.02795491946944003
-0.014684194959247776,-0.009538053583433292,-0.01973630081638051
-0.011113610680343111,-0.006560250118465727,-0.015542569817217543
-0.007004002350502581,-0.005274572866244331,-0.008859674038478017
-0.010779074956660861,-0.007067919068537543,0.0077808862751930705
-0.022674871567207044,-0.015197866212802114,-0.024262580287873155
-0.00634731484491613,-0.003429869519734785,-0.0070084737348504456
-0.01535066202306734,-0.009665067650385106,-0.022296319542866434
-0.01487452416430124,-0.009088182011009693,-0.01053691127877783
-0.007982710574213625,-0.004763963722363984,0.0097372169376383
-0.009319233312468977,-0.006121415854315804,-0.01563953235074242
-0.0029376849996685106,-0.002055820312388046,0.018216543575682483
-0.006422640285474013,-0.004411985939185015,-0.0058119252781164005
-0.0017800117150661432,-0.0015339822885009902,0.014558085801070438
-0.0074078964614859855,-0.004835757903579374,-0.0030960975080058795
-0.005731949068673248,-0.0029822820796234772,-0.0006196297758624819
-0.01681671928228845,-0.010849657699751325,-0.014821796048927166
-0.009142748875510476,-0.004988397811377165,0.00263403985843836
-0.005747948174291362,-0.0028943432477859243,-0.012004034053301797
-0.0064416964164756285,-0.004703880578088682,-0.01773237570604528
-0.006262058045433783,-0.0034160373817514467,-0.0004139526939168081
-0.00589738093665737,-0.004358433734490186,-0.008019988432166253
-0.012542547468335274,-0.008225301109838656,-0.014494678048219571
-0.0019829436626035424,-0.0010603637701103175,-0.0001828130009517842
-0.014596868014360664,-0.009471700985078102,-0.015075872107947974
-0.012455548253969662,-0.008518908692996319,-0.007557553083473625
-0.013263976876818684,-0.008711278560285307,-0.019120878659273054
-0.009081463795601596,-0.0054342821065275215,-0.01683116203602708
-0.013715955916003386,-0.00897736136978522,-0.012109388893846017
-0.008591976853453254,-0.005099852795418358,-0.011370084354410656
-0.005305384130040336,-0.003577253261419555,0.004892787675951839
-0.0096790679579567,-0.005086358485807629,0.006734301567024405
-0.013207347912042366,-0.009046003279925663,-0.018925397823151974
-0.00529604010687712,-0.0032620423641221974,6.697788183673836e-05
-0.000891836958807124,-0.0011011624266283881,0.004390783435268553
-0.010441199890080743,-0.006246497770928894,-0.008138654540403668
-0.005872954064253366,-0.0036224742142719757,-0.004731790868838764
-0.0040593161760280605,-0.002876785774695967,-0.010375714306323308
-0.0039511280041522046,-0.0030521405833425774,0.0027145789632923856
-0.004653632361535931,-0.0022733572776031385,0.002721078568235502
0.000505598595882506,-0.0003375350656242837,0.01891548311965538
-0.0012325244018690507,-0.0007225852553330858,0.00022160338646503436
-0.004079527036720654,-0.0014440780152992216,-0.0006686378281868036
-0.011750787106562743,-0.0076796916709782614,-0.019854023100421343
0.0010817738908432961,0.0011108928640344296,0.006601307675571738
-0.005456193655909325,-0.003172811879450288,-0.01883907941819294
-0.0090728041946182,-0.0061852546943685915,-0.0005688935034558473
-0.007674722476908813,-0.0050810838746211395,-0.017194043968125107
-0.00879890010370521,-0.005077004512423877,-0.020461585332628318
-0.01194391434672748,-0.007086270606477929,-0.022756665537448498
-0.012038134918678556,-0.007912185521315895,-0.012766573012779114
-9.133209111167329e-05,-0.00043195289296493744,-0.007176043398226341
-0.014093572426243539,-0.009530633793180643,-0.015389218306544238
-0.009052152632787469,-0.005773640463273222,-0.005749619321853243
-0.003942455071050732,-0.003123237410131652,-0.0030009033477338756
-0.01302078612930302,-0.008765557634314525,-0.012531239533556789
-0.008581917140165651,-0.005417494800072031,-0.017402988551171346
-0.013371420239776777,-0.009569750278456302,-0.03257561766740969
-0.0013222892046409473,-0.0008609248168837125,-0.0014850567405569684
-0.005535872854431689,-0.0039474045329291885,0.005958300964163034
-0.011012706556098095,-0.0069418980700336474,0.005061662802025316
-0.0001606522579377101,0.00028023269024990416,0.005922430937955123
-0.009574379193930338,-0.006534235205056915,-0.02809655661657011
-0.016003610524343403,-0.010618752221909111,-0.0236092021580138
-0.01642412395922721,-0.011177061208531569,-0.02178371754560513
-0.0045330450663256805,-0.0028318841156586005,-0.004339801363161137
-0.00634729513268506,-0.0037742159058955504,0.0012015402301074687
-0.01262189079303111,-0.007841520731167728,-0.010337525711043682
-0.0015833608425570578,-0.0011491222000835632,0.003928895724925954
-0.01219430204097971,-0.006781157732667409,-0.007662798052421732
-0.013679978283884453,-0.008123564921328374,-0.01853975945084789
-0.012525138335083397,-0.007334778495707739,-0.028473877156557754
-0.007600431939731145,-0.004936260622640631,-0.02539497613073091
-0.00984942552724688,-0.006386924654820936,-0.01309299035455462
-0.019473629490458277,-0.012756755373758033,-0.017364804177524798
-0.0036202173998737264,-0.002341616312434791,-0.006675765373750732
-0.009621699392778349,-0.006245351150350187,-0.0017325935143453833
-0.005655889866391761,-0.0031702797484894907,-0.004487602811705876
-0.011245000258639615,-0.007433565111508389,-0.014382997701333965
-0.010790331466052905,-0.006424502536888421,-0.010924946516833393
-0.010666865628451982,-0.006427361177937074,0.009364400960813021
-0.009566274369137262,-0.0053136778452063105,-0.011567107826057854
-0.008544130016852725,-0.005244110286892312,-0.011720382173700215
-0.016428968302000246,-0.011010511457600458,-0.02119459206863069
-0.0062602297132245965,-0.0035284335703902325,-0.016123368822044598
-0.0099677325910289,-0.005503191522660322,-0.012717892860362942
-0.006893282309133109,-0.0041788050342230765,-0.022143998136980238
-0.008745488100107779,-0.004297517729236255,-0.010484424765930048
-0.008748016080391108,-0.005201571795609983,-0.009166206235214441
-0.01805038497512279,-0.0123985234924745,-0.028528628424866732
-0.00861507263931327,-0.006240257632003199,-0.020637381791302346
-0.0017115669066791739,-6.445434946000805e-05,0.012755198068506703
-0.015589889411759206,-0.010638894017765854,-0.01826185572721458
-0.00422077839203272,-0.0018028819847359934,-0.001589476054654343
-0.015060707545124674,-0.009508029946561525,-0.013803738119474183
-0.012873395901577767,-0.008065923164015887,-0.019012683638955287
-0.012140618585970375,-0.007516955657483115,-0.01534491358750429
-0.009897170434924663,-0.0065440968542285205,-0.009807258413671582
-0.022964556495241206,-0.015881286437711473,-0.022808065508954138
-0.01018508889811065,-0.0064862698978274125,-0.00414532242902841
-0.002402619430146413,-0.0011019699910342906,0.006669912544233415
-0.011238941377043288,-0.007915244709751912,-0.011039824644360034
0.0007218848650520915,0.0013205592005085531,0.0001871631441388022
-0.0040224918859803616,-0.0020772099679859934,0.012206116887362173
-0.0046692720189582815,-0.0031478989370465893,-0.021608844214533567
-0.013525137440864032,-0.007844190018439945,-0.00738777492379223
-0.002017379482008086,-0.0017160314104096575,0.02533688495010502
-0.008110406458819996,-0.005452990140210612,-0.009285819191817209
-0.010450171218804538,-0.006751841852149054,-0.023204614665241013
-0.0027389764417897755,-0.0019621302550990594,-0.0011519805499241378
-0.004902125073362185,-0.0036249995409360913,-0.0027339646638015053
-0.012151785132321402,-0.007327272163908272,-0.003552019689312534
-0.001867954039259656,-0.0010291474691368485,-0.0030911607722604595
-6.430102149534989e-05,0.0007007126739380087,0.005329953788953401
-0.018818165728682112,-0.012853945714420778,-0.027193872991510444
-0.010732765220701213,-0.007354873841599496,-0.012154623565197906
-0.01085231260344277,-0.006535911663203109,-0.019315368242310463
-0.010267288659382645,-0.007419260767708047,-0.015634116236915685
-0.009227859501519386,-0.006042787592413834,0.005567962401962889
-0.005315758231789869,-0.0031503377454372705,0.003718728732415688
-0.0056580514604263055,-0.002889272139721011,-0.0005438083655648421
-0.012276750561897032,-0.007741063209196319,-0.01914329383412368
-0.003770645298523223,-0.002848930730661059,-0.006485948504910036
-0.020410040409523877,-0.014004099032175255,-0.024198907426292708
-0.004500774434564092,-0.00169923179331255,0.0064937874020616695
-0.010128975258568262,-0.006382753435218103,-0.0056526893430093525
-0.010440183425355132,-0.0074760316950813754,-0.003106615571037405
-0.012731780970048345,-0.008100310014622969,-0.021329149355978017
-0.008239713369998736,-0.00554307825504996,-0.011329204984204234
-0.004435631093830716,-0.0021436671007498687,-0.0010372662273695696
-0.004459176587677582,-0.002383093801172298,0.004094206288779906
-0.016668306901014396,-0.011243375552722923,-0.02736015486794912
-0.01217411360851961,-0.0070783831430020205,-0.01409638012396508
-0.01231701350795511,-0.0073907574376428364,-0.024407780060587414
-0.0006427386468532692,-0.0008134664691589188,0.01862992772242863
-0.006004399103613722,-0.0037734344332780445,-0.0061938928674144245
-0.005195544806463559,-0.0031637726690065815,0.0056169375007661115
-0.009211970306461148,-0.005326738833869915,-0.01337455843257062
0.0032418066156405523,0.0020038922449281404,0.004611866610085252
-0.007802244126860369,-0.004626681639556041,-0.014102525470830213
-0.01652889896372456,-0.009886315066904627,-0.02795891425749797
-0.00943970551781137,-0.006633776894121146,-0.005025911281207059
-0.01935565834176134,-0.012653023925993545,-0.028728747600428893
-0.008559375653124257,-0.0049426751436657534,-0.004817004796051717
-0.011053117508339927,-0.006637496588545511,-0.01953785689876944
-0.006744909462451321,-0.004761331743977637,0.0013129312983211558
-0.009096651859788585,-0.0060689432443102875,0.0025694659906072698
-0.006160701865583262,-0.003674551632373735,-0.019917912108483517
-0.005082857150078612,-0.003258202351438033,-0.0027629386809400747
-0.0033953506117270216,-0.0025022096290387985,-0.004829885346981408
-0.015800555565755436,-0.00983574596589154,-0.001322677229422295
-0.00763903336797267,-0.004630552102513508,-0.007273151727822745
-0.011051756072975705,-0.006065193932093038,-0.01661986080894648
-0.011414926483717336,-0.007113902116795523,-0.023065055034726827
-0.00721066558766148,-0.004097783537305055,0.005987385977305637
-0.014194638065260112,-0.008548964380292956,-0.02261289611042893
-0.008525338676223071,-0.004768570600903854,-0.0041183115533498516
0.004557136277052121,0.003850089554246261,0.03075602181279554
-0.012355347758226776,-0.006828921805641985,-0.01684155328292076
-0.00509585049640604,-0.0036656000933066313,0.0046693061316443185
-0.005377628299583215,-0.004106716345324557,-0.011236882859022947
-0.017207380264342875,-0.011037532861505772,-0.026512572716184686
-0.014547171320902441,-0.0103717038044564,-0.02189969528074604
-0.009603657315574332,-0.006303436163332066,-0.01111260730021088
0.0024599252577685027,0.0017208951880064438,0.03238295646606313
-0.004165824295217502,-0.002922864786679802,0.007749180036211681
-0.016828655102789636,-0.011338336364876134,-0.025650886256473653
-0.016331644407605705,-0.011093329646718275,-0.018805877634323183
-0.011218536010397129,-0.007920893125654915,-0.003210861937428415
