season,round,date,home_team,away_team,result,predicted_result,prob_A,prob_D,prob_H,oos_fold
2012-13,Round of 16,2013-03-06,Paris SG,Valencia,D,H,0.22805907081259194,0.1968829786157404,0.5750579505716676,1
2012-13,Round of 16,2013-03-12,Schalke 04,Galatasaray,A,H,0.21213153085045697,0.19301920294358957,0.5948492662059535,1
2012-13,Round of 16,2013-03-12,Barcelona,Milan,H,H,0.2017808704938186,0.18850918545143042,0.609709944054751,1
2012-13,Round of 16,2013-03-13,Málaga,Porto,H,H,0.22208988632050514,0.22546941523324562,0.5524406984462492,1
2012-13,Round of 16,2013-03-13,Bayern Munich,Arsenal,A,H,0.19466135865712414,0.17269142302858712,0.6326472183142887,1
2012-13,Quarter-finals,2013-04-02,Bayern Munich,Juventus,H,H,0.3137419451527016,0.2134719267108039,0.47278612813649445,1
2012-13,Quarter-finals,2013-04-02,Paris SG,Barcelona,D,H,0.2538006953685494,0.1887105736184755,0.5574887310129751,1
2012-13,Quarter-finals,2013-04-03,Málaga,Dortmund,D,H,0.21650604722292627,0.17493963298444506,0.6085543197926288,1
2012-13,Quarter-finals,2013-04-03,Real Madrid,Galatasaray,H,H,0.2094151464710888,0.20360261962348314,0.586982233905428,1
2012-13,Quarter-finals,2013-04-09,Dortmund,Málaga,H,H,0.2131889407649729,0.17887909103616284,0.6079319681988643,1
2012-13,Quarter-finals,2013-04-09,Galatasaray,Real Madrid,H,A,0.4033695238347655,0.19945194617537984,0.39717852998985465,1
2012-13,Quarter-finals,2013-04-10,Barcelona,Paris SG,D,H,0.23096735650213307,0.2021387530325248,0.5668938904653421,1
2012-13,Quarter-finals,2013-04-10,Juventus,Bayern Munich,A,H,0.1940548596011994,0.1687889584457304,0.6371561819530702,1
2012-13,Semi-finals,2013-04-23,Bayern Munich,Barcelona,H,H,0.24755450533688292,0.19702694108462213,0.555418553578495,1
2012-13,Semi-finals,2013-04-24,Dortmund,Real Madrid,H,H,0.2678434341898685,0.17004007189676187,0.5621164939133696,1
2012-13,Semi-finals,2013-04-30,Real Madrid,Dortmund,H,H,0.25103309843253546,0.19415854240378252,0.554808359163682,1
2012-13,Semi-finals,2013-05-01,Barcelona,Bayern Munich,A,H,0.25296130116913124,0.22136051533660592,0.5256781834942628,1
2012-13,Final,2013-05-25,Dortmund,Bayern Munich,A,H,0.2958292442884159,0.18773664877858745,0.5164341069329967,1
2013-14,Group stage,2013-09-17,Viktoria Plzeň,Manchester City,A,H,0.29916756731685146,0.28382865418532377,0.41700377849782483,1
2013-14,Group stage,2013-09-17,Real Sociedad,Shakhtar D.,A,H,0.29552134798902424,0.27603957963056086,0.42843907238041484,1
2013-14,Group stage,2013-09-17,Olympiacos,Paris SG,A,H,0.26108133203313066,0.2970085767476541,0.4419100912192152,1
2013-14,Group stage,2013-09-17,Manchester Utd,Leverkusen,H,H,0.23302345295722773,0.2800011735140972,0.48697537352867504,1
2013-14,Group stage,2013-09-17,Galatasaray,Real Madrid,A,H,0.3019822877928912,0.2755725847025615,0.4224451275045474,1
2013-14,Group stage,2013-09-17,FC Copenhagen,Juventus,D,H,0.27557150936149705,0.279494644156885,0.444933846481618,1
2013-14,Group stage,2013-09-17,Benfica,Anderlecht,H,H,0.2684790607684759,0.26887392971310664,0.4626470095184174,1
2013-14,Group stage,2013-09-17,Bayern Munich,CSKA Moscow,H,H,0.20826962814285196,0.28003905124570516,0.5116913206114428,1
2013-14,Group stage,2013-09-18,Schalke 04,Steaua,H,H,0.221904607142693,0.21031863747214183,0.5677767553851653,1
2013-14,Group stage,2013-09-18,Napoli,Dortmund,H,H,0.2542205323664712,0.29412077437263173,0.45165869326089714,1
2013-14,Group stage,2013-09-18,Milan,Celtic,H,H,0.25345598678742787,0.29414068703694796,0.4524033261756243,1
2013-14,Group stage,2013-09-18,Marseille,Arsenal,A,H,0.24980331309073187,0.2754743443737693,0.4747223425354989,1
2013-14,Group stage,2013-09-18,Atlético Madrid,Zenit,H,H,0.28630253280289575,0.2882626586194655,0.42543480857763877,1
2013-14,Group stage,2013-09-18,Barcelona,Ajax,H,H,0.21083677432921802,0.2708276171298249,0.5183356085409572,1
2013-14,Group stage,2013-09-18,Austria Wien,Porto,A,H,0.3269344625726174,0.2748203020817491,0.3982452353456335,1
2013-14,Group stage,2013-09-18,Chelsea,Basel,A,H,0.2231659886994377,0.2692636133520708,0.5075703979484915,1
2013-14,Group stage,2013-10-01,Ajax,Milan,D,A,0.3449060048153379,0.3166026043021476,0.3384913908825144,1
2013-14,Group stage,2013-10-01,Arsenal,Napoli,H,H,0.23124127322866167,0.22624520305689796,0.5425135237144404,1
2013-14,Group stage,2013-10-01,Celtic,Barcelona,A,A,0.3664852235674868,0.2799479217993339,0.35356685463317933,1
2013-14,Group stage,2013-10-01,Basel,Schalke 04,A,H,0.2957203420252381,0.24995902548588614,0.4543206324888757,1
2013-14,Group stage,2013-10-01,Dortmund,Marseille,H,H,0.29425687401500455,0.22582849148449774,0.4799146345004976,1
2013-14,Group stage,2013-10-01,Porto,Atlético Madrid,A,H,0.23828247350477463,0.28037661770731936,0.48134090878790603,1
2013-14,Group stage,2013-10-01,Steaua,Chelsea,A,A,0.41562420430585806,0.21664434877532657,0.3677314469188154,1
2013-14,Group stage,2013-10-01,Zenit,Austria Wien,D,H,0.22483388787538205,0.18399741367070183,0.5911686984539162,1
2013-14,Group stage,2013-10-02,Anderlecht,Olympiacos,A,A,0.4212781891753028,0.19483158483077315,0.383890225993924,1
2013-14,Group stage,2013-10-02,CSKA Moscow,Viktoria Plzeň,H,H,0.3216307563678767,0.1931354161818098,0.48523382745031346,1
2013-14,Group stage,2013-10-02,Juventus,Galatasaray,D,H,0.24754930756271454,0.19409529071798226,0.5583554017193032,1
2013-14,Group stage,2013-10-02,Leverkusen,Real Sociedad,H,H,0.24049864933451598,0.18689338325246604,0.572607967413018,1
2013-14,Group stage,2013-10-02,Manchester City,Bayern Munich,A,H,0.3393906693150728,0.2225347698116555,0.43807456087327173,1
2013-14,Group stage,2013-10-02,Paris SG,Benfica,H,H,0.23345058020470436,0.21129394779736252,0.5552554719979331,1
2013-14,Group stage,2013-10-02,Real Madrid,FC Copenhagen,H,H,0.19271588620989544,0.1627624066470802,0.6445217071430244,1
2013-14,Group stage,2013-10-02,Shakhtar D.,Manchester Utd,D,H,0.2487453713873757,0.22429174644488217,0.5269628821677421,1
2013-14,Group stage,2013-10-22,Arsenal,Dortmund,A,H,0.21819373908776415,0.18966148921041273,0.5921447717018231,1
2013-14,Group stage,2013-10-22,Marseille,Napoli,A,H,0.3292154483217585,0.21612981314920804,0.45465473852903343,1
2013-14,Group stage,2013-10-22,Austria Wien,Atlético Madrid,A,H,0.2705386991267321,0.30539340969086437,0.4240678911824035,1
2013-14,Group stage,2013-10-22,Celtic,Ajax,H,H,0.37434803637224773,0.1886962127898163,0.436955750837936,1
2013-14,Group stage,2013-10-22,Porto,Zenit,A,H,0.24769400200897254,0.16851013992766192,0.5837958580633655,1
2013-14,Group stage,2013-10-22,Schalke 04,Chelsea,A,H,0.2421952700055796,0.18321457154007756,0.5745901584543428,1
2013-14,Group stage,2013-10-22,Steaua,Basel,D,A,0.4526746754757082,0.21441541993182572,0.33290990459246605,1
2013-14,Group stage,2013-10-22,Milan,Barcelona,D,H,0.2652373332684297,0.298050983420594,0.4367116833109764,1
2013-14,Group stage,2013-10-23,Real Madrid,Juventus,H,H,0.1828564836199787,0.15653463208401588,0.6606088842960053,1
2013-14,Group stage,2013-10-23,Manchester Utd,Real Sociedad,H,H,0.169139406004245,0.14789214621113025,0.6829684477846248,1
2013-14,Group stage,2013-10-23,Galatasaray,FC Copenhagen,H,H,0.3257292020935426,0.20876763835950912,0.46550315954694815,1
2013-14,Group stage,2013-10-23,Leverkusen,Shakhtar D.,H,H,0.3458649405017945,0.2191848897523861,0.4349501697458193,1
2013-14,Group stage,2013-10-23,Benfica,Olympiacos,D,H,0.3153613932538026,0.21655803529411585,0.4680805714520815,1
2013-14,Group stage,2013-10-23,Bayern Munich,Viktoria Plzeň,H,H,0.17181355505676432,0.15569335239542412,0.6724930925478116,1
2013-14,Group stage,2013-10-23,Anderlecht,Paris SG,A,A,0.42440360426588425,0.21393443987968955,0.3616619558544262,1
2013-14,Group stage,2013-10-23,CSKA Moscow,Manchester City,A,H,0.3476197875005474,0.21603699232317272,0.4363432201762799,1
2013-14,Group stage,2013-11-05,Juventus,Real Madrid,D,H,0.33821246342072214,0.2793193367697875,0.38246819980949043,1
2013-14,Group stage,2013-11-05,Real Sociedad,Manchester Utd,D,A,0.4690034441541171,0.1994930282975376,0.3315035275483454,1
2013-14,Group stage,2013-11-05,Viktoria Plzeň,Bayern Munich,A,A,0.3776738981533927,0.25020460063153604,0.37212150121507115,1
2013-14,Group stage,2013-11-05,Shakhtar D.,Leverkusen,D,H,0.25435268942561057,0.3068123624843555,0.438834948090034,1
2013-14,Group stage,2013-11-05,Paris SG,Anderlecht,D,H,0.1699044182880191,0.15328662659874157,0.6768089551132394,1
2013-14,Group stage,2013-11-05,Olympiacos,Benfica,H,H,0.2869286157454658,0.21073168291116579,0.5023397013433684,1
2013-14,Group stage,2013-11-05,Manchester City,CSKA Moscow,H,H,0.287007379526786,0.17897362282339768,0.5340189976498163,1
2013-14,Group stage,2013-11-05,FC Copenhagen,Galatasaray,H,H,0.32870571744549165,0.27069878329168684,0.4005954992628215,1
2013-14,Group stage,2013-11-06,Zenit,Porto,D,H,0.24875793315431433,0.22122667299335924,0.5300153938523264,1
2013-14,Group stage,2013-11-06,Napoli,Marseille,H,H,0.25422439743006214,0.18515959432517604,0.5606160082447619,1
2013-14,Group stage,2013-11-06,Chelsea,Schalke 04,H,H,0.20012924013087752,0.1715190709198371,0.6283516889492854,1
2013-14,Group stage,2013-11-06,Dortmund,Arsenal,A,H,0.24945320663599185,0.18881879023559436,0.5617280031284138,1
2013-14,Group stage,2013-11-06,Barcelona,Milan,H,H,0.17723070640965108,0.15478157949505592,0.6679877140952929,1
2013-14,Group stage,2013-11-06,Atlético Madrid,Austria Wien,H,H,0.1729703480114779,0.15334539419885104,0.673684257789671,1
2013-14,Group stage,2013-11-06,Ajax,Celtic,H,H,0.3344981411125931,0.2047496860107355,0.4607521728766714,1
2013-14,Group stage,2013-11-06,Basel,Steaua,D,H,0.21231420171889068,0.17405102464980474,0.6136347736313046,1
2013-14,Group stage,2013-11-26,Zenit,Atlético Madrid,D,H,0.3517383018323555,0.22662424071586101,0.42163745745178355,1
2013-14,Group stage,2013-11-26,Steaua,Schalke 04,D,A,0.3996138292852436,0.2047446196727757,0.39564155104198073,1
2013-14,Group stage,2013-11-26,Porto,Austria Wien,D,H,0.19861919776599812,0.16311792461645466,0.6382628776175472,1
2013-14,Group stage,2013-11-26,Dortmund,Napoli,H,H,0.26958505086237367,0.18542986730286676,0.5449850818347596,1
2013-14,Group stage,2013-11-26,Celtic,Milan,A,A,0.4278275496461915,0.18861122724091464,0.38356122311289376,1
2013-14,Group stage,2013-11-26,Basel,Chelsea,H,H,0.3693384532568386,0.2530560230269778,0.3776055237161836,1
2013-14,Group stage,2013-11-26,Arsenal,Marseille,H,H,0.20692218068824006,0.1702939024882886,0.6227839168234712,1
2013-14,Group stage,2013-11-26,Ajax,Barcelona,H,A,0.4486243271404217,0.20981898918312572,0.34155668367645253,1
2013-14,Group stage,2013-11-27,Shakhtar D.,Real Sociedad,H,H,0.21630111116499337,0.17424405255078274,0.609454836284224,1
2013-14,Group stage,2013-11-27,Real Madrid,Galatasaray,H,H,0.17273144736657814,0.1605452695709485,0.6667232830624733,1
2013-14,Group stage,2013-11-27,Paris SG,Olympiacos,H,H,0.18743346324298693,0.1689658591076411,0.643600677649372,1
2013-14,Group stage,2013-11-27,Manchester City,Viktoria Plzeň,H,H,0.2204382623522333,0.16495423636368223,0.6146075012840845,1
2013-14,Group stage,2013-11-27,CSKA Moscow,Bayern Munich,A,A,0.39733104395741237,0.23249544706205338,0.37017350898053425,1
2013-14,Group stage,2013-11-27,Juventus,FC Copenhagen,H,H,0.2758946351384835,0.1910558940864803,0.5330494707750362,1
2013-14,Group stage,2013-11-27,Anderlecht,Benfica,A,A,0.4367104891481571,0.21197568937042682,0.35131382148141616,1
2013-14,Group stage,2013-11-27,Leverkusen,Manchester Utd,A,H,0.2394501992705439,0.19634349967113598,0.5642063010583201,1
2013-14,Group stage,2013-12-10,FC Copenhagen,Real Madrid,A,A,0.383476405802988,0.2363128474272873,0.3802107467697247,1
2013-14,Group stage,2013-12-10,Real Sociedad,Leverkusen,A,A,0.3692244063261435,0.26542342044839085,0.3653521732254656,1
2013-14,Group stage,2013-12-10,Olympiacos,Anderlecht,H,H,0.2468634891357182,0.19387726166879504,0.5592592491954868,1
2013-14,Group stage,2013-12-10,Manchester Utd,Shakhtar D.,H,H,0.1983625329265302,0.17091561218382878,0.6307218548896409,1
2013-14,Group stage,2013-12-10,Viktoria Plzeň,CSKA Moscow,H,A,0.4086955218537919,0.21239966307229474,0.3789048150739133,1
2013-14,Group stage,2013-12-10,Benfica,Paris SG,H,A,0.38528223979518555,0.2358015255869306,0.3789162346178838,1
2013-14,Group stage,2013-12-10,Bayern Munich,Manchester City,A,H,0.1889580612568763,0.1662804318658535,0.6447615068772702,1
2013-14,Group stage,2013-12-11,Napoli,Arsenal,H,H,0.37428195373309703,0.20057552747791949,0.4251425187889834,1
2013-14,Group stage,2013-12-11,Milan,Ajax,D,H,0.27523626078686975,0.18978436201280344,0.5349793772003267,1
2013-14,Group stage,2013-12-11,Schalke 04,Basel,H,H,0.27031721467193476,0.21009353673174566,0.5195892485963196,1
2013-14,Group stage,2013-12-11,Marseille,Dortmund,A,H,0.37398353684256386,0.25006514581500333,0.3759513173424329,1
2013-14,Group stage,2013-12-11,Galatasaray,Juventus,H,H,0.37050386049364425,0.20535213219517592,0.42414400731117974,1
2013-14,Group stage,2013-12-11,Chelsea,Steaua,H,H,0.18164665038631034,0.15626606583854927,0.6620872837751404,1
2013-14,Group stage,2013-12-11,Barcelona,Celtic,H,H,0.17696726997266016,0.15448502024424127,0.6685477097830985,1
2013-14,Group stage,2013-12-11,Austria Wien,Zenit,H,A,0.46480775937506735,0.2030642668428254,0.3321279737821073,1
2013-14,Group stage,2013-12-11,Atlético Madrid,Porto,H,H,0.17809332723251814,0.16466297034832708,0.6572437024191548,1
2013-14,Round of 16,2014-02-18,Leverkusen,Paris SG,A,A,0.424027235531333,0.20712594235920292,0.36884682210946407,1
2013-14,Round of 16,2014-02-18,Manchester City,Barcelona,A,H,0.31748989808373074,0.20969943435673769,0.47281066755953155,1
2013-14,Round of 16,2014-02-19,Milan,Atlético Madrid,A,A,0.3689475772627455,0.2678934543066038,0.36315896843065076,1
2013-14,Round of 16,2014-02-19,Arsenal,Bayern Munich,A,H,0.3515262970442408,0.18871477838607278,0.4597589245696863,1
2013-14,Round of 16,2014-02-25,Olympiacos,Manchester Utd,H,H,0.3396661340308911,0.2174050142469789,0.4429288517221301,1
2013-14,Round of 16,2014-02-25,Zenit,Dortmund,A,H,0.32436326954743305,0.2666952600513817,0.4089414704011852,1
2013-14,Round of 16,2014-02-26,Schalke 04,Real Madrid,A,A,0.3824629897794418,0.2382404347517377,0.3792965754688205,1
2013-14,Round of 16,2014-02-26,Galatasaray,Chelsea,D,A,0.4449941479160414,0.20844255447180565,0.3465632976121528,1
2013-14,Round of 16,2014-03-11,Atlético Madrid,Milan,H,H,0.18690465453962904,0.16027489974649678,0.6528204457138742,1
2013-14,Round of 16,2014-03-11,Bayern Munich,Arsenal,D,H,0.2087892389045676,0.17958849929317774,0.6116222618022547,1
2013-14,Round of 16,2014-03-12,Paris SG,Leverkusen,H,H,0.19004373269000585,0.1685911839863027,0.6413650833236915,1
2013-14,Round of 16,2014-03-12,Barcelona,Manchester City,H,H,0.19732223702844778,0.16676696164348154,0.6359108013280707,1
2013-14,Round of 16,2014-03-18,Chelsea,Galatasaray,H,H,0.2089820408086436,0.167755904269242,0.6232620549221143,1
2013-14,Round of 16,2014-03-18,Real Madrid,Schalke 04,H,H,0.19057606718035808,0.1761495662549762,0.6332743665646657,1
2013-14,Round of 16,2014-03-19,Dortmund,Zenit,A,H,0.2441455070695188,0.18835398501837114,0.56750050791211,1
2013-14,Round of 16,2014-03-19,Manchester Utd,Olympiacos,H,H,0.19365036013262615,0.18677384606284117,0.6195757938045326,1
2013-14,Quarter-finals,2014-04-01,Barcelona,Atlético Madrid,D,H,0.26392194063551505,0.20147820566924937,0.5345998536952355,1
2013-14,Quarter-finals,2014-04-01,Manchester Utd,Bayern Munich,D,H,0.23205638482510185,0.18514487426383341,0.5827987409110648,1
2013-14,Quarter-finals,2014-04-02,Paris SG,Chelsea,H,H,0.24098646216643282,0.20870856451841605,0.5503049733151512,1
2013-14,Quarter-finals,2014-04-02,Real Madrid,Dortmund,H,H,0.19425554024619276,0.169471663825671,0.6362727959281362,1
2013-14,Quarter-finals,2014-04-08,Chelsea,Paris SG,H,H,0.3161642970658923,0.20112404816791732,0.4827116547661903,1
2013-14,Quarter-finals,2014-04-08,Dortmund,Real Madrid,H,H,0.3859865808000523,0.19383206872008193,0.42018135047986566,1
2013-14,Quarter-finals,2014-04-09,Atlético Madrid,Barcelona,H,H,0.21633709185904493,0.18079430912070996,0.6028685990202451,1
2013-14,Quarter-finals,2014-04-09,Bayern Munich,Manchester Utd,H,H,0.20192425041830822,0.1916385894126975,0.6064371601689942,1
2013-14,Semi-finals,2014-04-22,Atlético Madrid,Chelsea,D,H,0.22035808134313736,0.17707730840346833,0.6025646102533944,1
2013-14,Semi-finals,2014-04-23,Real Madrid,Bayern Munich,H,H,0.24944035076882945,0.20826127233095348,0.5422983769002171,1
2013-14,Semi-finals,2014-04-29,Bayern Munich,Real Madrid,A,H,0.30509430082382105,0.20118521300028055,0.49372048617589853,1
2013-14,Semi-finals,2014-04-30,Chelsea,Atlético Madrid,A,H,0.3122136850587552,0.2383367019735322,0.4494496129677125,1
2013-14,Final,2014-05-24,Real Madrid,Atlético Madrid,H,H,0.2547904140909074,0.2206503226205269,0.5245592632885656,1
2014-15,Group stage,2014-09-16,Galatasaray,Anderlecht,D,H,0.26684310533943445,0.26682787576917955,0.466329018891386,1
2014-15,Group stage,2014-09-16,Juventus,Malmö,H,H,0.2101910483865691,0.1938399209276041,0.5959690306858269,1
2014-15,Group stage,2014-09-16,Benfica,Zenit,A,H,0.24975383122767839,0.303585534652161,0.4466606341201606,1
2014-15,Group stage,2014-09-16,Dortmund,Arsenal,H,H,0.24402672394846417,0.29847583593044713,0.45749744012108867,1
2014-15,Group stage,2014-09-16,Liverpool,Ludogorets,H,H,0.21510577871160694,0.22269991424666832,0.5621943070417248,1
2014-15,Group stage,2014-09-16,Monaco,Leverkusen,H,H,0.2726041851979438,0.3029842917953171,0.4244115230067391,1
2014-15,Group stage,2014-09-16,Olympiacos,Atlético Madrid,H,H,0.2536188503737253,0.30304821996585296,0.44333292966042176,1
2014-15,Group stage,2014-09-16,Real Madrid,Basel,H,H,0.20107029167520715,0.27016926873543534,0.5287604395893575,1
2014-15,Group stage,2014-09-17,NK Maribor,Sporting CP,D,H,0.21510577871160694,0.22269991424666832,0.5621943070417248,1
2014-15,Group stage,2014-09-17,Roma,CSKA Moscow,H,H,0.3053219973805585,0.27647817372567646,0.41819982889376495,1
2014-15,Group stage,2014-09-17,Porto,BATE Borisov,H,H,0.24195182111775193,0.2769433178751572,0.48110486100709093,1
2014-15,Group stage,2014-09-17,Chelsea,Schalke 04,D,H,0.21627454673203886,0.2904875805216278,0.49323787274633324,1
2014-15,Group stage,2014-09-17,Athletic Club,Shakhtar D.,D,H,0.29104569737381936,0.28903247413047695,0.4199218284957038,1
2014-15,Group stage,2014-09-17,Barcelona,APOEL FC,H,H,0.2059533897849275,0.2684661026228948,0.5255805075921777,1
2014-15,Group stage,2014-09-17,Ajax,Paris SG,D,H,0.3152860352301754,0.28226297324474164,0.402450991525083,1
2014-15,Group stage,2014-09-17,Bayern Munich,Manchester City,H,H,0.21261123512712538,0.2652363675246179,0.5221523973482567,1
2014-15,Group stage,2014-09-30,Schalke 04,NK Maribor,D,H,0.20505959056829343,0.17790956433011879,0.6170308451015878,1
2014-15,Group stage,2014-09-30,Sporting CP,Chelsea,A,H,0.37454234985117846,0.18302945512140728,0.44242819502741426,1
2014-15,Group stage,2014-09-30,Manchester City,Roma,D,H,0.2695648326774809,0.3218986629777136,0.4085365043448056,1
2014-15,Group stage,2014-09-30,Paris SG,Barcelona,H,H,0.22309332877850785,0.3319036630698912,0.445003008151601,1
2014-15,Group stage,2014-09-30,BATE Borisov,Athletic Club,H,H,0.3243985064539425,0.22918019937210823,0.4464212941739494,1
2014-15,Group stage,2014-09-30,CSKA Moscow,Bayern Munich,A,A,0.46828836953479885,0.22302469817091128,0.3086869322942899,1
2014-15,Group stage,2014-09-30,APOEL FC,Ajax,D,H,0.382313374508401,0.21887096836499192,0.398815657126607,1
2014-15,Group stage,2014-09-30,Shakhtar D.,Porto,D,H,0.24564690466675146,0.356549658744715,0.39780343658853357,1
2014-15,Group stage,2014-10-01,Basel,Liverpool,H,H,0.3387990828426701,0.244417422488076,0.4167834946692539,1
2014-15,Group stage,2014-10-01,Anderlecht,Dortmund,A,H,0.30698152078831525,0.3064932782621956,0.3865252009494891,1
2014-15,Group stage,2014-10-01,Atlético Madrid,Juventus,H,H,0.24746799033144284,0.30262033999309934,0.44991166967545787,1
2014-15,Group stage,2014-10-01,Arsenal,Galatasaray,H,H,0.2951081070260492,0.22150242718984067,0.4833894657841102,1
2014-15,Group stage,2014-10-01,Leverkusen,Benfica,H,H,0.37924968471664655,0.19438002467619395,0.42637029060715936,1
2014-15,Group stage,2014-10-01,Zenit,Monaco,D,H,0.3434692856638645,0.19320610689519643,0.4633246074409391,1
2014-15,Group stage,2014-10-01,Malmö,Olympiacos,H,A,0.3996159166684758,0.21372382850643887,0.3866602548250853,1
2014-15,Group stage,2014-10-01,Ludogorets,Real Madrid,A,A,0.42519178527613277,0.19481267292520635,0.37999554179866085,1
2014-15,Group stage,2014-10-21,APOEL FC,Paris SG,A,A,0.40395496376286133,0.20702262571239063,0.3890224105247481,1
2014-15,Group stage,2014-10-21,BATE Borisov,Shakhtar D.,A,A,0.39613664321841974,0.22409749291354134,0.37976586386803884,1
2014-15,Group stage,2014-10-21,Barcelona,Ajax,H,H,0.2100485638162518,0.16536067290071305,0.6245907632830351,1
2014-15,Group stage,2014-10-21,CSKA Moscow,Manchester City,D,A,0.40406039867626686,0.23205253843357554,0.36388706289015765,1
2014-15,Group stage,2014-10-21,Chelsea,NK Maribor,H,H,0.17252900084501124,0.15548480898041758,0.6719861901745712,1
2014-15,Group stage,2014-10-21,Porto,Athletic Club,H,H,0.17513266074283945,0.15547213699985687,0.6693952022573036,1
2014-15,Group stage,2014-10-21,Roma,Bayern Munich,A,H,0.31924124470856036,0.229178863053268,0.45157989223817163,1
2014-15,Group stage,2014-10-21,Schalke 04,Sporting CP,H,H,0.18316786868028256,0.1651808539051829,0.6516512774145345,1
2014-15,Group stage,2014-10-22,Atlético Madrid,Malmö,H,H,0.20718372232049537,0.19340811071755576,0.5994081669619488,1
2014-15,Group stage,2014-10-22,Anderlecht,Arsenal,A,H,0.3145919804613142,0.24216291320272867,0.44324510633595715,1
2014-15,Group stage,2014-10-22,Galatasaray,Dortmund,A,H,0.32009279670332513,0.3248040064993885,0.35510319679728636,1
2014-15,Group stage,2014-10-22,Leverkusen,Zenit,H,H,0.3397263210468781,0.21154018800956645,0.4487334909435554,1
2014-15,Group stage,2014-10-22,Liverpool,Real Madrid,A,H,0.3598217900271275,0.2432177114294581,0.39696049854341436,1
2014-15,Group stage,2014-10-22,Monaco,Benfica,D,H,0.20660678517143719,0.169442484505636,0.6239507303229268,1
2014-15,Group stage,2014-10-22,Olympiacos,Juventus,H,H,0.3254307434923628,0.22365210725447146,0.4509171492531659,1
2014-15,Group stage,2014-10-22,Ludogorets,Basel,H,A,0.4937804204197972,0.17313797157066696,0.33308160800953596,1
2014-15,Group stage,2014-11-04,Arsenal,Anderlecht,D,H,0.2093716034037468,0.17343542199312326,0.61719297460313,1
2014-15,Group stage,2014-11-04,Basel,Ludogorets,H,H,0.35078890893418296,0.2064128422915028,0.4427982487743143,1
2014-15,Group stage,2014-11-04,Benfica,Monaco,H,H,0.3012817782951002,0.21373224568495755,0.48498597601994214,1
2014-15,Group stage,2014-11-04,Dortmund,Galatasaray,H,H,0.21429542947461624,0.17640441511271363,0.6093001554126701,1
2014-15,Group stage,2014-11-04,Juventus,Olympiacos,H,H,0.25844719151390577,0.1987482372080691,0.5428045712780252,1
2014-15,Group stage,2014-11-04,Malmö,Atlético Madrid,A,H,0.3543607487903401,0.2390309758146234,0.4066082753950366,1
2014-15,Group stage,2014-11-04,Real Madrid,Liverpool,H,H,0.16942396712743255,0.15127718065247123,0.6792988522200962,1
2014-15,Group stage,2014-11-04,Zenit,Leverkusen,A,H,0.22468582140286608,0.3061619978315461,0.4691521807655879,1
2014-15,Group stage,2014-11-05,Ajax,Barcelona,A,H,0.30608227955922046,0.25840715259925207,0.4355105678415276,1
2014-15,Group stage,2014-11-05,Athletic Club,Porto,A,A,0.40208825929183023,0.23733556296390962,0.36057617774426004,1
2014-15,Group stage,2014-11-05,Bayern Munich,Roma,H,H,0.19656556013025311,0.16525741345231879,0.6381770264174281,1
2014-15,Group stage,2014-11-05,Manchester City,CSKA Moscow,A,H,0.33236499777483003,0.20001495126767865,0.4676200509574912,1
2014-15,Group stage,2014-11-05,NK Maribor,Chelsea,D,H,0.31924764361222147,0.3387393253575462,0.34201303103023234,1
2014-15,Group stage,2014-11-05,Sporting CP,Schalke 04,H,H,0.4010143226154577,0.19096544264796103,0.4080202347365811,1
2014-15,Group stage,2014-11-05,Paris SG,APOEL FC,H,H,0.17647332517971917,0.1632009147627519,0.660325760057529,1
2014-15,Group stage,2014-11-05,Shakhtar D.,BATE Borisov,H,H,0.219411621867081,0.17214734241138874,0.6084410357215303,1
2014-15,Group stage,2014-11-25,APOEL FC,Barcelona,A,H,0.37250632802997014,0.24243365288485008,0.3850600190851798,1
2014-15,Group stage,2014-11-25,BATE Borisov,Porto,A,A,0.3647738689075684,0.29848795172771214,0.3367381793647195,1
2014-15,Group stage,2014-11-25,CSKA Moscow,Roma,D,H,0.3408097453419222,0.2110329758436708,0.44815727881440703,1
2014-15,Group stage,2014-11-25,Manchester City,Bayern Munich,H,A,0.38033595256619984,0.26085081895632384,0.35881322847747626,1
2014-15,Group stage,2014-11-25,Paris SG,Ajax,H,H,0.18138635191526586,0.15525752696377773,0.6633561211209564,1
2014-15,Group stage,2014-11-25,Schalke 04,Chelsea,A,H,0.354544470164118,0.18665269367207668,0.45880283616380524,1
2014-15,Group stage,2014-11-25,Shakhtar D.,Athletic Club,A,H,0.18284571202185312,0.15655813831284573,0.6605961496653011,1
2014-15,Group stage,2014-11-25,Sporting CP,NK Maribor,H,H,0.22702114449039296,0.16492605317612158,0.6080528023334856,1
2014-15,Group stage,2014-11-26,Arsenal,Dortmund,H,H,0.304730360950554,0.2780859216249213,0.4171837174245247,1
2014-15,Group stage,2014-11-26,Basel,Real Madrid,A,H,0.3919378369780909,0.19324961202445384,0.41481255099745523,1
2014-15,Group stage,2014-11-26,Anderlecht,Galatasaray,H,A,0.40621668556573776,0.20131546842197298,0.39246784601228923,1
2014-15,Group stage,2014-11-26,Atlético Madrid,Olympiacos,H,H,0.18404579930577644,0.1558880044645776,0.660066196229646,1
2014-15,Group stage,2014-11-26,Ludogorets,Liverpool,D,H,0.34209366152013904,0.18618420715411022,0.47172213132575075,1
2014-15,Group stage,2014-11-26,Leverkusen,Monaco,A,H,0.24900143847766082,0.19062977909054402,0.5603687824317951,1
2014-15,Group stage,2014-11-26,Malmö,Juventus,A,A,0.44777492120772033,0.1993788322437298,0.35284624654854985,1
2014-15,Group stage,2014-11-26,Zenit,Benfica,H,H,0.29453011820177244,0.20561367925565238,0.49985620254257523,1
2014-15,Group stage,2014-12-09,Olympiacos,Malmö,H,H,0.266883155091355,0.19464291195608588,0.5384739329525591,1
2014-15,Group stage,2014-12-09,Benfica,Leverkusen,D,H,0.2918488012144118,0.2840798054966614,0.4240713932889268,1
2014-15,Group stage,2014-12-09,Dortmund,Anderlecht,D,H,0.21143423598361707,0.17977496146702937,0.6087908025493535,1
2014-15,Group stage,2014-12-09,Galatasaray,Arsenal,A,H,0.36151232847302356,0.2670578767853744,0.3714297947416021,1
2014-15,Group stage,2014-12-09,Juventus,Atlético Madrid,D,H,0.3308675754563274,0.20027969804772025,0.46885272649595233,1
2014-15,Group stage,2014-12-09,Liverpool,Basel,D,H,0.37505055941452253,0.20301706187205007,0.4219323787134273,1
2014-15,Group stage,2014-12-09,Monaco,Zenit,H,H,0.23575821996532728,0.22018595265678875,0.5440558273778839,1
2014-15,Group stage,2014-12-09,Real Madrid,Ludogorets,H,H,0.17921571768955846,0.16654277708464088,0.6542415052258006,1
2014-15,Group stage,2014-12-10,Ajax,APOEL FC,H,H,0.3174314372311219,0.2115575278429948,0.47101103492588337,1
2014-15,Group stage,2014-12-10,Bayern Munich,CSKA Moscow,H,H,0.19824493928053133,0.16330651277171684,0.6384485479477519,1
2014-15,Group stage,2014-12-10,Athletic Club,BATE Borisov,H,H,0.2974554568738068,0.1816139504015758,0.5209305927246174,1
2014-15,Group stage,2014-12-10,Barcelona,Paris SG,H,H,0.2332078802650991,0.21000099229854827,0.5567911274363526,1
2014-15,Group stage,2014-12-10,NK Maribor,Schalke 04,A,A,0.4283847722028695,0.2050622019131031,0.3665530258840273,1
2014-15,Group stage,2014-12-10,Chelsea,Sporting CP,H,H,0.19189011589959493,0.1667090756653586,0.6414008084350464,1
2014-15,Group stage,2014-12-10,Roma,Manchester City,A,H,0.3225141233470642,0.21364222446473768,0.4638436521881982,1
2014-15,Group stage,2014-12-10,Porto,Shakhtar D.,D,H,0.21822058753329174,0.17646483820519857,0.6053145742615097,1
2014-15,Round of 16,2015-02-17,Paris SG,Chelsea,D,H,0.3045467920890928,0.21899551965021286,0.4764576882606943,1
2014-15,Round of 16,2015-02-17,Shakhtar D.,Bayern Munich,D,H,0.2563041572038887,0.20085563341649568,0.5428402093796156,1
2014-15,Round of 16,2015-02-18,Basel,Porto,D,A,0.3984034918811406,0.21382694914211808,0.3877695589767412,1
2014-15,Round of 16,2015-02-18,Schalke 04,Real Madrid,A,H,0.352584048914844,0.27431662301589016,0.3730993280692658,1
2014-15,Round of 16,2015-02-24,Manchester City,Barcelona,A,H,0.37141089368071073,0.21901487659466487,0.4095742297246243,1
2014-15,Round of 16,2015-02-24,Juventus,Dortmund,H,H,0.30763174125609033,0.24428216774789482,0.44808609099601476,1
2014-15,Round of 16,2015-02-25,Leverkusen,Atlético Madrid,H,A,0.4068870141301348,0.22656236914883376,0.36655061672103145,1
2014-15,Round of 16,2015-02-25,Arsenal,Monaco,A,H,0.2580322085229012,0.26536800899305346,0.4765997824840452,1
2014-15,Round of 16,2015-03-10,Porto,Basel,H,H,0.2357279534227686,0.17279526206717125,0.5914767845100601,1
2014-15,Round of 16,2015-03-10,Real Madrid,Schalke 04,A,H,0.20184798768489168,0.17298519062465373,0.6251668216904546,1
2014-15,Round of 16,2015-03-11,Chelsea,Paris SG,D,H,0.19104793141467277,0.17118387714068306,0.6377681914446443,1
2014-15,Round of 16,2015-03-11,Bayern Munich,Shakhtar D.,H,H,0.18955865169951622,0.16592678597078392,0.6445145623296998,1
2014-15,Round of 16,2015-03-17,Atlético Madrid,Leverkusen,H,H,0.22085976697874032,0.2013752666319701,0.5777649663892896,1
2014-15,Round of 16,2015-03-17,Monaco,Arsenal,A,H,0.22150741431772097,0.20586116099778076,0.5726314246844983,1
2014-15,Round of 16,2015-03-18,Barcelona,Manchester City,H,H,0.21358448430906302,0.17861905210849813,0.6077964635824389,1
2014-15,Round of 16,2015-03-18,Dortmund,Juventus,A,H,0.2414422403812033,0.20999009048827325,0.5485676691305235,1
2014-15,Quarter-finals,2015-04-14,Atlético Madrid,Real Madrid,D,H,0.27487974643548724,0.18622735906099414,0.5388928945035186,1
2014-15,Quarter-finals,2015-04-14,Juventus,Monaco,H,H,0.27016821726340534,0.2185475847952073,0.5112841979413874,1
2014-15,Quarter-finals,2015-04-15,Paris SG,Barcelona,A,H,0.26753379135434724,0.233055592807431,0.49941061583822177,1
2014-15,Quarter-finals,2015-04-15,Porto,Bayern Munich,H,H,0.23266639447681114,0.2002212190188397,0.567112386504349,1
2014-15,Quarter-finals,2015-04-21,Barcelona,Paris SG,H,H,0.2340866117000521,0.18097789737226685,0.5849354909276812,1
2014-15,Quarter-finals,2015-04-21,Bayern Munich,Porto,H,H,0.23364849707769664,0.2069048851255606,0.5594466177967428,1
2014-15,Quarter-finals,2015-04-22,Monaco,Juventus,D,H,0.25822237396709913,0.22986606456678507,0.5119115614661157,1
2014-15,Quarter-finals,2015-04-22,Real Madrid,Atlético Madrid,H,H,0.2311631508979416,0.2327356167811743,0.5361012323208841,1
2014-15,Semi-finals,2015-05-05,Juventus,Real Madrid,H,H,0.33988593412819196,0.22085548520838819,0.4392585806634199,1
2014-15,Semi-finals,2015-05-06,Barcelona,Bayern Munich,H,H,0.30128278903512395,0.19812644349436978,0.5005907674705063,1
2014-15,Semi-finals,2015-05-12,Bayern Munich,Barcelona,H,H,0.23398816547886586,0.21609795612440041,0.5499138783967337,1
2014-15,Semi-finals,2015-05-13,Real Madrid,Juventus,D,H,0.22721168055894392,0.2540558903764205,0.5187324290646356,1
2014-15,Final,2015-06-06,Juventus,Barcelona,A,H,0.28296562122153956,0.19403246770783503,0.5230019110706254,1
2015-16,Group stage,2015-09-15,Sevilla,Gladbach,H,H,0.21510577871160694,0.22269991424666832,0.5621943070417248,1
2015-16,Group stage,2015-09-15,Wolfsburg,CSKA Moscow,H,H,0.2692208246652876,0.3034234216323307,0.42735575370238177,1
2015-16,Group stage,2015-09-15,Paris SG,Malmö,H,H,0.2190608805934676,0.25975068587853967,0.5211884335279927,1
2015-16,Group stage,2015-09-15,Real Madrid,Shakhtar D.,H,H,0.20043895723052582,0.26964419465339323,0.5299168481160809,1
2015-16,Group stage,2015-09-15,Manchester City,Juventus,A,H,0.24080676526881212,0.290654046313464,0.4685391884177239,1
2015-16,Group stage,2015-09-15,PSV,Manchester Utd,H,H,0.36372280787929095,0.24457938495384096,0.39169780716686803,1
2015-16,Group stage,2015-09-15,Galatasaray,Atlético Madrid,A,H,0.34115575985230095,0.29332633728058644,0.36551790286711267,1
2015-16,Group stage,2015-09-15,Benfica,FC Astana,H,H,0.2156779382815502,0.20141679127377277,0.5829052704446771,1
2015-16,Group stage,2015-09-16,Chelsea,Maccabi Tel Aviv,H,H,0.20773232790091617,0.2199300653375436,0.5723376067615401,1
2015-16,Group stage,2015-09-16,Dynamo Kyiv,Porto,D,H,0.32098343028145954,0.2748302566633506,0.40418631305518976,1
2015-16,Group stage,2015-09-16,Dinamo Zagreb,Arsenal,H,A,0.3814435362130697,0.2592100116321598,0.35934645215477057,1
2015-16,Group stage,2015-09-16,Gent,Lyon,D,H,0.2737198464972993,0.3166399630109911,0.4096401904917095,1
2015-16,Group stage,2015-09-16,Olympiacos,Bayern Munich,A,H,0.2774012277711079,0.288445195629762,0.4341535765991302,1
2015-16,Group stage,2015-09-16,Roma,Barcelona,D,H,0.3341424297508149,0.2948861355278095,0.37097143472137556,1
2015-16,Group stage,2015-09-16,Valencia,Zenit,A,H,0.2284388635589534,0.27967537005347765,0.491885766387569,1
2015-16,Group stage,2015-09-16,Leverkusen,BATE Borisov,H,H,0.2679219726938552,0.27635243131287784,0.45572559599326695,1
2015-16,Group stage,2015-09-29,Maccabi Tel Aviv,Dynamo Kyiv,A,H,0.32541124340059874,0.3035499955860234,0.3710387610133778,1
2015-16,Group stage,2015-09-29,Zenit,Gent,H,H,0.2375143968202642,0.18402581269730944,0.5784597904824264,1
2015-16,Group stage,2015-09-29,Porto,Chelsea,H,H,0.2723539790046882,0.3368571206420352,0.39078890035327657,1
2015-16,Group stage,2015-09-29,Lyon,Valencia,A,H,0.2596112337841623,0.255018657276344,0.48537010893949384,1
2015-16,Group stage,2015-09-29,Arsenal,Olympiacos,A,H,0.2705863701544454,0.20269838001721252,0.5267152498283421,1
2015-16,Group stage,2015-09-29,Barcelona,Leverkusen,H,H,0.20148090152447679,0.3246737291361373,0.47384536933938604,1
2015-16,Group stage,2015-09-29,BATE Borisov,Roma,H,H,0.38486553578596244,0.22813718509737563,0.38699727911666193,1
2015-16,Group stage,2015-09-29,Bayern Munich,Dinamo Zagreb,H,H,0.18349974414747772,0.18276477665546167,0.6337354791970606,1
2015-16,Group stage,2015-09-30,Juventus,Sevilla,H,H,0.2775803373036287,0.21377150438454398,0.5086481583118274,1
2015-16,Group stage,2015-09-30,Malmö,Real Madrid,A,A,0.4149709093471038,0.2575369912789237,0.32749209937397256,1
2015-16,Group stage,2015-09-30,Gladbach,Manchester City,A,A,0.427747240324576,0.20761794203603154,0.3646348176393924,1
2015-16,Group stage,2015-09-30,Manchester Utd,Wolfsburg,H,H,0.34910303626314865,0.2474862501425507,0.40341071359430064,1
2015-16,Group stage,2015-09-30,CSKA Moscow,PSV,H,H,0.26102354862116134,0.205919605421651,0.5330568459571877,1
2015-16,Group stage,2015-09-30,Atlético Madrid,Benfica,A,H,0.21984897249345764,0.22164041991333028,0.5585106075932121,1
2015-16,Group stage,2015-09-30,Shakhtar D.,Paris SG,A,H,0.3399638099663129,0.30803526829374256,0.35200092173994446,1
2015-16,Group stage,2015-09-30,FC Astana,Galatasaray,D,H,0.4084599512544765,0.1776434351864995,0.4138966135590239,1
2015-16,Group stage,2015-10-20,Valencia,Gent,H,H,0.2011696998296399,0.16269095122405458,0.6361393489463055,1
2015-16,Group stage,2015-10-20,Porto,Maccabi Tel Aviv,H,H,0.16751817497794308,0.14887632681219665,0.6836054982098602,1
2015-16,Group stage,2015-10-20,Zenit,Lyon,H,H,0.30554318285108606,0.18135563028909402,0.5131011868598199,1
2015-16,Group stage,2015-10-20,Leverkusen,Roma,D,H,0.3049407586754374,0.1800854384580029,0.5149738028665596,1
2015-16,Group stage,2015-10-20,Dynamo Kyiv,Chelsea,D,H,0.2707600093867961,0.20216206851300117,0.5270779221002027,1
2015-16,Group stage,2015-10-20,Dinamo Zagreb,Olympiacos,A,A,0.41212631329920246,0.2027595065586886,0.3851141801421089,1
2015-16,Group stage,2015-10-20,BATE Borisov,Barcelona,A,A,0.4246728739656291,0.21324835780627113,0.36207876822809976,1
2015-16,Group stage,2015-10-20,Arsenal,Bayern Munich,H,H,0.3516439301130821,0.2632232480977444,0.3851328217891736,1
2015-16,Group stage,2015-10-21,Wolfsburg,PSV,H,H,0.24555592950000193,0.2303694776906168,0.5240745928093813,1
2015-16,Group stage,2015-10-21,Paris SG,Real Madrid,D,H,0.27321347657096373,0.21782300733791982,0.5089635160911165,1
2015-16,Group stage,2015-10-21,Manchester City,Sevilla,H,H,0.2619388239623234,0.2057491568336934,0.5323120192039832,1
2015-16,Group stage,2015-10-21,Malmö,Shakhtar D.,H,A,0.41636144158629007,0.18423818590547397,0.39940037250823585,1
2015-16,Group stage,2015-10-21,Juventus,Gladbach,D,H,0.165788281939567,0.14575957877740267,0.6884521392830304,1
2015-16,Group stage,2015-10-21,CSKA Moscow,Manchester Utd,D,H,0.38575368716031777,0.19315959510185693,0.42108671773782524,1
2015-16,Group stage,2015-10-21,Atlético Madrid,FC Astana,H,H,0.1825069239522706,0.15910611969567018,0.6583869563520591,1
2015-16,Group stage,2015-10-21,Galatasaray,Benfica,H,H,0.3200071187258715,0.31134819458666335,0.3686446866874652,1
2015-16,Group stage,2015-11-03,Shakhtar D.,Malmö,H,H,0.3485544671727853,0.20677665950215013,0.4446688733250646,1
2015-16,Group stage,2015-11-03,Sevilla,Manchester City,A,H,0.3064020463633261,0.2068292857020353,0.4867686679346387,1
2015-16,Group stage,2015-11-03,Real Madrid,Paris SG,H,H,0.19185145602001893,0.22285374738621547,0.5852947965937656,1
2015-16,Group stage,2015-11-03,PSV,Wolfsburg,H,A,0.4096816113370616,0.21723597974856113,0.3730824089143772,1
2015-16,Group stage,2015-11-03,Manchester Utd,CSKA Moscow,H,H,0.22859789784743556,0.20546510024541254,0.5659370019071518,1
2015-16,Group stage,2015-11-03,Gladbach,Juventus,D,A,0.4287518901160778,0.24339600751012883,0.32785210237379336,1
2015-16,Group stage,2015-11-03,FC Astana,Atlético Madrid,D,D,0.2894245122758192,0.3620805568407386,0.3484949308834423,1
2015-16,Group stage,2015-11-03,Benfica,Galatasaray,H,H,0.2859348603287933,0.1891400516296599,0.5249250880415467,1
2015-16,Group stage,2015-11-04,Maccabi Tel Aviv,Porto,A,A,0.4146874690400861,0.25557392811513246,0.32973860284478146,1
2015-16,Group stage,2015-11-04,Roma,Leverkusen,H,H,0.33050407806353577,0.2213056789036395,0.44819024303282456,1
2015-16,Group stage,2015-11-04,Olympiacos,Dinamo Zagreb,H,H,0.25586573555279823,0.17898475369696404,0.5651495107502377,1
2015-16,Group stage,2015-11-04,Gent,Valencia,H,H,0.36924835083900936,0.21914989960122253,0.4116017495597681,1
2015-16,Group stage,2015-11-04,Chelsea,Dynamo Kyiv,H,H,0.185992269940104,0.16785625658054357,0.6461514734793524,1
2015-16,Group stage,2015-11-04,Lyon,Zenit,A,H,0.29553869465103544,0.3258844757698587,0.378576829579106,1
2015-16,Group stage,2015-11-04,Bayern Munich,Arsenal,H,H,0.18656694228560242,0.16112217104505075,0.6523108866693468,1
2015-16,Group stage,2015-11-04,Barcelona,BATE Borisov,H,H,0.17972083968961788,0.1633795429726403,0.6568996173377418,1
2015-16,Group stage,2015-11-24,Arsenal,Dinamo Zagreb,H,H,0.2604449362524368,0.18609726272096472,0.5534578010265986,1
2015-16,Group stage,2015-11-24,BATE Borisov,Leverkusen,D,H,0.36104191507012906,0.2644470854706938,0.37451099945917715,1
2015-16,Group stage,2015-11-24,Barcelona,Roma,H,H,0.17892168232247582,0.15602223601057288,0.6650560816669514,1
2015-16,Group stage,2015-11-24,Bayern Munich,Olympiacos,H,H,0.19380014755671407,0.16554564230977972,0.6406542101335062,1
2015-16,Group stage,2015-11-24,Lyon,Gent,A,H,0.32399578281262653,0.21931717796664177,0.4566870392207318,1
2015-16,Group stage,2015-11-24,Porto,Dynamo Kyiv,A,H,0.20104517798000907,0.16583464500751818,0.6331201770124728,1
2015-16,Group stage,2015-11-24,Zenit,Valencia,H,H,0.2821557384887473,0.17520033755305747,0.5426439239581952,1
2015-16,Group stage,2015-11-24,Maccabi Tel Aviv,Chelsea,A,A,0.40513063951780265,0.26983335027353295,0.32503601020866446,1
2015-16,Group stage,2015-11-25,Atlético Madrid,Galatasaray,H,H,0.19534048993760214,0.1719647297814735,0.6326947802809244,1
2015-16,Group stage,2015-11-25,CSKA Moscow,Wolfsburg,A,H,0.2864603414331459,0.19389551692984572,0.5196441416370083,1
2015-16,Group stage,2015-11-25,FC Astana,Benfica,D,H,0.3665520399723896,0.2448947294822382,0.38855323054537216,1
2015-16,Group stage,2015-11-25,Gladbach,Sevilla,H,H,0.28719759489682245,0.1769838118807916,0.5358185932223859,1
2015-16,Group stage,2015-11-25,Juventus,Manchester City,H,H,0.2020945303217347,0.1930878047121012,0.6048176649661641,1
2015-16,Group stage,2015-11-25,Malmö,Paris SG,A,A,0.4346431076478947,0.23454561008752683,0.3308112822645784,1
2015-16,Group stage,2015-11-25,Manchester Utd,PSV,D,H,0.19667911720931874,0.17381598759051925,0.6295048952001621,1
2015-16,Group stage,2015-11-25,Shakhtar D.,Real Madrid,A,A,0.4531686407162423,0.21657633068222212,0.33025502860153555,1
2015-16,Group stage,2015-12-08,Galatasaray,FC Astana,D,H,0.32049024295477024,0.1825630551016047,0.4969467019436251,2
2015-16,Group stage,2015-12-08,PSV,CSKA Moscow,H,H,0.2779094871719103,0.18544551057285852,0.5366450022552313,2
2015-16,Group stage,2015-12-08,Manchester City,Gladbach,H,H,0.30056203008520593,0.20026675616098807,0.49917121375380596,1
2015-16,Group stage,2015-12-08,Benfica,Atlético Madrid,A,H,0.30496076184436244,0.198319309216126,0.4967199289395114,2
2015-16,Group stage,2015-12-08,Paris SG,Shakhtar D.,H,H,0.19791756802410937,0.16489661764840507,0.6371858143274856,1
2015-16,Group stage,2015-12-08,Sevilla,Juventus,H,A,0.4599148419718399,0.22014914190005969,0.3199360161281004,1
2015-16,Group stage,2015-12-08,Wolfsburg,Manchester Utd,H,H,0.2469559218958023,0.201008406420081,0.5520356716841167,1
2015-16,Group stage,2015-12-08,Real Madrid,Malmö,H,H,0.16806380080917901,0.15416705679217882,0.6777691423986422,1
2015-16,Group stage,2015-12-09,Valencia,Lyon,A,H,0.2615257924627881,0.17728572049998467,0.5611884870372271,2
2015-16,Group stage,2015-12-09,Roma,BATE Borisov,D,H,0.28478025446040983,0.20561554540555851,0.5096042001340316,2
2015-16,Group stage,2015-12-09,Leverkusen,Barcelona,D,A,0.47948724218344935,0.18976080212231386,0.3307519556942367,2
2015-16,Group stage,2015-12-09,Olympiacos,Arsenal,A,H,0.3281539976140652,0.17448386102894078,0.49736214135699397,2
2015-16,Group stage,2015-12-09,Dynamo Kyiv,Maccabi Tel Aviv,H,H,0.10762608901749063,0.1402234363654126,0.7521504746170968,2
2015-16,Group stage,2015-12-09,Dinamo Zagreb,Bayern Munich,A,A,0.5541248503244998,0.1842479747726618,0.2616271749028385,2
2015-16,Group stage,2015-12-09,Chelsea,Porto,H,H,0.13654172430229738,0.1641889070282754,0.6992693686694272,2
2015-16,Group stage,2015-12-09,Gent,Zenit,H,H,0.30560494874328914,0.2202927708310274,0.4741022804256836,2
2015-16,Round of 16,2016-02-16,Benfica,Zenit,H,H,0.29594963109343214,0.20115856428414045,0.5028918046224274,2
2015-16,Round of 16,2016-02-16,Paris SG,Chelsea,H,H,0.19537405835453914,0.19573396427615414,0.6088919773693067,2
2015-16,Round of 16,2016-02-17,Roma,Real Madrid,A,A,0.43842287629422094,0.24547007291377562,0.31610705079200346,2
2015-16,Round of 16,2016-02-17,Gent,Wolfsburg,A,H,0.2544356541209455,0.19171498011690202,0.5538493657621525,2
2015-16,Round of 16,2016-02-23,Juventus,Bayern Munich,D,A,0.44218117478608543,0.19812654191075377,0.3596922833031607,2
2015-16,Round of 16,2016-02-23,Arsenal,Barcelona,A,A,0.462021493413433,0.18072036279476483,0.3572581437918022,2
2015-16,Round of 16,2016-02-24,PSV,Atlético Madrid,D,A,0.4365913591860481,0.18010417383587812,0.38330446697807385,2
2015-16,Round of 16,2016-02-24,Dynamo Kyiv,Manchester City,A,H,0.1863054240423418,0.17891039469639256,0.6347841812612657,2
2015-16,Round of 16,2016-03-08,Real Madrid,Roma,H,H,0.10552823876006416,0.1414080832259331,0.7530636780140026,2
2015-16,Round of 16,2016-03-08,Wolfsburg,Gent,H,H,0.20345099741149525,0.17752103252204804,0.6190279700664566,2
2015-16,Round of 16,2016-03-09,Chelsea,Paris SG,A,H,0.21101680140085746,0.19549358734417732,0.5934896112549651,2
2015-16,Round of 16,2016-03-09,Zenit,Benfica,A,H,0.29886341528281646,0.19485959983974804,0.5062769848774354,2
2015-16,Round of 16,2016-03-15,Atlético Madrid,PSV,D,H,0.11816085077245292,0.1552829206252474,0.7265562286022997,2
2015-16,Round of 16,2016-03-15,Manchester City,Dynamo Kyiv,D,H,0.26683542429832846,0.20188986727222472,0.5312747084294467,2
2015-16,Round of 16,2016-03-16,Bayern Munich,Juventus,H,H,0.12681708369682926,0.16477603139762967,0.708406884905541,2
2015-16,Round of 16,2016-03-16,Barcelona,Arsenal,H,H,0.11808986260161812,0.14630138563419226,0.7356087517641896,2
2015-16,Quarter-finals,2016-04-05,Bayern Munich,Benfica,H,H,0.13421408073620758,0.17348965480609932,0.692296264457693,2
2015-16,Quarter-finals,2016-04-05,Barcelona,Atlético Madrid,H,H,0.13678339863024028,0.16616824703120753,0.6970483543385523,2
2015-16,Quarter-finals,2016-04-06,Paris SG,Manchester City,D,H,0.17982014484813413,0.16566902862840455,0.6545108265234614,2
2015-16,Quarter-finals,2016-04-06,Wolfsburg,Real Madrid,H,A,0.4723133111279645,0.17809752076474136,0.34958916810729407,2
2015-16,Quarter-finals,2016-04-12,Manchester City,Paris SG,H,H,0.34838390026072696,0.1830862769201995,0.4685298228190737,2
2015-16,Quarter-finals,2016-04-12,Real Madrid,Wolfsburg,H,H,0.14988578011199508,0.179703810988165,0.6704104088998399,2
2015-16,Quarter-finals,2016-04-13,Benfica,Bayern Munich,D,A,0.4425902730333489,0.1713609605780074,0.38604876638864366,2
2015-16,Quarter-finals,2016-04-13,Atlético Madrid,Barcelona,H,H,0.2944674893621261,0.19091568550388574,0.5146168251339882,2
2015-16,Semi-finals,2016-04-26,Manchester City,Real Madrid,D,A,0.4459518187315384,0.17247088748149256,0.3815772937869691,2
2015-16,Semi-finals,2016-04-27,Atlético Madrid,Bayern Munich,H,H,0.2959992442886128,0.1909088107163014,0.5130919449950858,2
2015-16,Semi-finals,2016-05-03,Bayern Munich,Atlético Madrid,H,H,0.15885442750405243,0.19478440147302223,0.6463611710229253,2
2015-16,Semi-finals,2016-05-04,Real Madrid,Manchester City,H,H,0.11831031578134023,0.15701086681523269,0.7246788174034271,2
2015-16,Final,2016-05-28,Real Madrid,Atlético Madrid,D,H,0.14985887061668715,0.1830777339349013,0.6670633954484115,2
2016-17,Group stage,2016-09-13,Bayern Munich,Rostov,H,H,0.13999600144439264,0.2108885331755326,0.6491154653800748,2
2016-17,Group stage,2016-09-13,Barcelona,Celtic,H,H,0.14548472964615333,0.1726862984941652,0.6818289718596815,2
2016-17,Group stage,2016-09-13,Basel,Ludogorets,D,H,0.30364844710043354,0.17756532201883107,0.5187862308807354,2
2016-17,Group stage,2016-09-13,Benfica,Beşiktaş,D,H,0.15524130022457916,0.19744001417183704,0.6473186856035839,2
2016-17,Group stage,2016-09-13,Dynamo Kyiv,Napoli,A,H,0.3703624973398122,0.18733844974789204,0.44229905291229576,2
2016-17,Group stage,2016-09-13,PSV,Atlético Madrid,A,H,0.3622446336633883,0.19717168081707084,0.4405836855195408,2
2016-17,Group stage,2016-09-13,Paris SG,Arsenal,D,H,0.2031134498739118,0.18729772314409313,0.6095888269819951,2
2016-17,Group stage,2016-09-14,Club Brugge,Leicester City,A,H,0.1636868076897334,0.19120498763720323,0.6451082046730634,2
2016-17,Group stage,2016-09-14,Juventus,Sevilla,D,H,0.20516952692060222,0.17533219408252504,0.6194982789968727,2
2016-17,Group stage,2016-09-14,Legia Warsaw,Dortmund,A,A,0.4401324004626854,0.19733770641208057,0.362529893125234,2
2016-17,Group stage,2016-09-14,Leverkusen,CSKA Moscow,D,H,0.30852046125273647,0.18356785688333674,0.5079116818639268,2
2016-17,Group stage,2016-09-14,Lyon,Dinamo Zagreb,H,H,0.22906682100292933,0.17351022078148304,0.5974229582155876,2
2016-17,Group stage,2016-09-14,Manchester City,Gladbach,H,H,0.2237956864256261,0.174128912066082,0.6020754015082919,2
2016-17,Group stage,2016-09-14,Tottenham,Monaco,A,H,0.2313086463678862,0.19218486757601003,0.5765064860561038,2
2016-17,Group stage,2016-09-14,Porto,FC Copenhagen,D,H,0.2186640117504469,0.1810701343875249,0.6002658538620281,2
2016-17,Group stage,2016-09-14,Real Madrid,Sporting CP,H,H,0.14304498597011966,0.16119221470314174,0.6957627993267386,2
2016-17,Group stage,2016-09-27,Sevilla,Lyon,H,H,0.2595471779272017,0.2956863420729366,0.4447664799998616,2
2016-17,Group stage,2016-09-27,Monaco,Leverkusen,D,H,0.24489490941158382,0.17163416937705828,0.583470921211358,2
2016-17,Group stage,2016-09-27,Leicester City,Porto,H,H,0.1446922954299878,0.1509823189630774,0.7043253856069348,2
2016-17,Group stage,2016-09-27,Sporting CP,Legia Warsaw,H,H,0.1316685257119631,0.1538299758539469,0.71450149843409,2
2016-17,Group stage,2016-09-27,Dortmund,Real Madrid,D,H,0.34853701635994155,0.1723662637316867,0.4790967199083719,2
2016-17,Group stage,2016-09-27,Dinamo Zagreb,Juventus,A,A,0.5563948045787487,0.20091434810967312,0.24269084731157817,2
2016-17,Group stage,2016-09-27,CSKA Moscow,Tottenham,A,H,0.2644617545982927,0.1723888487934097,0.5631493966082977,2
2016-17,Group stage,2016-09-27,FC Copenhagen,Club Brugge,H,H,0.11314183925946869,0.15029781277355042,0.7365603479669808,2
2016-17,Group stage,2016-09-28,Rostov,PSV,D,A,0.5430144770184125,0.19214743634699458,0.2648380866345929,2
2016-17,Group stage,2016-09-28,Napoli,Benfica,H,H,0.19443257766898184,0.17073991662558244,0.6348275057054357,2
2016-17,Group stage,2016-09-28,Ludogorets,Paris SG,A,A,0.4429605664645035,0.17001492373929963,0.38702450979619696,2
2016-17,Group stage,2016-09-28,Gladbach,Barcelona,A,A,0.5944246906476283,0.17676563850219518,0.22880967085017662,2
2016-17,Group stage,2016-09-28,Celtic,Manchester City,D,A,0.4995072628949315,0.2219071801626817,0.27858555694238674,2
2016-17,Group stage,2016-09-28,Beşiktaş,Dynamo Kyiv,D,H,0.30867958042921867,0.1700587822998,0.5212616372709814,2
2016-17,Group stage,2016-09-28,Atlético Madrid,Bayern Munich,H,H,0.37901157698511445,0.2053472566509613,0.4156411663639244,2
2016-17,Group stage,2016-09-28,Arsenal,Basel,H,H,0.19096832012879883,0.16939026322825246,0.6396414166429488,2
2016-17,Group stage,2016-10-18,Leverkusen,Tottenham,D,H,0.2609417619140005,0.19475393704274668,0.5443043010432528,2
2016-17,Group stage,2016-10-18,Lyon,Juventus,A,H,0.2936047024906473,0.18259951961958426,0.5237957778897684,2
2016-17,Group stage,2016-10-18,Leicester City,FC Copenhagen,H,H,0.11854478893622139,0.1449123505083151,0.7365428605554636,2
2016-17,Group stage,2016-10-18,Real Madrid,Legia Warsaw,H,H,0.0931603287103718,0.13672810314722902,0.7701115681423992,2
2016-17,Group stage,2016-10-18,Club Brugge,Porto,A,A,0.5240824499264201,0.2261308649424514,0.2497866851311285,2
2016-17,Group stage,2016-10-18,CSKA Moscow,Monaco,D,H,0.3110754427748055,0.19324165681565997,0.49568290040953467,2
2016-17,Group stage,2016-10-18,Dinamo Zagreb,Sevilla,A,A,0.5092342885010647,0.22969128530949537,0.26107442618943993,2
2016-17,Group stage,2016-10-18,Sporting CP,Dortmund,A,H,0.29508590493515,0.18712929895145283,0.5177847961133971,2
2016-17,Group stage,2016-10-19,Barcelona,Manchester City,H,H,0.13282521015272833,0.145297308423599,0.7218774814236726,2
2016-17,Group stage,2016-10-19,Bayern Munich,PSV,H,H,0.11338878372369057,0.150916333571302,0.7356948827050074,2
2016-17,Group stage,2016-10-19,Celtic,Gladbach,A,H,0.24485845575417686,0.1725689660713541,0.5825725781744691,2
2016-17,Group stage,2016-10-19,Arsenal,Ludogorets,H,H,0.14290307274096659,0.15641667520006786,0.7006802520589654,2
2016-17,Group stage,2016-10-19,Dynamo Kyiv,Benfica,A,H,0.2578151704007135,0.16899032818785836,0.5731945014114281,2
2016-17,Group stage,2016-10-19,Napoli,Beşiktaş,A,H,0.1529225660985895,0.18216228286298627,0.6649151510384242,2
2016-17,Group stage,2016-10-19,Paris SG,Basel,H,H,0.1384337809472895,0.15365560969677158,0.707910609355939,2
2016-17,Group stage,2016-10-19,Rostov,Atlético Madrid,A,A,0.4919979957795843,0.2454319115653481,0.2625700926550675,2
2016-17,Group stage,2016-11-01,Manchester City,Barcelona,H,H,0.36017943737891694,0.2532757015116738,0.3865448611094092,2
2016-17,Group stage,2016-11-01,Ludogorets,Arsenal,A,A,0.4192007062598554,0.27246874066958665,0.308330553070558,2
2016-17,Group stage,2016-11-01,Gladbach,Celtic,D,H,0.3306968902671583,0.18897323131342722,0.4803298784194144,2
2016-17,Group stage,2016-11-01,PSV,Bayern Munich,A,A,0.41710318041873784,0.23715730592973122,0.3457395136515309,2
2016-17,Group stage,2016-11-01,Benfica,Dynamo Kyiv,H,H,0.22244762729825332,0.18605030907751313,0.5915020636242335,2
2016-17,Group stage,2016-11-01,Basel,Paris SG,A,A,0.4114897218663735,0.2185319829697477,0.3699782951638787,2
2016-17,Group stage,2016-11-01,Atlético Madrid,Rostov,H,H,0.11004837139023398,0.15934351880634892,0.7306081098034172,2
2016-17,Group stage,2016-11-01,Beşiktaş,Napoli,D,H,0.22069726363239256,0.19863672846045602,0.5806660079071515,2
2016-17,Group stage,2016-11-02,Tottenham,Leverkusen,A,H,0.2320590373735012,0.15856203273215608,0.6093789298943427,2
2016-17,Group stage,2016-11-02,Sevilla,Dinamo Zagreb,H,H,0.11633154316190793,0.14586765448293765,0.7378008023551543,2
2016-17,Group stage,2016-11-02,Porto,Club Brugge,H,H,0.10483184555236406,0.14306384635388597,0.7521043080937501,2
2016-17,Group stage,2016-11-02,Monaco,CSKA Moscow,H,H,0.25591048654561793,0.17023611299764502,0.573853400456737,2
2016-17,Group stage,2016-11-02,Juventus,Lyon,D,H,0.17742252066778788,0.1669645068390609,0.6556129724931512,2
2016-17,Group stage,2016-11-02,FC Copenhagen,Leicester City,D,H,0.2934480662060117,0.2741289682435634,0.4324229655504248,2
2016-17,Group stage,2016-11-02,Dortmund,Sporting CP,H,H,0.1468573172924,0.1575739806285371,0.6955687020790629,2
2016-17,Group stage,2016-11-02,Legia Warsaw,Real Madrid,D,A,0.5779137609098415,0.19310199929739527,0.2289842397927632,2
2016-17,Group stage,2016-11-22,Monaco,Tottenham,H,H,0.20767235814070042,0.17793556625013437,0.6143920756091652,2
2016-17,Group stage,2016-11-22,Sporting CP,Real Madrid,A,A,0.526103267414324,0.16702253464653183,0.30687419793914417,2
2016-17,Group stage,2016-11-22,Leicester City,Club Brugge,H,H,0.09488601966829047,0.13595069506761476,0.7691632852640948,2
2016-17,Group stage,2016-11-22,Sevilla,Juventus,A,H,0.1729495458127145,0.15869705611945928,0.6683533980678262,2
2016-17,Group stage,2016-11-22,Dortmund,Legia Warsaw,H,H,0.11930244134479953,0.15584683572871028,0.7248507229264903,2
2016-17,Group stage,2016-11-22,Dinamo Zagreb,Lyon,A,A,0.5334171896514036,0.21953738092182576,0.24704542942677057,2
2016-17,Group stage,2016-11-22,CSKA Moscow,Leverkusen,D,A,0.43700706707860193,0.1818790032942067,0.38111392962719154,2
2016-17,Group stage,2016-11-22,FC Copenhagen,Porto,D,H,0.20746743704677145,0.1653976833992216,0.627134879554007,2
2016-17,Group stage,2016-11-23,Ludogorets,Basel,D,A,0.4062028880287478,0.19632518844043761,0.3974719235308146,2
2016-17,Group stage,2016-11-23,Rostov,Bayern Munich,H,A,0.5193277228259404,0.18977882309204983,0.29089345408200984,2
2016-17,Group stage,2016-11-23,Gladbach,Manchester City,D,A,0.42220436829293057,0.18426554825742594,0.39353008344964346,2
2016-17,Group stage,2016-11-23,Napoli,Dynamo Kyiv,D,H,0.15909785113339553,0.18948102840917636,0.6514211204574281,2
2016-17,Group stage,2016-11-23,Beşiktaş,Benfica,D,H,0.18713547632240424,0.16887968172831602,0.6439848419492797,2
2016-17,Group stage,2016-11-23,Atlético Madrid,PSV,H,H,0.14264920926897515,0.16300468850384117,0.6943461022271836,2
2016-17,Group stage,2016-11-23,Arsenal,Paris SG,D,H,0.20923766453490744,0.1808673494832602,0.6098949859818324,2
2016-17,Group stage,2016-11-23,Celtic,Barcelona,A,A,0.4639621104259392,0.2077126819786691,0.3283252075953916,2
2016-17,Group stage,2016-12-06,Paris SG,Ludogorets,D,H,0.1086374998340435,0.15203672505811264,0.7393257751078439,2
2016-17,Group stage,2016-12-06,PSV,Rostov,D,H,0.32963668750032843,0.1946539779815459,0.4757093345181257,2
2016-17,Group stage,2016-12-06,Manchester City,Celtic,D,H,0.18531877276305417,0.17650584595035873,0.638175381286587,2
2016-17,Group stage,2016-12-06,Dynamo Kyiv,Beşiktaş,H,H,0.28824631688010854,0.23624839663960087,0.4755052864802905,2
2016-17,Group stage,2016-12-06,Bayern Munich,Atlético Madrid,H,H,0.17425944978248276,0.21681298743757388,0.6089275627799433,2
2016-17,Group stage,2016-12-06,Basel,Arsenal,A,A,0.39766577243950857,0.21490999715333814,0.38742423040715324,2
2016-17,Group stage,2016-12-06,Barcelona,Gladbach,H,H,0.11460021295403519,0.15570707534011075,0.729692711705854,2
2016-17,Group stage,2016-12-06,Benfica,Napoli,A,H,0.1732841316301261,0.17144868601867977,0.6552671823511942,2
2016-17,Group stage,2016-12-07,Tottenham,CSKA Moscow,H,H,0.33448019398664547,0.16836766017399385,0.4971521458393606,2
2016-17,Group stage,2016-12-07,Real Madrid,Dortmund,D,H,0.17138302758221044,0.2057627820073109,0.6228541904104786,2
2016-17,Group stage,2016-12-07,Lyon,Sevilla,D,H,0.20167115564242374,0.18399676869602735,0.6143320756615489,2
2016-17,Group stage,2016-12-07,Porto,Leicester City,H,H,0.31871510599514785,0.23915462477503938,0.4421302692298128,2
2016-17,Group stage,2016-12-07,Legia Warsaw,Sporting CP,H,A,0.43797587722007447,0.20175397110774684,0.3602701516721787,2
2016-17,Group stage,2016-12-07,Juventus,Dinamo Zagreb,H,H,0.10362169905590474,0.14073690257052052,0.7556413983735748,2
2016-17,Group stage,2016-12-07,Club Brugge,FC Copenhagen,A,A,0.5797829687499033,0.2007276154179665,0.21948941583213027,2
2016-17,Group stage,2016-12-07,Leverkusen,Monaco,H,H,0.21363172694976293,0.21462917335514659,0.5717390996950905,2
2016-17,Round of 16,2017-02-14,Benfica,Dortmund,H,H,0.3508687447213081,0.1948791013152484,0.4542521539634435,2
2016-17,Round of 16,2017-02-14,Paris SG,Barcelona,H,H,0.3269900642394338,0.20700637957945622,0.46600355618110995,2
2016-17,Round of 16,2017-02-15,Real Madrid,Napoli,H,H,0.11325983107963554,0.15913059282570047,0.727609576094664,2
2016-17,Round of 16,2017-02-15,Bayern Munich,Arsenal,H,H,0.18191547724567875,0.19397489695894837,0.6241096257953728,2
2016-17,Round of 16,2017-02-21,Manchester City,Monaco,H,H,0.1649298878214411,0.18525513340497873,0.6498149787735802,2
2016-17,Round of 16,2017-02-21,Leverkusen,Atlético Madrid,A,H,0.2626878298262668,0.2066781955522528,0.5306339746214803,2
2016-17,Round of 16,2017-02-22,Porto,Juventus,A,H,0.14510369457757666,0.18629053654069566,0.6686057688817277,2
2016-17,Round of 16,2017-02-22,Sevilla,Leicester City,H,H,0.1776137476429325,0.18477993813306737,0.6376063142240002,2
2016-17,Round of 16,2017-03-07,Arsenal,Bayern Munich,A,H,0.30834988131123076,0.17954187453713738,0.5121082441516318,2
2016-17,Round of 16,2017-03-07,Napoli,Real Madrid,A,H,0.35020816475818556,0.1711804192016848,0.47861141604012963,2
2016-17,Round of 16,2017-03-08,Barcelona,Paris SG,H,H,0.17801869706263623,0.17902487675449844,0.6429564261828653,2
2016-17,Round of 16,2017-03-08,Dortmund,Benfica,H,H,0.15129282716125464,0.17054512726720436,0.678162045571541,2
2016-17,Round of 16,2017-03-14,Leicester City,Sevilla,H,H,0.22867796783964137,0.20060259154723778,0.5707194406131207,2
2016-17,Round of 16,2017-03-14,Juventus,Porto,H,H,0.14355226902513007,0.15962111928417955,0.6968266116906905,2
2016-17,Round of 16,2017-03-15,Atlético Madrid,Leverkusen,D,H,0.17204472808011104,0.16597140813368785,0.6619838637862011,2
2016-17,Round of 16,2017-03-15,Monaco,Manchester City,H,H,0.2107358654131067,0.1680531152744263,0.621211019312467,2
2016-17,Quarter-finals,2017-04-11,Juventus,Barcelona,H,H,0.3102137605782651,0.1887315947471606,0.5010546446745744,2
2016-17,Quarter-finals,2017-04-12,Dortmund,Monaco,A,H,0.13983608054747862,0.16258993391079732,0.697573985541724,2
2016-17,Quarter-finals,2017-04-12,Atlético Madrid,Leicester City,H,H,0.17126393945403348,0.1645385810917523,0.6641974794542141,2
2016-17,Quarter-finals,2017-04-12,Bayern Munich,Real Madrid,A,H,0.2628098979599186,0.18103416896944016,0.5561559330706413,2
2016-17,Quarter-finals,2017-04-18,Leicester City,Atlético Madrid,D,H,0.3435934611818663,0.18315693591852564,0.47324960289960794,2
2016-17,Quarter-finals,2017-04-18,Real Madrid,Bayern Munich,H,H,0.17938800619209902,0.2230382945235319,0.597573699284369,2
2016-17,Quarter-finals,2017-04-19,Barcelona,Juventus,D,H,0.20964041776217562,0.23520019967979638,0.555159382558028,2
2016-17,Quarter-finals,2017-04-19,Monaco,Dortmund,H,H,0.2866483370897799,0.19760685419757823,0.5157448087126418,2
2016-17,Semi-finals,2017-05-02,Real Madrid,Atlético Madrid,H,H,0.16102442031725375,0.22195959918451025,0.617015980498236,2
2016-17,Semi-finals,2017-05-03,Monaco,Juventus,A,H,0.33598539330959937,0.1914335758181492,0.4725810308722515,2
2016-17,Semi-finals,2017-05-09,Juventus,Monaco,H,H,0.13180035884759178,0.15805634422387688,0.7101432969285313,2
2016-17,Semi-finals,2017-05-10,Atlético Madrid,Real Madrid,H,H,0.36123252045464477,0.19285096662413284,0.4459165129212223,2
2016-17,Final,2017-06-03,Juventus,Real Madrid,A,H,0.2970897813698297,0.17587096886847187,0.5270392497616985,2
2017-18,Group stage,2017-09-12,Bayern Munich,Anderlecht,H,H,0.1480742516296056,0.17096155040071145,0.680964197969683,2
2017-18,Group stage,2017-09-12,Benfica,CSKA Moscow,A,H,0.26347140060488267,0.18216896996147758,0.5543596294336397,2
2017-18,Group stage,2017-09-12,Barcelona,Juventus,H,H,0.16033263612060952,0.1906777251109621,0.6489896387684284,2
2017-18,Group stage,2017-09-12,Celtic,Paris SG,A,A,0.4981200428824287,0.18662225571808913,0.3152577013994821,2
2017-18,Group stage,2017-09-12,Manchester Utd,Basel,H,H,0.22932930000380042,0.18278018928791245,0.5878905107082871,2
2017-18,Group stage,2017-09-12,Olympiacos,Sporting CP,A,H,0.2802282478237104,0.18783188992055175,0.5319398622557379,2
2017-18,Group stage,2017-09-12,Roma,Atlético Madrid,D,A,0.40087954811031684,0.20664270930932827,0.39247774258035484,2
2017-18,Group stage,2017-09-12,Chelsea,Qarabağ,H,H,0.1366337433523877,0.18632801161069523,0.6770382450369171,2
2017-18,Group stage,2017-09-13,Shakhtar D.,Napoli,H,H,0.2978187081024122,0.2020225135895755,0.5001587783080124,2
2017-18,Group stage,2017-09-13,Real Madrid,APOEL FC,H,H,0.14150678863195165,0.1788907606572217,0.6796024507108266,2
2017-18,Group stage,2017-09-13,RB Leipzig,Monaco,D,A,0.4402385533810517,0.19880793989155962,0.36095350672738863,2
2017-18,Group stage,2017-09-13,Tottenham,Dortmund,H,H,0.367173521088189,0.19547895571036122,0.4373475232014498,2
2017-18,Group stage,2017-09-13,NK Maribor,Spartak Moscow,D,A,0.47994010418910626,0.17436609275772896,0.3456938030531646,2
2017-18,Group stage,2017-09-13,Liverpool,Sevilla,D,A,0.41562973055777686,0.19878284190280987,0.38558742753941316,2
2017-18,Group stage,2017-09-13,Feyenoord,Manchester City,A,H,0.3830595906188646,0.22154478705540254,0.3953956223257329,2
2017-18,Group stage,2017-09-13,Porto,Beşiktaş,A,H,0.18702690865523075,0.17156205939467875,0.6414110319500905,2
2017-18,Group stage,2017-09-26,Spartak Moscow,Liverpool,D,H,0.25798220060427085,0.18796833688394454,0.5540494625117846,2
2017-18,Group stage,2017-09-26,Sevilla,NK Maribor,H,H,0.2051697660287174,0.18734583033353375,0.6074844036377488,2
2017-18,Group stage,2017-09-26,Napoli,Feyenoord,H,H,0.1257518797229067,0.155375857555695,0.7188722627213984,2
2017-18,Group stage,2017-09-26,Monaco,Porto,A,H,0.1923207653854968,0.18366181038497367,0.6240174242295294,2
2017-18,Group stage,2017-09-26,Manchester City,Shakhtar D.,H,H,0.20210107492679538,0.17799842115064549,0.6199005039225591,2
2017-18,Group stage,2017-09-26,Dortmund,Real Madrid,A,A,0.4729909311148082,0.21057340917234904,0.31643565971284265,2
2017-18,Group stage,2017-09-26,Beşiktaş,RB Leipzig,H,H,0.2170312621706976,0.17098372000204512,0.6119850178272573,2
2017-18,Group stage,2017-09-26,APOEL FC,Tottenham,A,A,0.4169536602513739,0.24401451250028883,0.3390318272483373,2
2017-18,Group stage,2017-09-27,Paris SG,Bayern Munich,H,H,0.2984927558261297,0.1811984443616118,0.5203087998122585,2
2017-18,Group stage,2017-09-27,Juventus,Olympiacos,H,H,0.220519902031912,0.2069216278488007,0.5725584701192874,2
2017-18,Group stage,2017-09-27,Qarabağ,Roma,A,A,0.47024680860904444,0.22888098021930797,0.3008722111716476,2
2017-18,Group stage,2017-09-27,Atlético Madrid,Chelsea,A,H,0.2452373148533717,0.3075037346814295,0.4472589504651988,2
2017-18,Group stage,2017-09-27,Anderlecht,Celtic,A,H,0.28612943264977675,0.16486417916879814,0.549006388181425,2
2017-18,Group stage,2017-09-27,Basel,Benfica,H,H,0.391106427598934,0.18612065611040046,0.42277291629066566,2
2017-18,Group stage,2017-09-27,Sporting CP,Barcelona,A,A,0.5307614267861298,0.16337980740435798,0.30585876580951227,2
2017-18,Group stage,2017-09-28,CSKA Moscow,Manchester Utd,A,A,0.5013949656853786,0.176572307709106,0.3220327266055155,2
2017-18,Group stage,2017-10-17,Spartak Moscow,Sevilla,H,H,0.3142714669657678,0.20882660784819232,0.47690192518603974,2
2017-18,Group stage,2017-10-17,Real Madrid,Tottenham,D,H,0.15061156253981123,0.16938989034459453,0.6799985471155943,2
2017-18,Group stage,2017-10-17,RB Leipzig,Porto,H,H,0.3924237965245897,0.1884387825465861,0.4191374209288241,2
2017-18,Group stage,2017-10-17,NK Maribor,Liverpool,A,H,0.3704946140439534,0.1993964849571339,0.4301089009989125,2
2017-18,Group stage,2017-10-17,Manchester City,Napoli,H,H,0.23272307666563655,0.15753503700164698,0.6097418863327165,2
2017-18,Group stage,2017-10-17,Feyenoord,Shakhtar D.,A,A,0.5552296115380319,0.20019227033200654,0.24457811812996158,2
2017-18,Group stage,2017-10-17,APOEL FC,Dortmund,D,A,0.4793105151782851,0.1686271280069442,0.35206235681477077,2
2017-18,Group stage,2017-10-17,Monaco,Beşiktaş,A,H,0.2739215270092755,0.3122275355339779,0.41385093745674656,2
2017-18,Group stage,2017-10-18,Qarabağ,Atlético Madrid,D,A,0.5591239555896553,0.21704025882000788,0.22383578559033676,2
2017-18,Group stage,2017-10-18,Juventus,Sporting CP,H,H,0.2197474060946436,0.17042444830529183,0.6098281456000645,2
2017-18,Group stage,2017-10-18,CSKA Moscow,Basel,A,A,0.40058460674653146,0.20016561164340027,0.39924978161006835,2
2017-18,Group stage,2017-10-18,Chelsea,Roma,D,H,0.1424455645590397,0.1560705265117201,0.7014839089292402,2
2017-18,Group stage,2017-10-18,Bayern Munich,Celtic,H,H,0.13370829152926042,0.14875539767968732,0.7175363107910522,2
2017-18,Group stage,2017-10-18,Barcelona,Olympiacos,H,H,0.10909599510316086,0.14053469964727736,0.7503693052495618,2
2017-18,Group stage,2017-10-18,Anderlecht,Paris SG,A,A,0.5804184248125065,0.17429953038948645,0.24528204479800708,2
2017-18,Group stage,2017-10-18,Benfica,Manchester Utd,A,A,0.493312099852661,0.2069526801994339,0.29973521994790503,2
2017-18,Group stage,2017-10-31,Olympiacos,Barcelona,D,A,0.5178473589377739,0.19176598740103212,0.2903866536611941,2
2017-18,Group stage,2017-10-31,Roma,Chelsea,H,H,0.29877158267486464,0.21709920593759305,0.4841292113875424,2
2017-18,Group stage,2017-10-31,Paris SG,Anderlecht,H,H,0.10330544557700999,0.1493423761161987,0.7473521783067912,2
2017-18,Group stage,2017-10-31,Sporting CP,Juventus,D,H,0.39287660226946275,0.187950883486824,0.41917251424371327,2
2017-18,Group stage,2017-10-31,Manchester Utd,Benfica,H,H,0.13901223352322348,0.15177006331734627,0.7092177031594303,2
2017-18,Group stage,2017-10-31,Basel,CSKA Moscow,A,H,0.25467793555486107,0.1639501079974846,0.5813719564476544,2
2017-18,Group stage,2017-10-31,Celtic,Bayern Munich,A,A,0.5075203868329493,0.18249518927143862,0.30998442389561204,2
2017-18,Group stage,2017-10-31,Atlético Madrid,Qarabağ,D,H,0.11949844232431608,0.19174549259365892,0.688756065082025,2
2017-18,Group stage,2017-11-01,Shakhtar D.,Feyenoord,H,H,0.133212771462931,0.14383205451844996,0.7229551740186191,2
2017-18,Group stage,2017-11-01,Tottenham,Real Madrid,H,H,0.24509530973912527,0.16774291171774555,0.5871617785431292,2
2017-18,Group stage,2017-11-01,Porto,RB Leipzig,H,H,0.20679496501487693,0.17130002782435305,0.6219050071607701,2
2017-18,Group stage,2017-11-01,Sevilla,Spartak Moscow,H,H,0.22705847702147627,0.182553639746599,0.5903878832319248,2
2017-18,Group stage,2017-11-01,Liverpool,NK Maribor,H,H,0.14238929727020685,0.1644075277944969,0.6932031749352962,2
2017-18,Group stage,2017-11-01,Dortmund,APOEL FC,D,H,0.1723723399673749,0.17530158393889797,0.6523260760937271,2
2017-18,Group stage,2017-11-01,Beşiktaş,Monaco,D,H,0.22613355065958157,0.1689706157016386,0.6048958336387799,2
2017-18,Group stage,2017-11-01,Napoli,Manchester City,A,H,0.38929747458031533,0.2183543982749785,0.3923481271447062,2
2017-18,Group stage,2017-11-21,Monaco,RB Leipzig,A,H,0.2999448990634175,0.1780593567758556,0.5219957441607269,2
2017-18,Group stage,2017-11-21,Spartak Moscow,NK Maribor,D,H,0.1843039149551188,0.16759812054704035,0.6480979644978409,2
2017-18,Group stage,2017-11-21,Sevilla,Liverpool,D,H,0.31207830995181124,0.18601228479981136,0.5019094052483773,2
2017-18,Group stage,2017-11-21,Napoli,Shakhtar D.,H,H,0.3716697332153173,0.20225450996372593,0.4260757568209568,2
2017-18,Group stage,2017-11-21,Manchester City,Feyenoord,H,H,0.10683617409511778,0.13942437891650827,0.7537394469883739,2
2017-18,Group stage,2017-11-21,Dortmund,Tottenham,A,H,0.3170083637753264,0.24870200866189415,0.43428962756277956,2
2017-18,Group stage,2017-11-21,Beşiktaş,Porto,D,H,0.2290837050635182,0.1571331561785581,0.6137831387579237,2
2017-18,Group stage,2017-11-21,APOEL FC,Real Madrid,A,A,0.4874211409034968,0.19032947865055633,0.32224938044594686,2
2017-18,Group stage,2017-11-22,Sporting CP,Olympiacos,H,H,0.3155257537979115,0.17306537466746966,0.5114088715346189,2
2017-18,Group stage,2017-11-22,Qarabağ,Chelsea,A,A,0.49544263482095313,0.19588871632553437,0.3086686488535125,2
2017-18,Group stage,2017-11-22,Paris SG,Celtic,H,H,0.10628464810005134,0.14234210770477154,0.751373244195177,2
2017-18,Group stage,2017-11-22,Juventus,Barcelona,D,H,0.35889995132062424,0.1877407886546434,0.4533592600247324,2
2017-18,Group stage,2017-11-22,CSKA Moscow,Benfica,H,H,0.37215597440262965,0.15737303260319974,0.4704709929941705,2
2017-18,Group stage,2017-11-22,Atlético Madrid,Roma,H,H,0.1881624538187354,0.20018815123704317,0.6116493949442214,2
2017-18,Group stage,2017-11-22,Anderlecht,Bayern Munich,A,A,0.5739493493215985,0.17235182278901182,0.25369882788938974,2
2017-18,Group stage,2017-11-22,Basel,Manchester Utd,H,A,0.545721296040102,0.168720701826523,0.28555800213337507,2
2017-18,Group stage,2017-12-05,Olympiacos,Juventus,A,A,0.42906292546099983,0.20277297613764242,0.36816409840135766,2
2017-18,Group stage,2017-12-05,Roma,Qarabağ,H,H,0.17741513139358317,0.18013079940551724,0.6424540692008996,2
2017-18,Group stage,2017-12-05,Chelsea,Atlético Madrid,D,H,0.1658572521134194,0.17029796628897179,0.6638447815976088,2
2017-18,Group stage,2017-12-05,Manchester Utd,CSKA Moscow,H,H,0.15325368606757633,0.16487692673580603,0.6818693871966177,2
2017-18,Group stage,2017-12-05,Benfica,Basel,A,H,0.35561053946298626,0.2871993083775398,0.3571901521594739,2
2017-18,Group stage,2017-12-05,Celtic,Anderlecht,A,H,0.297969905346907,0.17823447871654152,0.5237956159365514,2
2017-18,Group stage,2017-12-05,Bayern Munich,Paris SG,H,H,0.27495803968776517,0.21521382960534852,0.5098281307068863,2
2017-18,Group stage,2017-12-05,Barcelona,Sporting CP,H,H,0.11416433317941888,0.15354586474941176,0.7322898020711693,2
2017-18,Group stage,2017-12-06,Real Madrid,Dortmund,H,H,0.10803943543059669,0.14185805488968997,0.7501025096797135,2
2017-18,Group stage,2017-12-06,Tottenham,APOEL FC,H,H,0.12147340933294161,0.15227507897305026,0.7262515116940081,2
2017-18,Group stage,2017-12-06,Shakhtar D.,Manchester City,H,H,0.39866236422129564,0.19692845940326212,0.4044091763754422,2
2017-18,Group stage,2017-12-06,RB Leipzig,Beşiktaş,A,H,0.31649898100956986,0.208623197821481,0.4748778211689491,2
2017-18,Group stage,2017-12-06,Feyenoord,Napoli,H,A,0.5446327248500235,0.1962442428963331,0.25912303225364336,2
2017-18,Group stage,2017-12-06,NK Maribor,Sevilla,D,A,0.45956924825617523,0.2156023091952562,0.32482844254856863,2
2017-18,Group stage,2017-12-06,Porto,Monaco,H,H,0.1967448019751886,0.15941950639431382,0.6438356916304976,2
2017-18,Group stage,2017-12-06,Liverpool,Spartak Moscow,H,H,0.15673447996859133,0.1536510236523949,0.6896144963790138,2
2017-18,Round of 16,2018-02-13,Basel,Manchester City,A,H,0.3851854663701825,0.1815040652874413,0.43331046834237624,2
2017-18,Round of 16,2018-02-13,Juventus,Tottenham,D,H,0.2660743707059532,0.21103816469283987,0.5228874646012069,2
2017-18,Round of 16,2018-02-14,Porto,Liverpool,A,H,0.36283160087623195,0.18751686708551468,0.4496515320382532,2
2017-18,Round of 16,2018-02-14,Real Madrid,Paris SG,H,H,0.2766451431274886,0.2129920677095739,0.5103627891629374,2
2017-18,Round of 16,2018-02-20,Chelsea,Barcelona,D,H,0.18356523971859812,0.18813068824908796,0.6283040720323139,2
2017-18,Round of 16,2018-02-20,Bayern Munich,Beşiktaş,H,H,0.16100936700000448,0.18528696427619576,0.6537036687237998,2
2017-18,Round of 16,2018-02-21,Sevilla,Manchester Utd,D,H,0.3897008516179607,0.21226852849918404,0.39803061988285526,2
2017-18,Round of 16,2018-02-21,Shakhtar D.,Roma,H,H,0.2933063346299519,0.20244451363953078,0.5042491517305173,2
2017-18,Round of 16,2018-03-06,Paris SG,Real Madrid,A,H,0.28829676286165273,0.19331286166336098,0.5183903754749863,2
2017-18,Round of 16,2018-03-06,Liverpool,Porto,D,H,0.12536305424678745,0.15457832412498634,0.7200586216282262,2
2017-18,Round of 16,2018-03-07,Tottenham,Juventus,A,H,0.1407162581468674,0.1586398728555525,0.70064386899758,2
2017-18,Round of 16,2018-03-07,Manchester City,Basel,A,H,0.2270119421213284,0.17335973447720826,0.5996283234014633,2
2017-18,Round of 16,2018-03-13,Roma,Shakhtar D.,H,H,0.23296599517516892,0.17417229583467575,0.5928617089901553,2
2017-18,Round of 16,2018-03-13,Manchester Utd,Sevilla,A,H,0.1660798985107385,0.14853536451914537,0.6853847369701161,2
2017-18,Round of 16,2018-03-14,Barcelona,Chelsea,H,H,0.12229437935868176,0.14666574121491122,0.7310398794264071,2
2017-18,Round of 16,2018-03-14,Beşiktaş,Bayern Munich,A,A,0.4139431404257749,0.1790527027455275,0.40700415682869756,2
2017-18,Quarter-finals,2018-04-03,Juventus,Real Madrid,A,H,0.4026453132973474,0.1828940615821888,0.4144606251204638,2
2017-18,Quarter-finals,2018-04-03,Sevilla,Bayern Munich,A,H,0.40005036183516357,0.19805079887969054,0.40189883928514597,2
2017-18,Quarter-finals,2018-04-04,Barcelona,Roma,H,H,0.11716133983931204,0.151163572391607,0.731675087769081,2
2017-18,Quarter-finals,2018-04-04,Liverpool,Manchester City,H,H,0.14486316303651287,0.1828827910281232,0.6722540459353639,2
2017-18,Quarter-finals,2018-04-10,Roma,Barcelona,H,A,0.4497996967929936,0.17432065558015553,0.37587964762685083,2
2017-18,Quarter-finals,2018-04-10,Manchester City,Liverpool,A,H,0.3635962071961549,0.18508224127534334,0.45132155152850184,2
2017-18,Quarter-finals,2018-04-11,Bayern Munich,Sevilla,D,H,0.13592325239492717,0.159762302015401,0.7043144455896717,2
2017-18,Quarter-finals,2018-04-11,Real Madrid,Juventus,A,H,0.12954857247711474,0.16714859840610305,0.7033028291167823,2
2017-18,Semi-finals,2018-04-24,Liverpool,Roma,H,H,0.13458400330795783,0.16002426451831406,0.7053917321737281,2
2017-18,Semi-finals,2018-04-25,Bayern Munich,Real Madrid,A,H,0.25273620514281486,0.17687864307122395,0.5703851517859612,2
2017-18,Semi-finals,2018-05-01,Real Madrid,Bayern Munich,D,H,0.18822397278747083,0.2017879160501989,0.6099881111623303,2
2017-18,Semi-finals,2018-05-02,Roma,Liverpool,H,H,0.4010011007601248,0.19668221284167187,0.4023166863982034,2
2017-18,Final,2018-05-26,Real Madrid,Liverpool,H,H,0.2144119197857197,0.17451611027447336,0.611071969939807,2
2018-19,Group stage,2018-09-18,Club Brugge,Dortmund,A,A,0.5037652125790559,0.17473565129478583,0.32149913612615827,2
2018-19,Group stage,2018-09-18,Galatasaray,Loko Moscow,H,H,0.21012014705269616,0.18773472418853052,0.6021451287587734,2
2018-19,Group stage,2018-09-18,Inter,Tottenham,H,H,0.3328623632773784,0.19180256811763782,0.47533506860498376,2
2018-19,Group stage,2018-09-18,Barcelona,PSV,H,H,0.1440541412119147,0.1811604004786324,0.6747854583094529,2
2018-19,Group stage,2018-09-18,Monaco,Atlético Madrid,A,H,0.37617990255752504,0.19440573527080537,0.4294143621716697,2
2018-19,Group stage,2018-09-18,Red Star,Napoli,D,A,0.39422436729822957,0.21320884222064349,0.392566790481127,2
2018-19,Group stage,2018-09-18,Schalke 04,Porto,D,H,0.28617158177929064,0.19104503812042956,0.5227833801002798,2
2018-19,Group stage,2018-09-18,Liverpool,Paris SG,H,H,0.2612620963738433,0.19391353346333165,0.544824370162825,2
2018-19,Group stage,2018-09-19,Young Boys,Manchester Utd,A,A,0.4825085657588621,0.189497235588204,0.32799419865293394,2
2018-19,Group stage,2018-09-19,Viktoria Plzeň,CSKA Moscow,D,H,0.4080668353619984,0.18218105960890693,0.40975210502909476,2
2018-19,Group stage,2018-09-19,Valencia,Juventus,A,H,0.26472597939559855,0.20166733054149927,0.5336066900629023,2
2018-19,Group stage,2018-09-19,Shakhtar D.,Hoffenheim,D,H,0.16368041568903696,0.18988733244524425,0.6464322518657188,2
2018-19,Group stage,2018-09-19,Real Madrid,Roma,H,H,0.1404856037010666,0.16826193726121563,0.6912524590377177,2
2018-19,Group stage,2018-09-19,Manchester City,Lyon,A,H,0.2358261538694518,0.18013285951982372,0.5840409866107245,2
2018-19,Group stage,2018-09-19,Benfica,Bayern Munich,A,A,0.4708562961435329,0.19646378490627672,0.3326799189501905,2
2018-19,Group stage,2018-09-19,Ajax,AEK Athens,H,H,0.1862747712433563,0.18730320340448203,0.6264220253521616,2
2018-19,Group stage,2018-10-02,Lyon,Shakhtar D.,D,H,0.2925717998130227,0.17151728787402967,0.5359109123129476,2
2018-19,Group stage,2018-10-02,Roma,Viktoria Plzeň,H,H,0.27574459559571723,0.22353021715728227,0.5007251872470004,2
2018-19,Group stage,2018-10-02,Manchester Utd,Valencia,D,H,0.15124404787685444,0.1545267498430775,0.694229202280068,2
2018-19,Group stage,2018-10-02,Juventus,Young Boys,H,H,0.09730921525532904,0.14114688521970087,0.76154389952497,2
2018-19,Group stage,2018-10-02,AEK Athens,Benfica,A,A,0.486801239088225,0.1771776336323613,0.3360211272794137,2
2018-19,Group stage,2018-10-02,CSKA Moscow,Real Madrid,H,A,0.428694710955302,0.20741055992315013,0.36389472912154786,2
2018-19,Group stage,2018-10-02,Hoffenheim,Manchester City,A,H,0.3248522927775819,0.17286741230264238,0.5022802949197757,2
2018-19,Group stage,2018-10-02,Bayern Munich,Ajax,D,H,0.15032696361127346,0.19703824440514728,0.6526347919835792,2
2018-19,Group stage,2018-10-03,Tottenham,Barcelona,A,A,0.465309910570885,0.1960271538687111,0.33866293556040383,2
2018-19,Group stage,2018-10-03,Porto,Galatasaray,H,H,0.21816365905521254,0.32292126877284466,0.4589150721719427,2
2018-19,Group stage,2018-10-03,Paris SG,Red Star,H,H,0.2146508808273303,0.17703848720721668,0.6083106319654531,2
2018-19,Group stage,2018-10-03,PSV,Inter,A,A,0.41555279143888496,0.24783919709372076,0.3366080114673944,2
2018-19,Group stage,2018-10-03,Loko Moscow,Schalke 04,A,A,0.555566299911637,0.20293149585785214,0.24150220423051083,2
2018-19,Group stage,2018-10-03,Dortmund,Monaco,H,H,0.19371999290021893,0.15916707552500498,0.6471129315747761,2
2018-19,Group stage,2018-10-03,Atlético Madrid,Club Brugge,H,H,0.11112208816989193,0.153004518524266,0.7358733933058421,2
2018-19,Group stage,2018-10-03,Napoli,Liverpool,H,H,0.2750837117717553,0.24680493540039652,0.4781113528278481,2
2018-19,Group stage,2018-10-23,Young Boys,Valencia,D,A,0.4901202689231282,0.23092567312937085,0.27895405794750094,2
2018-19,Group stage,2018-10-23,Shakhtar D.,Manchester City,A,H,0.2276723661348536,0.1964866210451682,0.5758410128199782,2
2018-19,Group stage,2018-10-23,Real Madrid,Viktoria Plzeň,H,H,0.11013445814502806,0.1469149412527749,0.7429506006021971,2
2018-19,Group stage,2018-10-23,Roma,CSKA Moscow,H,H,0.30192226952806106,0.18271955208348617,0.5153581783884528,2
2018-19,Group stage,2018-10-23,Hoffenheim,Lyon,D,H,0.3678040708067827,0.19794105163853237,0.43425487755468484,2
2018-19,Group stage,2018-10-23,Ajax,Benfica,H,H,0.21638284334945226,0.1718023074220282,0.6118148492285196,2
2018-19,Group stage,2018-10-23,AEK Athens,Bayern Munich,A,A,0.5584594903637553,0.20392788332881598,0.2376126263074286,2
2018-19,Group stage,2018-10-23,Manchester Utd,Juventus,A,H,0.20220389606892977,0.2685275883723797,0.5292685155586905,2
2018-19,Group stage,2018-10-24,Galatasaray,Schalke 04,D,A,0.43668792131600437,0.18006240466708104,0.38324967401691457,2
2018-19,Group stage,2018-10-24,Paris SG,Napoli,D,H,0.2084926487372102,0.17790339284464673,0.613603958418143,2
2018-19,Group stage,2018-10-24,PSV,Tottenham,D,A,0.4175180500530305,0.17900663341164633,0.40347531653532326,2
2018-19,Group stage,2018-10-24,Loko Moscow,Porto,A,A,0.5702194355944348,0.18735126912803854,0.24242929527752655,2
2018-19,Group stage,2018-10-24,Dortmund,Atlético Madrid,H,H,0.32503542127464247,0.1798739297293267,0.4950906489960309,2
2018-19,Group stage,2018-10-24,Club Brugge,Monaco,D,A,0.5021319121929234,0.15585922215370537,0.34200886565337124,2
2018-19,Group stage,2018-10-24,Barcelona,Inter,H,H,0.13824836331137408,0.16714898187406388,0.6946026548145621,2
2018-19,Group stage,2018-10-24,Liverpool,Red Star,H,H,0.11783474650280269,0.15028476862519433,0.731880484872003,2
2018-19,Group stage,2018-11-06,Porto,Loko Moscow,H,H,0.09753859856532787,0.14199467111149447,0.7604667303231778,2
2018-19,Group stage,2018-11-06,Tottenham,PSV,H,H,0.2096872941719569,0.19580080743494532,0.5945118983930978,2
2018-19,Group stage,2018-11-06,Red Star,Liverpool,H,H,0.3326600419725175,0.29829056398125886,0.36904939404622367,2
2018-19,Group stage,2018-11-06,Napoli,Paris SG,D,H,0.22902335948246805,0.18607936202914144,0.5848972784883905,2
2018-19,Group stage,2018-11-06,Atlético Madrid,Dortmund,H,H,0.3132366531861702,0.2272390547413123,0.45952429207251755,2
2018-19,Group stage,2018-11-06,Inter,Barcelona,D,A,0.45406725569567274,0.17002193022302264,0.37591081408130456,2
2018-19,Group stage,2018-11-06,Schalke 04,Galatasaray,H,H,0.23193814763353607,0.2114864993469689,0.556575353019495,2
2018-19,Group stage,2018-11-06,Monaco,Club Brugge,A,H,0.21810165633003684,0.20226801935834623,0.5796303243116169,2
2018-19,Group stage,2018-11-07,Valencia,Young Boys,H,H,0.13284330558206678,0.17436628755374145,0.6927904068641917,2
2018-19,Group stage,2018-11-07,Viktoria Plzeň,Real Madrid,A,A,0.44555653825626096,0.22818479310421325,0.32625866863952574,2
2018-19,Group stage,2018-11-07,Manchester City,Shakhtar D.,H,H,0.2144104401248614,0.15627353395893273,0.6293160259162058,2
2018-19,Group stage,2018-11-07,Lyon,Hoffenheim,D,H,0.19948018848798885,0.16133299154903924,0.639186819962972,2
2018-19,Group stage,2018-11-07,Juventus,Manchester Utd,A,H,0.2071497061900383,0.17085795785565971,0.621992335954302,2
2018-19,Group stage,2018-11-07,CSKA Moscow,Roma,A,H,0.3126979374645146,0.23953446830067687,0.4477675942348085,2
2018-19,Group stage,2018-11-07,Benfica,Ajax,D,A,0.4331863514813556,0.22784413196821232,0.338969516550432,2
2018-19,Group stage,2018-11-07,Bayern Munich,AEK Athens,H,H,0.06695405590504604,0.14600855758334716,0.7870373865116067,3
2018-19,Group stage,2018-11-27,Roma,Real Madrid,A,A,0.5331488054857582,0.17878255423954453,0.2880686402746973,3
2018-19,Group stage,2018-11-27,Manchester Utd,Young Boys,H,H,0.07792063283536912,0.15336129362935905,0.7687180735352718,3
2018-19,Group stage,2018-11-27,Lyon,Manchester City,D,H,0.37373885550291897,0.23201903511102018,0.39424210938606086,3
2018-19,Group stage,2018-11-27,Juventus,Valencia,H,H,0.17523350422685033,0.16419973084454012,0.6605667649286096,3
2018-19,Group stage,2018-11-27,AEK Athens,Ajax,A,A,0.6434587822396995,0.19401173469522304,0.16252948306507756,3
2018-19,Group stage,2018-11-27,CSKA Moscow,Viktoria Plzeň,A,H,0.24761614718382083,0.17890107252771992,0.5734827802884593,3
2018-19,Group stage,2018-11-27,Bayern Munich,Benfica,H,H,0.08316603099180056,0.15420121457094427,0.7626327544372552,3
2018-19,Group stage,2018-11-27,Hoffenheim,Shakhtar D.,A,H,0.33661351597711514,0.16927382288120765,0.4941126611416772,3
2018-19,Group stage,2018-11-28,Loko Moscow,Galatasaray,H,A,0.6452824361806584,0.1838252422369605,0.17089232158238127,3
2018-19,Group stage,2018-11-28,Atlético Madrid,Monaco,H,H,0.12989900866521836,0.16267027676381093,0.7074307145709707,3
2018-19,Group stage,2018-11-28,Dortmund,Club Brugge,D,H,0.15758196983415246,0.1751518404873563,0.6672661896784913,3
2018-19,Group stage,2018-11-28,PSV,Barcelona,A,A,0.6480842241678375,0.16959205425924753,0.182323721572915,3
2018-19,Group stage,2018-11-28,Paris SG,Liverpool,H,H,0.1267105279925654,0.1924550493803375,0.6808344226270971,3
2018-19,Group stage,2018-11-28,Napoli,Red Star,H,H,0.14632334367126773,0.1743492725310216,0.6793273837977106,3
2018-19,Group stage,2018-11-28,Porto,Schalke 04,H,H,0.19471456884934024,0.19411743258785288,0.6111679985628068,3
2018-19,Group stage,2018-11-28,Tottenham,Inter,H,H,0.30427274842390184,0.2103310642285713,0.4853961873475269,3
2018-19,Group stage,2018-12-11,Barcelona,Tottenham,D,H,0.09229848203501674,0.15899724992770556,0.7487042680372776,3
2018-19,Group stage,2018-12-11,Club Brugge,Atlético Madrid,D,A,0.39150200838468613,0.22531628576163354,0.3831817058536804,3
2018-19,Group stage,2018-12-11,Galatasaray,Porto,A,A,0.5242703118567068,0.2118186819612502,0.2639110061820429,3
2018-19,Group stage,2018-12-11,Inter,PSV,D,H,0.20680967301034298,0.18975124579807107,0.603439081191586,3
2018-19,Group stage,2018-12-11,Liverpool,Napoli,H,H,0.17688541637573252,0.17774144210865586,0.6453731415156116,3
2018-19,Group stage,2018-12-11,Monaco,Dortmund,A,A,0.5410357617436831,0.2261407896175698,0.23282344863874718,3
2018-19,Group stage,2018-12-11,Red Star,Paris SG,A,A,0.5777298273561293,0.20616180564280792,0.21610836700106276,3
2018-19,Group stage,2018-12-11,Schalke 04,Loko Moscow,H,H,0.12923841353241206,0.16569517702552683,0.7050664094420611,3
2018-19,Group stage,2018-12-12,Benfica,AEK Athens,H,H,0.11628152726434453,0.15692774888134775,0.7267907238543077,3
2018-19,Group stage,2018-12-12,Real Madrid,CSKA Moscow,A,H,0.09108359859214984,0.161729773826391,0.7471866275814592,3
2018-19,Group stage,2018-12-12,Ajax,Bayern Munich,D,A,0.400253662794338,0.20259120550914378,0.3971551316965181,3
2018-19,Group stage,2018-12-12,Manchester City,Hoffenheim,H,H,0.13009572710390477,0.16153008029722987,0.7083741925988652,3
2018-19,Group stage,2018-12-12,Valencia,Manchester Utd,H,H,0.25657340546555707,0.21986496786433202,0.523561626670111,3
2018-19,Group stage,2018-12-12,Shakhtar D.,Lyon,D,H,0.2538770616876484,0.19884921666666083,0.5472737216456908,3
2018-19,Group stage,2018-12-12,Young Boys,Juventus,H,A,0.5361024066869208,0.24857345596791683,0.21532413734516234,3
2018-19,Group stage,2018-12-12,Viktoria Plzeň,Roma,H,A,0.4550550386114043,0.24108930670244835,0.30385565468614745,3
2018-19,Round of 16,2019-02-12,Manchester Utd,Paris SG,A,H,0.39013908268279396,0.20293664315798807,0.40692427415921806,3
2018-19,Round of 16,2019-02-12,Roma,Porto,H,A,0.5025148990824972,0.1965396878972735,0.3009454130202292,3
2018-19,Round of 16,2019-02-13,Ajax,Real Madrid,A,A,0.39905287418186586,0.2042727072052562,0.396674418612878,3
2018-19,Round of 16,2019-02-13,Tottenham,Dortmund,H,H,0.33366946690918053,0.22173650305036616,0.4445940300404533,3
2018-19,Round of 16,2019-02-19,Lyon,Barcelona,D,A,0.49207455187879934,0.21004708431458352,0.29787836380661714,3
2018-19,Round of 16,2019-02-19,Liverpool,Bayern Munich,D,A,0.46936438071221276,0.18779603771713976,0.3428395815706474,3
2018-19,Round of 16,2019-02-20,Schalke 04,Manchester City,A,H,0.3595313116484283,0.21487597443002926,0.4255927139215425,3
2018-19,Round of 16,2019-02-20,Atlético Madrid,Juventus,H,H,0.1843085903759571,0.22949035032990303,0.5862010592941399,3
2018-19,Round of 16,2019-03-05,Dortmund,Tottenham,A,H,0.2438965262062716,0.17695317618429257,0.5791502976094358,3
2018-19,Round of 16,2019-03-05,Real Madrid,Ajax,A,H,0.11715967545457338,0.17344683719216214,0.7093934873532646,3
2018-19,Round of 16,2019-03-06,Paris SG,Manchester Utd,A,H,0.12765899749006712,0.20075241769996788,0.671588584809965,3
2018-19,Round of 16,2019-03-06,Porto,Roma,H,H,0.18681016989670324,0.18527155605133927,0.6279182740519575,3
2018-19,Round of 16,2019-03-12,Manchester City,Schalke 04,H,H,0.1988809608324067,0.1858717532130877,0.6152472859545057,3
2018-19,Round of 16,2019-03-12,Juventus,Atlético Madrid,H,H,0.277469682459624,0.20983038572723384,0.5126999318131421,3
2018-19,Round of 16,2019-03-13,Bayern Munich,Liverpool,A,H,0.09167277794998006,0.1664615941399622,0.7418656279100577,3
2018-19,Round of 16,2019-03-13,Barcelona,Lyon,H,H,0.07835012822467513,0.14655669011429612,0.7750931816610287,3
2018-19,Quarter-finals,2019-04-09,Liverpool,Porto,H,H,0.3381850982211989,0.21325407883804096,0.4485608229407603,3
2018-19,Quarter-finals,2019-04-09,Tottenham,Manchester City,H,H,0.32257341916407356,0.22023214807778543,0.45719443275814103,3
2018-19,Quarter-finals,2019-04-10,Manchester Utd,Barcelona,A,A,0.44657898401932955,0.18789735639867808,0.3655236595819923,3
2018-19,Quarter-finals,2019-04-10,Ajax,Juventus,D,H,0.2867543476733558,0.21189907218521162,0.5013465801414326,3
2018-19,Quarter-finals,2019-04-16,Barcelona,Manchester Utd,H,H,0.08745788699480542,0.1748097531777697,0.7377323598274249,3
2018-19,Quarter-finals,2019-04-16,Juventus,Ajax,A,H,0.14690996270380083,0.17171423333018285,0.6813758039660163,3
2018-19,Quarter-finals,2019-04-17,Manchester City,Tottenham,H,H,0.18010911468215277,0.18907561685177082,0.6308152684660764,3
2018-19,Quarter-finals,2019-04-17,Porto,Liverpool,A,H,0.21157129517492193,0.19011721546416072,0.5983114893609174,3
2018-19,Semi-finals,2019-04-30,Tottenham,Ajax,A,H,0.2201492427940414,0.19421199662585914,0.5856387605800994,3
2018-19,Semi-finals,2019-05-01,Barcelona,Liverpool,H,H,0.0972919239053423,0.17121986326286348,0.7314882128317942,3
2018-19,Semi-finals,2019-05-07,Liverpool,Barcelona,H,H,0.3630145271348869,0.19235021073908326,0.4446352621260298,3
2018-19,Semi-finals,2019-05-08,Ajax,Tottenham,A,H,0.23033482661924362,0.18729841693850163,0.5823667564422548,3
2018-19,Final,2019-06-01,Tottenham,Liverpool,A,A,0.5136710090275916,0.17917330317354402,0.30715568779886443,3
2019-20,Group stage,2019-09-17,Chelsea,Valencia,A,H,0.16164034231698873,0.21893684043595138,0.6194228172470598,3
2019-20,Group stage,2019-09-17,Dortmund,Barcelona,D,A,0.4919727634172741,0.23256918851768132,0.27545804806504454,3
2019-20,Group stage,2019-09-17,Benfica,RB Leipzig,A,H,0.28517814105071865,0.2488481554643397,0.4659737034849417,3
2019-20,Group stage,2019-09-17,Ajax,Lille,H,H,0.20607021527421576,0.2221797016051327,0.5717500831206515,3
2019-20,Group stage,2019-09-17,Lyon,Zenit,D,H,0.3373955960479633,0.24445516470800163,0.418149239244035,3
2019-20,Group stage,2019-09-17,Napoli,Liverpool,H,A,0.4555866793947087,0.22880035395676088,0.3156129666485303,3
2019-20,Group stage,2019-09-17,RB Salzburg,Genk,H,H,0.16346686906374475,0.2109929653141372,0.6255401656221181,3
2019-20,Group stage,2019-09-17,Inter,Slavia Prague,D,H,0.13122130780188956,0.1800386790443288,0.6887400131537816,3
2019-20,Group stage,2019-09-18,Paris SG,Real Madrid,H,H,0.32862352608313494,0.254902257403318,0.416474216513547,3
2019-20,Group stage,2019-09-18,Olympiacos,Tottenham,D,A,0.44249020401288247,0.24030278479686717,0.31720701119025047,3
2019-20,Group stage,2019-09-18,Leverkusen,Loko Moscow,A,H,0.21396782928440017,0.21144946727585878,0.5745827034397409,3
2019-20,Group stage,2019-09-18,Shakhtar D.,Manchester City,A,A,0.45939081184509034,0.24330352986677456,0.2973056582881351,3
2019-20,Group stage,2019-09-18,Club Brugge,Galatasaray,D,A,0.4153525276483013,0.2390303706757897,0.34561710167590903,3
2019-20,Group stage,2019-09-18,Bayern Munich,Red Star,H,H,0.09964266858486057,0.19410333807138777,0.7062539933437517,3
2019-20,Group stage,2019-09-18,Atlético Madrid,Juventus,D,H,0.2133193412266933,0.2511334806206707,0.535547178152636,3
2019-20,Group stage,2019-09-18,Dinamo Zagreb,Atalanta,H,H,0.22069109513143298,0.2015792565274316,0.5777296483411354,3
2019-20,Group stage,2019-10-01,Real Madrid,Club Brugge,D,H,0.10852710198657263,0.177398397994463,0.7140745000189644,3
2019-20,Group stage,2019-10-01,Tottenham,Bayern Munich,A,H,0.33680570636300367,0.29780167893152815,0.36539261470546813,3
2019-20,Group stage,2019-10-01,Red Star,Olympiacos,H,A,0.5291308727696692,0.2081887062867438,0.26268042094358696,3
2019-20,Group stage,2019-10-01,Manchester City,Dinamo Zagreb,H,H,0.13474193995603645,0.22408060605383193,0.6411774539901317,3
2019-20,Group stage,2019-10-01,Juventus,Leverkusen,H,H,0.13588415394431738,0.18598293273260655,0.6781329133230761,3
2019-20,Group stage,2019-10-01,Galatasaray,Paris SG,A,A,0.48224001545953216,0.2407168435150947,0.27704314102537314,3
2019-20,Group stage,2019-10-01,Atalanta,Shakhtar D.,A,A,0.6531280525187437,0.1700901669329559,0.1767817805483004,3
2019-20,Group stage,2019-10-01,Loko Moscow,Atlético Madrid,A,A,0.5698518360355442,0.16640731699756817,0.2637408469668876,3
2019-20,Group stage,2019-10-02,Slavia Prague,Dortmund,A,A,0.5994939742195514,0.17282528464753316,0.22768074113291542,3
2019-20,Group stage,2019-10-02,Valencia,Ajax,A,H,0.2570496272836716,0.2767077199506346,0.4662426527656938,3
2019-20,Group stage,2019-10-02,RB Leipzig,Lyon,A,H,0.2940395654343909,0.1751317538502707,0.5308286807153384,3
2019-20,Group stage,2019-10-02,Zenit,Benfica,H,H,0.2585881182686272,0.1964209412781445,0.5449909404532283,3
2019-20,Group stage,2019-10-02,Lille,Chelsea,A,A,0.6608053498344872,0.15886316200167233,0.18033148816384048,3
2019-20,Group stage,2019-10-02,Genk,Napoli,D,A,0.6526656665844033,0.18914476955483722,0.15818956386075944,3
2019-20,Group stage,2019-10-02,Barcelona,Inter,H,H,0.08923094593976272,0.16246957465492667,0.7482994794053107,3
2019-20,Group stage,2019-10-02,Liverpool,RB Salzburg,H,H,0.23476085067830507,0.2642781835034079,0.500960965818287,3
2019-20,Group stage,2019-10-22,Manchester City,Atalanta,H,H,0.0730428424265528,0.14777865524833808,0.7791785023251091,3
2019-20,Group stage,2019-10-22,Shakhtar D.,Dinamo Zagreb,D,H,0.190296016942019,0.21138203849113496,0.5983219445668461,3
2019-20,Group stage,2019-10-22,Olympiacos,Bayern Munich,A,A,0.5046832088894905,0.20683541131951572,0.28848137979099375,3
2019-20,Group stage,2019-10-22,Tottenham,Red Star,H,H,0.19224082401969408,0.2159514379136246,0.5918077380666814,3
2019-20,Group stage,2019-10-22,Juventus,Loko Moscow,H,H,0.11336993745138473,0.166106975132044,0.7205230874165713,3
2019-20,Group stage,2019-10-22,Club Brugge,Paris SG,A,A,0.5150062239989882,0.22670092676266768,0.25829284923834406,3
2019-20,Group stage,2019-10-22,Atlético Madrid,Leverkusen,H,H,0.10549076655294479,0.16130637619994556,0.7332028572471097,3
2019-20,Group stage,2019-10-22,Galatasaray,Real Madrid,A,A,0.5840045917448388,0.17027116363098715,0.24572424462417414,3
2019-20,Group stage,2019-10-23,Slavia Prague,Barcelona,A,A,0.6605035931515014,0.16154603877757898,0.17795036807091952,3
2019-20,Group stage,2019-10-23,RB Salzburg,Napoli,A,H,0.24198858695154338,0.21864821715357427,0.5393631958948824,3
2019-20,Group stage,2019-10-23,RB Leipzig,Zenit,H,H,0.3545538213902179,0.21620284373323828,0.42924333487654387,3
2019-20,Group stage,2019-10-23,Lille,Valencia,D,A,0.657647604879545,0.1645502922447628,0.17780210287569218,3
2019-20,Group stage,2019-10-23,Inter,Dortmund,H,A,0.45270551858549374,0.19674102253215814,0.3505534588823481,3
2019-20,Group stage,2019-10-23,Benfica,Lyon,H,H,0.39416790059162565,0.20595202125515397,0.3998800781532204,3
2019-20,Group stage,2019-10-23,Ajax,Chelsea,A,A,0.4820941664636064,0.17926799929842988,0.3386378342379637,3
2019-20,Group stage,2019-10-23,Genk,Liverpool,A,A,0.5473024495706011,0.20338335439697616,0.24931419603242277,3
2019-20,Group stage,2019-11-05,Zenit,RB Leipzig,A,H,0.1948982492236017,0.23251932003814385,0.5725824307382545,3
2019-20,Group stage,2019-11-05,Valencia,Lille,H,H,0.14567948018963517,0.17645809440691893,0.6778624254034458,3
2019-20,Group stage,2019-11-05,Napoli,RB Salzburg,D,H,0.16025031889263797,0.24394413566526627,0.5958055454420959,3
2019-20,Group stage,2019-11-05,Lyon,Benfica,H,H,0.20346139598756244,0.204231603174247,0.5923070008381905,3
2019-20,Group stage,2019-11-05,Liverpool,Genk,H,H,0.09135511697171932,0.16164252451461877,0.7470023585136619,3
2019-20,Group stage,2019-11-05,Chelsea,Ajax,D,H,0.13732996005017106,0.2177314195462918,0.6449386204035371,3
2019-20,Group stage,2019-11-05,Barcelona,Slavia Prague,D,H,0.0702275525474007,0.1504471730275656,0.7793252744250337,3
2019-20,Group stage,2019-11-05,Dortmund,Inter,H,H,0.16167240927805296,0.19474075794016688,0.6435868327817802,3
2019-20,Group stage,2019-11-06,Red Star,Tottenham,A,A,0.5993820554737325,0.18977551830922287,0.21084242621704477,3
2019-20,Group stage,2019-11-06,Real Madrid,Galatasaray,H,H,0.08751042080367945,0.1688032103261981,0.7436863688701224,3
2019-20,Group stage,2019-11-06,Paris SG,Club Brugge,H,H,0.08605090807495737,0.1492434590076738,0.7647056329173688,3
2019-20,Group stage,2019-11-06,Loko Moscow,Juventus,A,A,0.6205622316945544,0.18082369004965257,0.198614078255793,3
2019-20,Group stage,2019-11-06,Dinamo Zagreb,Shakhtar D.,D,A,0.4495556714990575,0.17809674071009027,0.3723475877908523,3
2019-20,Group stage,2019-11-06,Bayern Munich,Olympiacos,H,H,0.08426983200571386,0.15029989235189956,0.7654302756423865,3
2019-20,Group stage,2019-11-06,Atalanta,Manchester City,D,A,0.6337442923920232,0.19497587922463272,0.17127982838334405,3
2019-20,Group stage,2019-11-06,Leverkusen,Atlético Madrid,H,A,0.5476835939128486,0.21117916455229327,0.24113724153485805,3
2019-20,Group stage,2019-11-26,Galatasaray,Club Brugge,D,H,0.25711633445191784,0.17678086976029497,0.5661027957877873,3
2019-20,Group stage,2019-11-26,Juventus,Atlético Madrid,H,H,0.1520863935039415,0.18386208516937155,0.6640515213266869,3
2019-20,Group stage,2019-11-26,Loko Moscow,Leverkusen,A,A,0.5322831081189463,0.17939253469076133,0.28832435719029237,3
2019-20,Group stage,2019-11-26,Atalanta,Dinamo Zagreb,H,A,0.40074143881867946,0.2722185870377273,0.3270399741435932,3
2019-20,Group stage,2019-11-26,Real Madrid,Paris SG,D,H,0.16632258373620468,0.2280671215880564,0.6056102946757389,3
2019-20,Group stage,2019-11-26,Tottenham,Olympiacos,H,H,0.17093560761394555,0.17166814409237696,0.6573962482936775,3
2019-20,Group stage,2019-11-26,Red Star,Bayern Munich,A,A,0.6420450881568966,0.17539009003100736,0.18256482181209607,3
2019-20,Group stage,2019-11-26,Manchester City,Shakhtar D.,D,H,0.12690465479680563,0.16014796634483627,0.7129473788583581,3
2019-20,Group stage,2019-11-27,Barcelona,Dortmund,H,H,0.08994697503516362,0.16221077740184092,0.7478422475629953,3
2019-20,Group stage,2019-11-27,Genk,RB Salzburg,A,H,0.38211526799441237,0.23266166812245667,0.385223063883131,3
2019-20,Group stage,2019-11-27,Lille,Ajax,A,A,0.5706248166506943,0.205778901329185,0.22359628202012063,3
2019-20,Group stage,2019-11-27,Liverpool,Napoli,D,H,0.18764776312717782,0.1875976630676171,0.624754573805205,3
2019-20,Group stage,2019-11-27,RB Leipzig,Benfica,D,H,0.2911168175417436,0.1787682609261591,0.5301149215320973,3
2019-20,Group stage,2019-11-27,Slavia Prague,Inter,A,H,0.3952395098093066,0.19682625270055232,0.4079342374901409,3
2019-20,Group stage,2019-11-27,Valencia,Chelsea,D,H,0.2851010408916819,0.18624532745170794,0.5286536316566101,3
2019-20,Group stage,2019-11-27,Zenit,Lyon,H,H,0.3027247946753813,0.21571032362736162,0.48156488169725703,3
2019-20,Group stage,2019-12-10,Chelsea,Lille,H,H,0.10486034043930824,0.15851479641903074,0.736624863141661,3
2019-20,Group stage,2019-12-10,Benfica,Zenit,H,H,0.3355650616858737,0.2241072450257431,0.4403276932883833,3
2019-20,Group stage,2019-12-10,Dortmund,Slavia Prague,H,H,0.11042782196687143,0.16724221713526494,0.7223299608978636,3
2019-20,Group stage,2019-12-10,Ajax,Valencia,A,H,0.20704689493204428,0.17773123780427516,0.6152218672636806,3
2019-20,Group stage,2019-12-10,Lyon,RB Leipzig,D,H,0.2385786997818966,0.2062325363676667,0.5551887638504367,3
2019-20,Group stage,2019-12-10,Napoli,Genk,H,H,0.10771226669940606,0.1654093078400111,0.7268784254605829,3
2019-20,Group stage,2019-12-10,RB Salzburg,Liverpool,A,H,0.19084507527573172,0.18575031078915266,0.6234046139351156,3
2019-20,Group stage,2019-12-10,Inter,Barcelona,A,H,0.3857545725265016,0.19115122088806813,0.42309420658543034,3
2019-20,Group stage,2019-12-11,Atlético Madrid,Loko Moscow,H,H,0.10807130738922525,0.1566384599865217,0.735290232624253,3
2019-20,Group stage,2019-12-11,Bayern Munich,Tottenham,H,H,0.14082027533415964,0.17164322715115568,0.6875364975146847,3
2019-20,Group stage,2019-12-11,Club Brugge,Real Madrid,A,A,0.5839091576688982,0.1801146879694515,0.23597615436165031,3
2019-20,Group stage,2019-12-11,Dinamo Zagreb,Manchester City,A,A,0.5611308050918068,0.20370355884415242,0.23516563606404076,3
2019-20,Group stage,2019-12-11,Leverkusen,Juventus,A,A,0.4624654358082668,0.20390322154020263,0.3336313426515304,3
2019-20,Group stage,2019-12-11,Olympiacos,Red Star,H,H,0.15148110696751796,0.16030959442287884,0.6882092986096031,3
2019-20,Group stage,2019-12-11,Paris SG,Galatasaray,H,H,0.0848052438330453,0.14819635263572903,0.7669984035312257,3
2019-20,Group stage,2019-12-11,Shakhtar D.,Atalanta,A,H,0.2115584284516532,0.1732931912542142,0.6151483802941325,3
2019-20,Round of 16,2020-02-18,Atlético Madrid,Liverpool,H,H,0.3107542989616406,0.21156657029112125,0.4776791307472383,3
2019-20,Round of 16,2020-02-18,Dortmund,Paris SG,H,A,0.5167444403155879,0.2009637020607131,0.2822918576236989,3
2019-20,Round of 16,2020-02-19,Atalanta,Valencia,H,A,0.4571942883280766,0.21010367756077727,0.3327020341111461,3
2019-20,Round of 16,2020-02-19,Tottenham,RB Leipzig,A,H,0.22795844840513513,0.19884152957997667,0.5732000220148883,3
2019-20,Round of 16,2020-02-25,Chelsea,Bayern Munich,A,A,0.4534053245401539,0.21522621782721235,0.3313684576326337,3
2019-20,Round of 16,2020-02-25,Napoli,Barcelona,D,H,0.31098642881561855,0.19679872244290664,0.49221484874147475,3
2019-20,Round of 16,2020-02-26,Lyon,Juventus,H,H,0.3760346085252965,0.2290637161875327,0.39490167528717074,3
2019-20,Round of 16,2020-02-26,Real Madrid,Manchester City,A,H,0.12777805280514865,0.18625068673031947,0.6859712604645319,3
2019-20,Round of 16,2020-03-10,RB Leipzig,Tottenham,H,H,0.25290995392418997,0.19794402846510245,0.5491460176107076,3
2019-20,Round of 16,2020-03-10,Valencia,Atalanta,A,H,0.1633159319747318,0.18078261336554388,0.6559014546597243,3
2019-20,Round of 16,2020-03-11,Liverpool,Atlético Madrid,A,H,0.22595479673993807,0.21892279737177736,0.5551224058882847,3
2019-20,Round of 16,2020-03-11,Paris SG,Dortmund,H,H,0.13847529786251253,0.17415792432250207,0.6873667778149855,3
2019-20,Round of 16,2020-08-07,Juventus,Lyon,H,H,0.15628003082984418,0.18030381503767956,0.6634161541324763,3
2019-20,Round of 16,2020-08-07,Manchester City,Real Madrid,H,H,0.2980046184572814,0.1909614199685815,0.5110339615741372,3
2019-20,Round of 16,2020-08-08,Barcelona,Napoli,H,H,0.08646672866642098,0.15780477249033126,0.7557284988432478,3
2019-20,Round of 16,2020-08-08,Bayern Munich,Chelsea,H,H,0.16906606640552765,0.1890383617052687,0.6418955718892035,3
2019-20,Quarter-finals,2020-08-12,Atalanta,Paris SG,A,A,0.6165195569060289,0.1737435073240699,0.20973693576990124,3
2019-20,Quarter-finals,2020-08-13,RB Leipzig,Atlético Madrid,H,H,0.26608794774218764,0.22288102556080275,0.5110310266970097,3
2019-20,Quarter-finals,2020-08-14,Barcelona,Bayern Munich,A,H,0.22358629957415105,0.22747860584105076,0.5489350945847983,3
2019-20,Quarter-finals,2020-08-15,Manchester City,Lyon,A,H,0.11404625844761525,0.1671323611156004,0.7188213804367843,3
2019-20,Semi-finals,2020-08-18,RB Leipzig,Paris SG,A,H,0.37307552102868624,0.20517784670596131,0.4217466322653524,3
2019-20,Semi-finals,2020-08-19,Lyon,Bayern Munich,A,A,0.40861744836164643,0.19868260633551418,0.39269994530283925,3
2019-20,Final,2020-08-23,Paris SG,Bayern Munich,A,H,0.21639080895678636,0.20991172125279292,0.5736974697904207,3
2020-21,Group stage,2020-10-20,Rennes,Krasnodar,D,H,0.14264673274268502,0.2121963377933231,0.645156929463992,3
2020-21,Group stage,2020-10-20,RB Leipzig,Başakşehir,H,H,0.14278246957108903,0.1865884056662561,0.6706291247626549,3
2020-21,Group stage,2020-10-20,Paris SG,Manchester Utd,A,H,0.1372565177827653,0.2234967399845849,0.6392467422326498,3
2020-21,Group stage,2020-10-20,Zenit,Club Brugge,A,H,0.21238561427555383,0.20970532969232147,0.5779090560321246,3
2020-21,Group stage,2020-10-20,Dynamo Kyiv,Juventus,A,A,0.45809898770487545,0.24967893295500324,0.29222207934012134,3
2020-21,Group stage,2020-10-20,Chelsea,Sevilla,D,H,0.14341906037916302,0.2083261597742338,0.6482547798466031,3
2020-21,Group stage,2020-10-20,Barcelona,Ferencváros,H,H,0.092851722513835,0.18796049154321853,0.7191877859429465,3
2020-21,Group stage,2020-10-20,Lazio,Dortmund,H,A,0.4939622089073971,0.23990029910253596,0.26613749199006687,3
2020-21,Group stage,2020-10-21,Real Madrid,Shakhtar D.,A,H,0.09773850775253173,0.19761603926673474,0.7046454529807336,3
2020-21,Group stage,2020-10-21,Olympiacos,Marseille,H,H,0.293167692758076,0.2235875686145999,0.4832447386273242,3
2020-21,Group stage,2020-10-21,Midtjylland,Atalanta,A,A,0.48045628130339935,0.22292976977758802,0.2966139489190127,3
2020-21,Group stage,2020-10-21,RB Salzburg,Loko Moscow,D,H,0.22692494224532117,0.20179130528725922,0.5712837524674197,3
2020-21,Group stage,2020-10-21,Inter,Gladbach,D,H,0.28142264228418723,0.22642971586849542,0.4921476418473173,3
2020-21,Group stage,2020-10-21,Bayern Munich,Atlético Madrid,H,H,0.11562009995440314,0.21085565663405667,0.6735242434115402,3
2020-21,Group stage,2020-10-21,Ajax,Liverpool,A,A,0.4476579507919829,0.23382736958066122,0.31851467962735586,3
2020-21,Group stage,2020-10-21,Manchester City,Porto,H,H,0.19680900149700287,0.22240566542354412,0.5807853330794531,3
2020-21,Group stage,2020-10-27,Marseille,Manchester City,A,A,0.48517744197529705,0.224605908265176,0.2902166497595268,3
2020-21,Group stage,2020-10-27,Porto,Olympiacos,H,H,0.2519442696648551,0.2717867137287204,0.4762690166064245,3
2020-21,Group stage,2020-10-27,Loko Moscow,Bayern Munich,A,A,0.5589848645577523,0.21171048712655471,0.229304648315693,3
2020-21,Group stage,2020-10-27,Shakhtar D.,Inter,D,H,0.21964331168240084,0.17859955419475604,0.6017571341228432,3
2020-21,Group stage,2020-10-27,Gladbach,Real Madrid,D,A,0.5061026894752093,0.17985660927675404,0.3140407012480367,3
2020-21,Group stage,2020-10-27,Atlético Madrid,RB Salzburg,H,H,0.2200395266046543,0.24493476195392205,0.5350257114414237,3
2020-21,Group stage,2020-10-27,Atalanta,Ajax,D,H,0.20724651216819304,0.18033193160884362,0.6124215562229633,3
2020-21,Group stage,2020-10-27,Liverpool,Midtjylland,H,H,0.07142758461438939,0.1512607649608786,0.777311650424732,3
2020-21,Group stage,2020-10-28,Sevilla,Rennes,H,H,0.13657051741874493,0.19497140632008256,0.6684580762611725,3
2020-21,Group stage,2020-10-28,Manchester Utd,RB Leipzig,H,H,0.20078386193607123,0.24524779556312865,0.5539683425008002,3
2020-21,Group stage,2020-10-28,Krasnodar,Chelsea,A,A,0.5864529100129038,0.1757803056761062,0.2377667843109901,3
2020-21,Group stage,2020-10-28,Juventus,Barcelona,A,H,0.3280175049840262,0.2252480366784208,0.44673445833755304,3
2020-21,Group stage,2020-10-28,Ferencváros,Dynamo Kyiv,D,A,0.5235315323659925,0.19736241123024573,0.27910605640376185,3
2020-21,Group stage,2020-10-28,Club Brugge,Lazio,D,H,0.2624702555279454,0.2178605280367923,0.5196692164352623,3
2020-21,Group stage,2020-10-28,Başakşehir,Paris SG,A,A,0.647317884507007,0.16144584893378403,0.19123626655920895,3
2020-21,Group stage,2020-10-28,Dortmund,Zenit,H,H,0.19199491121088302,0.20334182110792898,0.6046632676811879,3
2020-21,Group stage,2020-11-03,Shakhtar D.,Gladbach,A,H,0.18074028845294088,0.17869099390839757,0.6405687176386616,3
2020-21,Group stage,2020-11-03,Real Madrid,Inter,H,H,0.0875253107088713,0.16105834955659784,0.7514163397345308,3
2020-21,Group stage,2020-11-03,RB Salzburg,Bayern Munich,A,H,0.34275078168388856,0.30643988923963544,0.35080932907647594,3
2020-21,Group stage,2020-11-03,Porto,Marseille,H,H,0.12961569428013234,0.16497987096459363,0.705404434755274,3
2020-21,Group stage,2020-11-03,Midtjylland,Ajax,A,A,0.623855334549246,0.20448427122967028,0.17166039422108376,3
2020-21,Group stage,2020-11-03,Loko Moscow,Atlético Madrid,D,A,0.5088236978444123,0.1932663127845402,0.2979099893710475,3
2020-21,Group stage,2020-11-03,Atalanta,Liverpool,A,H,0.2822875645061934,0.23944040601737934,0.4782720294764273,3
2020-21,Group stage,2020-11-03,Manchester City,Olympiacos,H,H,0.12792006035757425,0.1677096793216366,0.7043702603207891,3
2020-21,Group stage,2020-11-04,Zenit,Lazio,D,H,0.30430594789561854,0.24934043502386366,0.44635361708051785,3
2020-21,Group stage,2020-11-04,Sevilla,Krasnodar,H,H,0.0939636669927336,0.17094341367384558,0.7350929193334208,3
2020-21,Group stage,2020-11-04,Ferencváros,Juventus,A,A,0.42672123546278795,0.275682733797158,0.297596030740054,3
2020-21,Group stage,2020-11-04,RB Leipzig,Paris SG,H,A,0.5122338330859718,0.1869309998054231,0.30083516710860514,3
2020-21,Group stage,2020-11-04,Chelsea,Rennes,H,H,0.07642566851707333,0.14859505783038768,0.7749792736525389,3
2020-21,Group stage,2020-11-04,Başakşehir,Manchester Utd,H,A,0.6099222174957973,0.20580328629086453,0.18427449621333816,3
2020-21,Group stage,2020-11-04,Barcelona,Dynamo Kyiv,H,H,0.07885716237117746,0.15129606786373792,0.7698467697650847,3
2020-21,Group stage,2020-11-04,Club Brugge,Dortmund,A,A,0.4024861225892643,0.19612366268673717,0.40139021472399855,3
2020-21,Group stage,2020-11-24,Manchester Utd,Başakşehir,H,H,0.10815480222522456,0.15759763513008782,0.7342475626446877,3
2020-21,Group stage,2020-11-24,Rennes,Chelsea,A,A,0.5892272764080393,0.21383525588443025,0.19693746770753048,3
2020-21,Group stage,2020-11-24,Paris SG,RB Leipzig,H,H,0.12302770655212718,0.16718256791244462,0.7097897255354282,3
2020-21,Group stage,2020-11-24,Lazio,Zenit,H,H,0.1483744744587503,0.1702302975861998,0.6813952279550499,3
2020-21,Group stage,2020-11-24,Dynamo Kyiv,Barcelona,A,A,0.492787491731614,0.22257877051427746,0.2846337377541084,3
2020-21,Group stage,2020-11-24,Juventus,Ferencváros,H,H,0.09815139518754602,0.1590239778259597,0.7428246269864943,3
2020-21,Group stage,2020-11-24,Krasnodar,Sevilla,A,A,0.5544359160641297,0.23889874701645067,0.20666533691941968,3
2020-21,Group stage,2020-11-24,Dortmund,Club Brugge,H,H,0.1570200826905176,0.1713927879835843,0.671587129325898,3
2020-21,Group stage,2020-11-25,Ajax,Midtjylland,H,H,0.08050102066006022,0.14834050410908808,0.7711584752308518,3
2020-21,Group stage,2020-11-25,Atlético Madrid,Loko Moscow,D,H,0.10706726313325386,0.16597280621248406,0.7269599306542621,3
2020-21,Group stage,2020-11-25,Bayern Munich,RB Salzburg,H,H,0.10054258217649288,0.15312632667710954,0.7463310911463975,3
2020-21,Group stage,2020-11-25,Gladbach,Shakhtar D.,H,H,0.3058605808160841,0.17849063940339777,0.5156487797805182,3
2020-21,Group stage,2020-11-25,Inter,Real Madrid,A,A,0.4261813418237148,0.193461089877394,0.38035756829889117,3
2020-21,Group stage,2020-11-25,Marseille,Porto,A,A,0.6023074938628379,0.1891123360651627,0.20858017007199944,3
2020-21,Group stage,2020-11-25,Olympiacos,Manchester City,A,A,0.5839222263078228,0.18610320629763935,0.22997456739453787,3
2020-21,Group stage,2020-11-25,Liverpool,Atalanta,A,H,0.13354705187008029,0.15897776005239625,0.7074751880775234,3
2020-21,Group stage,2020-12-01,Shakhtar D.,Real Madrid,H,A,0.4869370044315207,0.19362771456645142,0.3194352810020279,3
2020-21,Group stage,2020-12-01,Porto,Manchester City,D,H,0.28010062203392905,0.21783023212628805,0.5020691458397829,3
2020-21,Group stage,2020-12-01,Loko Moscow,RB Salzburg,A,H,0.24343463986687217,0.22137230593070065,0.5351930542024272,3
2020-21,Group stage,2020-12-01,Marseille,Olympiacos,H,A,0.4266486615570777,0.21293347801583284,0.36041786042708956,3
2020-21,Group stage,2020-12-01,Gladbach,Inter,A,H,0.27987168842061116,0.17096521530959588,0.549163096269793,3
2020-21,Group stage,2020-12-01,Atlético Madrid,Bayern Munich,D,H,0.3653325965725908,0.25148812960555106,0.38317927382185807,3
2020-21,Group stage,2020-12-01,Atalanta,Midtjylland,D,H,0.09214035023151157,0.15043634331674358,0.7574233064517449,3
2020-21,Group stage,2020-12-01,Liverpool,Ajax,H,H,0.13700222348211027,0.17038307561909125,0.6926147008987985,3
2020-21,Group stage,2020-12-02,Juventus,Dynamo Kyiv,H,H,0.13925240803813638,0.16868791026702395,0.6920596816948398,3
2020-21,Group stage,2020-12-02,Sevilla,Chelsea,A,H,0.3465482980521645,0.20957819292081198,0.4438735090270236,3
2020-21,Group stage,2020-12-02,Ferencváros,Barcelona,A,A,0.5218441986502692,0.24297690026451746,0.23517890108521328,3
2020-21,Group stage,2020-12-02,Krasnodar,Rennes,H,H,0.24115364061358302,0.21253685235231576,0.5463095070341012,3
2020-21,Group stage,2020-12-02,Club Brugge,Zenit,H,A,0.4385282196803169,0.19708251797156448,0.36438926234811875,3
2020-21,Group stage,2020-12-02,Başakşehir,RB Leipzig,A,A,0.5329031538566679,0.19110024285304056,0.2759966032902916,3
2020-21,Group stage,2020-12-02,Manchester Utd,Paris SG,A,H,0.2177586831561316,0.19548653132363739,0.5867547855202311,3
2020-21,Group stage,2020-12-02,Dortmund,Lazio,D,H,0.24822582938975254,0.187815346205332,0.5639588244049154,3
2020-21,Group stage,2020-12-08,Rennes,Sevilla,A,A,0.5130146283643557,0.21734483985117656,0.26964053178446773,3
2020-21,Group stage,2020-12-08,Zenit,Dortmund,A,A,0.511483385832377,0.21780784416135376,0.27070877000626925,3
2020-21,Group stage,2020-12-08,RB Leipzig,Manchester Utd,H,H,0.3704398108880931,0.21493397470840545,0.4146262144035014,3
2020-21,Group stage,2020-12-08,Chelsea,Krasnodar,D,H,0.08811571974017415,0.1567070651231017,0.7551772151367241,3
2020-21,Group stage,2020-12-08,Dynamo Kyiv,Ferencváros,H,H,0.16304603936956347,0.1755202912056382,0.6614336694247983,3
2020-21,Group stage,2020-12-08,Barcelona,Juventus,A,H,0.11904969532712809,0.19316129533945,0.6877890093334219,3
2020-21,Group stage,2020-12-08,Lazio,Club Brugge,D,H,0.12627658159519106,0.17908592342500235,0.6946374949798066,3
2020-21,Group stage,2020-12-09,Real Madrid,Gladbach,H,H,0.1278851880265109,0.18493193230071156,0.6871828796727776,3
2020-21,Group stage,2020-12-09,RB Salzburg,Atlético Madrid,A,H,0.2463556813657357,0.19043956234742532,0.563204756286839,3
2020-21,Group stage,2020-12-09,Paris SG,Başakşehir,H,H,0.07952602527136432,0.15009778274328817,0.7703761919853475,3
2020-21,Group stage,2020-12-09,Olympiacos,Porto,A,A,0.544947472300345,0.20882146219870376,0.2462310655009511,3
2020-21,Group stage,2020-12-09,Inter,Shakhtar D.,D,H,0.2686916449399304,0.19436521593877346,0.5369431391212961,3
2020-21,Group stage,2020-12-09,Manchester City,Marseille,H,H,0.0892178902046261,0.15675624974606633,0.7540258600493075,3
2020-21,Group stage,2020-12-09,Bayern Munich,Loko Moscow,H,H,0.07306255822115959,0.14563293070351305,0.7813045110753274,3
2020-21,Group stage,2020-12-09,Ajax,Atalanta,A,H,0.23248831806733156,0.19798985893628546,0.5695218229963831,3
2020-21,Group stage,2020-12-09,Midtjylland,Liverpool,D,A,0.49578292833912996,0.2637904250544106,0.24042664660645943,3
2020-21,Round of 16,2021-02-16,Barcelona,Paris SG,A,H,0.17666657034663713,0.20678132343055317,0.6165521062228096,3
2020-21,Round of 16,2021-02-16,RB Leipzig,Liverpool,A,A,0.5365706842578786,0.1822338865961187,0.2811954291460027,3
2020-21,Round of 16,2021-02-17,Porto,Juventus,H,H,0.3130531011495349,0.23040442388580304,0.4565424749646621,3
2020-21,Round of 16,2021-02-17,Sevilla,Dortmund,A,A,0.44768490197724886,0.20702410306629304,0.3452909949564581,3
2020-21,Round of 16,2021-02-23,Atlético Madrid,Chelsea,A,H,0.2961034161444742,0.22125694241440613,0.48263964144111954,3
2020-21,Round of 16,2021-02-23,Lazio,Bayern Munich,A,A,0.4708932836088351,0.2209484378960709,0.3081582784950939,3
2020-21,Round of 16,2021-02-24,Gladbach,Manchester City,A,A,0.4321713525476584,0.22100261874210442,0.3468260287102371,3
2020-21,Round of 16,2021-02-24,Atalanta,Real Madrid,A,H,0.3955369358760302,0.1922993801280028,0.41216368399596703,3
2020-21,Round of 16,2021-03-09,Juventus,Porto,H,H,0.20787207991613604,0.20313347006583243,0.5889944500180314,3
2020-21,Round of 16,2021-03-09,Dortmund,Sevilla,D,H,0.21008397776395973,0.17585615209048136,0.6140598701455589,3
2020-21,Round of 16,2021-03-10,Liverpool,RB Leipzig,H,H,0.12164008952964395,0.1614565684638515,0.7169033420065044,3
2020-21,Round of 16,2021-03-10,Paris SG,Barcelona,D,H,0.24510582458824345,0.23083044250328344,0.5240637329084731,3
2020-21,Round of 16,2021-03-16,Manchester City,Gladbach,H,H,0.1522221911269821,0.1638773943652889,0.6839004145077291,3
2020-21,Round of 16,2021-03-16,Real Madrid,Atalanta,H,H,0.11494325471739499,0.16148041799350402,0.7235763272891009,3
2020-21,Round of 16,2021-03-17,Bayern Munich,Lazio,H,H,0.08666852857588547,0.14635522715693478,0.7669762442671797,3
2020-21,Round of 16,2021-03-17,Chelsea,Atlético Madrid,H,H,0.13708725657893353,0.16415830825860234,0.6987544351624642,3
2020-21,Quarter-finals,2021-04-06,Manchester City,Dortmund,H,H,0.2506012166166485,0.190388360586079,0.5590104227972725,3
2020-21,Quarter-finals,2021-04-06,Real Madrid,Liverpool,H,H,0.19490617730200438,0.2145686757923352,0.5905251469056605,3
2020-21,Quarter-finals,2021-04-07,Bayern Munich,Paris SG,A,H,0.15747493816308933,0.20043287860271805,0.6420921832341927,3
2020-21,Quarter-finals,2021-04-07,Porto,Chelsea,A,A,0.43881966781758414,0.19361394362714412,0.3675663885552718,3
2020-21,Quarter-finals,2021-04-13,Paris SG,Bayern Munich,A,H,0.24883386647338668,0.2116998881065344,0.5394662454200789,3
2020-21,Quarter-finals,2021-04-13,Chelsea,Porto,A,H,0.11476067344806853,0.16921820211822414,0.7160211244337072,3
2020-21,Quarter-finals,2021-04-14,Liverpool,Real Madrid,D,H,0.27066758042442196,0.20196571557374451,0.5273667040018335,3
2020-21,Quarter-finals,2021-04-14,Dortmund,Manchester City,A,H,0.3151610414777737,0.20919419511854837,0.47564476340367795,3
2020-21,Semi-finals,2021-04-27,Real Madrid,Chelsea,D,H,0.19949465245107684,0.21684688445669395,0.5836584630922294,3
2020-21,Semi-finals,2021-04-28,Paris SG,Manchester City,A,H,0.2059404053564785,0.20322012924379146,0.59083946539973,3
2020-21,Semi-finals,2021-05-04,Manchester City,Paris SG,H,H,0.20630415950252737,0.1889419055826478,0.6047539349148249,3
2020-21,Semi-finals,2021-05-05,Chelsea,Real Madrid,H,H,0.2151912262510589,0.18640661610829057,0.5984021576406505,3
2020-21,Final,2021-05-29,Manchester City,Chelsea,A,H,0.29281715816043996,0.21017410764544092,0.497008734194119,3
2021-22,Group stage,2021-09-14,Villarreal,Atalanta,D,A,0.4946102226694163,0.23125982606472084,0.2741299512658628,3
2021-22,Group stage,2021-09-14,Sevilla,RB Salzburg,D,H,0.26571335818363007,0.23357949060134756,0.5007071512150224,3
2021-22,Group stage,2021-09-14,Malmö,Juventus,A,A,0.5485287099923771,0.23085874781392987,0.22061254219369306,3
2021-22,Group stage,2021-09-14,Young Boys,Manchester Utd,H,A,0.5516000457126903,0.22129217610056023,0.2271077781867494,3
2021-22,Group stage,2021-09-14,Chelsea,Zenit,H,H,0.12928117052772767,0.20747657253466603,0.6632422569376063,3
2021-22,Group stage,2021-09-14,Barcelona,Bayern Munich,A,H,0.29113085683332796,0.25943565587751166,0.4494334872891604,3
2021-22,Group stage,2021-09-14,Dynamo Kyiv,Benfica,D,H,0.3722780488402246,0.23965173605171114,0.3880702151080643,3
2021-22,Group stage,2021-09-14,Lille,Wolfsburg,D,A,0.5377912436942683,0.21371389144348762,0.24849486486224415,3
2021-22,Group stage,2021-09-15,Sheriff Tiraspol,Shakhtar D.,H,H,0.34984330207402964,0.28344511018546836,0.36671158774050194,3
2021-22,Group stage,2021-09-15,Club Brugge,Paris SG,D,A,0.5636534643390392,0.21285384531327572,0.22349269034768504,3
2021-22,Group stage,2021-09-15,Sporting CP,Ajax,A,A,0.38510470251514994,0.2384514359832338,0.3764438615016163,3
2021-22,Group stage,2021-09-15,Manchester City,RB Leipzig,H,H,0.16170472333607502,0.22681514284282156,0.6114801338211033,3
2021-22,Group stage,2021-09-15,Beşiktaş,Dortmund,A,A,0.42889911218253557,0.24217146826155783,0.3289294195559065,3
2021-22,Group stage,2021-09-15,Inter,Real Madrid,A,A,0.5271852706245035,0.2217207723182197,0.2510939570572767,3
2021-22,Group stage,2021-09-15,Atlético Madrid,Porto,D,H,0.23820187858792938,0.24294639007628277,0.5188517313357879,3
2021-22,Group stage,2021-09-15,Liverpool,Milan,H,H,0.14124083266475382,0.21252840907584755,0.6462307582593987,3
2021-22,Group stage,2021-09-28,Real Madrid,Sheriff Tiraspol,A,H,0.15391444426733472,0.2643619399032879,0.5817236158293774,3
2021-22,Group stage,2021-09-28,RB Leipzig,Club Brugge,A,H,0.2627360495827306,0.1881065159591704,0.549157434458099,3
2021-22,Group stage,2021-09-28,Porto,Liverpool,A,H,0.22491632460181857,0.2724326899395969,0.5026509854585846,3
2021-22,Group stage,2021-09-28,Paris SG,Manchester City,H,H,0.1848042536715529,0.2899004180993125,0.5252953282291346,3
2021-22,Group stage,2021-09-28,Milan,Atlético Madrid,A,A,0.4188601613426978,0.18370592954117795,0.3974339091161243,3
2021-22,Group stage,2021-09-28,Ajax,Beşiktaş,H,H,0.16660416421566956,0.17186335395211957,0.6615324818322108,3
2021-22,Group stage,2021-09-28,Shakhtar D.,Inter,D,H,0.27465574863424774,0.21513222544211721,0.510212025923635,3
2021-22,Group stage,2021-09-28,Dortmund,Sporting CP,H,H,0.1469275668255052,0.17419427446746374,0.6788781587070309,3
2021-22,Group stage,2021-09-29,Wolfsburg,Sevilla,D,H,0.153769152229414,0.18969146747100685,0.6565393802995791,3
2021-22,Group stage,2021-09-29,RB Salzburg,Lille,H,H,0.2106582710273133,0.1746816210847838,0.6146601078879029,3
2021-22,Group stage,2021-09-29,Zenit,Malmö,H,H,0.1263430705889024,0.15993755326823283,0.7137193761428647,3
2021-22,Group stage,2021-09-29,Manchester Utd,Villarreal,H,H,0.13283999303097965,0.18661168738697984,0.6805483195820405,3
2021-22,Group stage,2021-09-29,Benfica,Barcelona,H,A,0.4383197307741659,0.2005097322207056,0.36117053700512847,3
2021-22,Group stage,2021-09-29,Atalanta,Young Boys,H,H,0.24375770095113616,0.24420557298503057,0.5120367260638333,3
2021-22,Group stage,2021-09-29,Juventus,Chelsea,H,H,0.2587200725132496,0.21821887290966505,0.5230610545770854,3
2021-22,Group stage,2021-09-29,Bayern Munich,Dynamo Kyiv,H,H,0.08957520394965249,0.15651839153882519,0.7539064045115224,3
2021-22,Group stage,2021-10-19,Paris SG,RB Leipzig,H,H,0.10189479876610438,0.16445705708437391,0.7336481441495217,3
2021-22,Group stage,2021-10-19,Shakhtar D.,Real Madrid,A,A,0.4334275367043864,0.22106620298001117,0.3455062603156024,3
2021-22,Group stage,2021-10-19,Porto,Milan,H,H,0.1526688076656925,0.2009564454947003,0.6463747468396072,3
2021-22,Group stage,2021-10-19,Club Brugge,Manchester City,A,A,0.4264723825631226,0.20107330328891804,0.3724543141479595,3
2021-22,Group stage,2021-10-19,Atlético Madrid,Liverpool,A,H,0.20965498674389865,0.2500010983603818,0.5403439148957195,3
2021-22,Group stage,2021-10-19,Beşiktaş,Sporting CP,A,H,0.30712142300652145,0.17461953196397884,0.5182590450294997,3
2021-22,Group stage,2021-10-19,Inter,Sheriff Tiraspol,H,H,0.32187759883520634,0.27481439280067466,0.40330800836411906,3
2021-22,Group stage,2021-10-19,Ajax,Dortmund,H,H,0.3570722005374071,0.21008569880918357,0.4328421006534092,3
2021-22,Group stage,2021-10-20,Barcelona,Dynamo Kyiv,H,H,0.11208562232894775,0.17127055788512152,0.7166438197859306,3
2021-22,Group stage,2021-10-20,Benfica,Bayern Munich,A,A,0.44515519515743696,0.24200607000444824,0.31283873483811475,3
2021-22,Group stage,2021-10-20,Chelsea,Malmö,H,H,0.07854450505036413,0.14772208532338374,0.7737334096262523,3
2021-22,Group stage,2021-10-20,Lille,Sevilla,D,A,0.5316396303856559,0.19031539782666262,0.27804497178768145,4
2021-22,Group stage,2021-10-20,Young Boys,Villarreal,A,H,0.2628072293342979,0.18321520420516146,0.5539775664605406,3
2021-22,Group stage,2021-10-20,Zenit,Juventus,A,A,0.515780446531141,0.21296791195532794,0.27125164151353104,3
2021-22,Group stage,2021-10-20,RB Salzburg,Wolfsburg,H,H,0.21309727991465818,0.1784310596150102,0.6084716604703316,3
2021-22,Group stage,2021-10-20,Manchester Utd,Atalanta,H,H,0.18745501074064988,0.18224940657412617,0.630295582685224,3
2021-22,Group stage,2021-11-02,Atalanta,Manchester Utd,D,H,0.26898897931716564,0.24415380606036188,0.48685721462247256,4
2021-22,Group stage,2021-11-02,Bayern Munich,Benfica,H,H,0.11776739052056424,0.15579474622166406,0.7264378632577716,4
2021-22,Group stage,2021-11-02,Dynamo Kyiv,Barcelona,A,A,0.5380161850315675,0.18482132051306352,0.27716249445536906,4
2021-22,Group stage,2021-11-02,Juventus,Zenit,H,H,0.13233736100013696,0.14746454877833823,0.7201980902215248,4
2021-22,Group stage,2021-11-02,Malmö,Chelsea,A,A,0.6692240079335434,0.18969260860783776,0.14108338345861873,4
2021-22,Group stage,2021-11-02,Sevilla,Lille,A,H,0.1665630444785443,0.1740867442810507,0.6593502112404049,4
2021-22,Group stage,2021-11-02,Villarreal,Young Boys,H,H,0.25634048452036784,0.17738097950684992,0.5662785359727823,4
2021-22,Group stage,2021-11-02,Wolfsburg,RB Salzburg,H,H,0.23164417363328266,0.2981407483545883,0.4702150780121289,4
2021-22,Group stage,2021-11-03,Liverpool,Atlético Madrid,H,H,0.20115331069610762,0.1600095807575919,0.6388371085463005,4
2021-22,Group stage,2021-11-03,Manchester City,Club Brugge,H,H,0.1257207533451107,0.14921330064439187,0.7250659460104975,4
2021-22,Group stage,2021-11-03,Milan,Porto,D,A,0.5452228337693151,0.16858190873946768,0.28619525749121727,4
2021-22,Group stage,2021-11-03,Dortmund,Ajax,A,H,0.2845092257323671,0.20206507973491514,0.5134256945327178,4
2021-22,Group stage,2021-11-03,Real Madrid,Shakhtar D.,H,H,0.09982079800710246,0.13184538060681084,0.7683338213860869,4
2021-22,Group stage,2021-11-03,Sheriff Tiraspol,Inter,A,H,0.18208828537454924,0.17276763246829782,0.645144082157153,4
2021-22,Group stage,2021-11-03,RB Leipzig,Paris SG,D,A,0.6356584010775812,0.1604279173794821,0.20391368154293668,4
2021-22,Group stage,2021-11-03,Sporting CP,Beşiktaş,H,H,0.20308051208871497,0.15607094432973778,0.6408485435815473,4
2021-22,Group stage,2021-11-23,Barcelona,Benfica,D,H,0.15506067973007506,0.15040297715424983,0.6945363431156751,4
2021-22,Group stage,2021-11-23,Chelsea,Juventus,H,H,0.21356749521720192,0.18799380110234745,0.5984387036804507,4
2021-22,Group stage,2021-11-23,Dynamo Kyiv,Bayern Munich,A,A,0.694844796122346,0.14780974233370278,0.15734546154395146,4
2021-22,Group stage,2021-11-23,Lille,RB Salzburg,H,H,0.32316838841704026,0.2494356720175001,0.42739593956545957,4
2021-22,Group stage,2021-11-23,Malmö,Zenit,D,A,0.5855411310913923,0.21165241597452583,0.20280645293408192,4
2021-22,Group stage,2021-11-23,Sevilla,Wolfsburg,H,H,0.2567240265288189,0.1593423416129423,0.5839336318582388,4
2021-22,Group stage,2021-11-23,Villarreal,Manchester Utd,A,A,0.4505788925130968,0.19760948233303247,0.35181162515387077,4
2021-22,Group stage,2021-11-23,Young Boys,Atalanta,D,A,0.5572195125705426,0.18684544100874598,0.2559350464207115,4
2021-22,Group stage,2021-11-24,Club Brugge,RB Leipzig,A,A,0.4031968497366941,0.2280319076663838,0.36877124259692207,4
2021-22,Group stage,2021-11-24,Atlético Madrid,Milan,A,H,0.2006747598219894,0.1565993465834655,0.6427258935945451,4
2021-22,Group stage,2021-11-24,Beşiktaş,Ajax,A,A,0.6233262372389791,0.19936198693763502,0.1773117758233859,4
2021-22,Group stage,2021-11-24,Inter,Shakhtar D.,H,H,0.2053611787892674,0.1571584654290727,0.6374803557816598,4
2021-22,Group stage,2021-11-24,Sheriff Tiraspol,Real Madrid,A,A,0.6132561954205942,0.14884232151689006,0.2379014830625158,4
2021-22,Group stage,2021-11-24,Manchester City,Paris SG,H,H,0.31458663715066254,0.1571480416213408,0.5282653212279966,4
2021-22,Group stage,2021-11-24,Sporting CP,Dortmund,H,A,0.42424476086533,0.16944155588573184,0.4063136832489381,4
2021-22,Group stage,2021-11-24,Liverpool,Porto,H,H,0.20593262195686834,0.14226706333294611,0.6518003147101855,4
2021-22,Group stage,2021-12-07,Real Madrid,Inter,H,H,0.1474251022157647,0.17617833563912214,0.6763965621451131,4
2021-22,Group stage,2021-12-07,Ajax,Sporting CP,H,H,0.2162874438612189,0.1697309625054029,0.6139815936333782,4
2021-22,Group stage,2021-12-07,Dortmund,Beşiktaş,H,H,0.14102716594645473,0.143463680685182,0.7155091533683633,4
2021-22,Group stage,2021-12-07,Milan,Liverpool,A,A,0.5152350160706206,0.18887821571184846,0.2958867682175308,4
2021-22,Group stage,2021-12-07,Paris SG,Club Brugge,H,H,0.11148130752507579,0.14874028746122142,0.7397784050137028,4
2021-22,Group stage,2021-12-07,Porto,Atlético Madrid,A,H,0.23939119569225842,0.18134705320174294,0.5792617511059986,4
2021-22,Group stage,2021-12-07,RB Leipzig,Manchester City,H,A,0.501740370015014,0.1879600032012992,0.3102996267836868,4
2021-22,Group stage,2021-12-07,Shakhtar D.,Sheriff Tiraspol,D,H,0.26671717320468336,0.24020773778636234,0.49307508900895436,4
2021-22,Group stage,2021-12-08,Bayern Munich,Barcelona,H,H,0.19183963289349268,0.16799834397615676,0.6401620231303506,4
2021-22,Group stage,2021-12-08,Manchester Utd,Young Boys,D,H,0.13770945360536757,0.14678415828215918,0.7155063881124731,4
2021-22,Group stage,2021-12-08,Benfica,Dynamo Kyiv,H,H,0.2594016796506412,0.17727254089551803,0.5633257794538409,4
2021-22,Group stage,2021-12-08,Wolfsburg,Lille,A,H,0.20561131486314435,0.19132910298022276,0.6030595821566329,4
2021-22,Group stage,2021-12-08,Zenit,Chelsea,D,A,0.5707040924635941,0.1853641862719753,0.2439317212644307,4
2021-22,Group stage,2021-12-08,RB Salzburg,Sevilla,H,H,0.25072185010107206,0.1566574821513122,0.5926206677476158,4
2021-22,Group stage,2021-12-08,Juventus,Malmö,H,H,0.09326458392669364,0.14853171489780884,0.7582037011754975,4
2021-22,Group stage,2021-12-09,Atalanta,Villarreal,A,H,0.22899815881860944,0.18916118275720856,0.581840658424182,4
2021-22,Round of 16,2022-02-15,Paris SG,Real Madrid,H,H,0.32572406548581867,0.22243693010872312,0.45183900440545827,4
2021-22,Round of 16,2022-02-15,Sporting CP,Manchester City,A,A,0.5744601229717627,0.15732910823404828,0.2682107687941889,4
2021-22,Round of 16,2022-02-16,Inter,Liverpool,A,A,0.571542232175535,0.1621544001303766,0.26630336769408836,4
2021-22,Round of 16,2022-02-16,RB Salzburg,Bayern Munich,D,A,0.6488855469821435,0.16033498161489262,0.1907794714029638,4
2021-22,Round of 16,2022-02-22,Chelsea,Lille,H,H,0.12121683928448315,0.14870778457132305,0.7300753761441938,4
2021-22,Round of 16,2022-02-22,Villarreal,Juventus,D,A,0.5434030017700118,0.18771258916586614,0.26888440906412203,4
2021-22,Round of 16,2022-02-23,Atlético Madrid,Manchester Utd,D,H,0.24530863697929417,0.17771437569694226,0.5769769873237636,4
2021-22,Round of 16,2022-02-23,Benfica,Ajax,D,A,0.5000395089273277,0.22054302803701958,0.2794174630356526,4
2021-22,Round of 16,2022-03-08,Bayern Munich,RB Salzburg,H,H,0.11037212111710895,0.13870252512302814,0.7509253537598629,4
2021-22,Round of 16,2022-03-08,Liverpool,Inter,A,H,0.20007091170292704,0.16418938288010546,0.6357397054169674,4
2021-22,Round of 16,2022-03-09,Manchester City,Sporting CP,D,H,0.19750230406396013,0.1521370788698801,0.6503606170661599,4
2021-22,Round of 16,2022-03-09,Real Madrid,Paris SG,H,H,0.22327977705376179,0.16701949646560768,0.6097007264806306,4
2021-22,Round of 16,2022-03-15,Ajax,Benfica,A,H,0.2635366515999836,0.14626739822044052,0.5901959501795759,4
2021-22,Round of 16,2022-03-15,Manchester Utd,Atlético Madrid,A,H,0.1974347146334473,0.14727638718173466,0.6552888981848181,4
2021-22,Round of 16,2022-03-16,Juventus,Villarreal,A,H,0.14148324872210372,0.1433694550645047,0.7151472962133916,4
2021-22,Round of 16,2022-03-16,Lille,Chelsea,A,A,0.4811722304347214,0.17905172579323592,0.3397760437720427,4
2021-22,Quarter-finals,2022-04-05,Benfica,Liverpool,A,A,0.4929661262662503,0.19905281891270737,0.3079810548210424,4
2021-22,Quarter-finals,2022-04-05,Manchester City,Atlético Madrid,H,H,0.2368564787420226,0.15610655968764922,0.6070369615703282,4
2021-22,Quarter-finals,2022-04-06,Chelsea,Real Madrid,A,H,0.38252522090846536,0.2187325630803707,0.39874221601116405,4
2021-22,Quarter-finals,2022-04-06,Villarreal,Bayern Munich,H,A,0.5486702451930384,0.16723577768782308,0.28409397711913853,4
2021-22,Quarter-finals,2022-04-12,Bayern Munich,Villarreal,D,H,0.10695120968086605,0.14896500841789245,0.7440837819012415,4
2021-22,Quarter-finals,2022-04-12,Real Madrid,Chelsea,A,H,0.1883968414095833,0.19942383927570953,0.6121793193147071,4
2021-22,Quarter-finals,2022-04-13,Liverpool,Benfica,D,H,0.21100612900264812,0.15709022393697997,0.6319036470603719,4
2021-22,Quarter-finals,2022-04-13,Atlético Madrid,Manchester City,D,H,0.3410902866170838,0.20440703717518724,0.4545026762077289,4
2021-22,Semi-finals,2022-04-26,Manchester City,Real Madrid,H,H,0.3607661385431247,0.20050459104664442,0.43872927041023085,4
2021-22,Semi-finals,2022-04-27,Liverpool,Villarreal,H,H,0.13790847159003505,0.14843919529718294,0.7136523331127821,4
2021-22,Semi-finals,2022-05-03,Villarreal,Liverpool,A,A,0.4369677130308312,0.1854114090778827,0.37762087789128607,4
2021-22,Semi-finals,2022-05-04,Real Madrid,Manchester City,H,H,0.20767326791999904,0.19217021517671456,0.6001565169032864,4
2021-22,Final,2022-05-28,Liverpool,Real Madrid,A,H,0.37892406783528765,0.18525843298008035,0.435817499184632,4
2022-23,Group stage,2022-09-06,Sevilla,Manchester City,A,A,0.5627947243382562,0.19058294003947243,0.24662233562227143,4
2022-23,Group stage,2022-09-06,RB Leipzig,Shakhtar D.,A,H,0.3374695229009482,0.20344001428581093,0.45909046281324084,4
2022-23,Group stage,2022-09-06,Paris SG,Juventus,H,H,0.22342351811198236,0.18722167964509456,0.5893548022429231,4
2022-23,Group stage,2022-09-06,RB Salzburg,Milan,D,H,0.3180076447491484,0.2010643071790483,0.48092804807180334,4
2022-23,Group stage,2022-09-06,Dinamo Zagreb,Chelsea,H,A,0.6198215934089443,0.2007632213157595,0.17941518527529624,4
2022-23,Group stage,2022-09-06,Celtic,Real Madrid,A,A,0.6118939595109965,0.20869455984286708,0.17941148064613646,4
2022-23,Group stage,2022-09-06,Benfica,Maccabi Haifa,H,H,0.1500200412741616,0.21989660676822817,0.6300833519576101,4
2022-23,Group stage,2022-09-06,Dortmund,FC Copenhagen,H,H,0.23870243179235903,0.17525491013374736,0.5860426580738936,4
2022-23,Group stage,2022-09-07,Tottenham,Marseille,H,H,0.28571602364673004,0.18657702851089042,0.5277069478423796,4
2022-23,Group stage,2022-09-07,Napoli,Liverpool,H,A,0.5141300697344744,0.2071659872034973,0.2787039430620283,4
2022-23,Group stage,2022-09-07,Inter,Bayern Munich,A,A,0.6128797196231497,0.17991018026400135,0.20721010011284902,4
2022-23,Group stage,2022-09-07,Frankfurt,Sporting CP,A,H,0.34653740065319555,0.2648680025165581,0.3885945968302462,4
2022-23,Group stage,2022-09-07,Club Brugge,Leverkusen,H,A,0.4862840201567353,0.2308173542411594,0.2828986256021053,4
2022-23,Group stage,2022-09-07,Barcelona,Viktoria Plzeň,H,H,0.12170354824664388,0.14966932358350996,0.7286271281698461,4
2022-23,Group stage,2022-09-07,Atlético Madrid,Porto,H,H,0.292635004165719,0.19646412328265406,0.5109008725516269,4
2022-23,Group stage,2022-09-07,Ajax,Rangers,H,H,0.17293326353521132,0.17242604087881255,0.6546406955859762,4
2022-23,Group stage,2022-09-13,Porto,Club Brugge,A,H,0.19162985776244815,0.2135275888427792,0.5948425533947727,4
2022-23,Group stage,2022-09-13,Marseille,Frankfurt,A,H,0.10466104109384822,0.14554871845418318,0.7497902404519686,4
2022-23,Group stage,2022-09-13,Viktoria Plzeň,Inter,A,A,0.520400421595504,0.196150297721803,0.2834492806826929,4
2022-23,Group stage,2022-09-13,Leverkusen,Atlético Madrid,H,A,0.3789610450029028,0.2469771354292161,0.3740618195678811,4
2022-23,Group stage,2022-09-13,Liverpool,Ajax,H,H,0.2182042515716218,0.2175300307117131,0.5642657177166651,4
2022-23,Group stage,2022-09-13,Sporting CP,Tottenham,H,A,0.4139097408486366,0.20234017334748403,0.3837500858038794,4
2022-23,Group stage,2022-09-13,Bayern Munich,Barcelona,H,H,0.18361394095486389,0.20844712537951723,0.6079389336656189,4
2022-23,Group stage,2022-09-14,Real Madrid,RB Leipzig,H,H,0.11139652122753874,0.14710667688470472,0.7414968018877566,4
2022-23,Group stage,2022-09-14,Rangers,Napoli,A,A,0.6203178605092461,0.20016305835911666,0.1795190811316373,4
2022-23,Group stage,2022-09-14,Milan,Dinamo Zagreb,H,H,0.1730641159811467,0.22783448919842042,0.5991013948204329,4
2022-23,Group stage,2022-09-14,Manchester City,Dortmund,H,H,0.196295546020523,0.18626485188146974,0.6174396020980073,4
2022-23,Group stage,2022-09-14,Shakhtar D.,Celtic,D,H,0.1426380045604521,0.17093633507698952,0.6864256603625585,4
2022-23,Group stage,2022-09-14,Juventus,Benfica,A,H,0.211933438872685,0.2533503584123294,0.5347162027149857,4
2022-23,Group stage,2022-09-14,FC Copenhagen,Sevilla,D,H,0.40014034968470313,0.18614861746364803,0.41371103285164873,4
2022-23,Group stage,2022-09-14,Chelsea,RB Salzburg,D,H,0.15766988270283513,0.1673246969259086,0.6750054203712563,4
2022-23,Group stage,2022-09-14,Maccabi Haifa,Paris SG,A,A,0.6467871275396319,0.1611465021094066,0.19206637035096152,4
2022-23,Group stage,2022-10-04,Inter,Barcelona,H,A,0.5629366813813419,0.1737663562223143,0.26329696239634376,4
2022-23,Group stage,2022-10-04,Porto,Leverkusen,H,A,0.3978942648612961,0.2117593976991117,0.3903463374395923,4
2022-23,Group stage,2022-10-04,Marseille,Sporting CP,H,A,0.5574177783706635,0.22792125234765628,0.21466096928168013,4
2022-23,Group stage,2022-10-04,Liverpool,Rangers,H,H,0.09287574560331317,0.1343914653280556,0.7727327890686313,4
2022-23,Group stage,2022-10-04,Ajax,Napoli,A,H,0.27982164014701966,0.1971975710379719,0.5229807888150084,4
2022-23,Group stage,2022-10-04,Club Brugge,Atlético Madrid,H,A,0.5722581123806266,0.185687372033777,0.24205451558559637,4
2022-23,Group stage,2022-10-04,Bayern Munich,Viktoria Plzeň,H,H,0.08479131854094477,0.12942588078291076,0.7857828006761445,4
2022-23,Group stage,2022-10-04,Frankfurt,Tottenham,D,A,0.4821265909293545,0.20772712745381627,0.3101462816168293,4
2022-23,Group stage,2022-10-05,Juventus,Maccabi Haifa,H,H,0.09096559843346988,0.1351286714361457,0.7739057301303843,4
2022-23,Group stage,2022-10-05,Chelsea,Milan,H,H,0.13871706247667417,0.15575118060209975,0.7055317569212262,4
2022-23,Group stage,2022-10-05,Manchester City,FC Copenhagen,H,H,0.14521229182593326,0.14987423549308157,0.7049134726809851,4
2022-23,Group stage,2022-10-05,Benfica,Paris SG,D,A,0.5284370443267963,0.17469651911410275,0.29686643655910105,4
2022-23,Group stage,2022-10-05,RB Salzburg,Dinamo Zagreb,H,H,0.18220947610243596,0.16288363412258378,0.6549068897749801,4
2022-23,Group stage,2022-10-05,Real Madrid,Shakhtar D.,H,H,0.12361844546140073,0.13471380424279653,0.7416677502958028,4
2022-23,Group stage,2022-10-05,Sevilla,Dortmund,A,A,0.48250210062079074,0.22624339524531972,0.29125450413388965,4
2022-23,Group stage,2022-10-05,RB Leipzig,Celtic,H,H,0.2210759547660484,0.18887764588058636,0.5900463993533651,4
2022-23,Group stage,2022-10-11,Milan,Chelsea,A,H,0.343716903174258,0.19008525588063496,0.4661978409451071,4
2022-23,Group stage,2022-10-11,Shakhtar D.,Real Madrid,D,A,0.46679084712470925,0.22378928926059233,0.3094198636146983,4
2022-23,Group stage,2022-10-11,Paris SG,Benfica,D,H,0.11138595279971925,0.16427533847211698,0.7243387087281636,4
2022-23,Group stage,2022-10-11,Maccabi Haifa,Juventus,H,A,0.6453286046953649,0.19765332693991366,0.15701806836472143,4
2022-23,Group stage,2022-10-11,Celtic,RB Leipzig,A,A,0.39082663011674423,0.22437331223056478,0.384800057652691,4
2022-23,Group stage,2022-10-11,Dortmund,Sevilla,D,H,0.18572246711707757,0.1578246802992439,0.6564528525836785,4
2022-23,Group stage,2022-10-11,Dinamo Zagreb,RB Salzburg,D,A,0.4828408805033687,0.18747938405904738,0.32967973543758383,4
2022-23,Group stage,2022-10-11,FC Copenhagen,Manchester City,D,A,0.5677513042675375,0.21373890391503333,0.21850979181742913,4
2022-23,Group stage,2022-10-12,Viktoria Plzeň,Bayern Munich,A,A,0.7156422582831071,0.14525479279137027,0.13910294892552266,4
2022-23,Group stage,2022-10-12,Sporting CP,Marseille,A,H,0.2577367472389133,0.17099464994071306,0.5712686028203736,4
2022-23,Group stage,2022-10-12,Rangers,Liverpool,A,A,0.6921186530889364,0.15945989742482886,0.14842144948623487,4
2022-23,Group stage,2022-10-12,Tottenham,Frankfurt,H,H,0.14197938568010365,0.17857454290751967,0.6794460714123767,4
2022-23,Group stage,2022-10-12,Leverkusen,Porto,A,H,0.36557313409224446,0.1850761028886356,0.44935076301912,4
2022-23,Group stage,2022-10-12,Barcelona,Inter,D,H,0.1416421061115193,0.1807209073513117,0.6776369865371691,4
2022-23,Group stage,2022-10-12,Atlético Madrid,Club Brugge,D,H,0.2384289433732221,0.2654301792062242,0.4961408774205537,4
2022-23,Group stage,2022-10-12,Napoli,Ajax,H,H,0.20106560737085893,0.1608564062968396,0.6380779863323015,4
2022-23,Group stage,2022-10-25,Sevilla,FC Copenhagen,H,H,0.2755396297688408,0.18183207746453792,0.5426282927666213,4
2022-23,Group stage,2022-10-25,RB Salzburg,Chelsea,A,H,0.34263113091386627,0.2027658918335594,0.4546029772525743,4
2022-23,Group stage,2022-10-25,RB Leipzig,Real Madrid,H,A,0.5716612297945481,0.16046144218372868,0.2678773280217233,4
2022-23,Group stage,2022-10-25,Paris SG,Maccabi Haifa,H,H,0.08968550900499117,0.1297392756929894,0.7805752153020196,4
2022-23,Group stage,2022-10-25,Benfica,Juventus,H,H,0.30480583245207354,0.1909058063279756,0.5042883612199508,4
2022-23,Group stage,2022-10-25,Dinamo Zagreb,Milan,A,A,0.4541560658528943,0.2050409062497643,0.34080302789734146,4
2022-23,Group stage,2022-10-25,Celtic,Shakhtar D.,D,A,0.533905718865483,0.21997427819715976,0.2461200029373573,4
2022-23,Group stage,2022-10-25,Dortmund,Manchester City,D,H,0.33325221371657027,0.18452046792815222,0.4822273183552775,4
2022-23,Group stage,2022-10-26,Barcelona,Bayern Munich,A,A,0.4120984132834172,0.2179046056727753,0.3699969810438074,4
2022-23,Group stage,2022-10-26,Ajax,Liverpool,A,A,0.564827878608378,0.16250039555616017,0.27267172583546184,4
2022-23,Group stage,2022-10-26,Atlético Madrid,Leverkusen,D,H,0.17646241525704884,0.16172941951913747,0.6618081652238138,4
2022-23,Group stage,2022-10-26,Club Brugge,Porto,A,H,0.38897211546463095,0.21380275931714057,0.39722512521822845,4
2022-23,Group stage,2022-10-26,Napoli,Rangers,H,H,0.09440379248831414,0.14506770401254185,0.7605285034991441,4
2022-23,Group stage,2022-10-26,Inter,Viktoria Plzeň,H,H,0.11341257612151484,0.13863374810514467,0.7479536757733405,4
2022-23,Group stage,2022-10-26,Frankfurt,Marseille,H,H,0.33115177184849304,0.26904870105125217,0.39979952710025474,4
2022-23,Group stage,2022-10-26,Tottenham,Sporting CP,D,H,0.19240886595528175,0.16815690071961553,0.6394342333251029,4
2022-23,Group stage,2022-11-01,Viktoria Plzeň,Barcelona,A,A,0.6959585579132551,0.1605053607392637,0.14353608134748122,4
2022-23,Group stage,2022-11-01,Rangers,Ajax,A,A,0.5590441209568857,0.20197870909706234,0.23897716994605187,4
2022-23,Group stage,2022-11-01,Porto,Atlético Madrid,H,H,0.2714145484769558,0.15226517583794022,0.576320275685104,4
2022-23,Group stage,2022-11-01,Sporting CP,Frankfurt,A,H,0.2144816032600534,0.18967025912892704,0.5958481376110195,4
2022-23,Group stage,2022-11-01,Liverpool,Napoli,H,H,0.18783870550148285,0.1856380478323414,0.6265232466661758,4
2022-23,Group stage,2022-11-01,Leverkusen,Club Brugge,D,H,0.3067278844311359,0.2906822210446389,0.4025898945242252,4
2022-23,Group stage,2022-11-01,Bayern Munich,Inter,H,H,0.13647244703473857,0.17639145327775044,0.6871360996875111,4
2022-23,Group stage,2022-11-01,Marseille,Tottenham,A,H,0.39325939119438186,0.17840056307064464,0.4283400457349736,4
2022-23,Group stage,2022-11-02,Juventus,Paris SG,A,H,0.3927847623185698,0.1817670296084822,0.42544820807294786,4
2022-23,Group stage,2022-11-02,Shakhtar D.,RB Leipzig,A,H,0.2741741131501646,0.2194272541805377,0.5063986326692977,4
2022-23,Group stage,2022-11-02,Real Madrid,Celtic,H,H,0.08880310723492316,0.15028847359412464,0.7609084191709522,4
2022-23,Group stage,2022-11-02,Milan,RB Salzburg,H,H,0.25978107595018235,0.18619613444252878,0.5540227896072889,4
2022-23,Group stage,2022-11-02,FC Copenhagen,Dortmund,D,A,0.5663527722293008,0.18437988595298407,0.2492673418177151,4
2022-23,Group stage,2022-11-02,Maccabi Haifa,Benfica,A,A,0.521530864696186,0.2492047408662934,0.22926439443752047,4
2022-23,Group stage,2022-11-02,Chelsea,Dinamo Zagreb,H,H,0.09422394704321176,0.15240587233894368,0.7533701806178446,4
2022-23,Group stage,2022-11-02,Manchester City,Sevilla,H,H,0.13174027537537603,0.15147546943223406,0.7167842551923899,4
2022-23,Round of 16,2023-02-14,Paris SG,Bayern Munich,A,H,0.38146437863986066,0.2293185108219713,0.38921711053816815,4
2022-23,Round of 16,2023-02-14,Milan,Tottenham,H,H,0.3514890776292722,0.18061313246401295,0.46789778990671493,4
2022-23,Round of 16,2023-02-15,Club Brugge,Benfica,A,A,0.4037176765162744,0.2230035722307709,0.37327875125295473,4
2022-23,Round of 16,2023-02-15,Dortmund,Chelsea,H,H,0.29050068255303046,0.21192509614665678,0.4975742213003127,4
2022-23,Round of 16,2023-02-21,Liverpool,Real Madrid,A,H,0.3494266113530877,0.20077832160418993,0.4497950670427225,4
2022-23,Round of 16,2023-02-21,Frankfurt,Napoli,A,A,0.5188329821011884,0.19011931750347746,0.2910477003953341,4
2022-23,Round of 16,2023-02-22,RB Leipzig,Manchester City,D,A,0.5479155551813909,0.15944588657092026,0.2926385582476888,4
2022-23,Round of 16,2023-02-22,Inter,Porto,H,H,0.3265038535092819,0.18913922496166502,0.48435692152905296,4
2022-23,Round of 16,2023-03-07,Benfica,Club Brugge,H,H,0.21998750997213581,0.18082937267364757,0.5991831173542167,4
2022-23,Round of 16,2023-03-07,Chelsea,Dortmund,H,H,0.1928001590103556,0.15071028099787714,0.6564895599917674,4
2022-23,Round of 16,2023-03-08,Bayern Munich,Paris SG,H,H,0.22629271471592569,0.1697782127317725,0.6039290725523018,4
2022-23,Round of 16,2023-03-08,Tottenham,Milan,D,H,0.2174463256292147,0.17707189232359632,0.6054817820471889,4
2022-23,Round of 16,2023-03-14,Manchester City,RB Leipzig,H,H,0.17256989724503624,0.15881448134110623,0.6686156214138574,4
2022-23,Round of 16,2023-03-14,Porto,Inter,D,H,0.26807794693748493,0.16749058117811527,0.5644314718843998,4
2022-23,Round of 16,2023-03-15,Napoli,Frankfurt,H,H,0.2512429977999133,0.16824244957439854,0.5805145526256882,4
2022-23,Round of 16,2023-03-15,Real Madrid,Liverpool,H,H,0.18986528877615091,0.17503822854713538,0.6350964826767137,4
2022-23,Quarter-finals,2023-04-11,Manchester City,Bayern Munich,H,H,0.3689480486627401,0.23767981053861684,0.3933721407986431,4
2022-23,Quarter-finals,2023-04-11,Benfica,Inter,A,H,0.2336694400060495,0.16373125597881968,0.6025993040151308,4
2022-23,Quarter-finals,2023-04-12,Real Madrid,Chelsea,H,H,0.17610045443080594,0.19044470157038415,0.6334548439988099,4
2022-23,Quarter-finals,2023-04-12,Milan,Napoli,H,A,0.4216402182335064,0.18832241486967466,0.39003736689681895,4
2022-23,Quarter-finals,2023-04-18,Chelsea,Real Madrid,A,H,0.3944685466144019,0.18677064399204696,0.41876080939355115,4
2022-23,Quarter-finals,2023-04-18,Napoli,Milan,D,H,0.27565107468588107,0.19201858686682868,0.5323303384472903,4
2022-23,Quarter-finals,2023-04-19,Bayern Munich,Manchester City,D,H,0.21081287702852142,0.1875057941481216,0.601681328823357,4
2022-23,Quarter-finals,2023-04-19,Inter,Benfica,D,H,0.23281150262177808,0.1914940028549586,0.5756944945232633,4
2022-23,Semi-finals,2023-05-09,Real Madrid,Manchester City,D,H,0.19772090436140294,0.15934377392964313,0.6429353217089538,4
2022-23,Semi-finals,2023-05-10,Milan,Inter,A,H,0.20281855947772467,0.16375700587283148,0.6334244346494439,4
2022-23,Semi-finals,2023-05-16,Inter,Milan,H,H,0.1826201398498418,0.15545052463079098,0.6619293355193672,4
2022-23,Semi-finals,2023-05-17,Manchester City,Real Madrid,H,H,0.30920176046251396,0.19878352991833365,0.49201470961915245,4
2022-23,Final,2023-06-10,Manchester City,Inter,H,H,0.15632511794495652,0.15655176772017462,0.6871231143348688,4
2023-24,Group stage,2023-09-19,Barcelona,Antwerp,H,H,0.10208265575705228,0.1534695739486299,0.7444477702943177,4
2023-24,Group stage,2023-09-19,Feyenoord,Celtic,H,A,0.41253005731808784,0.23005841805140137,0.35741152463051085,4
2023-24,Group stage,2023-09-19,Manchester City,Red Star,H,H,0.11615342453564133,0.1564437906004237,0.727402784863935,4
2023-24,Group stage,2023-09-19,Lazio,Atlético Madrid,D,A,0.44245114283932646,0.22733785066095277,0.33021100649972085,4
2023-24,Group stage,2023-09-19,Shakhtar D.,Porto,A,A,0.473071950967519,0.23336419945986234,0.2935638495726186,4
2023-24,Group stage,2023-09-19,Young Boys,RB Leipzig,A,A,0.5190418842303682,0.2581754869323766,0.22278262883725508,4
2023-24,Group stage,2023-09-19,Paris SG,Dortmund,H,H,0.21053250588177935,0.16806180443534444,0.6214056896828762,4
2023-24,Group stage,2023-09-19,Milan,Newcastle,D,H,0.13123501119397313,0.2004146763869746,0.6683503124190523,4
2023-24,Group stage,2023-09-20,Real Sociedad,Inter,D,A,0.5052014379715073,0.2603751845997405,0.2344233774287522,4
2023-24,Group stage,2023-09-20,Real Madrid,Union Berlin,H,H,0.10468745371399331,0.17421881362371827,0.7210937326622884,4
2023-24,Group stage,2023-09-20,Galatasaray,FC Copenhagen,D,H,0.3256354997960312,0.22567290628361614,0.4486915939203527,4
2023-24,Group stage,2023-09-20,Sevilla,Lens,D,H,0.12313201943314529,0.18086349605484425,0.6960044845120106,4
2023-24,Group stage,2023-09-20,Benfica,RB Salzburg,A,H,0.35617274622885914,0.20422027867476844,0.4396069750963725,4
2023-24,Group stage,2023-09-20,Bayern Munich,Manchester Utd,H,H,0.13278828328635212,0.15900351286844008,0.7082082038452078,4
2023-24,Group stage,2023-09-20,Arsenal,PSV,H,H,0.20962870988137966,0.17941428189619849,0.6109570082224218,4
2023-24,Group stage,2023-09-20,Braga,Napoli,A,A,0.5176675357520331,0.24829091795790315,0.2340415462900637,4
2023-24,Group stage,2023-10-03,Union Berlin,Braga,A,H,0.36350141705860267,0.2110972989956825,0.4254012839457148,4
2023-24,Group stage,2023-10-03,RB Salzburg,Real Sociedad,A,H,0.16363558567579184,0.16670654087608955,0.6696578734481187,4
2023-24,Group stage,2023-10-03,PSV,Sevilla,D,A,0.587956227213663,0.18794170996766354,0.2241020628186735,4
2023-24,Group stage,2023-10-03,Napoli,Real Madrid,A,A,0.505702503232848,0.1855693169562752,0.3087281798108769,4
2023-24,Group stage,2023-10-03,Manchester Utd,Galatasaray,A,H,0.14700381766157467,0.16452556615157293,0.6884706161868525,4
2023-24,Group stage,2023-10-03,Lens,Arsenal,H,A,0.4905781155966656,0.2654430936417035,0.24397879076163081,4
2023-24,Group stage,2023-10-03,Inter,Benfica,H,H,0.2603207813236259,0.17777591224381556,0.5619033064325586,4
2023-24,Group stage,2023-10-03,FC Copenhagen,Bayern Munich,A,A,0.5908094168684985,0.16674654431622007,0.2424440388152814,4
2023-24,Group stage,2023-10-04,Porto,Barcelona,A,A,0.44735620300021167,0.18720150412712291,0.36544229287266544,4
2023-24,Group stage,2023-10-04,RB Leipzig,Manchester City,A,A,0.5064350645753503,0.17345246485968577,0.32011247056496395,4
2023-24,Group stage,2023-10-04,Newcastle,Paris SG,H,A,0.5640991059445145,0.21829891336264942,0.21760198069283607,4
2023-24,Group stage,2023-10-04,Red Star,Young Boys,D,H,0.35797571706348047,0.1934081809914538,0.4486161019450657,4
2023-24,Group stage,2023-10-04,Celtic,Lazio,A,A,0.44307881930173076,0.20006323854576108,0.3568579421525082,4
2023-24,Group stage,2023-10-04,Atlético Madrid,Feyenoord,H,H,0.17291526931494614,0.2758302252423761,0.5512545054426777,4
2023-24,Group stage,2023-10-04,Antwerp,Shakhtar D.,A,A,0.6359082407906153,0.1811751058692458,0.18291665334013882,4
2023-24,Group stage,2023-10-04,Dortmund,Milan,D,H,0.2546209079552497,0.1593861138558876,0.5859929781888626,4
2023-24,Group stage,2023-10-24,Union Berlin,Napoli,A,A,0.6765689114087705,0.15517919967124985,0.1682518889199796,4
2023-24,Group stage,2023-10-24,Manchester Utd,FC Copenhagen,H,H,0.1666570703962567,0.15651064583991223,0.676832283763831,4
2023-24,Group stage,2023-10-24,Lens,PSV,D,H,0.1334452554721881,0.14833043094062745,0.7182243135871844,4
2023-24,Group stage,2023-10-24,Sevilla,Arsenal,A,A,0.43139379988831233,0.2308407724709726,0.33776542764071504,4
2023-24,Group stage,2023-10-24,Galatasaray,Bayern Munich,A,A,0.5174981461269376,0.17077218723750606,0.3117296666355564,4
2023-24,Group stage,2023-10-24,Braga,Real Madrid,A,A,0.6709792881348347,0.1437454682460561,0.18527524361910927,4
2023-24,Group stage,2023-10-24,Inter,RB Salzburg,H,H,0.2085499321472365,0.17669538763791134,0.6147546802148521,4
2023-24,Group stage,2023-10-24,Benfica,Real Sociedad,A,H,0.259796469968424,0.21274354728504613,0.5274599827465299,4
2023-24,Group stage,2023-10-25,Young Boys,Manchester City,A,A,0.6104166507753508,0.18057737743785113,0.20900597178679806,4
2023-24,Group stage,2023-10-25,RB Leipzig,Red Star,H,H,0.14413252605691837,0.1693720262203189,0.6864954477227627,4
2023-24,Group stage,2023-10-25,Paris SG,Milan,H,H,0.13870332188302356,0.13737929236604773,0.7239173857509288,4
2023-24,Group stage,2023-10-25,Newcastle,Dortmund,A,H,0.14821520850500475,0.15518986170760474,0.6965949297873905,4
2023-24,Group stage,2023-10-25,Feyenoord,Lazio,H,A,0.5254409725409912,0.18203602123806822,0.29252300622094074,4
2023-24,Group stage,2023-10-25,Barcelona,Shakhtar D.,H,H,0.11691030378656098,0.13592597037193524,0.7471637258415038,4
2023-24,Group stage,2023-10-25,Antwerp,Porto,A,A,0.6831107208644436,0.1842759334201375,0.13261334571541886,4
2023-24,Group stage,2023-10-25,Celtic,Atlético Madrid,D,A,0.6779406859569065,0.16509833296898205,0.15696098107411147,4
2023-24,Group stage,2023-11-07,Shakhtar D.,Barcelona,H,A,0.6349649849689046,0.16751942924937158,0.19751558578172368,4
2023-24,Group stage,2023-11-07,Red Star,RB Leipzig,A,A,0.4454502311178081,0.29243810828987815,0.26211166059231383,4
2023-24,Group stage,2023-11-07,Porto,Antwerp,H,H,0.08830095303140545,0.1357891064298873,0.7759099405387071,4
2023-24,Group stage,2023-11-07,Milan,Paris SG,H,A,0.47266683090681466,0.2216083274551694,0.30572484163801605,4
2023-24,Group stage,2023-11-07,Manchester City,Young Boys,H,H,0.0987790409996394,0.16396884947522175,0.7372521095251389,4
2023-24,Group stage,2023-11-07,Lazio,Feyenoord,H,H,0.2457626942776079,0.31205140742472154,0.4421858982976706,4
2023-24,Group stage,2023-11-07,Dortmund,Newcastle,H,H,0.15098831161832577,0.1894417193274714,0.6595699690542027,4
2023-24,Group stage,2023-11-07,Atlético Madrid,Celtic,H,H,0.12592255471482117,0.15543834655798783,0.718639098727191,4
2023-24,Group stage,2023-11-08,Real Madrid,Braga,H,H,0.09302773326785696,0.12979654803391322,0.7771757186982299,4
2023-24,Group stage,2023-11-08,Real Sociedad,Benfica,H,H,0.2875166827182844,0.20431672902289294,0.5081665882588227,4
2023-24,Group stage,2023-11-08,PSV,Lens,H,A,0.41682384331039307,0.18510158670009133,0.3980745699895156,4
2023-24,Group stage,2023-11-08,RB Salzburg,Inter,A,A,0.4039147414947329,0.20367990518064885,0.39240535332461823,4
2023-24,Group stage,2023-11-08,FC Copenhagen,Manchester Utd,H,A,0.4254919713318392,0.18500096450757444,0.3895070641605864,4
2023-24,Group stage,2023-11-08,Napoli,Union Berlin,D,H,0.09841773115604084,0.14118298066370444,0.7603992881802547,4
2023-24,Group stage,2023-11-08,Bayern Munich,Galatasaray,H,H,0.10992834697266894,0.14204803518718837,0.7480236178401427,4
2023-24,Group stage,2023-11-08,Arsenal,Sevilla,H,H,0.20466127361471298,0.14555653080563336,0.6497821955796537,4
2023-24,Group stage,2023-11-28,Young Boys,Red Star,H,H,0.3031254861143288,0.22207778341592418,0.47479673046974696,4
2023-24,Group stage,2023-11-28,Paris SG,Newcastle,D,H,0.15118089048567424,0.16503037486418012,0.6837887346501456,4
2023-24,Group stage,2023-11-28,Milan,Dortmund,A,H,0.37249171787418733,0.19552569191633395,0.43198259020947877,4
2023-24,Group stage,2023-11-28,Shakhtar D.,Antwerp,H,H,0.10744530668970693,0.1328746754092619,0.7596800179010311,4
2023-24,Group stage,2023-11-28,Lazio,Celtic,H,H,0.17378950213048383,0.17224829474493247,0.6539622031245838,4
2023-24,Group stage,2023-11-28,Feyenoord,Atlético Madrid,A,A,0.5429983332366979,0.16676862856893016,0.2902330381943719,4
2023-24,Group stage,2023-11-28,Barcelona,Porto,H,H,0.17328217739976737,0.16864481554314828,0.6580730070570845,4
2023-24,Group stage,2023-11-28,Manchester City,RB Leipzig,H,H,0.19069836922273772,0.15322009967015765,0.6560815311071047,4
2023-24,Group stage,2023-11-29,Sevilla,PSV,A,H,0.3633570252207888,0.18356200018507565,0.4530809745941356,4
2023-24,Group stage,2023-11-29,Real Sociedad,RB Salzburg,D,H,0.25603184200730117,0.17529414556991713,0.5686740124227816,4
2023-24,Group stage,2023-11-29,Real Madrid,Napoli,H,H,0.15342327698797664,0.14915153285586985,0.6974251901561536,4
2023-24,Group stage,2023-11-29,Galatasaray,Manchester Utd,D,A,0.4110890085067847,0.19327132522408194,0.3956396662691334,4
2023-24,Group stage,2023-11-29,Braga,Union Berlin,D,H,0.34971929170597377,0.19242040748673114,0.45786030080729506,4
2023-24,Group stage,2023-11-29,Benfica,Inter,D,A,0.5473025789161239,0.20347355952561372,0.24922386155826234,4
2023-24,Group stage,2023-11-29,Bayern Munich,FC Copenhagen,D,H,0.1301477664976317,0.15851735926346827,0.7113348742389,4
2023-24,Group stage,2023-11-29,Arsenal,Lens,H,H,0.22423679176979075,0.15709800870435198,0.6186651995258573,4
2023-24,Group stage,2023-12-12,Union Berlin,Real Madrid,A,A,0.56055091654542,0.19527999668512505,0.24416908676945503,4
2023-24,Group stage,2023-12-12,PSV,Arsenal,D,A,0.4760828717799647,0.22172606396923028,0.30219106425080505,4
2023-24,Group stage,2023-12-12,Napoli,Braga,H,H,0.1652767978467924,0.16079017084501315,0.6739330313081945,4
2023-24,Group stage,2023-12-12,RB Salzburg,Benfica,A,H,0.3365305675266254,0.19270724536036074,0.47076218711301393,4
2023-24,Group stage,2023-12-12,Lens,Sevilla,H,A,0.4998755068412244,0.20596077828313544,0.29416371487564025,4
2023-24,Group stage,2023-12-12,Inter,Real Sociedad,D,H,0.15792004751990946,0.18651807684749339,0.655561875632597,4
2023-24,Group stage,2023-12-12,FC Copenhagen,Galatasaray,H,H,0.30062800621533653,0.21631439520344514,0.4830575985812182,4
2023-24,Group stage,2023-12-12,Manchester Utd,Bayern Munich,A,A,0.48355385654676303,0.19056872874740324,0.3258774147058338,4
2023-24,Group stage,2023-12-13,Dortmund,Paris SG,D,H,0.3864270530207874,0.16260949019555723,0.4509634567836555,4
2023-24,Group stage,2023-12-13,Antwerp,Barcelona,H,A,0.680435627127689,0.1735867033506609,0.14597766952165,4
2023-24,Group stage,2023-12-13,Atlético Madrid,Lazio,H,H,0.15240605882381528,0.1829487551884031,0.6646451859877816,4
2023-24,Group stage,2023-12-13,Celtic,Feyenoord,H,H,0.36430541928893234,0.2383899996652302,0.39730458104583743,4
2023-24,Group stage,2023-12-13,Red Star,Manchester City,A,A,0.6471657281635727,0.17467367973942358,0.17816059209700386,4
2023-24,Group stage,2023-12-13,Newcastle,Milan,A,H,0.37666762821315636,0.1720927754145387,0.45123959637230504,4
2023-24,Group stage,2023-12-13,Porto,Shakhtar D.,H,H,0.21778535205282684,0.1555032370669318,0.6267114108802414,4
2023-24,Group stage,2023-12-13,RB Leipzig,Young Boys,H,H,0.2525028176726874,0.18675233505682368,0.560744847270489,4
2023-24,Round of 16,2024-02-13,FC Copenhagen,Manchester City,A,A,0.5630583874318938,0.1820216636080612,0.2549199489600449,4
2023-24,Round of 16,2024-02-13,RB Leipzig,Real Madrid,A,A,0.6511392054106483,0.14300454152453637,0.20585625306481534,4
2023-24,Round of 16,2024-02-14,Lazio,Bayern Munich,H,A,0.5999452673880977,0.15634044737719235,0.2437142852347098,4
2023-24,Round of 16,2024-02-14,Paris SG,Real Sociedad,H,H,0.18423168650305405,0.17751890388062314,0.6382494096163228,4
2023-24,Round of 16,2024-02-20,Inter,Atlético Madrid,H,H,0.2838608914794986,0.18836527102408995,0.5277738374964114,4
2023-24,Round of 16,2024-02-20,PSV,Dortmund,D,A,0.4245977897121979,0.1847455258384882,0.39065668444931395,4
2023-24,Round of 16,2024-02-21,Porto,Arsenal,H,H,0.38199892292031556,0.1831851657716039,0.43481591130808056,4
2023-24,Round of 16,2024-02-21,Napoli,Barcelona,D,A,0.5021851164787938,0.1757163693639307,0.3220985141572756,4
2023-24,Round of 16,2024-03-05,Bayern Munich,Lazio,H,H,0.11217573530231835,0.15514070454475234,0.7326835601529293,4
2023-24,Round of 16,2024-03-05,Real Sociedad,Paris SG,A,H,0.377296013006177,0.18453259875364328,0.4381713882401797,4
2023-24,Round of 16,2024-03-06,Manchester City,FC Copenhagen,H,H,0.24190040702870597,0.1710243910842072,0.5870752018870868,4
2023-24,Round of 16,2024-03-06,Real Madrid,RB Leipzig,D,H,0.19444429146150993,0.15214548702459083,0.6534102215138993,4
2023-24,Round of 16,2024-03-12,Arsenal,Porto,H,H,0.2776273443755708,0.1721924813421744,0.5501801742822547,4
2023-24,Round of 16,2024-03-12,Barcelona,Napoli,H,H,0.16427978657665618,0.1412180795969022,0.6945021338264415,4
2023-24,Round of 16,2024-03-13,Atlético Madrid,Inter,H,H,0.16953031342799701,0.1582748803899956,0.6721948061820074,4
2023-24,Round of 16,2024-03-13,Dortmund,PSV,H,H,0.2054579155292238,0.1508755314215866,0.6436665530491896,4
2023-24,Quarter-finals,2024-04-09,Arsenal,Bayern Munich,D,A,0.5117820373236388,0.18202531106283196,0.3061926516135292,4
2023-24,Quarter-finals,2024-04-09,Real Madrid,Manchester City,D,H,0.22539569273841073,0.19511018320299697,0.5794941240585922,4
2023-24,Quarter-finals,2024-04-10,Atlético Madrid,Dortmund,H,H,0.2232212318747397,0.16969700310114932,0.6070817650241109,4
2023-24,Quarter-finals,2024-04-10,Paris SG,Barcelona,A,H,0.28799280214836664,0.1929837377221249,0.5190234601295084,4
2023-24,Quarter-finals,2024-04-16,Dortmund,Atlético Madrid,H,H,0.22139210265182574,0.181577533039406,0.5970303643087683,4
2023-24,Quarter-finals,2024-04-16,Barcelona,Paris SG,A,H,0.17640449157575092,0.1524635556714965,0.6711319527527525,4
2023-24,Quarter-finals,2024-04-17,Bayern Munich,Arsenal,H,H,0.11016587910278253,0.1635712067653942,0.7262629141318234,4
2023-24,Quarter-finals,2024-04-17,Manchester City,Real Madrid,D,H,0.2754472919592583,0.19652752489594322,0.5280251831447985,4
2023-24,Semi-finals,2024-04-30,Bayern Munich,Real Madrid,D,H,0.15768271302164885,0.174165171912884,0.6681521150654671,4
2023-24,Semi-finals,2024-05-01,Dortmund,Paris SG,H,H,0.32295941395973804,0.16131074237212825,0.5157298436681338,4
2023-24,Semi-finals,2024-05-07,Paris SG,Dortmund,A,H,0.16500499059948784,0.16534534950220592,0.6696496598983063,4
2023-24,Semi-finals,2024-05-08,Real Madrid,Bayern Munich,H,H,0.1797020211284869,0.17952264090306588,0.6407753379684473,4
2023-24,Final,2024-06-01,Dortmund,Real Madrid,A,A,0.42200207415872537,0.16097081587114187,0.41702710997013265,4
2024-25,League phase,2024-09-17,Bayern Munich,Dinamo Zagreb,H,H,0.10468953774115075,0.14422724831005765,0.7510832139487916,4
2024-25,League phase,2024-09-17,Juventus,PSV,H,H,0.19153886786540486,0.17226847211612573,0.6361926600184694,4
2024-25,League phase,2024-09-17,Milan,Liverpool,A,A,0.5682373012643369,0.1914245305539621,0.24033816818170106,4
2024-25,League phase,2024-09-17,Real Madrid,Stuttgart,H,H,0.10441437172820184,0.17293370224728213,0.722651926024516,4
2024-25,League phase,2024-09-17,Sporting CP,Lille,H,H,0.3148053620495951,0.21703498798101678,0.4681596499693881,4
2024-25,League phase,2024-09-17,Young Boys,Aston Villa,A,H,0.19886965646257643,0.18764869819435684,0.6134816453430667,4
2024-25,League phase,2024-09-18,Club Brugge,Dortmund,A,A,0.5242986157924807,0.25468698635638104,0.2210143978511382,4
2024-25,League phase,2024-09-18,Celtic,Slovan Bratislava,H,H,0.20513935273776993,0.18690971382689658,0.6079509334353336,4
2024-25,League phase,2024-09-18,Bologna,Shakhtar D.,D,A,0.425399634384828,0.2465826087077681,0.3280177569074039,4
2024-25,League phase,2024-09-18,Paris SG,Girona,H,H,0.1147113276423266,0.18119544520842792,0.7040932271492456,4
2024-25,League phase,2024-09-18,Sparta Prague,RB Salzburg,H,H,0.30188929813430665,0.26031451322114846,0.43779618864454484,4
2024-25,League phase,2024-09-18,Manchester City,Inter,D,H,0.17809492299093801,0.16567867911076284,0.6562263978982992,4
2024-25,League phase,2024-09-19,Monaco,Barcelona,H,A,0.5673075789187965,0.22659458708453392,0.20609783399666956,4
2024-25,League phase,2024-09-19,Red Star,Benfica,A,A,0.555082116112656,0.21706887295290764,0.2278490109344365,4
2024-25,League phase,2024-09-19,Feyenoord,Leverkusen,A,A,0.44938370084537294,0.2201471434258544,0.33046915572877267,4
2024-25,League phase,2024-09-19,Brest,Sturm Graz,H,H,0.16271022889636563,0.20536588788763185,0.6319238832160025,4
2024-25,League phase,2024-09-19,Atlético Madrid,RB Leipzig,H,H,0.3529970270209852,0.19275934755624832,0.45424362542276664,4
2024-25,League phase,2024-09-19,Atalanta,Arsenal,D,A,0.43379524863070784,0.24779648012780456,0.31840827124148763,4
2024-25,League phase,2024-10-01,RB Salzburg,Brest,A,H,0.34193587126856856,0.18978587530027433,0.46827825343115714,4
2024-25,League phase,2024-10-01,Stuttgart,Sparta Prague,D,A,0.6820423715045744,0.16023376439731918,0.15772386409810638,5
2024-25,League phase,2024-10-01,Slovan Bratislava,Manchester City,A,A,0.7619802348492423,0.13290841115164734,0.10511135399911044,5
2024-25,League phase,2024-10-01,PSV,Sporting CP,D,A,0.5083572963410059,0.23307723939244887,0.2585654642665452,4
2024-25,League phase,2024-10-01,Dortmund,Celtic,H,H,0.19450312721063553,0.23397167471799063,0.5715251980713738,4
2024-25,League phase,2024-10-01,Inter,Red Star,H,H,0.122558414954449,0.16563913381122386,0.7118024512343271,4
2024-25,League phase,2024-10-01,Leverkusen,Milan,H,H,0.29728483192153876,0.17658585841898938,0.5261293096594719,4
2024-25,League phase,2024-10-01,Barcelona,Young Boys,H,H,0.10250953133748378,0.14814989281001004,0.7493405758525062,4
2024-25,League phase,2024-10-01,Arsenal,Paris SG,H,H,0.3340695071370749,0.26628276484260405,0.39964772802032117,4
2024-25,League phase,2024-10-02,Aston Villa,Bayern Munich,H,H,0.20150821889872092,0.19850563462485118,0.5999861464764279,5
2024-25,League phase,2024-10-02,Benfica,Atlético Madrid,H,H,0.31312932402105403,0.20864415953947568,0.4782265164394703,5
2024-25,League phase,2024-10-02,Dinamo Zagreb,Monaco,D,A,0.5068918741468945,0.24763840308792412,0.24546972276518128,5
2024-25,League phase,2024-10-02,Liverpool,Bologna,H,H,0.11870977026114374,0.14487948657410088,0.7364107431647554,5
2024-25,League phase,2024-10-02,Girona,Feyenoord,A,H,0.22719618942821507,0.18503492509436908,0.5877688854774158,5
2024-25,League phase,2024-10-02,RB Leipzig,Juventus,A,A,0.39794279769455043,0.2472041705705277,0.3548530317349219,5
2024-25,League phase,2024-10-02,Shakhtar D.,Atalanta,A,H,0.325741144166419,0.25266751125435083,0.42159134457923014,5
2024-25,League phase,2024-10-02,Sturm Graz,Club Brugge,A,H,0.3352305428232618,0.17938539399373446,0.48538406318300387,5
2024-25,League phase,2024-10-02,Lille,Real Madrid,H,A,0.7304817223800159,0.12771161476839288,0.14180666285159121,5
2024-25,League phase,2024-10-22,Sturm Graz,Sporting CP,A,A,0.5901706498191508,0.21938973156282604,0.1904396186180232,5
2024-25,League phase,2024-10-22,Real Madrid,Dortmund,H,H,0.14177066036540492,0.19010049459333273,0.6681288450412624,5
2024-25,League phase,2024-10-22,Paris SG,PSV,D,H,0.09752100434252686,0.1342709852258027,0.7682080104316704,5
2024-25,League phase,2024-10-22,Monaco,Red Star,H,H,0.11190748475906229,0.1366047691197209,0.7514877461212168,5
2024-25,League phase,2024-10-22,Juventus,Stuttgart,A,H,0.08666295505609066,0.1391541179023438,0.7741829270415654,5
2024-25,League phase,2024-10-22,Aston Villa,Bologna,H,H,0.06776972580947802,0.11606155307886405,0.816168721111658,5
2024-25,League phase,2024-10-22,Arsenal,Shakhtar D.,H,H,0.16520758909399283,0.14517808276809427,0.6896143281379129,5
2024-25,League phase,2024-10-22,Milan,Club Brugge,H,H,0.19876260465553067,0.19218662585551277,0.6090507694889565,5
2024-25,League phase,2024-10-22,Girona,Slovan Bratislava,H,H,0.11332277212969503,0.13075508208863768,0.7559221457816673,5
2024-25,League phase,2024-10-23,Barcelona,Bayern Munich,H,A,0.41731866872378015,0.17735499154043663,0.4053263397357833,5
2024-25,League phase,2024-10-23,Brest,Leverkusen,D,H,0.08970958681349878,0.16273652025807436,0.7475538929284269,5
2024-25,League phase,2024-10-23,Atalanta,Celtic,D,H,0.17419155803608197,0.1997821449684369,0.6260262969954812,5
2024-25,League phase,2024-10-23,Benfica,Feyenoord,A,H,0.14243874617054444,0.15487918157579786,0.7026820722536576,5
2024-25,League phase,2024-10-23,RB Leipzig,Liverpool,A,A,0.6475628076236687,0.1598768051226612,0.19256038725367014,5
2024-25,League phase,2024-10-23,Manchester City,Sparta Prague,H,H,0.12343007118997189,0.16252128396352122,0.714048644846507,5
2024-25,League phase,2024-10-23,RB Salzburg,Dinamo Zagreb,A,H,0.22195860855715,0.21238425305081438,0.5656571383920357,5
2024-25,League phase,2024-10-23,Atlético Madrid,Lille,A,H,0.13963191412181158,0.1670610083302397,0.6933070775479486,5
2024-25,League phase,2024-10-23,Young Boys,Inter,A,A,0.7044794676420373,0.17035443486977556,0.1251660974881871,5
2024-25,League phase,2024-11-05,Slovan Bratislava,Dinamo Zagreb,A,A,0.4381432510647676,0.29923423389200304,0.2626225150432294,5
2024-25,League phase,2024-11-05,Real Madrid,Milan,A,H,0.0866724715760011,0.1302563789186779,0.783071149505321,5
2024-25,League phase,2024-11-05,PSV,Girona,H,H,0.24958373715052312,0.20952362079143516,0.5408926420580417,5
2024-25,League phase,2024-11-05,Liverpool,Leverkusen,H,H,0.13650980409711996,0.17423243261907057,0.6892577632838095,5
2024-25,League phase,2024-11-05,Sporting CP,Manchester City,H,A,0.4936285669174897,0.20473439417120173,0.30163703891130855,5
2024-25,League phase,2024-11-05,Dortmund,Sturm Graz,H,H,0.09020312397183819,0.15301512534864636,0.7567817506795155,5
2024-25,League phase,2024-11-05,Celtic,RB Leipzig,H,H,0.37178989553142333,0.21088313227896788,0.41732697218960885,5
2024-25,League phase,2024-11-05,Bologna,Monaco,A,A,0.45536269670792134,0.2945586675501071,0.25007863574197164,5
2024-25,League phase,2024-11-05,Lille,Juventus,D,A,0.558926975539948,0.1929567568016273,0.24811626765842468,5
2024-25,League phase,2024-11-06,Inter,Arsenal,H,H,0.3366645097537315,0.20384168602742744,0.459493804218841,5
2024-25,League phase,2024-11-06,Bayern Munich,Benfica,H,H,0.09934372721709468,0.16598326485323028,0.7346730079296752,5
2024-25,League phase,2024-11-06,Club Brugge,Aston Villa,H,A,0.6026178304666309,0.20126848542381762,0.1961136841095515,5
2024-25,League phase,2024-11-06,Feyenoord,RB Salzburg,A,H,0.22863518402691657,0.1593797634151259,0.6119850525579575,5
2024-25,League phase,2024-11-06,Sparta Prague,Brest,A,A,0.4454991712326501,0.1934795597185301,0.3610212690488198,5
2024-25,League phase,2024-11-06,Red Star,Barcelona,A,A,0.7262368529750485,0.16455786235305295,0.10920528467189866,5
2024-25,League phase,2024-11-06,Shakhtar D.,Young Boys,H,H,0.1400706040420577,0.15822752168404972,0.7017018742738925,5
2024-25,League phase,2024-11-06,Stuttgart,Atalanta,A,A,0.38159300286817416,0.24431713487118614,0.3740898622606397,5
2024-25,League phase,2024-11-06,Paris SG,Atlético Madrid,A,H,0.1372177362750476,0.16116581992812912,0.7016164437968232,5
2024-25,League phase,2024-11-26,Barcelona,Brest,H,H,0.17809223589970563,0.20529744231601302,0.6166103217842814,5
2024-25,League phase,2024-11-26,Bayern Munich,Paris SG,H,H,0.11512057787102718,0.1400987189527408,0.744780703176232,5
2024-25,League phase,2024-11-26,Leverkusen,RB Salzburg,H,H,0.17639113810245832,0.15423650371007813,0.6693723581874635,5
2024-25,League phase,2024-11-26,Inter,RB Leipzig,H,H,0.16532788256110192,0.16493107222508477,0.6697410452138133,5
2024-25,League phase,2024-11-26,Young Boys,Atalanta,A,A,0.7134755774104447,0.16541626412334665,0.12110815846620859,5
2024-25,League phase,2024-11-26,Manchester City,Feyenoord,D,H,0.08001072937792314,0.12271673345063519,0.7972725371714416,5
2024-25,League phase,2024-11-26,Sparta Prague,Atlético Madrid,A,A,0.40140022211259396,0.21381429652941464,0.38478548135799145,5
2024-25,League phase,2024-11-26,Sporting CP,Arsenal,A,A,0.4301033069400511,0.18606967401944333,0.3838270190405056,5
2024-25,League phase,2024-11-26,Slovan Bratislava,Milan,A,A,0.6824113615134202,0.1918594795140838,0.1257291589724959,5
2024-25,League phase,2024-11-27,Sturm Graz,Girona,H,H,0.3711411521795736,0.171990491224137,0.45686835659628927,5
2024-25,League phase,2024-11-27,Red Star,Stuttgart,H,A,0.4745125333561341,0.2476991402414621,0.2777883264024038,5
2024-25,League phase,2024-11-27,PSV,Shakhtar D.,H,A,0.40200336528414776,0.20625085622977707,0.39174577848607517,5
2024-25,League phase,2024-11-27,Monaco,Benfica,A,H,0.30911424743270627,0.19379362886999457,0.49709212369729916,5
2024-25,League phase,2024-11-27,Liverpool,Real Madrid,H,H,0.28806140484867176,0.18738807857920273,0.5245505165721255,5
2024-25,League phase,2024-11-27,Celtic,Club Brugge,D,H,0.27587920800658605,0.1877135280611842,0.5364072639322298,5
2024-25,League phase,2024-11-27,Bologna,Lille,A,A,0.4477518601259199,0.3006648058937553,0.25158333398032484,5
2024-25,League phase,2024-11-27,Aston Villa,Juventus,D,H,0.17378562271331735,0.17156450579835145,0.6546498714883312,5
2024-25,League phase,2024-11-27,Dinamo Zagreb,Dortmund,A,A,0.5929560855533758,0.18782216828443057,0.21922174616219378,5
2024-25,League phase,2024-12-10,Dinamo Zagreb,Celtic,D,H,0.3480092982766237,0.2740689921684525,0.3779217095549239,5
2024-25,League phase,2024-12-10,Atalanta,Real Madrid,A,H,0.3911424028776704,0.21510715904816727,0.3937504380741624,5
2024-25,League phase,2024-12-10,Brest,PSV,H,H,0.16687530300314776,0.17488371270412562,0.6582409842927266,5
2024-25,League phase,2024-12-10,Club Brugge,Sporting CP,H,A,0.3991697639361623,0.2677232638388769,0.3331069722249609,5
2024-25,League phase,2024-12-10,Girona,Liverpool,A,A,0.7218836385315224,0.14210070234456368,0.1360156591239139,5
2024-25,League phase,2024-12-10,RB Salzburg,Paris SG,A,A,0.7064595703351979,0.14310195384943755,0.1504384758153644,5
2024-25,League phase,2024-12-10,Leverkusen,Inter,H,H,0.30068295776490567,0.2055858908587147,0.49373115137637963,5
2024-25,League phase,2024-12-10,Shakhtar D.,Bayern Munich,A,A,0.6513827100707009,0.16256488350311502,0.18605240642618412,5
2024-25,League phase,2024-12-10,RB Leipzig,Aston Villa,A,A,0.5067616142684783,0.2458625634481694,0.24737582228335234,5
2024-25,League phase,2024-12-11,Benfica,Bologna,D,H,0.14118239608038954,0.1859659722009784,0.672851631718632,5
2024-25,League phase,2024-12-11,Arsenal,Monaco,H,H,0.14215164284402682,0.1650297339232819,0.6928186232326913,5
2024-25,League phase,2024-12-11,Atlético Madrid,Slovan Bratislava,H,H,0.07670177165935978,0.12809881731875628,0.795199411021884,5
2024-25,League phase,2024-12-11,Dortmund,Barcelona,A,A,0.4619590706699122,0.16972418975607895,0.3683167395740089,5
2024-25,League phase,2024-12-11,Feyenoord,Sparta Prague,H,H,0.24864914777822916,0.21184212127015542,0.5395087309516154,5
2024-25,League phase,2024-12-11,Lille,Sturm Graz,H,H,0.15129624589346763,0.1586115293833569,0.6900922247231756,5
2024-25,League phase,2024-12-11,Milan,Red Star,H,H,0.12240175773556249,0.13998882536061888,0.7376094169038186,5
2024-25,League phase,2024-12-11,Stuttgart,Young Boys,H,H,0.23816110460699183,0.16752449870791425,0.5943143966850939,5
2024-25,League phase,2024-12-11,Juventus,Manchester City,H,H,0.3357982684656758,0.16538081019594875,0.49882092133837536,5
2024-25,League phase,2025-01-21,Atalanta,Sturm Graz,H,H,0.13631440152585908,0.1426265971607471,0.7210590013133938,5
2024-25,League phase,2025-01-21,Atlético Madrid,Leverkusen,H,H,0.2627038184415023,0.20514761171525897,0.5321485698432388,5
2024-25,League phase,2025-01-21,Benfica,Barcelona,A,A,0.6298150717213732,0.15844711766869155,0.21173781060993524,5
2024-25,League phase,2025-01-21,Club Brugge,Juventus,D,A,0.5893274551506813,0.17698088871409476,0.23369165613522389,5
2024-25,League phase,2025-01-21,Bologna,Dortmund,H,A,0.6119780329778295,0.194518907939105,0.19350305908306556,5
2024-25,League phase,2025-01-21,Liverpool,Lille,H,H,0.12919990052836222,0.15721425246804566,0.7135858470035921,5
2024-25,League phase,2025-01-21,Red Star,PSV,A,A,0.54815444246603,0.22582312853268652,0.22602242900128355,5
2024-25,League phase,2025-01-21,Slovan Bratislava,Stuttgart,A,A,0.6702573779363684,0.18891068389532162,0.14083193816831002,5
2024-25,League phase,2025-01-21,Monaco,Aston Villa,H,A,0.4569219048509689,0.21179441515868702,0.33128367999034414,5
2024-25,League phase,2025-01-22,Milan,Girona,H,H,0.1522539960784244,0.15210731992145426,0.6956386840001213,5
2024-25,League phase,2025-01-22,Arsenal,Dinamo Zagreb,H,H,0.10115455414064718,0.15049641181019882,0.7483490340491541,5
2024-25,League phase,2025-01-22,Celtic,Young Boys,H,H,0.1877499079059146,0.15293351553666445,0.6593165765574209,5
2024-25,League phase,2025-01-22,Feyenoord,Bayern Munich,H,A,0.675581732388585,0.13878857107251633,0.1856296965388986,5
2024-25,League phase,2025-01-22,RB Leipzig,Sporting CP,H,A,0.45343694090147885,0.2213213813852151,0.3252416777133062,5
2024-25,League phase,2025-01-22,Paris SG,Manchester City,H,H,0.3185879900020153,0.16521171870321377,0.5162002912947709,5
2024-25,League phase,2025-01-22,Shakhtar D.,Brest,H,A,0.5766381883561777,0.19283302551692905,0.23052878612689331,5
2024-25,League phase,2025-01-22,Sparta Prague,Inter,A,A,0.6155673711557149,0.23534443856690968,0.14908819027737544,5
2024-25,League phase,2025-01-22,Real Madrid,RB Salzburg,H,H,0.08325833281398183,0.12279796323213359,0.7939437039538846,5
2024-25,League phase,2025-01-29,Inter,Monaco,H,H,0.1591903199866652,0.16259375522489683,0.678215924788438,5
2024-25,League phase,2025-01-29,Aston Villa,Celtic,H,H,0.1245786752189905,0.16757472625482212,0.7078465985261875,5
2024-25,League phase,2025-01-29,Barcelona,Atalanta,D,H,0.1740143522308395,0.19973520411261633,0.6262504436565441,5
2024-25,League phase,2025-01-29,Bayern Munich,Slovan Bratislava,H,H,0.07283154085306166,0.1370053664416079,0.7901630927053304,5
2024-25,League phase,2025-01-29,Dinamo Zagreb,Milan,H,A,0.4606834801773299,0.25898971734158266,0.28032680248108743,5
2024-25,League phase,2025-01-29,Juventus,Benfica,A,H,0.13592289485468226,0.1585209770324961,0.7055561281128216,5
2024-25,League phase,2025-01-29,Dortmund,Shakhtar D.,H,H,0.25149711828952637,0.1685913999387448,0.5799114817717288,5
2024-25,League phase,2025-01-29,Girona,Arsenal,A,A,0.6950388174433034,0.15562133752470475,0.14933984503199177,5
2024-25,League phase,2025-01-29,Brest,Real Madrid,A,H,0.3884362294187479,0.1891513184561059,0.42241245212514617,5
2024-25,League phase,2025-01-29,Sporting CP,Bologna,D,H,0.15633309295043177,0.18142646515081498,0.6622404418987533,5
2024-25,League phase,2025-01-29,Manchester City,Club Brugge,H,H,0.11315167937532661,0.17233292729554978,0.7145153933291236,5
2024-25,League phase,2025-01-29,PSV,Liverpool,H,A,0.5550180089446028,0.2079990915397329,0.2369828995156643,5
2024-25,League phase,2025-01-29,RB Salzburg,Atlético Madrid,A,A,0.6015187820821943,0.2084565440239203,0.19002467389388533,5
2024-25,League phase,2025-01-29,Sturm Graz,RB Leipzig,H,A,0.5228126263723356,0.2088776558767678,0.2683097177508965,5
2024-25,League phase,2025-01-29,Stuttgart,Paris SG,A,A,0.5207512005195538,0.16093183055678795,0.3183169689236582,5
2024-25,League phase,2025-01-29,Young Boys,Red Star,A,H,0.3692048064534547,0.26142150822118815,0.3693736853253572,5
2024-25,League phase,2025-01-29,Lille,Feyenoord,H,H,0.28437252854307793,0.23269762516594403,0.482929846290978,5
2024-25,League phase,2025-01-29,Leverkusen,Sparta Prague,H,H,0.10543819760412937,0.1504150588841606,0.7441467435117102,5
2024-25,Knockout phase play-offs,2025-02-11,Brest,Paris SG,A,A,0.5220385041061963,0.16672130423808015,0.3112401916557236,5
2024-25,Knockout phase play-offs,2025-02-11,Juventus,PSV,H,H,0.16447801728670175,0.1979630085980983,0.6375589741151999,5
2024-25,Knockout phase play-offs,2025-02-11,Sporting CP,Dortmund,A,A,0.4164953616964742,0.21797942295205766,0.3655252153514681,5
2024-25,Knockout phase play-offs,2025-02-11,Manchester City,Real Madrid,A,H,0.29527801447057467,0.228481238852731,0.47624074667669436,5
2024-25,Knockout phase play-offs,2025-02-12,Celtic,Bayern Munich,A,A,0.6162087119294616,0.16492100349522135,0.2188702845753172,5
2024-25,Knockout phase play-offs,2025-02-12,Club Brugge,Atalanta,H,A,0.4484268738810068,0.21811665539641983,0.3334564707225734,5
2024-25,Knockout phase play-offs,2025-02-12,Feyenoord,Milan,H,H,0.32612768298301054,0.19992703494929334,0.47394528206769626,5
2024-25,Knockout phase play-offs,2025-02-12,Monaco,Benfica,A,H,0.396201373434067,0.20214641138432923,0.4016522151816039,5
2024-25,Knockout phase play-offs,2025-02-18,Atalanta,Club Brugge,A,H,0.17946783530408275,0.17506936039017598,0.6454628043057413,5
2024-25,Knockout phase play-offs,2025-02-18,Bayern Munich,Celtic,D,H,0.13266998963463023,0.168306169549201,0.6990238408161689,5
2024-25,Knockout phase play-offs,2025-02-18,Benfica,Monaco,D,H,0.19556930798320557,0.17218849553765567,0.6322421964791388,5
2024-25,Knockout phase play-offs,2025-02-18,Milan,Feyenoord,D,H,0.2602671514171424,0.18409939132256545,0.5556334572602921,5
2024-25,Knockout phase play-offs,2025-02-19,Real Madrid,Manchester City,H,H,0.2162185599182941,0.1857478900822434,0.5980335499994625,5
2024-25,Knockout phase play-offs,2025-02-19,Paris SG,Brest,H,H,0.0968748555508482,0.13853222612038477,0.7645929183287671,5
2024-25,Knockout phase play-offs,2025-02-19,Dortmund,Sporting CP,D,H,0.27913816013125825,0.1827000810928736,0.5381617587758681,5
2024-25,Knockout phase play-offs,2025-02-19,PSV,Juventus,H,A,0.449436798170271,0.17411386754309544,0.37644933428663363,5
2024-25,Round of 16,2025-03-04,Real Madrid,Atlético Madrid,H,H,0.18536097356978648,0.21334885614470842,0.6012901702855051,5
2024-25,Round of 16,2025-03-04,PSV,Arsenal,A,A,0.5465143140389486,0.18573819418773438,0.267747491773317,5
2024-25,Round of 16,2025-03-04,Club Brugge,Aston Villa,A,A,0.4758474344193941,0.1945107646515253,0.3296418009290806,5
2024-25,Round of 16,2025-03-04,Dortmund,Lille,D,H,0.17309264549013334,0.16956782984585186,0.6573395246640148,5
2024-25,Round of 16,2025-03-05,Bayern Munich,Leverkusen,H,H,0.11619724891138036,0.1724856989144964,0.7113170521741232,5
2024-25,Round of 16,2025-03-05,Benfica,Barcelona,A,A,0.5665593840760174,0.16224799423616817,0.2711926216878144,5
2024-25,Round of 16,2025-03-05,Feyenoord,Inter,A,A,0.4223918064128733,0.19387283696334437,0.3837353566237824,5
2024-25,Round of 16,2025-03-05,Paris SG,Liverpool,A,H,0.2054806985253785,0.18521497299195094,0.6093043284826706,5
2024-25,Round of 16,2025-03-11,Inter,Feyenoord,H,H,0.12266187246657713,0.15515714465691993,0.722180982876503,5
2024-25,Round of 16,2025-03-11,Liverpool,Paris SG,A,H,0.26113982271936576,0.20662601785516638,0.5322341594254678,5
2024-25,Round of 16,2025-03-11,Leverkusen,Bayern Munich,A,A,0.5728616177399176,0.16015846178511364,0.26697992047496877,5
2024-25,Round of 16,2025-03-11,Barcelona,Benfica,H,H,0.11378717254685822,0.15735585829317966,0.7288569691599621,5
2024-25,Round of 16,2025-03-12,Arsenal,PSV,D,H,0.12032334905661497,0.1613196691950934,0.7183569817482915,5
2024-25,Round of 16,2025-03-12,Aston Villa,Club Brugge,H,H,0.10411618687199374,0.14995768634750375,0.7459261267805024,5
2024-25,Round of 16,2025-03-12,Atlético Madrid,Real Madrid,H,A,0.4250946613794882,0.18294911151072782,0.391956227109784,5
2024-25,Round of 16,2025-03-12,Lille,Dortmund,A,A,0.44274711819435925,0.18321718185569308,0.3740356999499477,5
2024-25,Quarter-finals,2025-04-08,Bayern Munich,Inter,A,H,0.1285943656164448,0.20607292235725788,0.6653327120262973,5
2024-25,Quarter-finals,2025-04-08,Arsenal,Real Madrid,H,A,0.4386041288743568,0.18568172517158976,0.37571414595405345,5
2024-25,Quarter-finals,2025-04-09,Paris SG,Aston Villa,H,H,0.26321257864327297,0.2002994474598632,0.5364879738968638,5
2024-25,Quarter-finals,2025-04-09,Barcelona,Dortmund,H,H,0.1610667795189415,0.16820453792632525,0.6707286825547333,5
2024-25,Quarter-finals,2025-04-15,Aston Villa,Paris SG,H,H,0.2784780899741405,0.18971218811244037,0.5318097219134192,5
2024-25,Quarter-finals,2025-04-15,Dortmund,Barcelona,H,A,0.4353783705831016,0.1670693748048393,0.397552254612059,5
2024-25,Quarter-finals,2025-04-16,Real Madrid,Arsenal,A,H,0.21080225023383053,0.21234004017180028,0.5768577095943692,5
2024-25,Quarter-finals,2025-04-16,Inter,Bayern Munich,D,A,0.4462800816567923,0.17644957089147412,0.37727034745173366,5
2024-25,Semi-finals,2025-04-29,Arsenal,Paris SG,A,H,0.26642257190596064,0.1908712374091841,0.5427061906848554,5
2024-25,Semi-finals,2025-04-30,Barcelona,Inter,D,H,0.15729096156836064,0.1991942798707007,0.6435147585609388,5
2024-25,Semi-finals,2025-05-06,Inter,Barcelona,H,H,0.3387944729603297,0.17387286550332376,0.48733266153634663,5
2024-25,Semi-finals,2025-05-07,Paris SG,Arsenal,H,H,0.21224545842382916,0.18478348089528826,0.6029710606808826,5
2024-25,Final,2025-05-31,Paris SG,Inter,H,H,0.25443905791783816,0.20227693554670473,0.543284006535457,5
2025-26,League phase,2025-09-16,Athletic Club,Arsenal,A,A,0.5610656707362355,0.22876531269277584,0.2101690165709887,5
2025-26,League phase,2025-09-16,Benfica,Qarabağ,A,H,0.16967532247836,0.22803328199684944,0.6022913955247905,5
2025-26,League phase,2025-09-16,Juventus,Dortmund,D,H,0.36986954235344927,0.20589445046182503,0.42423600718472565,5
2025-26,League phase,2025-09-16,PSV,Union SG,A,H,0.12975522567599512,0.23047948516629135,0.6397652891577136,5
2025-26,League phase,2025-09-16,Real Madrid,Marseille,H,H,0.1004678978152055,0.14716520891948465,0.7523668932653099,5
2025-26,League phase,2025-09-16,Tottenham,Villarreal,H,H,0.3003761973808798,0.1841576924178756,0.5154661102012447,5
2025-26,League phase,2025-09-17,Liverpool,Atlético Madrid,H,H,0.2261934157989884,0.18909370294477054,0.5847128812562411,5
2025-26,League phase,2025-09-17,Bayern Munich,Chelsea,H,H,0.13184737709771277,0.1584425689384151,0.7097100539638722,5
2025-26,League phase,2025-09-17,Ajax,Inter,A,H,0.3621186954676629,0.25220948805686866,0.3856718164754685,5
2025-26,League phase,2025-09-17,Paris SG,Atalanta,H,H,0.1508114090860469,0.1783855910113067,0.6708029999026464,5
2025-26,League phase,2025-09-17,Slavia Prague,Bodø/Glimt,D,H,0.16892777441535936,0.2060943412161495,0.6249778843684911,5
2025-26,League phase,2025-09-17,Olympiacos,Pafos FC,D,H,0.13203437470334145,0.19520829220046118,0.6727573330961973,5
2025-26,League phase,2025-09-18,Club Brugge,Monaco,H,A,0.3957028779373313,0.2872147534554041,0.3170823686072645,5
2025-26,League phase,2025-09-18,FC Copenhagen,Leverkusen,D,A,0.44942936675192163,0.28309343060969855,0.2674772026383798,5
2025-26,League phase,2025-09-18,Frankfurt,Galatasaray,H,A,0.4554449228907429,0.2531968810121319,0.2913581960971252,5
2025-26,League phase,2025-09-18,Manchester City,Napoli,H,H,0.22934516522465087,0.1792561119775554,0.5913987227977937,5
2025-26,League phase,2025-09-18,Newcastle,Barcelona,A,A,0.6563783510452876,0.19381947214858153,0.14980217680613075,5
2025-26,League phase,2025-09-18,Sporting CP,FC Kairat,H,H,0.13040171997594951,0.2155908350205318,0.6540074450035187,5
2025-26,League phase,2025-09-30,Chelsea,Benfica,H,H,0.14674127942157078,0.18039780979046807,0.6728609107879611,5
2025-26,League phase,2025-09-30,Atalanta,Club Brugge,H,D,0.29245377327436567,0.3570589636190132,0.3504872631066211,5
2025-26,League phase,2025-09-30,Atlético Madrid,Frankfurt,H,H,0.1598327610586069,0.31111085001683725,0.5290563889245559,5
2025-26,League phase,2025-09-30,Bodø/Glimt,Tottenham,D,A,0.4590035129070208,0.3041242423900577,0.2368722447029216,5
2025-26,League phase,2025-09-30,FC Kairat,Real Madrid,A,A,0.701273856764033,0.17123028483101765,0.1274958584049494,5
2025-26,League phase,2025-09-30,Marseille,Ajax,H,A,0.42054623229673066,0.1965436884981693,0.38291007920510006,5
2025-26,League phase,2025-09-30,Pafos FC,Bayern Munich,A,A,0.6577729584963492,0.17097809654334736,0.1712489449603035,5
2025-26,League phase,2025-09-30,Inter,Slavia Prague,H,H,0.11399330827278997,0.18560347388925036,0.7004032178379597,5
2025-26,League phase,2025-09-30,Galatasaray,Liverpool,H,A,0.7395347196240974,0.1344259090506843,0.12603937132521814,5
2025-26,League phase,2025-10-01,Villarreal,Juventus,D,A,0.6598909394909419,0.1532743452545266,0.18683471525453157,5
2025-26,League phase,2025-10-01,Union SG,Newcastle,A,H,0.07952164526253189,0.11899169795697019,0.8014866567804979,5
2025-26,League phase,2025-10-01,Qarabağ,FC Copenhagen,H,A,0.45464301219493286,0.19175709233179214,0.35359989547327497,5
2025-26,League phase,2025-10-01,Napoli,Sporting CP,H,H,0.19945524968730585,0.32338544569818056,0.4771593046145135,5
2025-26,League phase,2025-10-01,Monaco,Manchester City,D,A,0.6963147379547769,0.16202418049668738,0.14166108154853566,5
2025-26,League phase,2025-10-01,Leverkusen,PSV,D,H,0.2184297513368119,0.17501038547837686,0.6065598631848113,5
2025-26,League phase,2025-10-01,Dortmund,Athletic Club,H,H,0.12043405289253054,0.16378834840870343,0.7157775986987661,5
2025-26,League phase,2025-10-01,Barcelona,Paris SG,A,H,0.18637003088468188,0.21930152105947848,0.5943284480558397,5
2025-26,League phase,2025-10-01,Arsenal,Olympiacos,H,H,0.11761287778206306,0.1413659286809567,0.7410211935369803,5
2025-26,League phase,2025-10-21,Leverkusen,Paris SG,A,A,0.621203768512142,0.19580021726220426,0.1829960142256538,5
2025-26,League phase,2025-10-21,Arsenal,Atlético Madrid,H,H,0.2607113968449566,0.1784674766459135,0.56082112650913,5
2025-26,League phase,2025-10-21,Barcelona,Olympiacos,H,H,0.08577079208991267,0.1280742830552177,0.7861549248548696,5
2025-26,League phase,2025-10-21,FC Kairat,Pafos FC,D,H,0.22209619362367417,0.25487442580037906,0.5230293805759468,5
2025-26,League phase,2025-10-21,Villarreal,Manchester City,A,A,0.6615728916578979,0.15610828588220338,0.18231882245989878,5
2025-26,League phase,2025-10-21,Newcastle,Benfica,H,H,0.2560407260270447,0.16648605092712934,0.5774732230458259,5
2025-26,League phase,2025-10-21,PSV,Napoli,H,A,0.5624432765969123,0.18858143037443517,0.2489752930286526,5
2025-26,League phase,2025-10-21,Union SG,Inter,A,A,0.4784127194983474,0.2619696344208684,0.25961764608078414,5
2025-26,League phase,2025-10-21,FC Copenhagen,Dortmund,A,A,0.6647645022747446,0.1569181486175697,0.1783173491076857,5
2025-26,League phase,2025-10-22,Real Madrid,Juventus,H,H,0.11348988293217477,0.12826458812969835,0.7582455289381269,5
2025-26,League phase,2025-10-22,Monaco,Tottenham,D,A,0.5673573263952362,0.18348773715206076,0.249154936452703,5
2025-26,League phase,2025-10-22,Galatasaray,Bodø/Glimt,H,H,0.3326555126201552,0.24102390258602083,0.4263205847938239,5
2025-26,League phase,2025-10-22,Frankfurt,Liverpool,A,A,0.6591023769737935,0.14023432810687025,0.20066329491933615,5
2025-26,League phase,2025-10-22,Athletic Club,Qarabağ,H,D,0.2982650378261921,0.3613710410778032,0.34036392109600466,5
2025-26,League phase,2025-10-22,Bayern Munich,Club Brugge,H,H,0.08152248361263173,0.12336876625309057,0.7951087501342778,5
2025-26,League phase,2025-10-22,Atalanta,Slavia Prague,D,H,0.15640530432015348,0.1648267063133644,0.6787679893664821,5
2025-26,League phase,2025-10-22,Sporting CP,Marseille,H,H,0.29888277192165924,0.20556427437855151,0.4955529536997893,5
2025-26,League phase,2025-10-22,Chelsea,Ajax,H,H,0.1206243886076643,0.1335018445859851,0.7458737668063506,5
2025-26,League phase,2025-11-04,Slavia Prague,Arsenal,A,A,0.6341018885277384,0.22120157975903804,0.14469653171322353,5
2025-26,League phase,2025-11-04,Bodø/Glimt,Monaco,A,H,0.4048999903223872,0.17284928517116244,0.42225072450645035,5
2025-26,League phase,2025-11-04,Paris SG,Bayern Munich,A,H,0.2851987909511037,0.21884621609390154,0.49595499295499484,5
2025-26,League phase,2025-11-04,Tottenham,FC Copenhagen,H,H,0.17963217013272278,0.17755630990975166,0.6428115199575255,5
2025-26,League phase,2025-11-04,Olympiacos,PSV,D,A,0.36837507733694275,0.28769902422153515,0.3439258984415221,5
2025-26,League phase,2025-11-04,Atlético Madrid,Union SG,H,H,0.09186298683152047,0.13330568287393693,0.7748313302945427,5
2025-26,League phase,2025-11-04,Liverpool,Real Madrid,H,H,0.21738250190648079,0.22783156335726687,0.5547859347362524,5
2025-26,League phase,2025-11-04,Juventus,Sporting CP,D,H,0.14148812276370554,0.21833274030489788,0.6401791369313966,5
2025-26,League phase,2025-11-04,Napoli,Frankfurt,D,H,0.13067820858340992,0.16184287765835498,0.7074789137582351,5
2025-26,League phase,2025-11-05,Marseille,Atalanta,A,A,0.405993163926157,0.19144875081681462,0.4025580852570284,5
2025-26,League phase,2025-11-05,Newcastle,Athletic Club,H,H,0.13444336725234385,0.14089367115231052,0.7246629615953457,5
2025-26,League phase,2025-11-05,Manchester City,Dortmund,H,H,0.14173407750457345,0.1822797026761752,0.6759862198192513,5
2025-26,League phase,2025-11-05,Pafos FC,Villarreal,H,A,0.4026534521073467,0.23622762592640023,0.361118921966253,5
2025-26,League phase,2025-11-05,Club Brugge,Barcelona,D,A,0.7264660103949425,0.12954319450886947,0.14399079509618803,5
2025-26,League phase,2025-11-05,Benfica,Leverkusen,A,H,0.3252718250256578,0.18136798303824217,0.4933601919361001,5
2025-26,League phase,2025-11-05,Ajax,Galatasaray,A,H,0.26069462381034775,0.2692023064741487,0.4701030697155036,5
2025-26,League phase,2025-11-05,Inter,FC Kairat,H,H,0.07031408360114484,0.13065787521244548,0.7990280411864097,5
2025-26,League phase,2025-11-05,Qarabağ,Chelsea,D,A,0.6489407799825926,0.16213071743813157,0.1889285025792758,5
2025-26,League phase,2025-11-25,Bodø/Glimt,Juventus,A,A,0.6101472243085426,0.1747015882813879,0.21515118741006956,5
2025-26,League phase,2025-11-25,Dortmund,Villarreal,H,H,0.1491875533526487,0.1715104303411065,0.6793020163062448,5
2025-26,League phase,2025-11-25,Ajax,Benfica,A,H,0.28285869531936647,0.18178308945176055,0.535358215228873,5
2025-26,League phase,2025-11-25,Galatasaray,Union SG,A,H,0.16249103354646205,0.14958887211842656,0.6879200943351115,5
2025-26,League phase,2025-11-25,Chelsea,Barcelona,H,H,0.32086315255207526,0.17872643153728793,0.5004104159106368,5
2025-26,League phase,2025-11-25,Marseille,Newcastle,H,A,0.49006578295089187,0.21047443380713418,0.29945978324197403,5
2025-26,League phase,2025-11-25,Manchester City,Leverkusen,A,H,0.10050114223340696,0.12765163206974361,0.7718472256968494,5
2025-26,League phase,2025-11-25,Napoli,Qarabağ,H,H,0.1853118546401721,0.2455477398566807,0.5691404055031472,5
2025-26,League phase,2025-11-25,Slavia Prague,Athletic Club,D,H,0.3894881853163432,0.20768981759169708,0.4028219970919597,5
2025-26,League phase,2025-11-26,Atlético Madrid,Inter,H,H,0.26991019556783236,0.1918104237667213,0.5382793806654463,5
2025-26,League phase,2025-11-26,FC Copenhagen,FC Kairat,H,H,0.15572014128611134,0.18057688816966846,0.6637029705442203,5
2025-26,League phase,2025-11-26,Frankfurt,Atalanta,A,A,0.525655985511092,0.19691571535843103,0.277428299130477,5
2025-26,League phase,2025-11-26,Liverpool,PSV,A,H,0.1296779089691345,0.13551207413962565,0.7348100168912398,5
2025-26,League phase,2025-11-26,Arsenal,Bayern Munich,H,A,0.4685471628874597,0.18073134855965417,0.3507214885528861,5
2025-26,League phase,2025-11-26,Pafos FC,Monaco,D,A,0.49976254428667555,0.18748999381494638,0.3127474618983782,5
2025-26,League phase,2025-11-26,Paris SG,Tottenham,H,H,0.1526062734776744,0.14767828258880486,0.6997154439335208,5
2025-26,League phase,2025-11-26,Sporting CP,Club Brugge,H,H,0.23247384196426063,0.1828677378799779,0.5846584201557614,5
2025-26,League phase,2025-11-26,Olympiacos,Real Madrid,A,A,0.6825503431058823,0.1739116980528547,0.14353795884126305,5
2025-26,League phase,2025-12-09,Inter,Liverpool,A,H,0.34844200623856975,0.18061084309585507,0.47094715066557513,5
2025-26,League phase,2025-12-09,Barcelona,Frankfurt,H,H,0.07866986815892058,0.13776347101484213,0.7835666608262373,5
2025-26,League phase,2025-12-09,Bayern Munich,Sporting CP,H,H,0.11332762952624996,0.17990283781399902,0.706769532659751,5
2025-26,League phase,2025-12-09,FC Kairat,Olympiacos,A,A,0.5595538265206301,0.20768905772491458,0.2327571157544553,5
2025-26,League phase,2025-12-09,Atalanta,Chelsea,H,H,0.356501955147881,0.20108301735921408,0.4424150274929049,5
2025-26,League phase,2025-12-09,PSV,Atlético Madrid,A,H,0.26841256928421037,0.23140014276309945,0.5001872879526901,5
2025-26,League phase,2025-12-09,Tottenham,Slavia Prague,H,H,0.10108213007998523,0.15407140621701032,0.7448464637030043,5
2025-26,League phase,2025-12-09,Union SG,Marseille,A,A,0.40937488801498134,0.21708447742116813,0.3735406345638504,5
2025-26,League phase,2025-12-09,Monaco,Galatasaray,H,H,0.23256090730544135,0.24949587681099034,0.5179432158835684,5
2025-26,League phase,2025-12-10,Club Brugge,Arsenal,A,A,0.6472282433446565,0.18528378819154245,0.1674879684638011,5
2025-26,League phase,2025-12-10,Dortmund,Bodø/Glimt,D,H,0.11740736966878489,0.16478970400114942,0.7178029263300656,5
2025-26,League phase,2025-12-10,Athletic Club,Paris SG,D,A,0.6827739438170064,0.15932922354986556,0.15789683263312795,5
2025-26,League phase,2025-12-10,Villarreal,FC Copenhagen,A,H,0.3452428924865456,0.22649289349653723,0.42826421401691717,5
2025-26,League phase,2025-12-10,Benfica,Napoli,H,A,0.5141277472873718,0.16846560211004763,0.31740665060258066,5
2025-26,League phase,2025-12-10,Leverkusen,Newcastle,D,H,0.30150196768455895,0.2190892212741692,0.4794088110412719,5
2025-26,League phase,2025-12-10,Qarabağ,Ajax,A,H,0.38269952619914793,0.17838142303458945,0.43891905076626264,5
2025-26,League phase,2025-12-10,Real Madrid,Manchester City,A,H,0.1657874405844953,0.16743496645325034,0.6667775929622544,5
2025-26,League phase,2025-12-10,Juventus,Pafos FC,H,H,0.14706590592413646,0.1772083617797781,0.6757257322960855,5
2025-26,League phase,2026-01-20,Inter,Arsenal,A,A,0.4558809786418068,0.17240213681311733,0.3717168845450759,5
2025-26,League phase,2026-01-20,Bodø/Glimt,Manchester City,H,A,0.6032244932562401,0.2066567281357948,0.1901187786079651,5
2025-26,League phase,2026-01-20,FC Copenhagen,Napoli,D,A,0.5059693672990462,0.1718616895318629,0.32216894316909095,5
2025-26,League phase,2026-01-20,FC Kairat,Club Brugge,A,A,0.43939466454934456,0.2255809307673813,0.33502440468327405,5
2025-26,League phase,2026-01-20,Olympiacos,Leverkusen,H,H,0.36271147304921697,0.21360103368282513,0.4236874932679579,5
2025-26,League phase,2026-01-20,Sporting CP,Paris SG,H,A,0.6061666852021939,0.15005807980728245,0.24377523499052375,5
2025-26,League phase,2026-01-20,Tottenham,Dortmund,H,H,0.29283327831446043,0.1649024283023772,0.5422642933831623,5
2025-26,League phase,2026-01-20,Villarreal,Ajax,A,A,0.47090628596131895,0.1868106964475151,0.3422830175911661,5
2025-26,League phase,2026-01-20,Real Madrid,Monaco,H,H,0.12843383269334382,0.13162408246731575,0.7399420848393404,5
2025-26,League phase,2026-01-21,Bayern Munich,Union SG,H,H,0.07348305491520998,0.11670139179742851,0.8098155532873615,5
2025-26,League phase,2026-01-21,Galatasaray,Atlético Madrid,D,A,0.5926744799239455,0.1633730000416053,0.24395252003444928,5
2025-26,League phase,2026-01-21,Atalanta,Athletic Club,A,H,0.18939178065070156,0.1621435167199994,0.6484647026292991,5
2025-26,League phase,2026-01-21,Chelsea,Pafos FC,H,H,0.12055484525415074,0.15072968759928937,0.7287154671465599,5
2025-26,League phase,2026-01-21,Newcastle,PSV,H,H,0.25415442239309805,0.16133720967317974,0.5845083679337223,5
2025-26,League phase,2026-01-21,Juventus,Benfica,H,H,0.15464989516420785,0.15735653058816265,0.6879935742476295,5
2025-26,League phase,2026-01-21,Qarabağ,Frankfurt,H,H,0.26293015149955085,0.19418417970934945,0.5428856687910997,5
2025-26,League phase,2026-01-21,Slavia Prague,Barcelona,A,A,0.6927198255651731,0.15457498908384992,0.1527051853509771,5
2025-26,League phase,2026-01-21,Marseille,Liverpool,A,A,0.5920715103573736,0.16107864728708643,0.24684984235554,5
2025-26,League phase,2026-01-28,Club Brugge,Marseille,H,H,0.2757275513760104,0.19882007293468826,0.5254523756893013,5
2025-26,League phase,2026-01-28,Ajax,Olympiacos,A,H,0.3236631191288025,0.21992577086910575,0.4564111100020918,5
2025-26,League phase,2026-01-28,Arsenal,FC Kairat,H,H,0.0798299033836125,0.15412555630724836,0.766044540309139,5
2025-26,League phase,2026-01-28,Athletic Club,Sporting CP,A,H,0.35164181763604613,0.2469105201883626,0.40144766217559136,5
2025-26,League phase,2026-01-28,Atlético Madrid,Bodø/Glimt,A,H,0.1394578124923983,0.19464521791559225,0.6658969695920095,5
2025-26,League phase,2026-01-28,Barcelona,FC Copenhagen,H,H,0.10240671900336089,0.16316131489195193,0.7344319661046872,5
2025-26,League phase,2026-01-28,Frankfurt,Tottenham,A,A,0.6608564564854283,0.1735211101584518,0.16562243335611984,5
2025-26,League phase,2026-01-28,Benfica,Real Madrid,H,A,0.6417976488921717,0.1543397794128407,0.20386257169498764,5
2025-26,League phase,2026-01-28,Dortmund,Inter,A,H,0.17209152054761584,0.1821889401193773,0.6457195393330069,5
2025-26,League phase,2026-01-28,Monaco,Juventus,D,A,0.45601061662538483,0.1766145467772934,0.36737483659732173,5
2025-26,League phase,2026-01-28,Leverkusen,Villarreal,H,H,0.17484704866522194,0.16640439503794188,0.6587485562968362,5
2025-26,League phase,2026-01-28,Napoli,Chelsea,A,H,0.35680824768084385,0.2052238249611998,0.43796792735795625,5
2025-26,League phase,2026-01-28,Union SG,Atalanta,H,A,0.5980849692648627,0.20313498640178948,0.19878004433334778,5
2025-26,League phase,2026-01-28,Paris SG,Newcastle,D,H,0.12237704626032889,0.1918483996182006,0.6857745541214705,5
2025-26,League phase,2026-01-28,Manchester City,Galatasaray,H,H,0.11126303322717632,0.1545019392551987,0.7342350275176249,5
2025-26,League phase,2026-01-28,PSV,Bayern Munich,A,A,0.5917193390825141,0.17977119132897248,0.22850946958851337,5
2025-26,League phase,2026-01-28,Liverpool,Qarabağ,H,H,0.10585475401150299,0.15203649642048145,0.7421087495680156,5
2025-26,League phase,2026-01-28,Pafos FC,Slavia Prague,H,H,0.23630483570836233,0.18148882282467235,0.5822063414669653,5
2025-26,Knockout phase play-offs,2026-02-17,Monaco,Paris SG,A,A,0.6003880439512962,0.16619284241469842,0.23341911363400536,5
2025-26,Knockout phase play-offs,2026-02-17,Galatasaray,Juventus,H,A,0.6583466860887364,0.1524155457240153,0.1892377681872483,5
2025-26,Knockout phase play-offs,2026-02-17,Benfica,Real Madrid,A,A,0.652912993198456,0.1478060609138568,0.1992809458876872,5
2025-26,Knockout phase play-offs,2026-02-17,Dortmund,Atalanta,H,H,0.23548486996989307,0.17316247237644622,0.5913526576536606,5
2025-26,Knockout phase play-offs,2026-02-18,Olympiacos,Leverkusen,A,H,0.372493978831757,0.18315793831586694,0.4443480828523762,5
2025-26,Knockout phase play-offs,2026-02-18,Qarabağ,Newcastle,A,A,0.6184557011610263,0.18074094366863724,0.20080335517033643,5
2025-26,Knockout phase play-offs,2026-02-18,Club Brugge,Atlético Madrid,D,A,0.5818036897011063,0.17339553198476615,0.24480077831412764,5
2025-26,Knockout phase play-offs,2026-02-18,Bodø/Glimt,Inter,H,A,0.39805119039459697,0.25852693070208543,0.34342187890331755,5
2025-26,Knockout phase play-offs,2026-02-24,Leverkusen,Olympiacos,D,H,0.22122869477384013,0.18283308714380822,0.5959382180823517,5
2025-26,Knockout phase play-offs,2026-02-24,Newcastle,Qarabağ,H,H,0.08015686439327746,0.12665847140950748,0.793184664197215,5
2025-26,Knockout phase play-offs,2026-02-24,Inter,Bodø/Glimt,A,H,0.3875616803814558,0.18181827072877418,0.4306200488897701,5
2025-26,Knockout phase play-offs,2026-02-24,Atlético Madrid,Club Brugge,H,H,0.12749837407341785,0.15441476254484865,0.7180868633817334,5
2025-26,Knockout phase play-offs,2026-02-25,Atalanta,Dortmund,H,H,0.363986123982618,0.18411421342567522,0.4518996625917069,5
2025-26,Knockout phase play-offs,2026-02-25,Juventus,Galatasaray,H,H,0.12708054485464812,0.1656074485879261,0.7073120065574258,5
2025-26,Knockout phase play-offs,2026-02-25,Paris SG,Monaco,D,H,0.09726527933406925,0.13155048386800405,0.7711842367979267,5
2025-26,Knockout phase play-offs,2026-02-25,Real Madrid,Benfica,H,H,0.1307345641320997,0.16288706067924047,0.7063783751886598,5
2025-26,Round of 16,2026-03-10,Galatasaray,Liverpool,H,A,0.6704740706911604,0.1459663748369259,0.1835595544719138,5
2025-26,Round of 16,2026-03-10,Newcastle,Barcelona,D,H,0.2893604557887709,0.19304546931974234,0.5175940748914868,5
2025-26,Round of 16,2026-03-10,Atlético Madrid,Tottenham,H,H,0.27274539973049566,0.18378038654393047,0.5434742137255738,5
2025-26,Round of 16,2026-03-10,Atalanta,Bayern Munich,A,A,0.5891842391127067,0.15809049615967155,0.2527252647276219,5
2025-26,Round of 16,2026-03-11,Bodø/Glimt,Sporting CP,H,H,0.2878154100513856,0.21034400426816338,0.501840585680451,5
2025-26,Round of 16,2026-03-11,Leverkusen,Arsenal,D,A,0.5477766035826698,0.20024007366309818,0.2519833227542321,5
2025-26,Round of 16,2026-03-11,Paris SG,Chelsea,H,H,0.18634559354903849,0.1943434973191749,0.6193109091317867,5
2025-26,Round of 16,2026-03-11,Real Madrid,Manchester City,H,H,0.20095388412160442,0.1841381189772999,0.6149079969010958,5
2025-26,Round of 16,2026-03-17,Chelsea,Paris SG,A,H,0.33611602346285707,0.1659769306926595,0.4979070458444835,5
2025-26,Round of 16,2026-03-17,Sporting CP,Bodø/Glimt,H,H,0.3548680115194125,0.1748884987509739,0.47024348972961355,5
2025-26,Round of 16,2026-03-17,Arsenal,Leverkusen,H,H,0.13676675714465844,0.13816161581319458,0.725071627042147,5
2025-26,Round of 16,2026-03-17,Manchester City,Real Madrid,A,H,0.3639869540165855,0.19214545757950088,0.44386758840391366,5
2025-26,Round of 16,2026-03-18,Liverpool,Galatasaray,H,H,0.12745909565131727,0.1627794735987677,0.7097614307499149,5
2025-26,Round of 16,2026-03-18,Tottenham,Atlético Madrid,H,H,0.2698497328057802,0.17175699189318633,0.5583932753010336,5
2025-26,Round of 16,2026-03-18,Bayern Munich,Atalanta,H,H,0.12115423851168731,0.1565793044427811,0.7222664570455316,5
2025-26,Round of 16,2026-03-18,Barcelona,Newcastle,H,H,0.14041966357367155,0.18083504887190088,0.6787452875544275,5
2025-26,Quarter-finals,2026-04-07,Real Madrid,Bayern Munich,A,H,0.33551337757133176,0.17034003523785965,0.4941465871908087,5
2025-26,Quarter-finals,2026-04-07,Sporting CP,Arsenal,A,A,0.5649781023320157,0.15693580416305003,0.27808609350493424,5
2025-26,Quarter-finals,2026-04-08,Barcelona,Atlético Madrid,A,H,0.1633982249788484,0.16168735570166357,0.674914419319488,5
2025-26,Quarter-finals,2026-04-08,Paris SG,Liverpool,H,H,0.24045041008949317,0.1891256428877952,0.5704239470227116,5
2025-26,Quarter-finals,2026-04-14,Atlético Madrid,Barcelona,A,H,0.3678100804290049,0.17412706631219393,0.45806285325880103,5
2025-26,Quarter-finals,2026-04-14,Liverpool,Paris SG,A,H,0.27310121909125923,0.18129194542794427,0.5456068354807965,5
2025-26,Quarter-finals,2026-04-15,Bayern Munich,Real Madrid,H,H,0.24962509238573416,0.201445582696416,0.5489293249178498,5
2025-26,Quarter-finals,2026-04-15,Arsenal,Sporting CP,D,H,0.12361382781420464,0.1515425314949271,0.7248436406908683,5
2025-26,Semi-finals,2026-04-28,Paris SG,Bayern Munich,H,H,0.31832709545459564,0.1839633304246482,0.497709574120756,5
2025-26,Semi-finals,2026-04-29,Atlético Madrid,Arsenal,D,H,0.37701177809291186,0.17270491396530105,0.45028330794178695,5
2025-26,Semi-finals,2026-05-05,Arsenal,Atlético Madrid,H,H,0.15663293115960727,0.1668599192029735,0.6765071496374193,5
2025-26,Semi-finals,2026-05-06,Bayern Munich,Paris SG,D,H,0.19910010098413097,0.19481688437244654,0.6060830146434225,5
2025-26,Final,2026-05-30,Paris SG,Arsenal,D,H,0.2051634469783062,0.18506236543022087,0.609774187591473,5
