season,date,round,home_team,away_team,result,predicted_result,home_win_probability,draw_probability,away_win_probability,predicted_result_name,correct,prediction_confidence,prediction_margin,confidence_bucket,draw_probability_bucket,error_type,home_away_probability_gap,home_away_gap_bucket,prediction_margin_bucket,match_key,home_goal_scoring_edge,home_defensive_edge,home_attack_vs_away_defense,away_attack_vs_home_defense,win_rate_edge,venue_win_rate_edge,recent_points_edge,experience_edge,days_since_match_edge
2023-24,2023-11-29,Group stage,Arsenal,Lens,H,H,59.54801306343944,20.19430602820454,20.257680908356015,Home Win,True,59.54801306343944,39.290332155083426,50-60%,20-25%,Correct,39.290332155083426,30-40%,30-40%,2023-11-29|Arsenal|Lens,0.8833333333333333,-0.4166666666666667,0.8833333333333333,-0.4166666666666667,0.2833333333333333,0.6333333333333333,4,56,0
2023-24,2023-11-29,Group stage,Bayern Munich,FC Copenhagen,D,H,67.28442518617805,17.282238755742718,15.433336058079233,Home Win,False,67.28442518617805,50.00218643043534,60-70%,15-20%,Missed Draw,51.85108912809882,50%+,50%+,2023-11-29|Bayern Munich|FC Copenhagen,1.6574712643678162,0.4413793103448274,1.124137931034483,-0.0919540229885057,0.4770114942528735,0.6694835680751174,8,115,0
2023-24,2023-11-29,Group stage,Benfica,Inter,D,A,35.86507108475397,22.699354777976094,41.43557413726994,Away Win,False,41.43557413726994,5.570503052515967,40-50%,20-25%,Missed Draw,5.570503052515967,5-10%,5-10%,2023-11-29|Benfica|Inter,-0.1110917335193582,-0.259853505406348,0.0364492500871991,-0.1123125217997906,-0.091559121032438,0.0809883321894303,-9,33,0
2023-24,2023-11-29,Group stage,Braga,Union Berlin,D,H,51.03778397340646,20.089844042168288,28.87237198442526,Home Win,False,51.03778397340646,22.1654119889812,50-60%,20-25%,Missed Draw,22.1654119889812,20-30%,20-30%,2023-11-29|Braga|Union Berlin,0.3125,-0.5625,-0.4375,-1.3125,0.3125,0.25,2,12,0
2023-24,2023-11-29,Group stage,Galatasaray,Manchester Utd,D,A,27.005586071086057,22.52112108724634,50.47329284166759,Away Win,False,50.47329284166759,23.467706770581536,50-60%,20-25%,Missed Draw,23.467706770581536,20-30%,20-30%,2023-11-29|Galatasaray|Manchester Utd,-0.5696202531645569,-0.8769950467804071,-0.1012658227848102,-0.4086406164006604,-0.263621353880022,-0.1391304347826087,1,-33,0
2023-24,2023-11-29,Group stage,Real Madrid,Napoli,H,H,65.11199988975017,17.712010725739738,17.1759893845101,Home Win,True,65.11199988975017,47.39998916401043,60-70%,15-20%,Correct,47.93601050524006,40-50%,40-50%,2023-11-29|Real Madrid|Napoli,0.5200181983621472,0.2614877161055504,1.0378753412192905,0.7793448589626935,0.1866469517743402,0.3896925858951175,4,101,0
2023-24,2023-11-29,Group stage,Real Sociedad,RB Salzburg,D,H,46.001313861722245,23.15816010925919,30.840526029018573,Home Win,False,46.001313861722245,15.160787832703672,40-50%,20-25%,Missed Draw,15.160787832703672,15-20%,15-20%,2023-11-29|Real Sociedad|RB Salzburg,-0.6666666666666665,0.7333333333333334,-1.1333333333333333,0.2666666666666666,0.0333333333333333,0.0,7,-20,0
2023-24,2023-11-29,Group stage,Sevilla,PSV,A,H,41.836328954664204,23.3834809681762,34.78019007715959,Home Win,False,41.836328954664204,7.056138877504615,40-50%,20-25%,Away vs Home,7.056138877504615,5-10%,5-10%,2023-11-29|Sevilla|PSV,0.3333333333333333,0.1458333333333332,-0.3333333333333332,-0.5208333333333334,0.1458333333333333,0.4583333333333333,-4,24,0
2023-24,2023-12-12,Group stage,Manchester Utd,Bayern Munich,A,A,32.4628827270394,24.970923245955348,42.56619402700525,Away Win,True,42.56619402700525,10.103311299965853,40-50%,20-25%,Correct,10.103311299965853,10-15%,10-15%,2023-12-12|Manchester Utd|Bayern Munich,-0.919349315068493,-0.172945205479452,0.6354452054794519,1.381849315068493,-0.2304794520547946,-0.0575190575190575,-9,-66,0
2023-24,2023-12-12,Group stage,FC Copenhagen,Galatasaray,H,H,38.14290794710278,27.855112048975666,34.00198000392155,Home Win,True,38.14290794710278,4.140927943181225,<40%,25-30%,Correct,4.140927943181225,0-5%,0-5%,2023-12-12|FC Copenhagen|Galatasaray,-0.2038435140700069,0.6451612903225807,-1.161290322580645,-0.3122855181880575,0.0130404941660947,0.1594202898550724,0,-16,0
2023-24,2023-12-12,Group stage,Inter,Real Sociedad,D,H,58.38554035999525,23.389826650163627,18.22463298984112,Home Win,False,58.38554035999525,34.99571370983162,50-60%,20-25%,Missed Draw,40.16090737015413,40-50%,30-40%,2023-12-12|Inter|Real Sociedad,0.6759530791788857,-0.1671554252199414,0.3123167155425221,-0.530791788856305,0.1627565982404692,0.0999999999999999,0,51,0
2023-24,2023-12-12,Group stage,Lens,Sevilla,H,A,30.453094472052328,22.699818403920695,46.84708712402698,Away Win,False,46.84708712402698,16.39399265197465,40-50%,20-25%,Home vs Away,16.39399265197465,15-20%,15-20%,2023-12-12|Lens|Sevilla,-0.4653061224489796,-0.5306122448979591,-0.6693877551020408,-0.7346938775510203,-0.1061224489795918,0.3333333333333333,3,-44,0
2023-24,2023-12-12,Group stage,Napoli,Braga,H,H,61.65266256096395,21.38353524340514,16.96380219563091,Home Win,True,61.65266256096395,40.269127317558805,60-70%,20-25%,Correct,44.688860365333035,40-50%,40-50%,2023-12-12|Napoli|Braga,0.7306501547987616,0.6842105263157894,-0.2105263157894736,-0.2569659442724459,0.1795665634674922,0.2321428571428571,3,40,0
2023-24,2023-12-12,Group stage,PSV,Arsenal,D,A,26.31937245755761,22.517393612986915,51.16323392945547,Away Win,False,51.16323392945547,24.843861471897863,50-60%,20-25%,Missed Draw,24.843861471897863,20-30%,20-30%,2023-12-12|PSV|Arsenal,-0.9508196721311476,-0.2065573770491804,-0.3934426229508196,0.3508196721311474,-0.3409836065573771,-0.1,-4,-36,0
2023-24,2023-12-12,Group stage,Union Berlin,Real Madrid,A,A,20.32793720274908,16.88762258138967,62.784440215861245,Away Win,True,62.784440215861245,42.45650301311217,60-70%,15-20%,Correct,42.45650301311217,40-50%,40-50%,2023-12-12|Union Berlin|Real Madrid,-1.5164556962025315,-0.3873417721518986,-0.2126582278481013,0.9164556962025316,-0.6708860759493671,-0.5897435897435898,-13,-153,0
2023-24,2023-12-12,Group stage,RB Salzburg,Benfica,A,H,44.75743854313995,24.062576298889283,31.17998515797077,Home Win,False,44.75743854313995,13.577453385169179,40-50%,20-25%,Away vs Home,13.577453385169179,10-15%,10-15%,2023-12-12|RB Salzburg|Benfica,0.135144312393888,-0.3657045840407469,-0.0859083191850593,-0.5867572156196943,-0.0893039049235993,0.0992907801418439,3,-64,0
2023-24,2023-12-13,Group stage,Dortmund,Paris SG,D,A,36.75980076728823,19.188878978155728,44.05132025455603,Away Win,False,44.05132025455603,7.291519487267799,40-50%,15-20%,Missed Draw,7.291519487267799,5-10%,5-10%,2023-12-13|Dortmund|Paris SG,-0.437641723356009,-0.1857520786092212,0.5530990173847317,0.8049886621315194,-0.0963718820861678,0.0695389266817838,3,-10,0
2023-24,2023-12-13,Group stage,Red Star,Manchester City,A,A,17.249718844661217,18.797948824617002,63.952332330721774,Away Win,True,63.952332330721774,45.15438350610477,60-70%,15-20%,Correct,46.70261348606056,40-50%,40-50%,2023-12-13|Red Star|Manchester City,-1.3436274509803925,-1.765686274509804,-0.3519607843137255,-0.7740196078431372,-0.4573529411764705,-0.2155172413793103,-14,-103,0
2023-24,2023-12-13,Group stage,Porto,Shakhtar D.,H,H,56.87506784560183,20.095437784073315,23.029494370324848,Home Win,True,56.87506784560183,33.845573475276986,50-60%,20-25%,Correct,33.845573475276986,30-40%,30-40%,2023-12-13|Porto|Shakhtar D.,0.2046229632436529,0.4918529746115954,-0.1402046229632436,0.1470253884046988,0.1391941391941392,0.2754521963824289,0,4,0
2023-24,2023-12-13,Group stage,Newcastle,Milan,A,A,36.60195974577288,20.399699189235925,42.998341064991195,Away Win,True,42.998341064991195,6.396381319218314,40-50%,20-25%,Correct,6.396381319218314,5-10%,5-10%,2023-12-13|Newcastle|Milan,-0.1403508771929824,0.2105263157894736,-0.2105263157894736,0.1403508771929824,-0.0982456140350876,0.2857142857142857,0,-52,0
2023-24,2023-12-13,Group stage,RB Leipzig,Young Boys,H,H,55.836928604147715,21.81068120814297,22.352390187709307,Home Win,True,55.836928604147715,33.48453841643841,50-60%,20-25%,Correct,33.48453841643841,30-40%,30-40%,2023-12-13|RB Leipzig|Young Boys,0.7906976744186047,0.2216142270861831,-0.2681258549931598,-0.8372093023255813,0.3119015047879616,0.5,5,26,0
2023-24,2023-12-13,Group stage,Celtic,Feyenoord,H,A,31.22086687050416,25.859471415026814,42.91966171446903,Away Win,False,42.91966171446903,11.698794843964869,40-50%,25-30%,Home vs Away,11.698794843964869,10-15%,10-15%,2023-12-13|Celtic|Feyenoord,-0.3980343980343981,-0.4324324324324324,-1.2162162162162162,-1.2506142506142506,-0.1375921375921375,0.1666666666666666,-5,26,0
2023-24,2023-12-13,Group stage,Atlético Madrid,Lazio,H,H,55.755852369150425,21.327896690878873,22.916250939970695,Home Win,True,55.755852369150425,32.83960142917973,50-60%,20-25%,Correct,32.83960142917973,30-40%,30-40%,2023-12-13|Atlético Madrid|Lazio,-0.1584615384615386,0.4846153846153845,-0.0046153846153846,0.6384615384615385,0.0953846153846153,0.4583333333333333,1,87,0
2023-24,2023-12-13,Group stage,Antwerp,Barcelona,H,A,19.621426213503142,22.406391003047503,57.97218278344937,Away Win,False,57.97218278344937,35.56579178040187,50-60%,20-25%,Home vs Away,38.35075656994623,30-40%,30-40%,2023-12-13|Antwerp|Barcelona,-1.4808823529411763,-1.9779411764705883,-0.4220588235294117,-0.9191176470588234,-0.6176470588235294,-0.4776119402985074,-12,-131,0
2023-24,2024-02-13,Round of 16,RB Leipzig,Real Madrid,A,A,24.56317539150868,18.263043040892168,57.17378156759916,Away Win,True,57.17378156759916,32.61060617609048,50-60%,15-20%,Correct,32.61060617609048,30-40%,30-40%,2024-02-13|RB Leipzig|Real Madrid,-0.5253001715265868,-0.7993138936535162,0.7765866209262435,0.5025728987993141,-0.1729559748427672,-0.0731975784259768,-6,-115,-1
2023-24,2024-02-13,Round of 16,FC Copenhagen,Manchester City,A,A,20.504319746022286,18.67219896543101,60.8234812885467,Away Win,True,60.8234812885467,40.31916154252441,60-70%,15-20%,Correct,40.31916154252441,40-50%,40-50%,2024-02-13|FC Copenhagen|Manchester City,-1.271952479338843,-0.1885330578512396,-0.2802169421487603,0.803202479338843,-0.3285123966942148,-0.0995762711864406,-8,-89,1
2023-24,2024-02-14,Round of 16,Lazio,Bayern Munich,H,A,21.421299888334065,18.247395883909462,60.331304227756476,Away Win,False,60.331304227756476,38.910004339422414,60-70%,15-20%,Home vs Away,38.910004339422414,30-40%,30-40%,2024-02-14|Lazio|Bayern Munich,-1.0680272108843536,-0.4829931972789115,0.4829931972789115,1.0680272108843536,-0.3503401360544217,-0.0552380952380953,-4,-133,-1
2023-24,2024-02-14,Round of 16,Paris SG,Real Sociedad,H,H,61.98674445254453,19.114784649698233,18.898470897757225,Home Win,True,61.98674445254453,42.87195980284629,60-70%,15-20%,Correct,43.08827355478731,40-50%,40-50%,2024-02-14|Paris SG|Real Sociedad,1.434250764525994,-0.1192660550458715,1.1009174311926606,-0.4525993883792049,0.3004587155963303,0.2962962962962963,-6,97,-1
2023-24,2024-02-20,Round of 16,Inter,Atlético Madrid,H,H,48.54321079417721,20.595670171598144,30.861119034224636,Home Win,True,48.54321079417721,17.682091759952577,40-50%,20-25%,Correct,17.682091759952577,15-20%,15-20%,2024-02-20|Inter|Atlético Madrid,-0.0051862329090051,-0.347006129184347,0.4898632720414898,0.1480433757661479,-0.0565770862800565,0.1377171215880893,-2,-38,1
2023-24,2024-02-20,Round of 16,PSV,Dortmund,D,A,25.400037013426314,20.05764767898214,54.54231530759155,Away Win,False,54.54231530759155,29.142278294165237,50-60%,20-25%,Missed Draw,29.142278294165237,20-30%,20-30%,2024-02-20|PSV|Dortmund,-0.6666666666666667,-0.2738927738927739,-0.303030303030303,0.0897435897435898,-0.2622377622377622,-0.0596546310832025,-2,-73,1
2023-24,2024-02-21,Round of 16,Porto,Arsenal,H,H,47.27426052095108,20.09343685983922,32.6323026192097,Home Win,True,47.27426052095108,14.641957901741378,40-50%,20-25%,Correct,14.641957901741378,10-15%,10-15%,2024-02-21|Porto|Arsenal,-0.3485273492286116,0.1697054698457223,0.1998597475455819,0.7180925666199158,-0.0539971949509116,0.167601683029453,-1,30,-1
2023-24,2024-02-21,Round of 16,Napoli,Barcelona,D,A,33.496555017956034,19.831679664850974,46.67176531719299,Away Win,False,46.67176531719299,13.175210299236959,40-50%,15-20%,Missed Draw,13.175210299236959,10-15%,10-15%,2024-02-21|Napoli|Barcelona,-0.2871885225270576,-0.2566070979108985,0.7566070979108985,0.7871885225270576,-0.1303800654417317,0.1501014198782961,-2,-79,1
2023-24,2024-03-05,Round of 16,Real Sociedad,Paris SG,A,A,24.35859305376372,21.087249300224236,54.554157646012044,Away Win,True,54.554157646012044,30.195564592248324,50-60%,20-25%,Correct,30.195564592248324,30-40%,30-40%,2024-03-05|Real Sociedad|Paris SG,-1.484615384615385,0.0321678321678322,-0.4937062937062937,1.0230769230769232,-0.3237762237762238,-0.306060606060606,0,-97,0
2023-24,2024-03-05,Round of 16,Bayern Munich,Lazio,H,H,69.44686674018897,16.786820649428122,13.766312610382919,Home Win,True,69.44686674018897,52.660046090760844,60-70%,15-20%,Correct,55.68055412980605,50%+,50%+,2024-03-05|Bayern Munich|Lazio,1.07972972972973,0.3873873873873873,1.1463963963963966,0.4540540540540539,0.3027027027027027,0.6488095238095237,1,133,0
2023-24,2024-03-06,Round of 16,Manchester City,FC Copenhagen,H,H,63.29575964987879,17.987867514090155,18.716372836031052,Home Win,True,63.29575964987879,44.579386813847734,60-70%,15-20%,Correct,44.579386813847734,40-50%,40-50%,2024-03-06|Manchester City|FC Copenhagen,1.2744659711872823,0.2406855439642323,0.7593144560357674,-0.2744659711872826,0.3395429706905116,0.5524193548387096,8,89,0
2023-24,2024-03-06,Round of 16,Real Madrid,RB Leipzig,D,H,67.39140750462174,16.44238121291802,16.16621128246024,Home Win,False,67.39140750462174,50.94902629170372,60-70%,15-20%,Missed Draw,51.2251962221615,50%+,50%+,2024-03-06|Real Madrid|RB Leipzig,0.5569444444444445,0.7875000000000001,0.5125,0.7430555555555556,0.1861111111111111,0.2738095238095238,6,115,0
2023-24,2024-03-12,Round of 16,Barcelona,Napoli,H,H,65.66977339999536,17.332790970835717,16.997435629168905,Home Win,True,65.66977339999536,48.33698242915965,60-70%,15-20%,Correct,48.67233777082646,40-50%,40-50%,2024-03-12|Barcelona|Napoli,0.2928027511667894,0.2519037091623679,0.784328174895603,0.7434291328911815,0.1341193809874724,0.4087956021989005,-1,79,0
2023-24,2024-03-12,Round of 16,Arsenal,Porto,H,H,53.6720588069125,18.14846604757706,28.17947514551043,Home Win,True,53.6720588069125,25.492583661402072,50-60%,15-20%,Correct,25.492583661402072,20-30%,20-30%,2024-03-12|Arsenal|Porto,0.3241167434715821,-0.1766513056835637,0.7004608294930874,0.1996927803379415,0.0399385560675883,0.2755960729312763,-2,-30,0
2023-24,2024-03-13,Round of 16,Atlético Madrid,Inter,H,H,58.65183349409734,18.757584631358224,22.590581874544434,Home Win,True,58.65183349409734,36.061251619552905,50-60%,15-20%,Correct,36.061251619552905,30-40%,30-40%,2024-03-13|Atlético Madrid|Inter,-0.0024509803921568,0.3265931372549019,0.1537990196078431,0.4828431372549019,0.0428921568627451,0.2576530612244898,-1,38,0
2023-24,2024-03-13,Round of 16,Dortmund,PSV,H,H,54.19560236538826,20.064441527762522,25.73995610684921,Home Win,True,54.19560236538826,28.45564625853905,50-60%,20-25%,Correct,28.45564625853905,20-30%,20-30%,2024-03-13|Dortmund|PSV,0.6599999999999999,0.2555555555555555,0.1044444444444443,-0.3,0.2648148148148148,0.4630769230769231,2,73,0
2023-24,2024-04-09,Quarter-finals,Arsenal,Bayern Munich,D,A,28.898479714256464,20.07369679875559,51.02782348698794,Away Win,False,51.02782348698794,22.129343772731477,50-60%,20-25%,Missed Draw,22.129343772731477,20-30%,20-30%,2024-04-09|Arsenal|Bayern Munich,-0.5925964765100673,-0.4197776845637584,0.9510276845637584,1.1238464765100673,-0.1734479865771812,0.037828947368421,0,-85,-7
2023-24,2024-04-09,Quarter-finals,Real Madrid,Manchester City,D,H,55.89866420476658,20.173345996639863,23.92798979859357,Home Win,False,55.89866420476658,31.970674406173014,50-60%,20-25%,Missed Draw,31.970674406173014,30-40%,30-40%,2024-04-09|Real Madrid|Manchester City,0.1742665252739486,0.109528859263748,1.1823966065747613,1.1176589405645607,0.0854415997576125,0.2574074074074073,-2,38,0
2023-24,2024-04-10,Quarter-finals,Atlético Madrid,Dortmund,H,H,46.090809792686386,19.5254502338645,34.38373997344912,Home Win,True,46.090809792686386,11.707069819237269,40-50%,15-20%,Correct,11.707069819237269,10-15%,10-15%,2024-04-10|Atlético Madrid|Dortmund,-0.2847255599346341,0.3939248293761415,0.091512063827742,0.7701624531385176,0.029991348649428,0.28,1,2,0
2023-24,2024-04-10,Quarter-finals,Paris SG,Barcelona,A,H,49.758010409182596,21.01137028429408,29.23061930652332,Home Win,False,49.758010409182596,20.527391102659276,40-50%,20-25%,Away vs Home,20.527391102659276,20-30%,20-30%,2024-04-10|Paris SG|Barcelona,0.019962408451617,-0.0721368850865253,1.0631278760775162,0.971028582539374,-0.0529522328083479,0.1725955204216073,1,-28,7
2023-24,2024-04-16,Quarter-finals,Barcelona,Paris SG,A,H,61.076863265460325,18.49644270337015,20.42669403116953,Home Win,False,61.076863265460325,40.6501692342908,60-70%,15-20%,Away vs Home,40.6501692342908,40-50%,40-50%,2024-04-16|Barcelona|Paris SG,-0.0124999999999997,0.082142857142857,0.960714285714286,1.0553571428571429,0.0607142857142857,0.2749999999999999,2,28,0
2023-24,2024-04-16,Quarter-finals,Dortmund,Atlético Madrid,H,H,56.20064590138961,20.898228126976353,22.90112597163403,Home Win,True,56.20064590138961,33.29951992975558,50-60%,20-25%,Correct,33.29951992975558,30-40%,30-40%,2024-04-16|Dortmund|Atlético Madrid,0.2722473604826547,-0.3998868778280543,0.76263197586727,0.0904977375565609,-0.0394042232277526,0.2093969663337033,-4,-2,0
2023-24,2024-04-17,Quarter-finals,Bayern Munich,Arsenal,H,H,67.54665646467629,18.482632237370073,13.970711297953637,Home Win,True,67.54665646467629,49.06402422730622,60-70%,15-20%,Correct,53.575945166722654,50%+,40-50%,2024-04-17|Bayern Munich|Arsenal,0.5876923076923077,0.4225641025641026,1.1107692307692307,0.9456410256410256,0.1769230769230768,0.3882705479452054,0,85,0
2023-24,2024-04-17,Quarter-finals,Manchester City,Real Madrid,D,H,47.60490277042837,24.11316450179907,28.281932727772563,Home Win,False,47.60490277042837,19.322970042655804,40-50%,20-25%,Missed Draw,19.322970042655804,15-20%,15-20%,2024-04-17|Manchester City|Real Madrid,-0.1715452011150935,-0.112405416168857,1.112405416168857,1.1715452011150935,-0.086021505376344,0.0825396825396825,2,-38,0
2023-24,2024-04-30,Semi-finals,Bayern Munich,Real Madrid,D,H,57.31895339607272,21.731576638728573,20.9494699651987,Home Win,False,57.31895339607272,35.587376757344146,50-60%,20-25%,Missed Draw,36.36948343087403,30-40%,30-40%,2024-04-30|Bayern Munich|Real Madrid,0.1695851785641733,0.084142526307236,1.4456587981960751,1.360216145939138,0.039410067850323,0.2047047047047047,1,-12,0
2023-24,2024-05-01,Semi-finals,Dortmund,Paris SG,H,A,37.04213372857764,18.59497336213486,44.36289290928751,Away Win,False,44.36289290928751,7.320759180709871,40-50%,15-20%,Home vs Away,7.320759180709871,5-10%,5-10%,2024-05-01|Dortmund|Paris SG,-0.4354325973021737,-0.1770770684766733,0.5557178451757023,0.8140733740012027,-0.1012114442821547,0.0664642375168691,-2,-10,0
2023-24,2024-05-07,Semi-finals,Paris SG,Dortmund,A,H,63.90150189209478,18.536035388192843,17.562462719712386,Home Win,False,63.90150189209478,45.365466503901935,60-70%,15-20%,Away vs Home,46.33903917238239,40-50%,40-50%,2024-05-07|Paris SG|Dortmund,0.4234143049932524,0.1656545209176789,0.808029689608637,0.5502699055330635,0.0910931174089069,0.2720588235294117,-1,10,0
2023-24,2024-05-08,Semi-finals,Real Madrid,Bayern Munich,H,H,50.252059075351795,21.371157565308142,28.37678335934007,Home Win,True,50.252059075351795,21.875275716011725,50-60%,20-25%,Correct,21.875275716011725,20-30%,20-30%,2024-05-08|Real Madrid|Bayern Munich,-0.1683247753530166,-0.0831193838254172,1.351412066752247,1.436617458279846,-0.0388318356867778,0.1213177066835603,-1,12,0
2023-24,2024-06-01,Final,Dortmund,Real Madrid,A,A,31.20950173867597,19.95015422221685,48.84034403910719,Away Win,True,48.84034403910719,17.630842300431215,40-50%,15-20%,Correct,17.630842300431215,15-20%,15-20%,2024-06-01|Dortmund|Real Madrid,-0.6303030303030301,-0.2458874458874458,0.6363636363636365,1.0207792207792208,-0.1939393939393939,-0.0193281178094799,5,-60,1
2024-25,2024-09-17,League phase,Bayern Munich,Dinamo Zagreb,H,H,72.2352686977561,15.683227577727688,12.081503724516214,Home Win,True,72.2352686977561,56.552041120028406,70-80%,15-20%,Correct,60.15376497323989,50%+,50%+,2024-09-17|Bayern Munich|Dinamo Zagreb,1.874183006535948,1.5179738562091505,-0.0147058823529411,-0.3709150326797386,0.6094771241830065,0.7866666666666666,7,117,-233
2024-25,2024-09-17,League phase,Juventus,PSV,H,H,51.68201723032438,20.985487331404425,27.3324954382712,Home Win,True,51.68201723032438,24.349521792053178,50-60%,20-25%,Correct,24.349521792053178,20-30%,20-30%,2024-09-17|Juventus|PSV,0.5857142857142857,0.5614285714285714,-0.0214285714285713,-0.0457142857142857,0.3514285714285714,0.5364145658263305,-5,72,177
2024-25,2024-09-17,League phase,Milan,Liverpool,A,A,27.58532855201591,21.908542813240203,50.50612863474389,Away Win,True,50.50612863474389,22.92080008272798,50-60%,20-25%,Correct,22.92080008272798,20-30%,20-30%,2024-09-17|Milan|Liverpool,-0.9434191355026712,-0.0660514813016026,0.0143273433705681,0.8916949975716366,-0.2671199611461874,-0.1484674329501916,-2,-13,-86
2024-25,2024-09-17,League phase,Real Madrid,Stuttgart,H,H,68.20122423663516,19.192891115002,12.605884648362837,Home Win,True,68.20122423663516,49.00833312163316,60-70%,15-20%,Correct,55.59533958827232,50%+,40-50%,2024-09-17|Real Madrid|Stuttgart,2.2951807228915664,-1.0240963855421688,2.2951807228915664,-1.0240963855421688,0.6626506024096386,0.7349397590361446,9,166,108
2024-25,2024-09-17,League phase,Sporting CP,Lille,H,H,41.14291439486736,26.743446005929357,32.11363959920329,Home Win,True,41.14291439486736,9.029274795664072,40-50%,25-30%,Correct,9.029274795664072,5-10%,5-10%,2024-09-17|Sporting CP|Lille,0.6225961538461539,-0.1418269230769231,-0.1081730769230768,-0.8725961538461539,0.1201923076923076,0.1298076923076923,-5,6,0
2024-25,2024-09-17,League phase,Young Boys,Aston Villa,A,H,59.36121041152431,20.648902451103478,19.989887137372207,Home Win,False,59.36121041152431,38.71230796042083,50-60%,20-25%,Away vs Home,39.371323274152104,30-40%,30-40%,2024-09-17|Young Boys|Aston Villa,1.0,-2.055555555555556,1.0,-2.055555555555556,0.1666666666666666,0.3333333333333333,4,18,279
2024-25,2024-09-18,League phase,Club Brugge,Dortmund,A,A,22.13853781756659,26.080275614842428,51.781186567590986,Away Win,True,51.781186567590986,25.700910952748558,50-60%,25-30%,Correct,29.642648750024396,20-30%,20-30%,2024-09-18|Club Brugge|Dortmund,-0.7562065541211519,-0.6117179741807348,-0.3882820258192651,-0.243793445878848,-0.2780536246276067,-0.2074898785425101,-7,-68,256
2024-25,2024-09-18,League phase,Celtic,Slovan Bratislava,H,H,58.62624918776535,21.358608824034206,20.015141988200433,Home Win,True,58.62624918776535,37.26764036373115,50-60%,20-25%,Correct,38.61110719956492,30-40%,30-40%,2024-09-18|Celtic|Slovan Bratislava,0.8157894736842105,-2.3947368421052637,0.8157894736842105,-2.3947368421052637,0.1578947368421052,0.2105263157894736,4,38,280
2024-25,2024-09-18,League phase,Bologna,Shakhtar D.,D,A,35.42538445980016,28.197064307043274,36.37755123315657,Away Win,False,36.37755123315657,0.952166773356403,<40%,25-30%,Missed Draw,0.952166773356403,0-5%,0-5%,2024-09-18|Bologna|Shakhtar D.,-1.3636363636363635,1.7272727272727273,-1.7272727272727273,1.3636363636363635,-0.3295454545454545,-0.2954545454545454,-9,-88,-280
2024-25,2024-09-18,League phase,Paris SG,Girona,H,H,67.67468394848679,19.20589004046161,13.1194260110516,Home Win,True,67.67468394848679,48.46879390802518,60-70%,15-20%,Correct,54.55525793743519,50%+,40-50%,2024-09-18|Paris SG|Girona,2.0782608695652174,-1.1217391304347826,2.0782608695652174,-1.1217391304347826,0.5478260869565217,0.6140350877192983,6,115,134
2024-25,2024-09-18,League phase,Sparta Prague,RB Salzburg,H,H,46.075151802859956,31.542979967003287,22.381868230136757,Home Win,True,46.075151802859956,14.53217183585667,40-50%,30-35%,Correct,23.6932835727232,20-30%,10-15%,2024-09-18|Sparta Prague|RB Salzburg,-1.40625,1.90625,-1.90625,1.40625,-0.25,-0.1875,-1,-32,-281
2024-25,2024-09-18,League phase,Manchester City,Inter,D,H,62.74560369700255,17.69903596336733,19.555360339630116,Home Win,False,62.74560369700255,43.19024335737244,60-70%,15-20%,Missed Draw,43.19024335737244,40-50%,40-50%,2024-09-18|Manchester City|Inter,0.7587692307692309,0.0947692307692309,0.8972307692307693,0.2332307692307693,0.1452307692307691,0.3082386363636363,3,60,-35
2024-25,2024-09-19,League phase,Monaco,Barcelona,H,A,20.870326333331583,22.036440894886162,57.093232771782255,Away Win,False,57.093232771782255,35.05679187689609,50-60%,20-25%,Home vs Away,36.22290643845067,30-40%,30-40%,2024-09-19|Monaco|Barcelona,-0.989778890279516,-0.5538172715894869,0.0244055068836044,0.4603671255736334,-0.3158114309553608,-0.1184873949579831,-6,-107,209
2024-25,2024-09-19,League phase,Red Star,Benfica,A,A,21.175270421333064,23.218100808640056,55.60662877002688,Away Win,True,55.60662877002688,32.38852796138683,50-60%,20-25%,Correct,34.43135834869382,30-40%,30-40%,2024-09-19|Red Star|Benfica,-0.4687499999999999,-1.3888888888888888,-0.6666666666666666,-1.5868055555555556,-0.2430555555555555,-0.0277777777777777,-3,-78,-1
2024-25,2024-09-19,League phase,Feyenoord,Leverkusen,A,A,35.07807306980897,24.880865852426876,40.041061077764155,Away Win,True,40.041061077764155,4.9629880079551825,40-50%,20-25%,Correct,4.9629880079551825,0-5%,0-5%,2024-09-19|Feyenoord|Leverkusen,-0.0333333333333332,-0.48,-0.3533333333333333,-0.8,-0.07,0.3399999999999999,-2,-38,-84
2024-25,2024-09-19,League phase,Brest,Sturm Graz,H,H,57.51697060775853,24.51029161351376,17.972737778727705,Home Win,True,57.51697060775853,33.006678994244766,50-60%,20-25%,Correct,39.544232829030825,30-40%,30-40%,2024-09-19|Brest|Sturm Graz,0.0,0.0,0.0,0.0,0.0,0.0,0,0,0
2024-25,2024-09-19,League phase,Atlético Madrid,RB Leipzig,H,H,46.03891631442348,22.421203907211613,31.53987977836491,Home Win,True,46.03891631442348,14.499036536058572,40-50%,20-25%,Correct,14.499036536058572,10-15%,10-15%,2024-09-19|Atlético Madrid|RB Leipzig,-0.3486542443064182,0.85879917184265,-0.3921325051759834,0.8153209109730848,0.0074534161490683,0.1925133689839572,2,59,-41
2024-25,2024-09-19,League phase,Atalanta,Arsenal,D,A,35.61055020109747,25.000953989076457,39.388495809826075,Away Win,False,39.388495809826075,3.777945608728608,<40%,25-30%,Missed Draw,3.777945608728608,0-5%,0-5%,2024-09-19|Atalanta|Arsenal,-0.1245059288537548,-0.5059288537549409,0.3754940711462451,-0.0059288537549408,-0.1673254281949934,-0.1439393939393939,0,-43,210
2024-25,2024-10-01,League phase,RB Salzburg,Brest,A,H,52.31886508584787,21.144685066797948,26.53644984735419,Home Win,False,52.31886508584787,25.782415238493677,50-60%,20-25%,Away vs Home,25.782415238493677,20-30%,20-30%,2024-10-01|RB Salzburg|Brest,-0.6363636363636365,-0.9393939393939394,0.3636363636363635,0.0606060606060605,-0.7575757575757576,0.3125,-2,32,1
2024-25,2024-10-01,League phase,Stuttgart,Sparta Prague,D,A,22.461186429669077,19.86580756798609,57.67300600234483,Away Win,False,57.67300600234483,35.21181957267575,50-60%,15-20%,Missed Draw,35.21181957267575,30-40%,30-40%,2024-10-01|Stuttgart|Sparta Prague,-2.0,-3.0,1.0,0.0,-1.0,0.0,-3,0,1
2024-25,2024-10-01,League phase,Slovan Bratislava,Manchester City,A,A,17.833265875898565,26.01948848043833,56.14724564366311,Away Win,True,56.14724564366311,30.127757163224782,50-60%,25-30%,Correct,38.31397976776455,30-40%,30-40%,2024-10-01|Slovan Bratislava|Manchester City,-1.1111111111111112,-3.873015873015873,-0.1269841269841269,-2.888888888888889,-0.5714285714285714,-0.4754098360655737,-9,-125,0
2024-25,2024-10-01,League phase,Leverkusen,Milan,H,H,40.95685458944409,23.890049867391866,35.15309554316405,Home Win,True,40.95685458944409,5.803759046280042,40-50%,20-25%,Correct,5.803759046280042,5-10%,5-10%,2024-10-01|Leverkusen|Milan,0.1023595879029577,-0.2529079428381522,0.0176138251910933,-0.3376537055500166,0.0282485875706214,0.2386206896551723,-1,-8,-2
2024-25,2024-10-01,League phase,PSV,Sporting CP,D,A,29.220466770370777,26.892268007610447,43.887265222018776,Away Win,False,43.887265222018776,14.666798451647999,40-50%,25-30%,Missed Draw,14.666798451647999,10-15%,10-15%,2024-10-01|PSV|Sporting CP,-0.5193312434691745,0.045977011494253,-0.7011494252873564,-0.1358411703239288,-0.160919540229885,0.0982142857142857,1,-4,0
2024-25,2024-10-01,League phase,Dortmund,Celtic,H,H,55.40072599326825,22.782878470016733,21.81639553671503,Home Win,True,55.40072599326825,32.61784752325152,50-60%,20-25%,Correct,33.58433045655322,30-40%,30-40%,2024-10-01|Dortmund|Celtic,0.7404744787922357,1.0879463215911815,-0.6954229571052002,-0.3479511143062543,0.2878025401389887,0.4502923976608187,5,68,0
2024-25,2024-10-01,League phase,Barcelona,Young Boys,H,H,70.15655701381328,17.566096982537903,12.277346003648818,Home Win,True,70.15655701381328,52.590460031275384,70-80%,15-20%,Correct,57.87921101016447,50%+,50%+,2024-10-01|Barcelona|Young Boys,1.123054114158636,1.0348406226834692,-0.0348406226834692,-0.1230541141586359,0.4477390659747961,0.7464788732394366,4,123,-2
2024-25,2024-10-01,League phase,Arsenal,Paris SG,H,H,43.41591860857895,22.4102750723965,34.17380631902455,Home Win,True,43.41591860857895,9.242112289554399,40-50%,20-25%,Correct,9.242112289554399,5-10%,5-10%,2024-10-01|Arsenal|Paris SG,-0.2331446217189914,-0.231214616572311,0.7237519300051467,0.7256819351518271,-0.0442614513638702,0.1536050156739811,-1,-49,-1
2024-25,2024-10-01,League phase,Inter,Red Star,H,H,66.2714638868892,19.056266026102094,14.672270087008728,Home Win,True,66.2714638868892,47.2151978607871,60-70%,15-20%,Correct,51.59919379988047,50%+,40-50%,2024-10-01|Inter|Red Star,0.5063795853269537,1.6299840510366823,-1.4936204146730463,-0.3700159489633174,0.3189792663476874,0.5,6,47,1
2024-25,2024-10-02,League phase,Girona,Feyenoord,A,H,48.702731294430045,23.147745577381922,28.149523128188044,Home Win,False,48.702731294430045,20.553208166242,40-50%,20-25%,Away vs Home,20.553208166242,20-30%,20-30%,2024-10-02|Girona|Feyenoord,-1.0769230769230769,1.1538461538461535,-2.1538461538461537,0.0769230769230768,-0.2307692307692307,0.0,-3,-12,1
2024-25,2024-10-02,League phase,Benfica,Atlético Madrid,H,H,45.90282195238256,21.895069232930332,32.2021088146871,Home Win,True,45.90282195238256,13.700713137695459,40-50%,20-25%,Correct,13.700713137695459,10-15%,10-15%,2024-10-02|Benfica|Atlético Madrid,-0.0869480645788756,-0.5703170589379498,0.3847500486286714,-0.0986189457304027,-0.1297412954678078,0.125,-2,-9,0
2024-25,2024-10-02,League phase,Dinamo Zagreb,Monaco,D,A,27.76220232725001,25.108734952097507,47.129062720652485,Away Win,False,47.129062720652485,19.366860393402476,40-50%,25-30%,Missed Draw,19.366860393402476,15-20%,15-20%,2024-10-02|Dinamo Zagreb|Monaco,-0.4926640926640927,-1.0486486486486486,-0.9783783783783784,-1.5343629343629344,-0.2332046332046332,-0.0686274509803921,-3,2,2
2024-25,2024-10-02,League phase,Liverpool,Bologna,H,H,70.30474468295732,17.21154389661513,12.483711420427547,Home Win,True,70.30474468295732,53.093200786342194,70-80%,15-20%,Correct,57.821033262529774,50%+,50%+,2024-10-02|Liverpool|Bologna,2.111111111111111,-1.1388888888888888,2.111111111111111,-1.1388888888888888,0.5833333333333334,0.6285714285714286,8,71,1
2024-25,2024-10-02,League phase,Aston Villa,Bayern Munich,H,H,55.33277651357024,22.708671558889048,21.958551927540718,Home Win,True,55.33277651357024,32.62410495468119,50-60%,20-25%,Correct,33.37422458602952,30-40%,30-40%,2024-10-02|Aston Villa|Bayern Munich,0.5,0.961038961038961,2.038961038961039,2.5,0.3051948051948052,-0.6025641025641025,-5,-153,0
2024-25,2024-10-02,League phase,RB Leipzig,Juventus,A,H,42.408583267035944,22.345318826265114,35.246097906698935,Home Win,False,42.408583267035944,7.1624853603370084,40-50%,20-25%,Away vs Home,7.1624853603370084,5-10%,5-10%,2024-10-02|RB Leipzig|Juventus,0.1590478196755844,-0.7773330524541815,0.713503265220139,-0.222877606909627,-0.0665683589635559,0.0510204081632653,-2,-54,-2
2024-25,2024-10-02,League phase,Shakhtar D.,Atalanta,A,H,45.09884778086665,26.525572561987136,28.375579657146222,Home Win,False,45.09884778086665,16.723268123720427,40-50%,25-30%,Away vs Home,16.723268123720427,15-20%,15-20%,2024-10-02|Shakhtar D.|Atalanta,-0.3183520599250937,0.0838014981273409,-0.4433520599250937,-0.041198501872659,-0.0074906367041198,-0.0909090909090908,4,65,1
2024-25,2024-10-02,League phase,Sturm Graz,Club Brugge,A,H,40.86372171248833,23.679216302516583,35.457061984995086,Home Win,False,40.86372171248833,5.406659727493242,40-50%,20-25%,Away vs Home,5.406659727493242,5-10%,5-10%,2024-10-02|Sturm Graz|Club Brugge,0.1282051282051282,-0.0769230769230768,-0.9230769230769232,-1.1282051282051282,-0.1794871794871795,-0.2105263157894736,-1,-38,-1
2024-25,2024-10-02,League phase,Lille,Real Madrid,H,A,21.98395362009074,17.693511654722858,60.32253472518641,Away Win,False,60.32253472518641,38.33858110509567,60-70%,15-20%,Home vs Away,38.33858110509567,30-40%,30-40%,2024-10-02|Lille|Real Madrid,-1.4845863827899757,-0.5686404967842094,-0.2091372809935684,0.7068086050121978,-0.4794854734974496,-0.5134383688600557,-5,-140,0
2024-25,2024-10-22,League phase,Sturm Graz,Sporting CP,A,A,27.114154901397715,24.012304754591067,48.873540344011225,Away Win,True,48.873540344011225,21.75938544261351,40-50%,20-25%,Correct,21.75938544261351,20-30%,20-30%,2024-10-22|Sturm Graz|Sporting CP,-0.9705882352941178,0.1470588235294117,-1.1470588235294117,-0.0294117647058822,-0.3235294117647059,-0.1764705882352941,-5,-32,-1
2024-25,2024-10-22,League phase,Milan,Club Brugge,H,H,53.72237410933851,21.663989920839306,24.613635969822194,Home Win,True,53.72237410933851,29.108738139516316,50-60%,20-25%,Correct,29.108738139516316,20-30%,20-30%,2024-10-22|Milan|Club Brugge,0.2583333333333333,0.6416666666666666,-0.7416666666666667,-0.3583333333333334,0.0999999999999999,0.1166666666666666,2,20,1
2024-25,2024-10-22,League phase,Arsenal,Shakhtar D.,H,H,58.39839862196292,18.628685731986536,22.972915646050552,Home Win,True,58.39839862196292,35.42548297591237,50-60%,15-20%,Correct,35.42548297591237,30-40%,30-40%,2024-10-22|Arsenal|Shakhtar D.,0.5049019607843137,0.3986928104575165,0.1160130718954246,0.0098039215686274,0.1924836601307188,0.3581699346405229,1,-22,1
2024-25,2024-10-22,League phase,Aston Villa,Bologna,H,H,74.31982989815367,14.861624327642827,10.818545774203503,Home Win,True,74.31982989815367,59.45820557051084,70-80%,<15%,Correct,63.50128412395017,50%+,50%+,2024-10-22|Aston Villa|Bologna,2.0,1.0,1.0,0.0,1.0,1.0,5,0,0
2024-25,2024-10-22,League phase,Girona,Slovan Bratislava,H,H,67.645362379887,16.477028001323852,15.87760961878914,Home Win,True,67.645362379887,51.16833437856315,60-70%,15-20%,Correct,51.76775276109787,50%+,50%+,2024-10-22|Girona|Slovan Bratislava,0.5,2.5,-3.5,-1.5,0.0,0.0,0,0,-1
2024-25,2024-10-22,League phase,Juventus,Stuttgart,A,H,70.6647881462596,16.627225644612366,12.707986209128046,Home Win,False,70.6647881462596,54.03756250164723,70-80%,15-20%,Away vs Home,57.95680193713155,50%+,50%+,2024-10-22|Juventus|Stuttgart,0.5784313725490196,0.9803921568627452,-0.4215686274509804,-0.0196078431372548,0.5392156862745098,0.6153846153846154,5,100,-1
2024-25,2024-10-22,League phase,Monaco,Red Star,H,H,61.37115636233179,19.245148089820294,19.383695547847918,Home Win,True,61.37115636233179,41.98746081448387,60-70%,15-20%,Correct,41.98746081448387,40-50%,40-50%,2024-10-22|Monaco|Red Star,0.3388888888888888,1.2888888888888888,-1.761111111111111,-0.8111111111111111,0.2055555555555555,0.3888888888888889,4,16,-1
2024-25,2024-10-22,League phase,Paris SG,PSV,D,H,69.54773780551623,15.96246782063254,14.489794373851222,Home Win,False,69.54773780551623,53.585269984883695,60-70%,15-20%,Missed Draw,55.05794343166501,50%+,50%+,2024-10-22|Paris SG|PSV,1.0846153846153843,0.4803418803418804,0.451282051282051,-0.152991452991453,0.3803418803418804,0.5540229885057472,3,87,0
2024-25,2024-10-22,League phase,Real Madrid,Dortmund,H,H,65.85140843204702,17.287291699179182,16.8612998687738,Home Win,True,65.85140843204702,48.564116732867845,60-70%,15-20%,Correct,48.990108563273225,40-50%,40-50%,2024-10-22|Real Madrid|Dortmund,0.5727513227513226,0.2447089947089948,1.017195767195767,0.6891534391534393,0.1884920634920635,0.3607367475292004,-2,60,-1
2024-25,2024-10-23,League phase,Barcelona,Bayern Munich,H,A,38.35956877757369,20.046053445342736,41.594377777083565,Away Win,False,41.594377777083565,3.234808999509873,40-50%,20-25%,Home vs Away,3.234808999509873,0-5%,0-5%,2024-10-23|Barcelona|Bayern Munich,-0.3929618768328446,-0.1016467403564177,1.1296187683284455,1.4209339048048726,-0.0819309722535528,0.1550632911392405,2,-12,1
2024-25,2024-10-23,League phase,Benfica,Feyenoord,A,H,55.9709418815738,20.904038024222693,23.12502009420352,Home Win,False,55.9709418815738,32.84592178737028,50-60%,20-25%,Away vs Home,32.84592178737028,30-40%,30-40%,2024-10-23|Benfica|Feyenoord,0.1224489795918368,0.6632653061224489,-0.8061224489795917,-0.2653061224489796,0.0816326530612245,0.326530612244898,7,84,0
2024-25,2024-10-23,League phase,Brest,Leverkusen,D,H,70.4449741823655,17.19305083207734,12.36197498555716,Home Win,False,70.4449741823655,53.25192335028816,70-80%,15-20%,Missed Draw,58.08299919680834,50%+,50%+,2024-10-23|Brest|Leverkusen,1.75,0.9615384615384616,1.5384615384615383,0.75,0.6538461538461539,0.8076923076923077,-2,-50,0
2024-25,2024-10-23,League phase,Atlético Madrid,Lille,A,H,59.857187481449245,18.61515459820538,21.527657920345376,Home Win,False,59.857187481449245,38.32952956110387,50-60%,15-20%,Away vs Home,38.32952956110387,30-40%,30-40%,2024-10-23|Atlético Madrid|Lille,0.5617489986648865,0.5824432576769026,-0.1525367156208279,-0.1318424566088117,0.2716955941255007,0.3681318681318681,3,79,0
2024-25,2024-10-23,League phase,Atalanta,Celtic,D,H,51.60634303116629,21.235751273596087,27.157905695237634,Home Win,False,51.60634303116629,24.448437335928656,50-60%,20-25%,Missed Draw,24.448437335928656,20-30%,20-30%,2024-10-23|Atalanta|Celtic,0.7949999999999999,0.7550000000000001,-0.7550000000000001,-0.7949999999999999,0.185,0.1307692307692307,0,-15,-1
2024-25,2024-10-23,League phase,Young Boys,Inter,A,A,22.72124044238433,22.43347011446032,54.84528944315535,Away Win,True,54.84528944315535,32.12404900077102,50-60%,20-25%,Correct,32.12404900077102,30-40%,30-40%,2024-10-23|Young Boys|Inter,-0.4880597014925373,-1.0559701492537314,-0.2940298507462685,-0.8619402985074627,-0.2828358208955224,-0.0529411764705882,-5,-47,0
2024-25,2024-10-23,League phase,RB Leipzig,Liverpool,A,A,29.596693918604515,18.93313331004101,51.470172771354484,Away Win,True,51.470172771354484,21.87347885274997,50-60%,15-20%,Correct,21.87347885274997,20-30%,20-30%,2024-10-23|RB Leipzig|Liverpool,-0.3804223744292236,-0.6892123287671232,0.60587899543379,0.2970890410958904,-0.1307077625570776,-0.0605405405405405,-5,-25,0
2024-25,2024-10-23,League phase,RB Salzburg,Dinamo Zagreb,A,H,50.46695925925706,21.790396483986832,27.742644256756112,Home Win,False,50.46695925925706,22.724315002500948,50-60%,20-25%,Away vs Home,22.724315002500948,20-30%,20-30%,2024-10-23|RB Salzburg|Dinamo Zagreb,0.6656346749226005,0.6315789473684212,-1.3080495356037154,-1.3421052631578947,0.1563467492260062,0.2941176470588235,-1,-4,1
2024-25,2024-10-23,League phase,Manchester City,Sparta Prague,H,H,58.87648845083591,19.88455651059314,21.238955038570946,Home Win,True,58.87648845083591,37.63753341226496,50-60%,15-20%,Correct,37.63753341226496,30-40%,30-40%,2024-10-23|Manchester City|Sparta Prague,0.1259842519685041,-0.6181102362204725,1.6259842519685042,0.8818897637795275,0.0748031496062991,0.6615384615384615,5,125,0
2024-25,2024-11-05,League phase,Bologna,Monaco,A,A,27.631968850024315,26.818804126297625,45.549227023678064,Away Win,True,45.549227023678064,17.91725817365375,40-50%,25-30%,Correct,17.91725817365375,15-20%,15-20%,2024-11-05|Bologna|Monaco,-1.2432432432432432,0.2612612612612612,-1.5945945945945943,-0.09009009009009,-0.3243243243243243,-0.2222222222222222,-6,-34,0
2024-25,2024-11-05,League phase,Celtic,RB Leipzig,H,A,34.78318826945387,26.250030638094792,38.966781092451335,Away Win,False,38.966781092451335,4.183592822997461,<40%,25-30%,Home vs Away,4.183592822997461,0-5%,0-5%,2024-11-05|Celtic|RB Leipzig,-0.7914385266301643,-0.6187157789945246,-0.8934793429566948,-0.7207565953210551,-0.2782478845196615,-0.1847826086956521,6,-8,0
2024-25,2024-11-05,League phase,Dortmund,Sturm Graz,H,H,69.3135369669287,17.612437780581487,13.074025252489802,Home Win,True,69.3135369669287,51.70109918634721,60-70%,15-20%,Correct,56.23951171443889,50%+,50%+,2024-11-05|Dortmund|Sturm Graz,1.382262996941896,0.3639143730886851,0.0489296636085625,-0.9694189602446484,0.4678899082568807,0.5636363636363636,9,106,0
2024-25,2024-11-05,League phase,Sporting CP,Manchester City,H,A,33.054984785271515,20.692517308810682,46.25249790591781,Away Win,False,46.25249790591781,13.197513120646292,40-50%,20-25%,Home vs Away,13.197513120646292,10-15%,10-15%,2024-11-05|Sporting CP|Manchester City,-0.6627232142857142,-0.4906250000000001,0.3763392857142857,0.5484374999999999,-0.2352678571428571,-0.0132827324478178,-1,-93,1
2024-25,2024-11-05,League phase,Lille,Juventus,D,A,25.60802264571861,22.267558097230488,52.1244192570509,Away Win,False,52.1244192570509,26.516396611332294,50-60%,20-25%,Missed Draw,26.516396611332294,20-30%,20-30%,2024-11-05|Lille|Juventus,-0.6665550719785738,-0.4978239035821894,-0.1228657515902242,0.04586541680616,-0.2926012721794442,-0.3171428571428571,0,-74,-1
2024-25,2024-11-05,League phase,PSV,Girona,H,H,41.01135342091754,24.311066481465954,34.67758009761651,Home Win,True,41.01135342091754,6.333773323301024,40-50%,20-25%,Correct,6.333773323301024,5-10%,5-10%,2024-11-05|PSV|Girona,-0.3655913978494622,-0.2473118279569892,-0.3655913978494622,-0.2473118279569892,-0.1720430107526881,0.2666666666666666,0,28,0
2024-25,2024-11-05,League phase,Real Madrid,Milan,A,H,65.70320239191415,16.9238857354806,17.37291187260526,Home Win,False,65.70320239191415,48.33029051930889,60-70%,15-20%,Away vs Home,48.33029051930889,40-50%,40-50%,2024-11-05|Real Madrid|Milan,1.137840721699486,0.1999223979047435,1.0722669512076826,0.1343486274129401,0.3512464836550587,0.5078431372549019,6,108,0
2024-25,2024-11-05,League phase,Slovan Bratislava,Dinamo Zagreb,A,A,26.67863004629777,25.628013252619752,47.69335670108249,Away Win,True,47.69335670108249,21.014726654784724,40-50%,25-30%,Correct,21.014726654784724,20-30%,20-30%,2024-11-05|Slovan Bratislava|Dinamo Zagreb,-0.358974358974359,-1.1025641025641022,-2.230769230769231,-2.9743589743589745,-0.1025641025641025,-0.05,-4,-36,1
2024-25,2024-11-05,League phase,Liverpool,Leverkusen,H,H,67.30637570655438,18.02538055248996,14.668243740955667,Home Win,True,67.30637570655438,49.280995154064414,60-70%,15-20%,Correct,52.63813196559871,50%+,40-50%,2024-11-05|Liverpool|Leverkusen,0.8493115757266703,0.344722080571137,0.6417644059153496,0.1371749107598163,0.2549719530851607,0.4537037037037036,0,21,0
2024-25,2024-11-06,League phase,Inter,Arsenal,H,H,41.656890662918684,20.108724040811335,38.23438529626998,Home Win,True,41.656890662918684,3.422505366648707,40-50%,20-25%,Correct,3.422505366648707,0-5%,0-5%,2024-11-06|Inter|Arsenal,-0.4437340153452684,0.1278772378516623,0.078005115089514,0.6496163682864449,-0.0805626598465473,0.1327985739750445,2,-1,-1
2024-25,2024-11-06,League phase,Bayern Munich,Benfica,H,H,65.12077164874903,17.764334486100346,17.114893865150623,Home Win,True,65.12077164874903,47.35643716264868,60-70%,15-20%,Correct,48.00587778359841,40-50%,40-50%,2024-11-06|Bayern Munich|Benfica,1.1410256410256412,0.5141802641802643,0.9794094794094794,0.3525641025641025,0.3222610722610722,0.5241675617615467,-6,57,0
2024-25,2024-11-06,League phase,Club Brugge,Aston Villa,H,A,25.34521140162796,28.280317100248702,46.374471498123334,Away Win,False,46.374471498123334,18.094154397874632,40-50%,25-30%,Home vs Away,21.029260096495374,20-30%,15-20%,2024-11-06|Club Brugge|Aston Villa,-1.1219512195121952,-1.902439024390244,0.8780487804878049,0.0975609756097561,-0.8048780487804879,-0.85,-6,38,0
2024-25,2024-11-06,League phase,Feyenoord,RB Salzburg,A,H,51.68554974376713,21.05081761969781,27.263632636535068,Home Win,False,51.68554974376713,24.421917107232066,50-60%,20-25%,Away vs Home,24.421917107232066,20-30%,20-30%,2024-11-06|Feyenoord|RB Salzburg,0.0476190476190474,-0.0666666666666668,-0.6666666666666667,-0.7809523809523811,0.1047619047619047,0.2521008403361344,5,-20,0
2024-25,2024-11-06,League phase,Paris SG,Atlético Madrid,A,H,57.845621396081285,18.050077571717576,24.104301032201143,Home Win,False,57.845621396081285,33.74132036388014,50-60%,15-20%,Away vs Home,33.74132036388014,30-40%,30-40%,2024-11-06|Paris SG|Atlético Madrid,0.6627432517263026,-0.1464218455743878,1.0701506591337098,0.2609855618330194,0.0608913998744507,0.2828967642526965,-2,10,1
2024-25,2024-11-06,League phase,Shakhtar D.,Young Boys,H,H,51.11931549384614,24.337807500041517,24.542877006112345,Home Win,True,51.11931549384614,26.576438487733792,50-60%,20-25%,Correct,26.576438487733792,20-30%,20-30%,2024-11-06|Shakhtar D.|Young Boys,0.4615384615384615,0.4761904761904765,-0.871794871794872,-0.8571428571428571,0.1758241758241758,0.3555555555555555,1,70,1
2024-25,2024-11-06,League phase,Sparta Prague,Brest,A,A,35.2499948719521,20.026433417349665,44.72357171069824,Away Win,True,44.72357171069824,9.47357683874614,40-50%,20-25%,Correct,9.47357683874614,5-10%,5-10%,2024-11-06|Sparta Prague|Brest,-1.0000000000000002,-1.3333333333333337,0.6666666666666666,0.3333333333333335,-0.3333333333333333,0.0,-3,0,0
2024-25,2024-11-06,League phase,Stuttgart,Atalanta,A,A,34.39274718729423,29.97541944852452,35.63183336418125,Away Win,True,35.63183336418125,1.2390861768870138,<40%,25-30%,Correct,1.2390861768870138,0-5%,0-5%,2024-11-06|Stuttgart|Atalanta,-0.6538461538461537,0.3205128205128205,-0.6538461538461537,0.3205128205128205,-0.0128205128205128,-0.5,-2,-23,1
2024-25,2024-11-06,League phase,Red Star,Barcelona,A,A,16.934503732748922,18.652601509030838,64.41289475822025,Away Win,True,64.41289475822025,45.76029324918941,60-70%,15-20%,Correct,47.478391025471325,40-50%,40-50%,2024-11-06|Red Star|Barcelona,-1.294642857142857,-1.9375,-0.2529761904761904,-0.8958333333333335,-0.5158730158730159,-0.2647887323943662,-9,-123,1
2024-25,2024-11-26,League phase,Barcelona,Brest,H,H,55.134978225600506,23.54586925882346,21.319152515576043,Home Win,True,55.134978225600506,31.589108966777047,50-60%,20-25%,Correct,33.81582571002446,30-40%,30-40%,2024-11-26|Barcelona|Brest,-0.1258620689655174,-0.3189655172413792,1.3741379310344826,1.1810344827586208,-0.1362068965517241,-0.2465753424657534,-1,141,0
2024-25,2024-11-26,League phase,Bayern Munich,Paris SG,H,H,65.60723200035407,17.66475698901401,16.72801101063191,Home Win,True,65.60723200035407,47.942475011340065,60-70%,15-20%,Correct,48.879220989722164,40-50%,40-50%,2024-11-26|Bayern Munich|Paris SG,0.431354707488091,0.1515281271744366,1.338917732698175,1.0590911523845206,0.1500829631215543,0.3176315210213515,2,38,0
2024-25,2024-11-26,League phase,Leverkusen,RB Salzburg,H,H,47.98882225770035,23.66386099181266,28.347316750487,Home Win,True,47.98882225770035,19.64150550721335,40-50%,20-25%,Correct,19.64150550721335,15-20%,15-20%,2024-11-26|Leverkusen|RB Salzburg,-0.1111111111111109,0.4722222222222223,-0.75,-0.1666666666666667,0.0833333333333333,0.2777777777777778,5,18,1
2024-25,2024-11-26,League phase,Inter,RB Leipzig,H,H,52.24474035917772,22.521895475998477,25.23336416482381,Home Win,True,52.24474035917772,27.011376194353907,50-60%,20-25%,Correct,27.011376194353907,20-30%,20-30%,2024-11-26|Inter|RB Leipzig,-0.3031884057971015,0.6605797101449276,-0.4431884057971016,0.5205797101449274,0.0092753623188405,0.1127450980392156,9,19,-1
2024-25,2024-11-26,League phase,Young Boys,Atalanta,A,A,23.08170913105091,25.764957343544438,51.153333525404655,Away Win,True,51.153333525404655,25.388376181860217,50-60%,25-30%,Correct,28.071624394353744,20-30%,20-30%,2024-11-26|Young Boys|Atalanta,-0.8030303030303031,-0.5892255892255891,-0.7289562289562289,-0.5151515151515149,-0.234006734006734,-0.2657342657342657,-8,-5,0
2024-25,2024-11-26,League phase,Manchester City,Feyenoord,D,H,70.19768680904177,15.676395379116878,14.125917811841356,Home Win,False,70.19768680904177,54.521291429924894,70-80%,15-20%,Missed Draw,56.071768997200415,50%+,50%+,2024-11-26|Manchester City|Feyenoord,0.82703488372093,0.993217054263566,0.01453488372093,0.1807170542635658,0.2611434108527132,0.4166666666666666,2,113,1
2024-25,2024-11-26,League phase,Sparta Prague,Atlético Madrid,A,A,32.2191693831842,22.15406675325205,45.62676386356376,Away Win,True,45.62676386356376,13.407594480379558,40-50%,20-25%,Correct,13.407594480379558,10-15%,10-15%,2024-11-26|Sparta Prague|Atlético Madrid,-0.1353211009174311,-1.0275229357798166,0.2775229357798164,-0.6146788990825689,-0.2362385321100917,0.1607142857142857,-2,-105,0
2024-25,2024-11-26,League phase,Sporting CP,Arsenal,A,H,40.782028604149694,20.13250408870623,39.08546730714407,Home Win,False,40.782028604149694,1.6965612970056227,40-50%,20-25%,Away vs Home,1.6965612970056227,0-5%,0-5%,2024-11-26|Sporting CP|Arsenal,-0.2444444444444444,-0.2833333333333332,0.2555555555555555,0.2166666666666667,-0.1531746031746031,0.1285714285714285,3,-34,1
2024-25,2024-11-26,League phase,Slovan Bratislava,Milan,A,A,16.773011292200444,23.358291628725464,59.868697079074096,Away Win,True,59.868697079074096,36.51040545034863,50-60%,20-25%,Correct,43.09568578687365,40-50%,30-40%,2024-11-26|Slovan Bratislava|Milan,-0.6935483870967742,-2.524193548387097,-0.7258064516129032,-2.556451612903226,-0.3225806451612903,-0.2580645161290322,-9,-58,0
2024-25,2024-11-27,League phase,Sturm Graz,Girona,H,H,42.145747346496094,19.60593832125571,38.248314332248206,Home Win,True,42.145747346496094,3.8974330142478877,40-50%,15-20%,Correct,3.8974330142478877,0-5%,0-5%,2024-11-27|Sturm Graz|Girona,-0.75,0.5,-1.75,-0.5,-0.25,0.0,-3,0,0
2024-25,2024-11-27,League phase,Red Star,Stuttgart,H,A,30.92943899630572,28.37924856966302,40.69131243403127,Away Win,False,40.69131243403127,9.761873437725548,40-50%,25-30%,Home vs Away,9.761873437725548,5-10%,5-10%,2024-11-27|Red Star|Stuttgart,0.1136363636363636,-1.5909090909090908,-0.6363636363636364,-2.340909090909091,-0.1590909090909091,-0.3181818181818182,-4,18,0
2024-25,2024-11-27,League phase,PSV,Shakhtar D.,H,A,30.776157898953638,26.096299273418687,43.127542827627664,Away Win,False,43.127542827627664,12.351384928674026,40-50%,25-30%,Home vs Away,12.351384928674026,10-15%,10-15%,2024-11-27|PSV|Shakhtar D.,-0.263586956521739,0.1752717391304348,-0.6440217391304348,-0.2051630434782609,-0.1385869565217391,0.0298913043478261,1,-60,1
2024-25,2024-11-27,League phase,Monaco,Benfica,A,H,40.030068584327445,22.137689790988784,37.83224162468377,Home Win,False,40.030068584327445,2.1978269596436775,40-50%,20-25%,Away vs Home,2.1978269596436775,0-5%,0-5%,2024-11-27|Monaco|Benfica,-0.0831578947368421,-0.0626315789473683,-0.253157894736842,-0.2326315789473683,-0.0178947368421052,0.1610526315789473,1,-62,1
2024-25,2024-11-27,League phase,Liverpool,Real Madrid,H,H,45.376537158541964,24.197581179286757,30.425881662171285,Home Win,True,45.376537158541964,14.950655496370679,40-50%,20-25%,Correct,14.950655496370679,10-15%,10-15%,2024-11-27|Liverpool|Real Madrid,-0.1741176470588232,-0.0521568627450979,1.0788235294117647,1.20078431372549,-0.0588235294117647,0.0653153153153153,3,-95,0
2024-25,2024-11-27,League phase,Celtic,Club Brugge,D,H,41.81969999130495,23.42566949858682,34.75463051010823,Home Win,False,41.81969999130495,7.065069481196723,40-50%,20-25%,Missed Draw,7.065069481196723,5-10%,5-10%,2024-11-27|Celtic|Club Brugge,0.0714285714285714,-0.5238095238095237,-0.9047619047619048,-1.5,-0.0238095238095238,0.0476190476190476,4,0,1
2024-25,2024-11-27,League phase,Bologna,Lille,A,A,27.808782639150813,29.085365246448657,43.105852114400534,Away Win,True,43.105852114400534,14.020486867951877,40-50%,25-30%,Correct,15.297069475249721,15-20%,10-15%,2024-11-27|Bologna|Lille,-0.9,0.25,-1.5,-0.35,-0.2333333333333333,-0.3333333333333333,-6,-26,0
2024-25,2024-11-27,League phase,Aston Villa,Juventus,D,H,61.049894243074036,21.376325507043763,17.573780249882198,Home Win,False,61.049894243074036,39.673568736030276,60-70%,20-25%,Missed Draw,43.47611399319184,40-50%,30-40%,2024-11-27|Aston Villa|Juventus,-0.0576923076923077,0.7692307692307692,0.4807692307692308,1.3076923076923077,0.2211538461538461,0.5490196078431373,2,-100,-1
2024-25,2024-11-27,League phase,Dinamo Zagreb,Dortmund,A,A,21.898497537480395,19.88278834082221,58.2187141216974,Away Win,True,58.2187141216974,36.32021658421701,50-60%,15-20%,Correct,36.32021658421701,30-40%,30-40%,2024-11-27|Dinamo Zagreb|Dortmund,-0.934090909090909,-1.234090909090909,-0.515909090909091,-0.8159090909090909,-0.3477272727272727,-0.2124756335282651,-2,-70,0
2024-25,2024-12-10,League phase,Dinamo Zagreb,Celtic,D,A,30.853608532722,29.688132596403683,39.45825887087432,Away Win,False,39.45825887087432,8.604650338152318,<40%,25-30%,Missed Draw,8.604650338152318,5-10%,5-10%,2024-12-10|Dinamo Zagreb|Celtic,-0.1973908111174135,-0.1877481565513328,-1.592739648326716,-1.5830969937606354,-0.0640952921157118,0.0547619047619047,-1,-2,0
2024-25,2024-12-10,League phase,Atalanta,Real Madrid,A,A,35.206598052770815,23.286251720892373,41.50715022633681,Away Win,True,41.50715022633681,6.300552173565997,40-50%,20-25%,Correct,6.300552173565997,5-10%,5-10%,2024-12-10|Atalanta|Real Madrid,-0.4592731829573935,-0.5246449456975772,0.7746449456975772,0.7092731829573935,-0.2621136173767752,-0.3621848739495797,5,-143,1
2024-25,2024-12-10,League phase,Brest,PSV,H,H,56.41788454918915,21.014130743981795,22.567984706829066,Home Win,True,56.41788454918915,33.84989984236008,50-60%,20-25%,Correct,33.84989984236008,30-40%,30-40%,2024-12-10|Brest|PSV,0.6787878787878789,0.3454545454545454,0.2545454545454546,-0.0787878787878788,0.3878787878787878,0.4375,2,-28,1
2024-25,2024-12-10,League phase,Club Brugge,Sporting CP,H,A,29.935454817028077,26.268161528935885,43.79638365403603,Away Win,False,43.79638365403603,13.86092883700795,40-50%,25-30%,Home vs Away,13.86092883700795,10-15%,10-15%,2024-12-10|Club Brugge|Sporting CP,-0.6568196103079824,-0.1615336266499056,-0.7919547454431175,-0.2966687617850407,-0.142049025769956,-0.0317460317460317,-3,6,-1
2024-25,2024-12-10,League phase,Girona,Liverpool,A,A,20.416505786393913,17.903429851951135,61.68006436165495,Away Win,True,61.68006436165495,41.26355857526104,60-70%,15-20%,Correct,41.26355857526104,40-50%,40-50%,2024-12-10|Girona|Liverpool,-1.3184210526315787,-0.7210526315789474,-0.2789473684210526,0.3184210526315787,-0.4052631578947368,-0.0526315789473684,-12,-71,0
2024-25,2024-12-10,League phase,RB Salzburg,Paris SG,A,A,23.74414396085256,18.42486027026497,57.830995768882474,Away Win,True,57.830995768882474,34.08685180802991,50-60%,15-20%,Correct,34.08685180802991,30-40%,30-40%,2024-12-10|RB Salzburg|Paris SG,-0.7193693693693692,-0.929054054054054,0.1722972972972973,-0.0373873873873873,-0.29009009009009,-0.1888888888888888,-1,-83,0
2024-25,2024-12-10,League phase,Leverkusen,Inter,H,H,48.16927601976681,20.779730589241858,31.050993390991337,Home Win,True,48.16927601976681,17.118282628775475,40-50%,20-25%,Correct,17.118282628775475,15-20%,15-20%,2024-12-10|Leverkusen|Inter,-0.0805194805194804,-0.3298701298701298,0.1480519480519482,-0.1012987012987012,-0.1116883116883116,0.147089947089947,-3,-15,0
2024-25,2024-12-10,League phase,Shakhtar D.,Bayern Munich,A,A,24.811519851492964,19.339269081728055,55.84921106677897,Away Win,True,55.84921106677897,31.037691215286006,50-60%,15-20%,Correct,31.037691215286006,30-40%,30-40%,2024-12-10|Shakhtar D.|Bayern Munich,-1.1223628691983123,-0.7520756771471349,0.3649789029535863,0.735266095004764,-0.3672927725602287,-0.2179347826086957,-5,-65,-1
2024-25,2024-12-10,League phase,RB Leipzig,Aston Villa,A,A,33.180841679469474,30.988829642369943,35.83032867816059,Away Win,True,35.83032867816059,2.649486998691117,<40%,30-35%,Correct,2.649486998691117,0-5%,0-5%,2024-12-10|RB Leipzig|Aston Villa,0.4470588235294117,-1.603921568627451,1.4470588235294115,-0.603921568627451,-0.1686274509803921,-0.0384615384615384,-10,46,1
2024-25,2024-12-11,League phase,Benfica,Bologna,D,H,64.35801053266252,20.075002092775453,15.566987374562007,Home Win,False,64.35801053266252,44.28300843988707,60-70%,20-25%,Missed Draw,48.791023158100515,40-50%,40-50%,2024-12-11|Benfica|Bologna,1.1366336633663368,-0.0950495049504951,-0.0633663366336632,-1.295049504950495,0.3663366336633663,0.46,8,96,0
2024-25,2024-12-11,League phase,Arsenal,Monaco,H,H,61.34265622997205,18.378700177356926,20.278643592671024,Home Win,True,61.34265622997205,41.064012637301026,60-70%,15-20%,Correct,41.064012637301026,40-50%,40-50%,2024-12-11|Arsenal|Monaco,0.5886601661249549,0.2939689418562656,0.2553268327916216,-0.0393643914770676,0.1877934272300469,0.393984962406015,0,32,1
2024-25,2024-12-11,League phase,Dortmund,Barcelona,A,A,35.497728360318426,19.425788365357793,45.07648327432378,Away Win,True,45.07648327432378,9.578754914005351,40-50%,15-20%,Correct,9.578754914005351,5-10%,5-10%,2024-12-11|Dortmund|Barcelona,-0.409416265580649,-0.2176354436628409,0.6590768851042823,0.8508577070220904,-0.1389608786869061,0.0992063492063491,0,-35,-1
2024-25,2024-12-11,League phase,Feyenoord,Sparta Prague,H,H,48.25929985552622,24.694280899816352,27.04641924465742,Home Win,True,48.25929985552622,21.2128806108688,40-50%,20-25%,Correct,21.2128806108688,20-30%,20-30%,2024-12-11|Feyenoord|Sparta Prague,0.411764705882353,0.6235294117647059,-1.3882352941176468,-1.176470588235294,0.0941176470588235,0.375,3,12,0
2024-25,2024-12-11,League phase,Atlético Madrid,Slovan Bratislava,H,H,71.03980589444005,16.47916438919451,12.481029716365441,Home Win,True,71.03980589444005,54.56064150524554,70-80%,15-20%,Correct,58.55877617807461,50%+,50%+,2024-12-11|Atlético Madrid|Slovan Bratislava,0.6272727272727272,2.6363636363636367,-2.172727272727273,-0.1636363636363635,0.4909090909090909,0.6415094339622641,9,105,0
2024-25,2024-12-11,League phase,Lille,Sturm Graz,H,H,58.02679549291203,21.730613588638263,20.242590918449704,Home Win,True,58.02679549291203,36.296181904273766,50-60%,20-25%,Correct,37.78420457446232,30-40%,30-40%,2024-12-11|Lille|Sturm Graz,0.5354838709677419,-0.2838709677419355,-0.2645161290322581,-1.0838709677419356,0.0580645161290322,0.1333333333333333,7,26,0
2024-25,2024-12-11,League phase,Milan,Red Star,H,H,62.79954493871425,18.45189370920819,18.74856135207756,Home Win,True,62.79954493871425,44.05098358663669,60-70%,15-20%,Correct,44.05098358663669,40-50%,40-50%,2024-12-11|Milan|Red Star,0.1787439613526571,1.761904761904762,-1.7777777777777777,-0.1946169772256729,0.2028985507246376,0.3870967741935484,6,40,1
2024-25,2024-12-11,League phase,Stuttgart,Young Boys,H,H,43.312269626490234,22.257121960831387,34.43060841267837,Home Win,True,43.312269626490234,8.881661213811867,40-50%,20-25%,Correct,8.881661213811867,5-10%,5-10%,2024-12-11|Stuttgart|Young Boys,-0.0695652173913042,0.1478260869565217,-1.547826086956522,-1.330434782608696,0.0695652173913043,0.0,4,-18,-1
2024-25,2024-12-11,League phase,Juventus,Manchester City,H,H,41.726949844586855,19.467046814977007,38.80600334043614,Home Win,True,41.726949844586855,2.920946504150713,40-50%,15-20%,Correct,2.920946504150713,0-5%,0-5%,2024-12-11|Juventus|Manchester City,-0.6032967032967032,0.1366300366300366,0.3967032967032968,1.1366300366300366,-0.0454212454212453,0.1275831087151842,0,-25,-1
2024-25,2025-01-21,League phase,Atalanta,Sturm Graz,H,H,61.47478493654568,19.481697414731077,19.043517648723256,Home Win,True,61.47478493654568,41.9930875218146,60-70%,15-20%,Correct,42.43126728782242,40-50%,40-50%,2025-01-21|Atalanta|Sturm Graz,1.160919540229885,-0.1206896551724137,0.3275862068965518,-0.9540229885057472,0.2126436781609195,0.2,7,23,1
2024-25,2025-01-21,League phase,Atlético Madrid,Leverkusen,H,H,52.705042748555684,19.327203423173135,27.96775382827118,Home Win,True,52.705042748555684,24.737288920284502,50-60%,15-20%,Correct,24.737288920284502,20-30%,20-30%,2025-01-21|Atlético Madrid|Leverkusen,0.1557271557271555,0.4824646074646074,-0.00498712998713,0.3217503217503218,0.1383526383526383,0.4695767195767195,-1,55,-1
2024-25,2025-01-21,League phase,Benfica,Barcelona,A,A,25.76700668272977,20.20664628597297,54.02634703129726,Away Win,True,54.02634703129726,28.25934034856749,50-60%,20-25%,Correct,28.25934034856749,20-30%,20-30%,2025-01-21|Benfica|Barcelona,-0.8125250100040018,-0.4123649459783913,0.255502200880352,0.6556622649059625,-0.2563025210084034,-0.0284716626376577,-8,-45,0
2024-25,2025-01-21,League phase,Club Brugge,Juventus,D,A,23.245923958653187,21.399402815223915,55.354673226122905,Away Win,False,55.354673226122905,32.10874926746972,50-60%,20-25%,Missed Draw,32.10874926746972,30-40%,30-40%,2025-01-21|Club Brugge|Juventus,-0.6380789022298458,-0.8181818181818181,-0.0909090909090909,-0.2710120068610633,-0.3010291595197255,-0.215034965034965,2,-62,1
2024-25,2025-01-21,League phase,Bologna,Dortmund,H,A,20.21784838235284,18.846124662784785,60.93602695486238,Away Win,False,60.93602695486238,40.71817857250954,60-70%,15-20%,Home vs Away,40.71817857250954,40-50%,40-50%,2025-01-21|Bologna|Dortmund,-1.556547619047619,0.1279761904761904,-1.1279761904761905,0.5565476190476191,-0.4732142857142857,-0.3818181818181818,-8,-106,0
2024-25,2025-01-21,League phase,Liverpool,Lille,H,H,69.04616030341207,16.782457993725092,14.171381702862835,Home Win,True,69.04616030341207,52.26370230968698,60-70%,15-20%,Correct,54.874778600549234,50%+,50%+,2025-01-21|Liverpool|Lille,1.103896103896104,0.4350649350649351,0.6038961038961039,-0.0649350649350648,0.3291396103896103,0.2828947368421053,2,45,1
2024-25,2025-01-21,League phase,Red Star,PSV,A,A,26.98164163996849,27.008841866776002,46.00951649325552,Away Win,True,46.00951649325552,19.000674626479515,40-50%,25-30%,Correct,19.027874853287027,15-20%,15-20%,2025-01-21|Red Star|PSV,-0.0465686274509802,-1.4289215686274512,-0.4877450980392155,-1.8700980392156863,-0.0808823529411764,0.1911764705882352,-5,-10,-1
2024-25,2025-01-21,League phase,Slovan Bratislava,Stuttgart,A,A,18.746977173316793,23.768896198110596,57.48412662857261,Away Win,True,57.48412662857261,33.715230430462015,50-60%,20-25%,Correct,38.73714945525582,30-40%,30-40%,2025-01-21|Slovan Bratislava|Stuttgart,-0.6666666666666666,-1.5,-1.1666666666666663,-2.0,-0.3333333333333333,-0.3333333333333333,-7,0,0
2024-25,2025-01-21,League phase,Monaco,Aston Villa,H,A,32.55600010710029,27.876736146239807,39.567263746659904,Away Win,False,39.567263746659904,7.0112636395596155,<40%,25-30%,Home vs Away,7.0112636395596155,5-10%,5-10%,2025-01-21|Monaco|Aston Villa,-0.2749999999999999,-1.125,0.7250000000000001,-0.125,-0.3416666666666666,-0.2666666666666666,-3,34,-1
2024-25,2025-01-22,League phase,Milan,Girona,H,H,61.52252951406726,19.225158268980582,19.252312216952156,Home Win,True,61.52252951406726,42.2702172971151,60-70%,15-20%,Correct,42.2702172971151,40-50%,40-50%,2025-01-22|Milan|Girona,0.5677083333333334,0.4322916666666667,-0.4322916666666667,-0.5677083333333334,0.1770833333333333,0.40625,9,58,-1
2024-25,2025-01-22,League phase,Arsenal,Dinamo Zagreb,H,H,66.08188323010259,18.38737706754236,15.530739702355042,Home Win,True,66.08188323010259,47.69450616256023,60-70%,15-20%,Correct,50.55114352774755,50%+,40-50%,2025-01-22|Arsenal|Dinamo Zagreb,1.123015873015873,1.1984126984126986,-0.6150793650793651,-0.5396825396825395,0.4087301587301587,0.5714285714285714,4,30,-1
2024-25,2025-01-22,League phase,Celtic,Young Boys,H,H,44.19671291390151,24.528223657374074,31.275063428724426,Home Win,True,44.19671291390151,12.921649485177081,40-50%,20-25%,Correct,12.921649485177081,10-15%,10-15%,2025-01-22|Celtic|Young Boys,0.0568181818181817,0.162878787878788,-1.5265151515151518,-1.4204545454545454,0.0568181818181818,0.2727272727272727,6,20,1
2024-25,2025-01-22,League phase,Feyenoord,Bayern Munich,H,A,23.819941106118158,17.095101808815322,59.08495708506651,Away Win,False,59.08495708506651,35.265015978948355,50-60%,15-20%,Home vs Away,35.265015978948355,30-40%,30-40%,2025-01-22|Feyenoord|Bayern Munich,-0.9161425576519916,-1.1981132075471697,0.5870020964360587,0.3050314465408807,-0.3584905660377358,-0.1481481481481481,1,-141,-1
2024-25,2025-01-22,League phase,RB Leipzig,Sporting CP,H,A,37.77085845547068,21.29742456019363,40.9317169843357,Away Win,False,40.9317169843357,3.1608585288650204,40-50%,20-25%,Home vs Away,3.1608585288650204,0-5%,0-5%,2025-01-22|RB Leipzig|Sporting CP,0.1275303643724694,-0.1427125506072875,-0.0303643724696356,-0.3006072874493926,0.0809716599190283,0.2339181286549707,-7,14,0
2024-25,2025-01-22,League phase,Paris SG,Manchester City,H,H,49.23792938081636,19.491373522492513,31.270697096691123,Home Win,True,49.23792938081636,17.967232284125238,40-50%,15-20%,Correct,17.967232284125238,15-20%,15-20%,2025-01-22|Paris SG|Manchester City,-0.1049776039366601,0.0369692763863478,0.8721216327045613,1.0140685130275693,-0.027695413538578,0.1312499999999999,-3,-10,1
2024-25,2025-01-22,League phase,Shakhtar D.,Brest,H,A,31.276606362803232,23.624531600264305,45.09886203693248,Away Win,False,45.09886203693248,13.822255674129249,40-50%,20-25%,Home vs Away,13.822255674129249,10-15%,10-15%,2025-01-22|Shakhtar D.|Brest,-0.3368794326241136,-0.7553191489361701,0.3297872340425531,-0.0886524822695034,-0.3475177304964538,-0.3049645390070921,-7,88,0
2024-25,2025-01-22,League phase,Sparta Prague,Inter,A,A,22.478476507030933,25.722590630269902,51.798932862699154,Away Win,True,51.798932862699154,26.07634223242925,50-60%,25-30%,Correct,29.32045635566822,20-30%,20-30%,2025-01-22|Sparta Prague|Inter,-0.1854460093896712,-1.8591549295774648,0.0258215962441314,-1.647887323943662,-0.284037558685446,-0.0277777777777777,-11,-65,-1
2024-25,2025-01-22,League phase,Real Madrid,RB Salzburg,H,H,71.98199693044621,14.774548946128627,13.243454123425163,Home Win,True,71.98199693044621,57.20744798431759,70-80%,<15%,Correct,58.73854280702105,50%+,50%+,2025-01-22|Real Madrid|RB Salzburg,1.0217258261933906,1.0266217870257035,0.2059363525091799,0.2108323133414931,0.4201346389228886,0.52203182374541,3,134,0
2024-25,2025-01-29,League phase,Inter,Monaco,H,H,55.68273195058159,21.71166671555417,22.605601333864243,Home Win,True,55.68273195058159,33.07713061671735,50-60%,20-25%,Correct,33.07713061671735,30-40%,30-40%,2025-01-29|Inter|Monaco,0.1277100271002711,0.4603658536585366,-0.2381436314363143,0.0945121951219511,0.1168699186991869,0.2928571428571428,3,31,-1
2024-25,2025-01-29,League phase,Aston Villa,Celtic,H,H,58.59503904221658,23.242322568528966,18.16263838925446,Home Win,True,58.59503904221658,35.35271647368761,50-60%,20-25%,Correct,40.432400652962116,40-50%,30-40%,2025-01-29|Aston Villa|Celtic,0.3523809523809524,1.673015873015873,-0.9587301587301588,0.3619047619047619,0.3714285714285714,0.5757575757575757,-2,-38,1
2024-25,2025-01-29,League phase,Barcelona,Atalanta,D,H,64.98690360493138,19.150527124557126,15.862569270511488,Home Win,False,64.98690360493138,45.836376480374255,60-70%,15-20%,Missed Draw,49.1243343344199,40-50%,40-50%,2025-01-29|Barcelona|Atalanta,0.2220720720720719,0.4788288288288287,0.5887387387387386,0.8454954954954954,0.2216216216216215,0.1853281853281854,5,118,0
2024-25,2025-01-29,League phase,Bayern Munich,Slovan Bratislava,H,H,72.98518425461467,16.184544920727088,10.830270824658246,Home Win,True,72.98518425461467,56.800639333887574,70-80%,15-20%,Correct,62.15491342995642,50%+,50%+,2025-01-29|Bayern Munich|Slovan Bratislava,1.5991071428571426,2.4473214285714286,-0.9723214285714286,-0.1241071428571428,0.6875,0.7948717948717948,9,153,-1
2024-25,2025-01-29,League phase,Dinamo Zagreb,Milan,H,A,25.80910399110332,26.635027080107264,47.555868928789415,Away Win,False,47.555868928789415,20.92084184868215,40-50%,25-30%,Home vs Away,21.746764937686095,20-30%,20-30%,2025-01-29|Dinamo Zagreb|Milan,-0.5098389982110914,-1.2729874776386405,-0.4944543828264758,-1.257602862254025,-0.237567084078712,-0.1383928571428571,-8,-22,0
2024-25,2025-01-29,League phase,Dortmund,Shakhtar D.,H,H,54.87469547012714,20.992150950018875,24.133153579853985,Home Win,True,54.87469547012714,30.741541890273158,50-60%,20-25%,Correct,30.741541890273158,30-40%,30-40%,2025-01-29|Dortmund|Shakhtar D.,0.3799720540288775,0.4359571495109455,-0.0200279459711225,0.0359571495109454,0.1427107591988821,0.2848077640910787,0,18,1
2024-25,2025-01-29,League phase,Girona,Arsenal,A,A,20.246621899576372,18.39511128991081,61.358266810512816,Away Win,True,61.358266810512816,41.11164491093645,60-70%,15-20%,Correct,41.11164491093645,40-50%,40-50%,2025-01-29|Girona|Arsenal,-1.3052837573385518,-0.3111545988258317,-0.6888454011741683,0.3052837573385518,-0.3913894324853229,-0.0555555555555555,-9,-66,0
2024-25,2025-01-29,League phase,Juventus,Benfica,A,H,58.02459648479454,20.38385976557117,21.5915437496343,Home Win,False,58.02459648479454,36.433052735160246,50-60%,20-25%,Away vs Home,36.433052735160246,30-40%,30-40%,2025-01-29|Juventus|Benfica,0.1831957172670355,0.5239089011886399,0.0181471735777152,0.3588603574993195,0.1641411850104345,0.3366013071895425,2,4,0
2024-25,2025-01-29,League phase,Brest,Real Madrid,A,H,41.17972953986372,22.741916830699623,36.07835362943666,Home Win,False,41.17972953986372,5.101375910427059,40-50%,20-25%,Away vs Home,5.101375910427059,5-10%,5-10%,2025-01-29|Brest|Real Madrid,-0.8720066061106524,-0.0908340214698595,0.3765483071841453,1.1577208918249382,-0.0875309661436829,0.0852713178294573,-2,-166,0
2024-25,2025-01-29,League phase,PSV,Liverpool,H,A,28.994274741103286,20.974568630760025,50.031156628136685,Away Win,False,50.031156628136685,21.0368818870334,50-60%,20-25%,Home vs Away,21.0368818870334,20-30%,20-30%,2025-01-29|PSV|Liverpool,-0.95970695970696,-0.4787545787545788,0.0787545787545787,0.5597069597069597,-0.3868131868131869,-0.2111613876319758,-5,-43,0
2024-25,2025-01-29,League phase,Manchester City,Club Brugge,H,H,62.43819587366002,19.9326931545785,17.629110971761467,Home Win,True,62.43819587366002,42.50550271908152,60-70%,15-20%,Correct,44.80908490189856,40-50%,40-50%,2025-01-29|Manchester City|Club Brugge,1.23989898989899,0.6035353535353534,0.3510101010101012,-0.2853535353535354,0.3383838383838383,0.4294436906377205,-4,87,-1
2024-25,2025-01-29,League phase,RB Salzburg,Atlético Madrid,A,A,27.996867535111626,26.93965069759157,45.06348176729681,Away Win,True,45.06348176729681,17.06661423218518,40-50%,25-30%,Correct,17.06661423218518,15-20%,15-20%,2025-01-29|RB Salzburg|Atlético Madrid,-0.190018315018315,-1.189560439560439,0.2921245421245421,-0.7074175824175823,-0.2692307692307692,-0.087719298245614,-9,-73,-1
2024-25,2025-01-29,League phase,Sporting CP,Bologna,D,H,60.70916074352988,22.14568764695058,17.145151609519534,Home Win,False,60.70916074352988,38.5634730965793,60-70%,20-25%,Missed Draw,43.56400913401035,40-50%,30-40%,2025-01-29|Sporting CP|Bologna,1.0842490842490842,-0.5494505494505495,0.36996336996337,-1.2637362637362637,0.1904761904761904,0.4736842105263157,2,32,-1
2024-25,2025-01-29,League phase,Sturm Graz,RB Leipzig,H,A,27.164976660479333,25.05331417785789,47.781709161662775,Away Win,False,47.781709161662775,20.616732501183442,40-50%,25-30%,Home vs Away,20.616732501183442,20-30%,20-30%,2025-01-29|Sturm Graz|RB Leipzig,-1.0889487870619947,-0.1886792452830188,-1.2398921832884098,-0.3396226415094339,-0.2911051212938005,-0.0666666666666667,0,-46,1
2024-25,2025-01-29,League phase,Stuttgart,Paris SG,A,A,32.94135067232834,20.221304572346156,46.837344755325496,Away Win,True,46.837344755325496,13.895994082997156,40-50%,20-25%,Correct,13.895994082997156,10-15%,10-15%,2025-01-29|Stuttgart|Paris SG,-0.3266978922716628,-0.734192037470726,0.591334894613583,0.1838407494145197,-0.1124121779859485,-0.1420765027322404,2,-115,1
2024-25,2025-01-29,League phase,Young Boys,Red Star,A,A,34.51529354164558,26.339715452123773,39.14499100623064,Away Win,True,39.14499100623064,4.629697464585057,<40%,25-30%,Correct,4.629697464585057,0-5%,0-5%,2025-01-29|Young Boys|Red Star,-0.2400000000000001,0.56,-2.12,-1.3199999999999998,0.0,0.25,-3,0,-1
2024-25,2025-01-29,League phase,Lille,Feyenoord,H,H,38.4445446466565,29.347088899440788,32.20836645390271,Home Win,True,38.4445446466565,6.2361781927537905,<40%,25-30%,Correct,6.2361781927537905,5-10%,5-10%,2025-01-29|Lille|Feyenoord,-0.631578947368421,0.5374800637958534,-1.0526315789473686,0.1164274322169058,-0.0956937799043062,-0.0347222222222222,0,14,1
2024-25,2025-01-29,League phase,Leverkusen,Sparta Prague,H,H,62.38627906428079,20.922137997208974,16.691582938510237,Home Win,True,62.38627906428079,41.46414106707182,60-70%,20-25%,Correct,45.694696125770555,40-50%,40-50%,2025-01-29|Leverkusen|Sparta Prague,0.2807017543859649,1.2581453634085211,-1.4335839598997495,-0.456140350877193,0.2080200501253132,0.5357142857142857,7,50,1
2024-25,2025-02-11,Knockout phase play-offs,Sporting CP,Dortmund,A,A,34.31850091796102,23.67082376810991,42.01067531392908,Away Win,True,42.01067531392908,7.69217439596806,40-50%,20-25%,Correct,7.69217439596806,5-10%,5-10%,2025-02-11|Sporting CP|Dortmund,-0.2280701754385965,-0.3767543859649123,0.2017543859649122,0.0530701754385964,-0.1486842105263157,0.075,-5,-74,0
2024-25,2025-02-11,Knockout phase play-offs,Manchester City,Real Madrid,A,H,45.32020120616821,25.795551263809845,28.884247530021952,Home Win,False,45.32020120616821,16.435953676146255,40-50%,25-30%,Away vs Home,16.435953676146255,15-20%,15-20%,2025-02-11|Manchester City|Real Madrid,-0.1692593552847636,-0.1269553193328148,1.089361334370409,1.1316653703223578,-0.0970097657937948,0.0755578093306288,-5,-41,0
2024-25,2025-02-11,Knockout phase play-offs,Juventus,PSV,H,H,51.82420422621804,23.253477549983074,24.922318223798882,Home Win,True,51.82420422621804,26.90188600241916,50-60%,20-25%,Correct,26.90188600241916,20-30%,20-30%,2025-02-11|Juventus|PSV,0.3240740740740742,0.5555555555555556,-0.0370370370370369,0.1944444444444444,0.2685185185185185,0.4888888888888889,-6,72,0
2024-25,2025-02-11,Knockout phase play-offs,Brest,Paris SG,A,A,30.61856933634804,20.83465157660153,48.546779087050425,Away Win,True,48.546779087050425,17.928209750702386,40-50%,20-25%,Correct,17.928209750702386,15-20%,15-20%,2025-02-11|Brest|Paris SG,-0.8069105691056913,-0.2530487804878047,0.1280487804878047,0.6819105691056913,-0.0447154471544715,0.0161290322580645,-3,-115,0
2024-25,2025-02-12,Knockout phase play-offs,Monaco,Benfica,A,H,39.77423100203032,25.155244939592276,35.070524058377416,Home Win,False,39.77423100203032,4.703706943652904,<40%,25-30%,Away vs Home,4.703706943652904,0-5%,0-5%,2025-02-12|Monaco|Benfica,-0.1652930402930403,-0.119047619047619,-0.3095238095238095,-0.2632783882783882,-0.032051282051282,0.1401098901098901,-1,-62,0
2024-25,2025-02-12,Knockout phase play-offs,Feyenoord,Milan,H,H,48.08057161118966,21.869563465289506,30.049864923520843,Home Win,True,48.08057161118966,18.03070668766882,40-50%,20-25%,Correct,18.03070668766882,15-20%,15-20%,2025-02-12|Feyenoord|Milan,0.3727272727272728,-1.0227272727272727,0.3727272727272728,-1.0227272727272727,0.0015151515151514,0.2272727272727273,-5,-46,0
2024-25,2025-02-12,Knockout phase play-offs,Celtic,Bayern Munich,A,A,21.648040272261653,16.0602155508717,62.29174417686665,Away Win,True,62.29174417686665,40.643703904605,60-70%,15-20%,Correct,40.643703904605,40-50%,40-50%,2025-02-12|Celtic|Bayern Munich,-1.503105590062112,-1.3012422360248448,-0.0248447204968943,0.1770186335403729,-0.4937888198757764,-0.28101802757158,-4,-115,0
2024-25,2025-02-12,Knockout phase play-offs,Club Brugge,Atalanta,H,A,34.470781851272505,24.48192017388641,41.04729797484108,Away Win,False,41.04729797484108,6.576516123568574,40-50%,20-25%,Home vs Away,6.576516123568574,5-10%,5-10%,2025-02-12|Club Brugge|Atalanta,-1.044179523141655,-0.223702664796634,-0.6893408134642356,0.1311360448807854,-0.1697054698457223,-0.3159420289855073,-2,15,0
2024-25,2025-02-18,Knockout phase play-offs,Atalanta,Club Brugge,A,H,56.1018859396067,23.06019845079275,20.83791560960054,Home Win,False,56.1018859396067,33.04168748881395,50-60%,20-25%,Away vs Home,35.26397033000616,30-40%,30-40%,2025-02-18|Atalanta|Club Brugge,0.9913563829787234,0.1934840425531914,0.1190159574468086,-0.6788563829787234,0.1409574468085106,0.0326086956521739,-1,-15,0
2024-25,2025-02-18,Knockout phase play-offs,Bayern Munich,Celtic,D,H,69.08336398334033,17.488195283848047,13.428440732811625,Home Win,False,69.08336398334033,51.59516869949229,60-70%,15-20%,Missed Draw,55.65492325052871,50%+,50%+,2025-02-18|Bayern Munich|Celtic,1.4993433149461517,1.2951142631993695,0.1801943787759388,-0.0240346729708431,0.4998686629892303,0.7105118326912494,7,115,0
2024-25,2025-02-18,Knockout phase play-offs,Benfica,Monaco,D,H,51.58265363829454,23.47238795130626,24.944958410399202,Home Win,False,51.58265363829454,26.637695227895335,50-60%,20-25%,Missed Draw,26.637695227895335,20-30%,20-30%,2025-02-18|Benfica|Monaco,0.1895902547065338,0.1189368770764118,-0.2522702104097452,-0.3229235880398671,0.0458471760797342,0.2042124542124542,7,62,0
2024-25,2025-02-18,Knockout phase play-offs,Milan,Feyenoord,D,H,43.974922138003606,28.352151522837698,27.6729263391587,Home Win,False,43.974922138003606,15.622770615165908,40-50%,25-30%,Missed Draw,16.301995798844906,15-20%,15-20%,2025-02-18|Milan|Feyenoord,-0.3624733475479744,0.9189765458422174,-0.9339019189765458,0.347547974413646,-0.0376687988628287,0.2242424242424242,-1,46,0
2024-25,2025-02-19,Knockout phase play-offs,Real Madrid,Manchester City,H,H,60.360789479866796,20.15045024639474,19.48876027373846,Home Win,True,60.360789479866796,40.210339233472055,60-70%,20-25%,Correct,40.87202920612833,40-50%,40-50%,2025-02-19|Real Madrid|Manchester City,0.1742430703624733,0.135138592750533,1.1220042643923245,1.082899786780384,0.1031556503198294,0.2740937223695844,8,41,0
2024-25,2025-02-19,Knockout phase play-offs,Dortmund,Sporting CP,D,H,57.23279724967011,20.003858895083294,22.7633438552466,Home Win,False,57.23279724967011,34.46945339442351,50-60%,20-25%,Missed Draw,34.46945339442351,30-40%,30-40%,2025-02-19|Dortmund|Sporting CP,0.2757158006362672,0.4203605514316013,0.0318133616118769,0.1764581124072111,0.16118769883351,0.3689655172413793,8,74,0
2024-25,2025-02-19,Knockout phase play-offs,PSV,Juventus,H,A,29.892197931068427,23.184869942538626,46.92293212639294,Away Win,False,46.92293212639294,17.030734195324516,40-50%,20-25%,Home vs Away,17.030734195324516,15-20%,15-20%,2025-02-19|PSV|Juventus,-0.3337465906273245,-0.5675675675675675,0.1891891891891892,-0.0446317877510538,-0.2796925365732705,-0.0450733752620545,1,-72,0
2024-25,2025-02-19,Knockout phase play-offs,Paris SG,Brest,H,H,68.82506664361071,17.50661986205011,13.668313494339174,Home Win,True,68.82506664361071,51.3184467815606,60-70%,15-20%,Correct,55.15675314927154,50%+,50%+,2025-02-19|Paris SG|Brest,0.9534050179211468,0.442652329749104,0.5089605734767024,-0.0017921146953403,0.103942652329749,0.1065573770491803,9,115,0
2024-25,2025-03-04,Round of 16,Dortmund,Lille,D,H,56.810777827057656,20.430286073139108,22.75893609980324,Home Win,False,56.810777827057656,34.05184172725441,50-60%,20-25%,Missed Draw,34.05184172725441,30-40%,30-40%,2025-03-04|Dortmund|Lille,0.577079107505071,0.2241379310344826,0.2241379310344826,-0.1288032454361056,0.1800202839756592,0.2063808574277167,-3,82,-21
2024-25,2025-03-04,Round of 16,Club Brugge,Aston Villa,A,A,32.026504040152346,22.881013430919985,45.09248252892766,Away Win,True,45.09248252892766,13.065978488775315,40-50%,20-25%,Correct,13.065978488775315,10-15%,10-15%,2025-03-04|Club Brugge|Aston Villa,-0.6666666666666666,-1.0208333333333333,0.2083333333333333,-0.1458333333333332,-0.375,-0.25,3,40,-20
2024-25,2025-03-04,Round of 16,PSV,Arsenal,A,A,28.70330949629192,21.232132669459343,50.064557834248745,Away Win,True,50.064557834248745,21.361248337956827,50-60%,20-25%,Correct,21.361248337956827,20-30%,20-30%,2025-03-04|PSV|Arsenal,-0.6415362731152203,-0.2958748221906115,-0.0199146514935988,0.3257467994310099,-0.2773826458036985,0.0156472261735419,-3,-36,-21
2024-25,2025-03-04,Round of 16,Real Madrid,Atlético Madrid,H,H,59.63943938208812,20.14834378954938,20.212216828362493,Home Win,True,59.63943938208812,39.42722255372563,50-60%,20-25%,Correct,39.42722255372563,30-40%,30-40%,2025-03-04|Real Madrid|Atlético Madrid,0.8434734513274336,-0.0865345937248591,1.3478982300884956,0.4178901850362029,0.1603479485116653,0.3765673981191222,0,63,-21
2024-25,2025-03-05,Round of 16,Bayern Munich,Leverkusen,H,H,66.70517029887246,16.884338291431813,16.41049140969574,Home Win,True,66.70517029887246,49.82083200744064,60-70%,15-20%,Correct,50.29467888917672,50%+,40-50%,2025-03-05|Bayern Munich|Leverkusen,1.1547493124603343,0.4494393907340809,1.0168182779775756,0.3115083562513222,0.3250475988999365,0.6150862068965517,1,105,-20
2024-25,2025-03-05,Round of 16,Benfica,Barcelona,A,A,27.860814451962124,19.947559335776543,52.19162621226133,Away Win,True,52.19162621226133,24.33081176029921,50-60%,15-20%,Correct,24.33081176029921,20-30%,20-30%,2025-03-05|Benfica|Barcelona,-0.7864378878054958,-0.4060402684563757,0.2739647967582626,0.6543624161073827,-0.2495251361276434,-0.0525242223355431,-5,-43,-20
2024-25,2025-03-05,Round of 16,Feyenoord,Inter,A,H,47.91531649177309,21.353325126818987,30.731358381407915,Home Win,False,47.91531649177309,17.183958110365175,40-50%,20-25%,Away vs Home,17.183958110365175,15-20%,15-20%,2025-03-05|Feyenoord|Inter,0.1755915317559153,-0.9813200498132004,0.435865504358655,-0.7210460772104608,-0.1021170610211705,0.167076167076167,-2,-51,-20
2024-25,2025-03-05,Round of 16,Paris SG,Liverpool,A,H,51.582103719286785,21.515303639976864,26.902592640736362,Home Win,False,51.582103719286785,24.679511078550423,50-60%,20-25%,Away vs Home,24.679511078550423,20-30%,20-30%,2025-03-05|Paris SG|Liverpool,0.0027341772151898,-0.0153924050632912,1.0153924050632912,0.99726582278481,-0.0555949367088607,0.0629032258064515,3,46,-21
2024-25,2025-03-11,Round of 16,Leverkusen,Bayern Munich,A,A,31.716847884039527,20.223588400745705,48.05956371521477,Away Win,True,48.05956371521477,16.342715831175244,40-50%,20-25%,Correct,16.342715831175244,15-20%,15-20%,2025-03-11|Leverkusen|Bayern Munich,-1.180033071517156,-0.4820173625465067,0.2955766845804051,0.9935923935510542,-0.3330921868540719,-0.038637307852098,-1,-105,0
2024-25,2025-03-11,Round of 16,Barcelona,Benfica,H,H,64.30648485021327,18.37741247903668,17.316102670750062,Home Win,True,64.30648485021327,45.92907237117659,60-70%,15-20%,Correct,46.990382179463204,40-50%,40-50%,2025-03-11|Barcelona|Benfica,0.7915264797507786,0.4086604361370716,0.6513395638629282,0.2684735202492212,0.2555140186915888,0.4447798742138365,6,43,0
2024-25,2025-03-11,Round of 16,Inter,Feyenoord,H,H,58.62715601839472,22.26606434070714,19.106779640898143,Home Win,True,58.62715601839472,36.36109167768758,50-60%,20-25%,Correct,39.520376377496575,30-40%,30-40%,2025-03-11|Inter|Feyenoord,-0.099882491186839,0.992361927144536,-0.7085781433607521,0.3836662749706228,0.1251468860164512,0.3737373737373737,5,51,0
2024-25,2025-03-11,Round of 16,Liverpool,Paris SG,A,H,59.613268308034314,20.43266538389715,19.954066308068537,Home Win,False,59.613268308034314,39.18060292413716,50-60%,20-25%,Away vs Home,39.659201999965774,30-40%,30-40%,2025-03-11|Liverpool|Paris SG,0.0001984126984124,0.0281746031746032,0.9843253968253968,1.0123015873015877,0.0648809523809523,0.1746031746031746,0,-46,0
2024-25,2025-03-12,Round of 16,Lille,Dortmund,A,A,28.985916219493046,22.50494286302141,48.50914091748554,Away Win,True,48.50914091748554,19.523224697992493,40-50%,20-25%,Correct,19.523224697992493,15-20%,15-20%,2025-03-12|Lille|Dortmund,-0.575091575091575,-0.2122100122100123,-0.1306471306471306,0.232234432234432,-0.1843711843711843,-0.1506707946336429,2,-82,0
2024-25,2025-03-12,Round of 16,Atlético Madrid,Real Madrid,H,H,40.93213392591542,21.99242873879109,37.07543733529348,Home Win,True,40.93213392591542,3.8566965906219437,40-50%,20-25%,Correct,3.8566965906219437,0-5%,0-5%,2025-03-12|Atlético Madrid|Real Madrid,-0.8458221825750818,0.0771632471008029,0.4140648230746355,1.33705025275052,-0.1666666666666666,0.0636363636363636,-3,-63,0
2024-25,2025-03-12,Round of 16,Aston Villa,Club Brugge,H,H,66.27504486735786,19.341747898043987,14.383207234598144,Home Win,True,66.27504486735786,46.93329696931387,60-70%,15-20%,Correct,51.89183763275972,50%+,40-50%,2025-03-12|Aston Villa|Club Brugge,0.81859410430839,1.0181405895691609,-0.018140589569161,0.1814058956916099,0.4217687074829931,0.5,3,-40,0
2024-25,2025-03-12,Round of 16,Arsenal,PSV,D,H,61.60530628244793,20.706085590906373,17.688608126645693,Home Win,False,61.60530628244793,40.89922069154156,60-70%,20-25%,Missed Draw,43.91669815580224,40-50%,40-50%,2025-03-12|Arsenal|PSV,0.7158974358974359,0.4389743589743589,0.2543589743589745,-0.0225641025641025,0.2902564102564102,0.5704125177809388,6,36,0
2024-25,2025-04-08,Quarter-finals,Bayern Munich,Inter,A,H,64.67321463797025,17.76841889223844,17.55836646979131,Home Win,False,64.67321463797025,46.9047957457318,60-70%,15-20%,Away vs Home,47.11484816817894,40-50%,40-50%,2025-04-08|Bayern Munich|Inter,1.0618181818181816,0.1236363636363635,1.355151515151515,0.416969696969697,0.2109090909090909,0.3953866146848602,1,90,0
2024-25,2025-04-08,Quarter-finals,Arsenal,Real Madrid,H,A,33.700557735810335,21.134157244202274,45.165285019987394,Away Win,False,45.165285019987394,11.464727284177059,40-50%,20-25%,Home vs Away,11.464727284177059,10-15%,10-15%,2025-04-08|Arsenal|Real Madrid,-0.3503843879361323,-0.212596096984033,0.8968066232998226,1.034594914251922,-0.1234476641040803,0.073625073920757,1,-102,0
2024-25,2025-04-09,Quarter-finals,Paris SG,Aston Villa,H,H,48.99866033182933,24.74949813050496,26.251841537665705,Home Win,True,48.99866033182933,22.746818794163623,40-50%,20-25%,Correct,22.746818794163623,20-30%,20-30%,2025-04-09|Paris SG|Aston Villa,0.1787401574803149,-0.394488188976378,1.3787401574803149,0.8055118110236219,-0.1488188976377952,0.0031746031746031,0,117,1
2024-25,2025-04-09,Quarter-finals,Barcelona,Dortmund,H,H,61.68655777106397,17.87618439072839,20.437257838207636,Home Win,True,61.68655777106397,41.24929993285633,60-70%,15-20%,Correct,41.24929993285633,40-50%,40-50%,2025-04-09|Barcelona|Dortmund,0.4319788977438545,0.1850937254461779,0.881131440116736,0.6342462678190595,0.14794028510495,0.3534482758620689,2,33,1
2024-25,2025-04-15,Quarter-finals,Aston Villa,Paris SG,H,H,56.03501716053514,20.690826039651437,23.27415679981342,Home Win,True,56.03501716053514,32.76086036072172,50-60%,20-25%,Correct,32.76086036072172,30-40%,30-40%,2025-04-15|Aston Villa|Paris SG,-0.2677556818181819,0.1846590909090909,0.7244318181818181,1.1768465909090908,0.0816761363636363,0.3,-3,-117,0
2024-25,2025-04-15,Quarter-finals,Dortmund,Barcelona,H,H,40.23524049556848,20.77262530975924,38.992134194672275,Home Win,True,40.23524049556848,1.2431063008962084,40-50%,20-25%,Correct,1.2431063008962084,0-5%,0-5%,2025-04-15|Dortmund|Barcelona,-0.4585913312693497,-0.2151702786377709,0.6269349845201238,0.8703560371517025,-0.1544117647058823,0.0566666666666667,-5,-33,0
2024-25,2025-04-16,Quarter-finals,Inter,Bayern Munich,D,A,38.565067566224876,21.30679871811673,40.128133715658386,Away Win,False,40.128133715658386,1.56306614943351,40-50%,20-25%,Missed Draw,1.56306614943351,0-5%,0-5%,2025-04-16|Inter|Bayern Munich,-1.0450221940393154,-0.1162016487000633,0.4188332276474317,1.3476537729866838,-0.1999048826886493,-0.0276705276705276,5,-90,0
2024-25,2025-04-16,Quarter-finals,Real Madrid,Arsenal,A,H,63.228635798353814,19.11417274534719,17.657191456299003,Home Win,False,63.228635798353814,44.114463053006624,60-70%,15-20%,Away vs Home,45.57144434205481,40-50%,40-50%,2025-04-16|Real Madrid|Arsenal,0.3238772400783571,0.1853007327867661,1.0381629543640716,0.8995864470724806,0.1137633316404266,0.3205204021289178,-4,102,0
2024-25,2025-04-29,Semi-finals,Arsenal,Paris SG,A,H,50.45717061467215,21.41387459560012,28.128954789727732,Home Win,False,50.45717061467215,22.32821582494442,50-60%,20-25%,Away vs Home,22.32821582494442,20-30%,20-30%,2025-04-29|Arsenal|Paris SG,-0.123732856290996,-0.1350626118067979,0.8530113297555157,0.8416815742397139,0.0008944543828265,0.1743589743589743,4,-51,-1
2024-25,2025-04-30,Semi-finals,Barcelona,Inter,D,H,64.7100435001011,17.491360051595368,17.79859644830352,Home Win,False,64.7100435001011,46.91144705179757,60-70%,15-20%,Missed Draw,46.91144705179757,40-50%,40-50%,2025-04-30|Barcelona|Inter,0.7542653425006365,0.0123928359222478,1.0529666412019352,0.3110941346235465,0.140395552160258,0.342990342990343,-3,76,1
2024-25,2025-05-06,Semi-finals,Inter,Barcelona,H,H,42.805144526638074,21.14976906704585,36.04508640631609,Home Win,True,42.805144526638074,6.760058120321986,40-50%,20-25%,Correct,6.760058120321986,5-10%,5-10%,2025-05-06|Inter|Barcelona,-0.7392607392607393,-0.0243090243090242,0.3191808191808192,1.0341325341325345,-0.1425241425241425,0.0657894736842105,1,-76,0
2024-25,2025-05-07,Semi-finals,Paris SG,Arsenal,H,H,61.72408552128543,18.90330186655352,19.372612612161063,Home Win,True,61.72408552128543,42.35147290912437,60-70%,15-20%,Correct,42.35147290912437,40-50%,40-50%,2025-05-07|Paris SG|Arsenal,0.1402142161635833,0.1405063291139239,0.8364167478091531,0.8367088607594937,0.0095423563777994,0.1734775641025641,-1,51,0
2024-25,2025-05-31,Final,Paris SG,Inter,H,H,58.592249221009965,17.944450772370388,23.463300006619654,Home Win,True,58.592249221009965,35.12894921439031,50-60%,15-20%,Correct,35.12894921439031,30-40%,30-40%,2025-05-31|Paris SG|Inter,0.6206396753309498,0.052662092955841,0.9244371436853802,0.3564595613102714,0.0762392501690985,0.2153846153846154,1,52,-1
2025-26,2025-09-16,League phase,Athletic Club,Arsenal,A,A,26.42645454386427,26.42123173445788,47.15231372167786,Away Win,True,47.15231372167786,20.725859177813586,40-50%,25-30%,Correct,20.725859177813586,20-30%,20-30%,2025-09-16|Athletic Club|Arsenal,-1.0916666666666668,0.25,-0.4166666666666666,0.925,-0.2041666666666666,-0.0916666666666666,-1,-74,233
2025-26,2025-09-16,League phase,Benfica,Qarabağ,A,H,59.3322220326091,21.297491874106882,19.370286093283994,Home Win,False,59.3322220326091,38.03473015850222,50-60%,20-25%,Away vs Home,39.96193593932511,30-40%,30-40%,2025-09-16|Benfica|Qarabağ,1.0185185185185186,0.8240740740740742,-0.9814814814814816,-1.175925925925926,0.3611111111111111,0.4259259259259259,5,102,-176
2025-26,2025-09-16,League phase,Juventus,Dortmund,D,H,44.945654569058604,19.87653446773481,35.17781096320658,Home Win,False,44.945654569058604,9.767843605852022,40-50%,15-20%,Missed Draw,9.767843605852022,5-10%,5-10%,2025-09-16|Juventus|Dortmund,-0.1984848484848485,0.2734848484848486,0.2265151515151513,0.6984848484848485,0.0431818181818182,0.2173123486682808,-1,-10,55
2025-26,2025-09-16,League phase,PSV,Union SG,A,H,58.580392209197186,24.673280551008762,16.746327239794066,Home Win,False,58.580392209197186,33.90711165818843,50-60%,20-25%,Away vs Home,41.834064969403116,40-50%,30-40%,2025-09-16|PSV|Union SG,1.25,-1.7,1.25,-1.7,0.25,0.4,7,40,188
2025-26,2025-09-16,League phase,Real Madrid,Marseille,H,H,66.76827675055705,16.196207929114106,17.03551532032886,Home Win,True,66.76827675055705,49.732761430228194,60-70%,15-20%,Correct,49.732761430228194,40-50%,40-50%,2025-09-16|Real Madrid|Marseille,1.25,0.3222222222222222,0.8888888888888888,-0.0388888888888889,0.35,0.4555555555555555,0,144,-212
2025-26,2025-09-16,League phase,Tottenham,Villarreal,H,H,51.49291690291285,19.963461490711047,28.543621606376103,Home Win,True,51.49291690291285,22.94929529653675,50-60%,15-20%,Correct,22.94929529653675,20-30%,20-30%,2025-09-16|Tottenham|Villarreal,0.4570230607966457,0.2704402515723272,0.0125786163522012,-0.1740041928721172,0.1561844863731656,0.2222222222222222,1,35,0
2025-26,2025-09-17,League phase,Liverpool,Atlético Madrid,H,H,53.40713557442347,20.02398635275701,26.56887807281952,Home Win,True,53.40713557442347,26.83825750160395,50-60%,20-25%,Correct,26.83825750160395,20-30%,20-30%,2025-09-17|Liverpool|Atlético Madrid,0.6008588298443369,-0.1088566827697263,1.0965110037573804,0.3867954911433171,0.1005904455179818,0.2940677966101695,-3,-34,1
2025-26,2025-09-17,League phase,Bayern Munich,Chelsea,H,H,61.48886472342057,19.68060381453953,18.8305314620399,Home Win,True,61.48886472342057,41.80826090888104,60-70%,15-20%,Correct,42.65833326138067,40-50%,40-50%,2025-09-17|Bayern Munich|Chelsea,0.578635182465258,-0.0103378149361653,1.4654276352954465,0.8764546378940232,0.1448988814823184,0.3175248419150858,2,61,-211
2025-26,2025-09-17,League phase,Ajax,Inter,A,H,41.70410321694436,23.758674916103313,34.53722186695233,Home Win,False,41.70410321694436,7.166881349992032,40-50%,20-25%,Away vs Home,7.166881349992032,5-10%,5-10%,2025-09-17|Ajax|Inter,0.1360294117647058,-0.2705882352941178,0.3735294117647059,-0.0330882352941177,-0.0779411764705882,0.0215208034433285,-5,-12,256
2025-26,2025-09-17,League phase,Olympiacos,Pafos FC,D,H,59.34503890536577,21.294858697969925,19.36010239666431,Home Win,False,59.34503890536577,38.05018020739584,50-60%,20-25%,Missed Draw,39.98493650870146,30-40%,30-40%,2025-09-17|Olympiacos|Pafos FC,1.18,-1.78,1.18,-1.78,0.36,0.52,0,50,365
2025-26,2025-09-17,League phase,Paris SG,Atalanta,H,H,63.711558608455036,18.353023450819432,17.935417940725547,Home Win,True,63.711558608455036,45.3585351576356,60-70%,15-20%,Correct,45.77614066772949,40-50%,40-50%,2025-09-17|Paris SG|Atalanta,0.2196969696969697,0.5454545454545456,0.4621212121212121,0.7878787878787881,0.1969696969696969,0.1212121212121212,8,99,-102
2025-26,2025-09-17,League phase,Slavia Prague,Bodø/Glimt,D,H,57.49747089330668,21.042115021961312,21.46041408473201,Home Win,False,57.49747089330668,36.03705680857466,50-60%,20-25%,Missed Draw,36.03705680857466,30-40%,30-40%,2025-09-17|Slavia Prague|Bodø/Glimt,0.6666666666666666,-1.6666666666666667,0.6666666666666666,-1.6666666666666667,0.0,0.0,1,6,365
2025-26,2025-09-18,League phase,Club Brugge,Monaco,H,A,32.10669786060018,28.122571044851902,39.770731094547926,Away Win,False,39.770731094547926,7.664033233947748,<40%,25-30%,Home vs Away,7.664033233947748,5-10%,5-10%,2025-09-18|Club Brugge|Monaco,-0.2645454545454546,-0.1836363636363636,-0.6963636363636365,-0.6154545454545455,-0.0781818181818181,0.0127272727272727,2,6,-22
2025-26,2025-09-18,League phase,FC Copenhagen,Leverkusen,D,A,26.881496830165712,27.68945620308913,45.429046966745155,Away Win,False,45.429046966745155,17.739590763656025,40-50%,25-30%,Missed Draw,18.547550136579442,15-20%,15-20%,2025-09-18|FC Copenhagen|Leverkusen,-0.3970588235294118,0.0549019607843135,-0.6137254901960784,-0.161764705882353,-0.1147058823529411,0.1862745098039216,1,-26,174
2025-26,2025-09-18,League phase,Frankfurt,Galatasaray,H,A,32.451107339781096,28.578362626859068,38.97053003335984,Away Win,False,38.97053003335984,6.519422693578747,<40%,25-30%,Home vs Away,6.519422693578747,5-10%,5-10%,2025-09-18|Frankfurt|Galatasaray,-0.1458333333333332,0.3541666666666667,-1.1041666666666667,-0.6041666666666667,0.1666666666666666,0.0833333333333333,2,-40,0
2025-26,2025-09-18,League phase,Manchester City,Napoli,H,H,54.83265626794163,19.097714742593645,26.06962898946472,Home Win,True,54.83265626794163,28.76302727847691,50-60%,15-20%,Correct,28.76302727847691,20-30%,20-30%,2025-09-18|Manchester City|Napoli,0.3592592592592591,0.1166666666666667,0.8092592592592591,0.5666666666666667,0.0888888888888889,0.3188405797101449,-2,75,-154
2025-26,2025-09-18,League phase,Newcastle,Barcelona,A,A,22.617588194485812,23.11391546011158,54.2684963454026,Away Win,True,54.2684963454026,31.154580885291022,50-60%,20-25%,Correct,31.65090815091679,30-40%,30-40%,2025-09-18|Newcastle|Barcelona,-1.1677419354838712,-0.0440860215053764,-0.1225806451612903,1.0010752688172044,-0.446236559139785,-0.1471861471861472,-3,-149,230
2025-26,2025-09-18,League phase,Sporting CP,FC Kairat,H,H,60.491994381737655,21.849787484116383,17.658218134145958,Home Win,True,60.491994381737655,38.64220689762127,60-70%,20-25%,Correct,42.8337762475917,40-50%,30-40%,2025-09-18|Sporting CP|FC Kairat,1.4285714285714286,-1.6666666666666667,1.4285714285714286,-1.6666666666666667,0.3095238095238095,0.4285714285714285,2,42,211
2025-26,2025-09-30,League phase,Atalanta,Club Brugge,H,H,48.817720611366056,25.108726153616185,26.073553235017755,Home Win,True,48.817720611366056,22.7441673763483,40-50%,25-30%,Correct,22.7441673763483,20-30%,20-30%,2025-09-30|Atalanta|Club Brugge,0.8235294117647058,0.0980392156862746,0.0196078431372548,-0.7058823529411764,0.0980392156862745,-0.0047058823529411,-5,-17,1
2025-26,2025-09-30,League phase,Atlético Madrid,Frankfurt,H,H,60.85383110588671,21.536095355023672,17.61007353908962,Home Win,True,60.85383110588671,39.31773575086304,60-70%,20-25%,Correct,43.24375756679709,40-50%,30-40%,2025-09-30|Atlético Madrid|Frankfurt,0.132183908045977,0.5727969348659004,-0.0900383141762453,0.3505747126436781,0.0555555555555555,0.1607142857142857,0,107,1
2025-26,2025-09-30,League phase,Chelsea,Benfica,H,H,57.13222927975454,19.459709510996507,23.408061209248952,Home Win,True,57.13222927975454,33.724168070505584,50-60%,15-20%,Correct,33.724168070505584,30-40%,30-40%,2025-09-30|Chelsea|Benfica,0.4926691245820114,0.5322815742090371,0.3275315099031124,0.3671439595301381,0.174912115236217,0.3190883190883191,-1,-2,-1
2025-26,2025-09-30,League phase,Bodø/Glimt,Tottenham,D,A,31.660576435894683,24.416394506048512,43.9230290580568,Away Win,False,43.9230290580568,12.262452622162115,40-50%,20-25%,Missed Draw,12.262452622162115,10-15%,10-15%,2025-09-30|Bodø/Glimt|Tottenham,0.3333333333333332,-0.6296296296296295,0.6296296296296295,-0.3333333333333332,-0.4444444444444444,-0.3076923076923077,-7,-53,-1
2025-26,2025-09-30,League phase,FC Kairat,Real Madrid,A,A,17.331259695926473,22.197898218667305,60.470842085406204,Away Win,True,60.470842085406204,38.2729438667389,60-70%,20-25%,Correct,43.13958238947973,40-50%,30-40%,2025-09-30|FC Kairat|Real Madrid,-1.276243093922652,-2.9337016574585637,-0.0662983425414365,-1.723756906077348,-0.6574585635359116,-0.5777777777777777,-6,-180,-2
2025-26,2025-09-30,League phase,Marseille,Ajax,H,A,35.55288693984707,25.252315378015965,39.19479768213696,Away Win,False,39.19479768213696,3.6419107422898875,<40%,25-30%,Home vs Away,3.6419107422898875,0-5%,0-5%,2025-09-30|Marseille|Ajax,-0.5236976106541325,0.0728554641598118,-0.4512338425381903,0.1453192322757539,-0.0940070505287896,-0.0490196078431372,3,-32,1
2025-26,2025-09-30,League phase,Galatasaray,Liverpool,H,A,20.170191020440864,17.77503347819696,62.05477550136218,Away Win,False,62.05477550136218,41.88458448092132,60-70%,15-20%,Home vs Away,41.88458448092132,40-50%,40-50%,2025-09-30|Galatasaray|Liverpool,-1.052762568442011,-0.9554504728720756,-0.0649576903932305,0.0323544051767048,-0.4056744649079143,-0.3109756097560976,-8,-33,-1
2025-26,2025-09-30,League phase,Pafos FC,Bayern Munich,A,A,19.805309760282526,17.734960302980507,62.45972993673696,Away Win,True,62.45972993673696,42.65442017645444,60-70%,15-20%,Correct,42.65442017645444,40-50%,40-50%,2025-09-30|Pafos FC|Bayern Munich,-2.4404761904761907,0.9821428571428572,-0.9821428571428572,2.4404761904761907,-0.6845238095238095,-0.5882352941176471,-9,-167,0
2025-26,2025-09-30,League phase,Inter,Slavia Prague,H,H,61.17478494282016,22.938778446458798,15.88643661072105,Home Win,True,61.17478494282016,38.23600649636136,60-70%,20-25%,Correct,45.28834833209911,40-50%,30-40%,2025-09-30|Inter|Slavia Prague,0.5873015873015873,0.5291005291005291,-0.2698412698412697,-0.328042328042328,0.4814814814814814,0.5641025641025641,6,74,0
2025-26,2025-10-01,League phase,Barcelona,Paris SG,A,H,57.988946446632525,19.74106897096425,22.26998458240322,Home Win,False,57.988946446632525,35.7189618642293,50-60%,15-20%,Away vs Home,35.7189618642293,30-40%,30-40%,2025-10-01|Barcelona|Paris SG,0.0538847117794483,-0.0390881048775786,1.0839598997493731,0.9909870830923464,0.0514748409485251,0.2435897435897436,-5,23,-1
2025-26,2025-10-01,League phase,Dortmund,Athletic Club,H,H,59.52841207374118,18.673350089410565,21.798237836848244,Home Win,True,59.52841207374118,37.730174236892935,50-60%,15-20%,Correct,37.730174236892935,30-40%,30-40%,2025-10-01|Dortmund|Athletic Club,1.0212514757969302,-0.1711924439197167,0.5926800472255018,-0.5997638724911453,0.1853600944510035,0.2240437158469945,2,114,0
2025-26,2025-10-01,League phase,Leverkusen,PSV,D,H,40.630932111793285,25.618231738609698,33.75083614959702,Home Win,False,40.630932111793285,6.880095962196265,40-50%,25-30%,Missed Draw,6.880095962196265,5-10%,5-10%,2025-10-01|Leverkusen|PSV,0.0183926429428229,0.2562974810075968,-0.4694122351059575,-0.2315073970411836,0.1003598560575769,0.4333333333333333,0,20,-2
2025-26,2025-10-01,League phase,Monaco,Manchester City,D,A,24.66507192395106,19.60492255396813,55.7300055220808,Away Win,False,55.7300055220808,31.06493359812974,50-60%,15-20%,Missed Draw,31.06493359812974,30-40%,30-40%,2025-10-01|Monaco|Manchester City,-0.925,-0.4977124183006536,0.0088235294117646,0.4361111111111111,-0.2477124183006536,-0.0454545454545454,-2,-91,0
2025-26,2025-10-01,League phase,Arsenal,Olympiacos,H,H,66.60485475034507,17.734146452625122,15.660998797029812,Home Win,True,66.60485475034507,48.87070829771994,60-70%,15-20%,Correct,50.94385595331526,50%+,40-50%,2025-10-01|Arsenal|Olympiacos,0.7690631808278865,0.5105301379811185,0.1808278867102395,-0.0777051561365285,0.1902687000726216,0.45,8,30,1
2025-26,2025-10-01,League phase,Qarabağ,FC Copenhagen,H,A,30.11056788275212,26.415654890845612,43.47377722640228,Away Win,False,43.47377722640228,13.363209343650155,40-50%,25-30%,Home vs Away,13.363209343650155,10-15%,10-15%,2025-10-01|Qarabağ|FC Copenhagen,-0.1714285714285713,-0.857142857142857,-0.7142857142857143,-1.4,-0.0857142857142857,-0.1176470588235294,0,-28,2
2025-26,2025-10-01,League phase,Union SG,Newcastle,A,H,68.10363988731483,15.963574885674864,15.932785227010305,Home Win,False,68.10363988731483,52.14006500163996,60-70%,15-20%,Away vs Home,52.17085466030452,50%+,50%+,2025-10-01|Union SG|Newcastle,2.0,0.2857142857142858,1.7142857142857142,0.0,0.8571428571428572,0.0,2,-6,2
2025-26,2025-10-01,League phase,Villarreal,Juventus,D,A,24.491348990263386,20.617905341183892,54.89074566855272,Away Win,False,54.89074566855272,30.39939667828933,50-60%,20-25%,Missed Draw,30.39939667828933,30-40%,30-40%,2025-10-01|Villarreal|Juventus,-0.3826458036984352,-0.586533902323376,0.1128496917970602,-0.0910384068278804,-0.2503556187766714,-0.2037037037037037,-1,-92,0
2025-26,2025-10-01,League phase,Napoli,Sporting CP,H,H,54.52216817544894,22.00354479311397,23.474287031437086,Home Win,True,54.52216817544894,31.047881144011853,50-60%,20-25%,Correct,31.047881144011853,30-40%,30-40%,2025-10-01|Napoli|Sporting CP,0.249332825009531,0.3232939382386581,0.0865421273351123,0.1605032405642394,0.1334349980937857,0.4095238095238095,-1,18,0
2025-26,2025-10-21,League phase,Leverkusen,Paris SG,A,A,24.864540623207265,19.928440399440852,55.20701897735189,Away Win,True,55.20701897735189,30.342478354144628,50-60%,15-20%,Correct,30.342478354144628,30-40%,30-40%,2025-10-21|Leverkusen|Paris SG,-0.8538757823784306,-0.3856523832450651,0.1759749638902263,0.6441983630235919,-0.2284545016851227,0.0086663456909003,-10,-72,0
2025-26,2025-10-21,League phase,Arsenal,Atlético Madrid,H,H,55.19425197578135,18.41275398072584,26.392994043492806,Home Win,True,55.19425197578135,28.801257932288543,50-60%,15-20%,Correct,28.801257932288543,20-30%,20-30%,2025-10-21|Arsenal|Atlético Madrid,0.4311027725661871,-0.2366062122159683,0.9439232853867,0.2762143006045445,0.0445069835313738,0.3085365853658537,0,-35,-1
2025-26,2025-10-21,League phase,Barcelona,Olympiacos,H,H,69.67734954769445,15.429778363986996,14.89287208831857,Home Win,True,69.67734954769445,54.24757118370745,60-70%,15-20%,Correct,54.78447745937588,50%+,50%+,2025-10-21|Barcelona|Olympiacos,1.0246202841744243,0.6226114649681529,0.4092356687898091,0.0072268495835374,0.26531112199902,0.5418695228821812,3,105,0
2025-26,2025-10-21,League phase,FC Kairat,Pafos FC,D,H,50.25403183458528,24.32151877329101,25.42444939212371,Home Win,False,50.25403183458528,24.829582442461568,50-60%,20-25%,Missed Draw,24.829582442461568,20-30%,20-30%,2025-10-21|FC Kairat|Pafos FC,0.0,-2.0,-2.0,-4.0,0.0,0.0,-1,0,0
2025-26,2025-10-21,League phase,FC Copenhagen,Dortmund,A,A,21.239349403018988,19.92295033035547,58.83770026662554,Away Win,True,58.83770026662554,37.598350863606555,50-60%,15-20%,Correct,37.598350863606555,30-40%,30-40%,2025-10-21|FC Copenhagen|Dortmund,-0.8929872495446265,-0.1329690346083789,-0.4503642987249543,0.3096539162112932,-0.2531876138433515,-0.05,-6,-86,0
2025-26,2025-10-21,League phase,PSV,Napoli,H,A,26.88506290795833,20.390446527335424,52.72449056470624,Away Win,False,52.72449056470624,25.839427656747908,50-60%,20-25%,Home vs Away,25.839427656747908,20-30%,20-30%,2025-10-21|PSV|Napoli,-0.5038402457757296,-0.3917050691244239,-0.0844854070660521,0.0276497695852535,-0.2296466973886328,0.0583717357910906,-2,-20,0
2025-26,2025-10-21,League phase,Union SG,Inter,A,A,31.714306600743942,27.691606129598608,40.59408726965746,Away Win,True,40.59408726965746,8.879780668913515,40-50%,25-30%,Correct,8.879780668913515,5-10%,5-10%,2025-10-21|Union SG|Inter,0.0365853658536585,-1.329268292682927,0.3292682926829269,-1.0365853658536586,0.0121951219512195,-0.4047619047619047,-7,-80,-1
2025-26,2025-10-21,League phase,Villarreal,Manchester City,A,A,20.496625583842118,17.97268148720586,61.530692928952014,Away Win,True,61.530692928952014,41.0340673451099,60-70%,15-20%,Correct,41.0340673451099,40-50%,40-50%,2025-10-21|Villarreal|Manchester City,-0.924087591240876,-0.4529197080291969,0.0029197080291969,0.4740875912408762,-0.3047445255474452,-0.2477611940298507,-5,-117,0
2025-26,2025-10-21,League phase,Newcastle,Benfica,H,H,47.97004999596777,21.07118821990602,30.958761784126203,Home Win,True,47.97004999596777,17.011288211841567,40-50%,20-25%,Correct,17.011288211841567,15-20%,15-20%,2025-10-21|Newcastle|Benfica,0.0295454545454545,0.3931818181818181,-0.143181818181818,0.2204545454545454,-0.1045454545454545,-0.0409090909090908,3,-102,-1
2025-26,2025-10-22,League phase,Real Madrid,Juventus,H,H,64.21121581016529,17.6420963996708,18.146687790163906,Home Win,True,64.21121581016529,46.064528020001376,60-70%,15-20%,Correct,46.064528020001376,40-50%,40-50%,2025-10-22|Real Madrid|Juventus,0.7465659340659339,-0.0068681318681318,1.2376373626373625,0.4842032967032967,0.1504120879120879,0.3180819180819181,1,70,1
2025-26,2025-10-22,League phase,Monaco,Tottenham,D,A,24.16743139431674,20.272510769316227,55.56005783636704,Away Win,False,55.56005783636704,31.392626442050297,50-60%,20-25%,Missed Draw,31.392626442050297,30-40%,30-40%,2025-10-22|Monaco|Tottenham,-0.4553359683794464,-0.3138339920948616,-0.1644268774703556,-0.0229249011857708,-0.1320158102766798,0.0950080515297907,-6,-9,-1
2025-26,2025-10-22,League phase,Galatasaray,Bodø/Glimt,H,H,43.901106309679115,27.095516055513478,29.00337763480741,Home Win,True,43.901106309679115,14.897728674871704,40-50%,25-30%,Correct,14.897728674871704,10-15%,10-15%,2025-10-22|Galatasaray|Bodø/Glimt,-0.98,0.0,-0.98,0.0,0.22,0.28,2,48,0
2025-26,2025-10-22,League phase,Frankfurt,Liverpool,A,A,24.913499412536915,18.643599025822546,56.44290156164053,Away Win,True,56.44290156164053,31.529402149103618,50-60%,15-20%,Correct,31.529402149103618,30-40%,30-40%,2025-10-22|Frankfurt|Liverpool,-0.7481927710843375,-0.8156626506024096,0.2156626506024097,0.1481927710843376,-0.2024096385542169,-0.1476190476190476,0,-73,0
2025-26,2025-10-22,League phase,Athletic Club,Qarabağ,H,H,46.369392431244485,25.001927690613968,28.62867987814155,Home Win,True,46.369392431244485,17.740712553102934,40-50%,25-30%,Correct,17.740712553102934,15-20%,15-20%,2025-10-22|Athletic Club|Qarabağ,-0.125,0.5,-1.25,-0.625,0.0,0.0,-1,0,0
2025-26,2025-10-22,League phase,Bayern Munich,Club Brugge,H,H,69.10590968292384,15.228474630026556,15.665615687049605,Home Win,True,69.10590968292384,53.44029399587423,60-70%,15-20%,Correct,53.44029399587423,50%+,50%+,2025-10-22|Bayern Munich|Club Brugge,1.4556213017751478,0.8254437869822485,0.6479289940828401,0.0177514792899408,0.4363905325443786,0.5523632993512511,4,117,0
2025-26,2025-10-22,League phase,Atalanta,Slavia Prague,D,H,63.604000362697874,18.88103080399848,17.514968833303644,Home Win,False,63.604000362697874,44.72296955869939,60-70%,15-20%,Missed Draw,46.089031529394234,40-50%,40-50%,2025-10-22|Atalanta|Slavia Prague,1.0785714285714283,0.1892857142857142,-0.0464285714285714,-0.9357142857142856,0.3714285714285714,0.2777777777777778,2,27,0
2025-26,2025-10-22,League phase,Sporting CP,Marseille,H,H,47.74811259304791,23.181844054374313,29.07004335257778,Home Win,True,47.74811259304791,18.678069240470126,40-50%,20-25%,Correct,18.678069240470126,15-20%,15-20%,2025-10-22|Sporting CP|Marseille,0.3720095693779903,-0.2906698564593302,0.1088516746411483,-0.5538277511961722,0.0023923444976076,0.1913875598086124,-1,6,-1
2025-26,2025-10-22,League phase,Chelsea,Ajax,H,H,64.50078036285427,17.476282954695986,18.022936682449735,Home Win,True,64.50078036285427,46.47784368040453,60-70%,15-20%,Correct,46.47784368040453,40-50%,40-50%,2025-10-22|Chelsea|Ajax,0.3140211640211641,0.5328042328042327,0.3283068783068783,0.547089947089947,0.1513227513227513,0.2512129380053908,3,38,0
2025-26,2025-11-04,League phase,Napoli,Frankfurt,D,H,61.9383594934412,21.673671109451337,16.387969397107476,Home Win,False,61.9383594934412,40.26468838398986,60-70%,20-25%,Missed Draw,45.55039009633372,40-50%,40-50%,2025-11-04|Napoli|Frankfurt,0.4733044733044733,0.7849927849927849,-0.4357864357864356,-0.124098124098124,0.0966810966810966,0.2129032258064516,1,52,1
2025-26,2025-11-04,League phase,Liverpool,Real Madrid,H,H,50.91873940427294,24.02416169203793,25.05709890368913,Home Win,True,50.91873940427294,25.86164050058381,50-60%,20-25%,Correct,25.86164050058381,20-30%,20-30%,2025-11-04|Liverpool|Real Madrid,-0.2008196721311472,-0.0286885245901638,1.028688524590164,1.2008196721311477,-0.0540593286494925,0.0761190029482712,0,-99,0
2025-26,2025-11-04,League phase,Atlético Madrid,Union SG,H,H,68.22012064275737,18.19922332218134,13.580656035061288,Home Win,True,68.22012064275737,50.020897320576026,60-70%,15-20%,Correct,54.63946460769608,50%+,50%+,2025-11-04|Atlético Madrid|Union SG,0.4830508474576271,1.9915254237288136,-1.5169491525423728,-0.0084745762711864,0.1666666666666666,-0.3333333333333333,3,115,0
2025-26,2025-11-04,League phase,Olympiacos,PSV,D,A,30.12816471852687,24.96493602756224,44.906899253910886,Away Win,False,44.906899253910886,14.778734535384014,40-50%,20-25%,Missed Draw,14.778734535384014,10-15%,10-15%,2025-11-04|Olympiacos|PSV,-0.2167617376042123,-0.1092584466871435,-0.5888547608600263,-0.4813514699429575,0.0838086880210618,0.4047619047619047,-4,10,0
2025-26,2025-11-04,League phase,Juventus,Sporting CP,D,H,54.918385049634,21.709075733447875,23.372539216918124,Home Win,False,54.918385049634,31.545845832715873,50-60%,20-25%,Missed Draw,31.545845832715873,30-40%,30-40%,2025-11-04|Juventus|Sporting CP,0.0420845624385446,0.5913470993117009,-0.1134709931170108,0.4357915437561455,0.1710914454277286,0.4146730462519936,-2,68,0
2025-26,2025-11-04,League phase,Paris SG,Bayern Munich,A,H,42.40124630755201,22.589836004678048,35.008917687769944,Home Win,False,42.40124630755201,7.392328619782063,40-50%,20-25%,Away vs Home,7.392328619782063,5-10%,5-10%,2025-11-04|Paris SG|Bayern Munich,-0.3165577342047929,-0.1124183006535947,1.1716775599128542,1.3758169934640525,-0.1178649237472766,0.0338424158278375,5,-35,1
2025-26,2025-11-04,League phase,Bodø/Glimt,Monaco,A,H,41.06403240523182,22.78808176477078,36.147885829997406,Home Win,False,41.06403240523182,4.916146575234414,40-50%,20-25%,Away vs Home,4.916146575234414,0-5%,0-5%,2025-11-04|Bodø/Glimt|Monaco,0.4751773049645391,-0.6737588652482271,0.0070921985815604,-1.141843971631206,-0.2978723404255319,-0.217391304347826,-1,-44,0
2025-26,2025-11-04,League phase,Slavia Prague,Arsenal,A,A,20.382777776857335,19.14510940529976,60.472112817842905,Away Win,True,60.472112817842905,40.089335040985574,60-70%,15-20%,Correct,40.089335040985574,40-50%,40-50%,2025-11-04|Slavia Prague|Arsenal,-1.285140562248996,-0.4618473895582329,-0.5381526104417672,0.285140562248996,-0.5542168674698795,-0.4390243902439024,-7,-74,-1
2025-26,2025-11-04,League phase,Tottenham,FC Copenhagen,H,H,58.18052136475148,21.319214339451893,20.500264295796633,Home Win,True,58.18052136475148,36.86130702529958,50-60%,20-25%,Correct,37.680257068954845,30-40%,30-40%,2025-11-04|Tottenham|FC Copenhagen,0.7509652509652509,0.1563706563706564,0.1293436293436292,-0.4652509652509653,0.2123552123552123,0.4603174603174603,5,19,-1
2025-26,2025-11-05,League phase,Ajax,Galatasaray,A,H,47.62325714548392,23.748165485262646,28.62857736925343,Home Win,False,47.62325714548392,18.994679776230488,40-50%,20-25%,Away vs Home,18.994679776230488,15-20%,15-20%,2025-11-05|Ajax|Galatasaray,0.4623032311516155,0.4170118751726044,-0.4592653962993649,-0.504556752278376,0.1449875724937862,0.24,-4,20,0
2025-26,2025-11-05,League phase,Benfica,Leverkusen,A,H,44.791249868444716,20.59785310270172,34.610897028853564,Home Win,False,44.791249868444716,10.180352839591151,40-50%,20-25%,Away vs Home,10.180352839591151,10-15%,10-15%,2025-11-05|Benfica|Leverkusen,0.0634920634920634,0.0240240240240241,-0.2222222222222223,-0.2616902616902616,0.018018018018018,0.2568914956011729,-2,48,0
2025-26,2025-11-05,League phase,Club Brugge,Barcelona,D,A,20.684241475589012,17.03278504356544,62.28297348084555,Away Win,False,62.28297348084555,41.59873200525654,60-70%,15-20%,Missed Draw,41.59873200525654,40-50%,40-50%,2025-11-05|Club Brugge|Barcelona,-1.2024122283257703,-0.7224743252925723,-0.1454502030093145,0.3344877000238835,-0.3686410317649869,-0.2179487179487179,-4,-105,-1
2025-26,2025-11-05,League phase,Inter,FC Kairat,H,H,73.26845729340853,15.595910913517066,11.135631793074399,Home Win,True,73.26845729340853,57.672546379891465,70-80%,15-20%,Correct,62.132825500334135,50%+,50%+,2025-11-05|Inter|FC Kairat,1.1606425702811245,1.843373493975904,-1.5060240963855422,-0.8232931726907631,0.4939759036144578,0.575,11,80,0
2025-26,2025-11-05,League phase,Manchester City,Dortmund,H,H,62.22719698306002,18.09031857471081,19.682484442229168,Home Win,True,62.22719698306002,42.54471254083085,60-70%,15-20%,Correct,42.54471254083085,40-50%,40-50%,2025-11-05|Manchester City|Dortmund,0.3508306822198657,0.1286673736302581,0.8061152350653942,0.5839519264757866,0.0782962177447861,0.2637002341920375,-3,15,0
2025-26,2025-11-05,League phase,Marseille,Atalanta,A,A,33.881500564824,24.762356902955723,41.35614253222029,Away Win,True,41.35614253222029,7.474641967396288,40-50%,20-25%,Correct,7.474641967396288,5-10%,5-10%,2025-11-05|Marseille|Atalanta,-0.675213675213675,0.2542735042735042,-0.5363247863247862,0.3931623931623931,-0.0534188034188033,-0.1021671826625387,-1,3,0
2025-26,2025-11-05,League phase,Newcastle,Athletic Club,H,H,58.32505346237025,21.116045955292545,20.55890058233721,Home Win,True,58.32505346237025,37.2090075070777,50-60%,20-25%,Correct,37.76615288003304,30-40%,30-40%,2025-11-05|Newcastle|Athletic Club,0.5555555555555556,0.4444444444444444,0.1111111111111111,0.0,0.0,0.15,-2,0,1
2025-26,2025-11-05,League phase,Pafos FC,Villarreal,H,A,34.613899588876585,26.840317504898646,38.54578290622477,Away Win,False,38.54578290622477,3.9318833173481877,<40%,25-30%,Home vs Away,3.9318833173481877,0-5%,0-5%,2025-11-05|Pafos FC|Villarreal,-0.8095238095238095,0.0,-1.3333333333333337,-0.523809523809524,-0.238095238095238,-0.3,1,-18,0
2025-26,2025-11-05,League phase,Qarabağ,Chelsea,D,A,19.72673833095072,18.508510034827005,61.76475163422227,Away Win,False,61.76475163422227,42.038013303271555,60-70%,15-20%,Missed Draw,42.038013303271555,40-50%,40-50%,2025-11-05|Qarabağ|Chelsea,-0.9826707441386342,-1.129459734964322,-0.0927624872579001,-0.2395514780835881,-0.3190621814475025,-0.2045454545454545,0,-100,0
2025-26,2025-11-25,League phase,Chelsea,Barcelona,H,H,44.636899955103274,20.143973541258546,35.21912650363819,Home Win,True,44.636899955103274,9.41777345146508,40-50%,20-25%,Correct,9.41777345146508,5-10%,5-10%,2025-11-25|Chelsea|Barcelona,-0.315951972555746,0.1474556889651228,0.734362492853059,1.197770154373928,-0.0736992567181246,0.1486169714017815,0,-49,0
2025-26,2025-11-25,League phase,Ajax,Benfica,A,H,51.76801494350167,20.354406959090987,27.877578097407334,Home Win,False,51.76801494350167,23.890436846094335,50-60%,20-25%,Away vs Home,23.890436846094335,20-30%,20-30%,2025-11-25|Ajax|Benfica,0.1785714285714286,-0.056547619047619,-0.0267857142857141,-0.2619047619047618,0.0267857142857143,0.1031746031746032,3,-40,0
2025-26,2025-11-25,League phase,Dortmund,Villarreal,H,H,61.15566941190714,18.298447788492762,20.545882799600086,Home Win,True,61.15566941190714,40.609786612307055,60-70%,15-20%,Correct,40.609786612307055,40-50%,40-50%,2025-11-25|Dortmund|Villarreal,0.6752199413489737,0.2976539589442817,0.129765395894428,-0.2478005865102639,0.2485337243401759,0.2917888563049854,9,102,0
2025-26,2025-11-25,League phase,Galatasaray,Union SG,A,H,56.83652328985175,21.104359910220776,22.059116799927477,Home Win,False,56.83652328985175,34.777406489924275,50-60%,20-25%,Away vs Home,34.777406489924275,30-40%,30-40%,2025-11-25|Galatasaray|Union SG,0.0961538461538462,1.0576923076923077,-1.9038461538461535,-0.9423076923076924,0.0,-0.1923076923076923,6,48,-1
2025-26,2025-11-25,League phase,Bodø/Glimt,Juventus,A,A,26.168947758888056,23.99069130796285,49.84036093314909,Away Win,True,49.84036093314909,23.671413174261037,40-50%,20-25%,Correct,23.671413174261037,20-30%,20-30%,2025-11-25|Bodø/Glimt|Juventus,-0.2763157894736843,-0.9473684210526316,0.1973684210526316,-0.4736842105263157,-0.5,-0.4107142857142857,-1,-110,0
2025-26,2025-11-25,League phase,Marseille,Newcastle,H,A,32.17750888305092,22.486575197748355,45.335915919200716,Away Win,False,45.335915919200716,13.158407036149796,40-50%,20-25%,Home vs Away,13.158407036149796,10-15%,10-15%,2025-11-25|Marseille|Newcastle,-0.5250000000000001,-0.475,0.1749999999999999,0.2250000000000001,-0.1,0.0999999999999999,-6,30,0
2025-26,2025-11-25,League phase,Napoli,Qarabağ,H,H,57.26915838297874,21.32621370771519,21.404627909306072,Home Win,True,57.26915838297874,35.864530473672666,50-60%,20-25%,Correct,35.864530473672666,30-40%,30-40%,2025-11-25|Napoli|Qarabağ,0.71875,0.7250000000000001,-0.3812500000000001,-0.375,0.253125,0.39375,-3,54,1
2025-26,2025-11-25,League phase,Manchester City,Leverkusen,A,H,63.44698761379715,16.398899527599845,20.154112858603018,Home Win,False,63.44698761379715,43.292874755194134,60-70%,15-20%,Away vs Home,43.292874755194134,40-50%,40-50%,2025-11-25|Manchester City|Leverkusen,0.8710656474820144,0.3441996402877698,0.6054406474820144,0.0785746402877698,0.2174010791366906,0.4744718309859155,5,75,0
2025-26,2025-11-25,League phase,Slavia Prague,Athletic Club,D,A,27.352784085152283,22.957592000951923,49.68962391389579,Away Win,False,49.68962391389579,22.336839828743503,40-50%,20-25%,Missed Draw,22.336839828743503,20-30%,20-30%,2025-11-25|Slavia Prague|Athletic Club,-0.3,-0.3,-0.9,-0.9,-0.3,-0.2,-4,0,1
2025-26,2025-11-26,League phase,Atlético Madrid,Inter,H,H,53.80123494917564,17.88508331605241,28.313681734771954,Home Win,True,53.80123494917564,25.487553214403682,50-60%,15-20%,Correct,25.487553214403682,20-30%,20-30%,2025-11-26|Atlético Madrid|Inter,-0.0042016806722688,0.1463585434173668,0.3410364145658264,0.4915966386554622,0.0042016806722688,0.2538091419406575,-3,35,1
2025-26,2025-11-26,League phase,FC Copenhagen,FC Kairat,H,H,63.73343560107845,18.058796766239595,18.207767632681954,Home Win,True,63.73343560107845,45.52566796839649,60-70%,15-20%,Correct,45.52566796839649,40-50%,40-50%,2025-11-26|FC Copenhagen|FC Kairat,0.368421052631579,1.1710526315789471,-1.881578947368421,-1.0789473684210529,0.2105263157894736,0.3157894736842105,0,34,1
2025-26,2025-11-26,League phase,Frankfurt,Atalanta,A,A,26.690753035102954,23.73935675167355,49.56989021322348,Away Win,True,49.56989021322348,22.879137178120526,40-50%,20-25%,Correct,22.879137178120526,20-30%,20-30%,2025-11-26|Frankfurt|Atalanta,-0.5900900900900901,-0.4054054054054055,-0.4279279279279278,-0.2432432432432432,-0.045045045045045,-0.1666666666666666,-3,-25,1
2025-26,2025-11-26,League phase,Liverpool,PSV,A,H,68.02792675384475,16.483033226327326,15.489040019827922,Home Win,False,68.02792675384475,51.54489352751743,60-70%,15-20%,Away vs Home,52.53888673401683,50%+,50%+,2025-11-26|Liverpool|PSV,0.729679144385027,0.633957219251337,0.3660427807486632,0.2703208556149732,0.361764705882353,0.5757575757575757,3,41,0
2025-26,2025-11-26,League phase,Arsenal,Bayern Munich,H,A,34.58109179348714,21.200529860333894,44.218378346178966,Away Win,False,44.218378346178966,9.637286552691826,40-50%,20-25%,Home vs Away,9.637286552691826,5-10%,5-10%,2025-11-26|Arsenal|Bayern Munich,-0.4977025898078528,-0.2138680033416875,0.9876775271512112,1.2715121136173766,-0.1305346700083541,0.0689655172413792,-1,-87,0
2025-26,2025-11-26,League phase,Pafos FC,Monaco,D,A,32.12440710493957,23.69606911037897,44.17952378468145,Away Win,False,44.17952378468145,12.055116679741879,40-50%,20-25%,Missed Draw,12.055116679741879,10-15%,10-15%,2025-11-26|Pafos FC|Monaco,-0.6875,0.375,-1.125,-0.0625,-0.0625,0.25,-1,-44,-1
2025-26,2025-11-26,League phase,Paris SG,Tottenham,H,H,62.44560205100098,17.416701522401446,20.13769642659757,Home Win,True,62.44560205100098,42.30790562440341,60-70%,15-20%,Correct,42.30790562440341,40-50%,40-50%,2025-11-26|Paris SG|Tottenham,0.4554953560371517,0.2377450980392155,0.8063725490196079,0.5886222910216716,0.1275799793601651,0.3319327731092437,3,79,0
2025-26,2025-11-26,League phase,Sporting CP,Club Brugge,H,H,50.424761811737476,21.59604840197687,27.97918978628567,Home Win,True,50.424761811737476,22.445572025451806,50-60%,20-25%,Correct,22.445572025451806,20-30%,20-30%,2025-11-26|Sporting CP|Club Brugge,0.4597423510466987,0.2399355877616749,-0.3921095008051531,-0.611916264090177,0.0853462157809984,0.2560386473429952,4,-8,1
2025-26,2025-11-26,League phase,Olympiacos,Real Madrid,A,A,19.27722055263094,16.937410916138212,63.78536853123084,Away Win,True,63.78536853123084,44.508147978599894,60-70%,15-20%,Correct,44.508147978599894,40-50%,40-50%,2025-11-26|Olympiacos|Real Madrid,-1.1421095008051532,-0.7604669887278583,0.075281803542673,0.4569243156199678,-0.3242753623188406,-0.0946054750402576,-7,-130,0
2025-26,2025-12-09,League phase,Inter,Liverpool,A,H,43.214357856592436,21.40759118974033,35.37805095366723,Home Win,False,43.214357856592436,7.836306902925209,40-50%,20-25%,Away vs Home,7.836306902925209,5-10%,5-10%,2025-12-09|Inter|Liverpool,-0.5640218878248975,-0.0600547195622436,0.3894664842681259,0.8934336525307798,-0.110533515731874,0.0272263187748156,3,-1,0
2025-26,2025-12-09,League phase,Barcelona,Frankfurt,H,H,71.44521850700342,16.1858390842829,12.368942408713687,Home Win,True,71.44521850700342,55.259379422720514,70-80%,15-20%,Correct,59.07627609828973,50%+,50%+,2025-12-09|Barcelona|Frankfurt,1.098076923076923,0.9269230769230772,0.0980769230769227,-0.073076923076923,0.2985576923076922,0.4041666666666667,3,147,1
2025-26,2025-12-09,League phase,Bayern Munich,Sporting CP,H,H,64.47014906195177,18.980084364424574,16.549766573623646,Home Win,True,64.47014906195177,45.4900646975272,60-70%,15-20%,Correct,47.92038248832813,40-50%,40-50%,2025-12-09|Bayern Munich|Sporting CP,0.9428500742206828,0.607372587827808,0.8577436912419594,0.5222662048490847,0.3456209797130133,0.6118012422360248,2,125,0
2025-26,2025-12-09,League phase,FC Kairat,Olympiacos,A,A,27.8635186844025,23.962411073547983,48.174070242049524,Away Win,True,48.174070242049524,20.310551557647024,40-50%,20-25%,Correct,20.310551557647024,20-30%,20-30%,2025-12-09|FC Kairat|Olympiacos,-0.3636363636363635,-0.9454545454545452,-1.0545454545454545,-1.6363636363636362,-0.3272727272727272,-0.1851851851851851,-1,-50,0
2025-26,2025-12-09,League phase,Atalanta,Chelsea,H,H,42.70216893127278,22.502048314848157,34.79578275387906,Home Win,True,42.70216893127278,7.9063861773937205,40-50%,20-25%,Correct,7.9063861773937205,5-10%,5-10%,2025-12-09|Atalanta|Chelsea,-0.0934091986723566,-0.5706495969653864,0.8074917022285444,0.3302513039355146,-0.1458036984352774,-0.1832706766917293,0,-73,-1
2025-26,2025-12-09,League phase,PSV,Atlético Madrid,A,H,40.72388736074048,25.44435795383692,33.8317546854226,Home Win,False,40.72388736074048,6.892132675317875,40-50%,25-30%,Away vs Home,6.892132675317875,5-10%,5-10%,2025-12-09|PSV|Atlético Madrid,-0.1,-0.6805555555555556,0.3916666666666666,-0.1888888888888888,-0.2416666666666666,0.0648286140089419,-1,-75,0
2025-26,2025-12-09,League phase,Tottenham,Slavia Prague,H,H,65.33100849855076,20.593825654419245,14.075165847029986,Home Win,True,65.33100849855076,44.73718284413151,60-70%,20-25%,Correct,51.25584265152077,50%+,40-50%,2025-12-09|Tottenham|Slavia Prague,1.1614420062695925,0.2398119122257054,0.0705329153605014,-0.8510971786833856,0.4310344827586206,0.5862068965517241,5,47,-1
2025-26,2025-12-09,League phase,Union SG,Marseille,A,H,37.71242704792835,24.941511979545794,37.346060972525855,Home Win,False,37.71242704792835,0.366366075402496,<40%,20-25%,Away vs Home,0.366366075402496,0-5%,0-5%,2025-12-09|Union SG|Marseille,-0.0975609756097561,-1.0341463414634144,-0.3658536585365854,-1.3024390243902435,0.0829268292682927,-0.25,0,-36,0
2025-26,2025-12-09,League phase,Monaco,Galatasaray,H,H,40.15482095570256,27.385865836067037,32.4593132082304,Home Win,True,40.15482095570256,7.695507747472163,40-50%,25-30%,Correct,7.695507747472163,5-10%,5-10%,2025-12-09|Monaco|Galatasaray,0.1286099345398537,0.2918752406623026,-0.7204466692337312,-0.5571813631112823,0.0608394301116673,0.1826923076923076,-3,-4,-1
2025-26,2025-12-10,League phase,Club Brugge,Arsenal,A,A,22.496765200280468,18.0734570906941,59.42977770902542,Away Win,True,59.42977770902542,36.93301250874495,50-60%,15-20%,Correct,36.93301250874495,30-40%,30-40%,2025-12-10|Club Brugge|Arsenal,-0.9764705882352942,-0.7026737967914438,-0.188235294117647,0.0855614973262033,-0.3283422459893048,-0.1931216931216931,-11,-30,0
2025-26,2025-12-10,League phase,Dortmund,Bodø/Glimt,D,H,64.59744100030088,18.009155497483356,17.39340350221575,Home Win,False,64.59744100030088,46.58828550281752,60-70%,15-20%,Missed Draw,47.20403749808513,40-50%,40-50%,2025-12-10|Dortmund|Bodø/Glimt,0.3840000000000001,0.8720000000000001,-0.4160000000000001,0.0719999999999998,0.48,0.5714285714285714,8,120,0
2025-26,2025-12-10,League phase,Athletic Club,Paris SG,D,A,19.336200714647468,17.898562730330426,62.7652365550221,Away Win,False,62.7652365550221,43.42903584037463,60-70%,15-20%,Missed Draw,43.42903584037463,40-50%,40-50%,2025-12-10|Athletic Club|Paris SG,-1.342402123424021,-0.254147312541473,-0.2913072329130722,0.7969475779694759,-0.2966157929661579,-0.1147058823529411,-8,-126,1
2025-26,2025-12-10,League phase,Villarreal,FC Copenhagen,A,A,38.00595735324699,21.81282195575268,40.18122069100033,Away Win,True,40.18122069100033,2.1752633377533357,40-50%,20-25%,Correct,2.1752633377533357,0-5%,0-5%,2025-12-10|Villarreal|FC Copenhagen,0.120401337792642,-0.149386845039019,-0.5462653288740245,-0.8160535117056855,-0.0133779264214047,0.0765550239234449,-3,-16,1
2025-26,2025-12-10,League phase,Benfica,Napoli,H,A,33.1684717397451,20.53405495950476,46.29747330075015,Away Win,False,46.29747330075015,13.129001561005047,40-50%,20-25%,Home vs Away,13.129001561005047,10-15%,10-15%,2025-12-10|Benfica|Napoli,-0.395643294758339,-0.1594281824370318,-0.0264125255275697,0.2098025867937374,-0.1075561606535058,0.0982142857142857,-4,48,0
2025-26,2025-12-10,League phase,Leverkusen,Newcastle,D,H,46.926972392189015,21.56994701729186,31.50308059051913,Home Win,False,46.926972392189015,15.423891801669885,40-50%,20-25%,Missed Draw,15.423891801669885,15-20%,15-20%,2025-12-10|Leverkusen|Newcastle,-0.2685314685314686,-0.5076923076923077,0.2769230769230768,0.0377622377622377,-0.0097902097902097,0.3,-1,54,0
2025-26,2025-12-10,League phase,Qarabağ,Ajax,A,A,35.481442791663284,24.905454969075006,39.61310223926172,Away Win,True,39.61310223926172,4.131659447598437,<40%,20-25%,Correct,4.131659447598437,0-5%,0-5%,2025-12-10|Qarabağ|Ajax,-0.5703611457036114,-0.50186799501868,-0.6799501867995018,-0.6114570361145704,-0.1880448318804483,-0.1611111111111111,7,-62,0
2025-26,2025-12-10,League phase,Real Madrid,Manchester City,A,H,57.808688079951644,19.44286459703252,22.748447323015835,Home Win,False,57.808688079951644,35.06024075693581,50-60%,15-20%,Away vs Home,35.06024075693581,30-40%,30-40%,2025-12-10|Real Madrid|Manchester City,0.1596525096525094,0.1279922779922779,1.088223938223938,1.0565637065637066,0.1023166023166023,0.2832480818414322,2,45,-1
2025-26,2025-12-10,League phase,Juventus,Pafos FC,H,H,59.85815617385847,20.52525899173902,19.61658483440251,Home Win,True,59.85815617385847,39.33289718211945,50-60%,20-25%,Correct,40.24157133945596,40-50%,30-40%,2025-12-10|Juventus|Pafos FC,0.7391304347826086,0.3391304347826085,0.1391304347826087,-0.2608695652173913,0.3043478260869565,0.5862068965517241,0,110,1
2025-26,2026-01-20,League phase,Inter,Arsenal,A,A,38.33598328709945,19.29174472770007,42.37227198520047,Away Win,True,42.37227198520047,4.036288698101018,40-50%,15-20%,Correct,4.036288698101018,0-5%,0-5%,2026-01-20|Inter|Arsenal,-0.5116279069767442,0.0116279069767442,0.3023255813953487,0.8255813953488371,-0.0813953488372093,0.1063122923588039,-6,0,1
2025-26,2026-01-20,League phase,Bodø/Glimt,Manchester City,H,A,23.274625460277978,19.942250342300166,56.78312419742184,Away Win,False,56.78312419742184,33.50849873714387,50-60%,15-20%,Home vs Away,33.50849873714387,30-40%,30-40%,2026-01-20|Bodø/Glimt|Manchester City,-0.6205673758865249,-0.9751773049645388,0.3085106382978724,-0.0460992907801416,-0.5602836879432624,-0.463768115942029,-8,-135,0
2025-26,2026-01-20,League phase,FC Copenhagen,Napoli,D,A,26.924376367305108,21.78264460485509,51.29297902783979,Away Win,False,51.29297902783979,24.368602660534684,50-60%,20-25%,Missed Draw,24.368602660534684,20-30%,20-30%,2026-01-20|FC Copenhagen|Napoli,-0.721969696969697,-0.2363636363636365,-0.3886363636363635,0.0969696969696969,-0.2045454545454545,0.0469696969696969,-1,-26,0
2025-26,2026-01-20,League phase,FC Kairat,Club Brugge,A,A,33.26577100822005,25.91032013031253,40.8239088614674,Away Win,True,40.8239088614674,7.558137853247352,40-50%,25-30%,Correct,7.558137853247352,5-10%,5-10%,2026-01-20|FC Kairat|Club Brugge,-0.3154761904761904,-0.5892857142857142,-1.244047619047619,-1.5178571428571428,-0.2321428571428571,-0.2142857142857142,0,-50,1
2025-26,2026-01-20,League phase,Olympiacos,Leverkusen,H,A,35.94149203130504,23.691994230538544,40.36651373815642,Away Win,False,40.36651373815642,4.425021706851382,40-50%,20-25%,Home vs Away,4.425021706851382,0-5%,0-5%,2026-01-20|Olympiacos|Leverkusen,-0.127164502164502,-0.3062770562770562,-0.3544372294372293,-0.5335497835497836,-0.0091991341991342,0.2521645021645021,-4,-10,1
2025-26,2026-01-20,League phase,Sporting CP,Paris SG,H,A,30.57945312151711,19.523080313055985,49.89746656542691,Away Win,False,49.89746656542691,19.318013443909802,40-50%,15-20%,Home vs Away,19.318013443909802,15-20%,15-20%,2026-01-20|Sporting CP|Paris SG,-0.6449275362318843,-0.5235507246376812,0.3985507246376811,0.5199275362318843,-0.2318840579710144,-0.0072463768115942,-3,-90,1
2025-26,2026-01-20,League phase,Tottenham,Dortmund,H,H,50.01622103722344,18.915689923783955,31.068089038992614,Home Win,True,50.01622103722344,18.948131998230824,50-60%,15-20%,Correct,18.948131998230824,15-20%,15-20%,2026-01-20|Tottenham|Dortmund,-0.0569007263922518,-0.03954802259887,0.3954802259887007,0.4128329297820825,-0.0355125100887812,0.2129032258064516,-2,-67,1
2025-26,2026-01-20,League phase,Villarreal,Ajax,A,A,28.146828954338243,24.372876484884582,47.48029456077717,Away Win,True,47.48029456077717,19.333465606438924,40-50%,20-25%,Correct,19.333465606438924,15-20%,15-20%,2026-01-20|Villarreal|Ajax,-0.4301801801801803,-0.1970720720720722,-0.5112612612612613,-0.2781531531531531,-0.170045045045045,-0.2117117117117117,-2,-50,0
2025-26,2026-01-20,League phase,Real Madrid,Monaco,H,H,68.08969769389613,15.546876055161269,16.363426250942627,Home Win,True,68.08969769389613,51.726271442953504,60-70%,15-20%,Correct,51.726271442953504,50%+,50%+,2026-01-20|Real Madrid|Monaco,1.074193548387097,0.5301075268817206,0.6741935483870969,0.1301075268817204,0.3359139784946236,0.4911827956989247,0,136,-1
2025-26,2026-01-21,League phase,Bayern Munich,Union SG,H,H,73.39866713691498,14.835005660232042,11.766327202852969,Home Win,True,73.39866713691498,58.56366147668294,70-80%,<15%,Correct,61.63233993406201,50%+,50%+,2026-01-21|Bayern Munich|Union SG,1.2899807321772638,1.5115606936416186,-0.0433526011560694,0.1782273603082852,0.3545279383429673,0.1215686274509804,9,167,0
2025-26,2026-01-21,League phase,Galatasaray,Atlético Madrid,D,A,25.07723636534275,20.829897764862526,54.09286586979473,Away Win,False,54.09286586979473,29.01562950445198,50-60%,20-25%,Missed Draw,29.01562950445198,20-30%,20-30%,2026-01-21|Galatasaray|Atlético Madrid,-0.4568411386593205,-0.8908784817875728,0.0390266299357209,-0.3950107131925313,-0.2716559534741353,-0.058542413381123,-3,-67,0
2025-26,2026-01-21,League phase,Atalanta,Athletic Club,A,H,57.93636189456501,20.140378567371613,21.923259538063377,Home Win,False,57.93636189456501,36.01310235650163,50-60%,20-25%,Away vs Home,36.01310235650163,30-40%,30-40%,2026-01-21|Atalanta|Athletic Club,1.044871794871795,-0.2884615384615385,0.5448717948717949,-0.7884615384615385,0.1602564102564102,0.1333333333333333,8,27,1
2025-26,2026-01-21,League phase,Chelsea,Pafos FC,H,H,65.83721456432662,18.136350044369458,16.026435391303917,Home Win,True,65.83721456432662,47.70086451995716,60-70%,15-20%,Correct,49.810779173022695,40-50%,40-50%,2026-01-21|Chelsea|Pafos FC,1.2083333333333337,0.5089285714285714,0.375,-0.324404761904762,0.369047619047619,0.6363636363636364,5,106,1
2025-26,2026-01-21,League phase,Newcastle,PSV,H,H,52.4178945037667,19.57360510009638,28.008500396136927,Home Win,True,52.4178945037667,24.409394107629776,50-60%,15-20%,Correct,24.409394107629776,20-30%,20-30%,2026-01-21|Newcastle|PSV,0.1702898550724636,0.6340579710144929,-0.1340579710144929,0.3297101449275363,0.072463768115942,0.3695652173913043,2,-34,-1
2025-26,2026-01-21,League phase,Juventus,Benfica,H,H,54.887635033526315,18.818386554705924,26.29397841176775,Home Win,True,54.887635033526315,28.593656621758566,50-60%,15-20%,Correct,28.593656621758566,20-30%,20-30%,2026-01-21|Juventus|Benfica,0.2097701149425288,0.4482758620689655,0.0431034482758621,0.2816091954022988,0.1489715668481548,0.2949747249479631,2,2,0
2025-26,2026-01-21,League phase,Qarabağ,Frankfurt,H,H,46.52361020975325,23.23982781461164,30.2365619756351,Home Win,True,46.52361020975325,16.28704823411815,40-50%,20-25%,Correct,16.28704823411815,15-20%,15-20%,2026-01-21|Qarabağ|Frankfurt,-0.0714285714285714,-0.1785714285714283,-1.0714285714285716,-1.1785714285714286,-0.119047619047619,-0.119047619047619,3,-2,-1
2025-26,2026-01-21,League phase,Slavia Prague,Barcelona,A,A,19.740918356538067,16.501630287561404,63.75745135590053,Away Win,True,63.75745135590053,44.01653299936246,60-70%,15-20%,Correct,44.01653299936246,40-50%,40-50%,2026-01-21|Slavia Prague|Barcelona,-1.6739130434782608,-0.6009316770186335,-0.6490683229813665,0.4239130434782607,-0.6086956521739131,-0.475,-5,-149,0
2025-26,2026-01-21,League phase,Marseille,Liverpool,A,A,24.880490013329254,21.66463347325489,53.45487651341586,Away Win,True,53.45487651341586,28.574386500086607,50-60%,20-25%,Correct,28.574386500086607,20-30%,20-30%,2026-01-21|Marseille|Liverpool,-0.90311986863711,-0.2889983579638751,0.0509031198686369,0.6650246305418719,-0.2758620689655173,-0.1872294372294373,0,-45,0
2025-26,2026-01-28,League phase,Club Brugge,Marseille,H,H,42.98178562873517,26.170276885639343,30.847937485625494,Home Win,True,42.98178562873517,12.133848143109674,40-50%,25-30%,Correct,12.133848143109674,10-15%,10-15%,2026-01-28|Club Brugge|Marseille,-0.0811913504691961,-0.4761321909424723,-0.383516931864545,-0.7784577723378212,-0.0799673602611179,-0.0357142857142857,-2,14,1
2025-26,2026-01-28,League phase,Ajax,Olympiacos,A,H,51.47345396484084,26.67369870031131,21.85284733484784,Home Win,False,51.47345396484084,24.799755264529534,50-60%,25-30%,Away vs Home,29.620606629993002,20-30%,20-30%,2026-01-28|Ajax|Olympiacos,0.3445614035087718,0.2028070175438596,-0.2694736842105263,-0.4112280701754385,0.0357894736842105,0.1640926640926641,-1,18,0
2025-26,2026-01-28,League phase,Arsenal,FC Kairat,H,H,71.39675518587026,17.474012469504196,11.129232344625555,Home Win,True,71.39675518587026,53.922742716366066,70-80%,15-20%,Correct,60.267522841244705,50%+,50%+,2026-01-28|Arsenal|FC Kairat,1.2857142857142856,1.5418719211822662,-0.7142857142857144,-0.4581280788177339,0.5747126436781609,0.6744186046511628,14,80,0
2025-26,2026-01-28,League phase,Athletic Club,Sporting CP,A,A,34.19835820892771,27.520104648146106,38.28153714292619,Away Win,True,38.28153714292619,4.083178933998482,<40%,25-30%,Correct,4.083178933998482,0-5%,0-5%,2026-01-28|Athletic Club|Sporting CP,-0.5871271585557298,0.304552590266876,-0.6891679748822606,0.2025117739403452,-0.0392464678178963,0.1666666666666666,-2,-36,-1
2025-26,2026-01-28,League phase,Atlético Madrid,Bodø/Glimt,A,H,55.9656345878554,24.106930710390156,19.92743470175446,Home Win,False,55.9656345878554,31.858703877465242,50-60%,20-25%,Away vs Home,36.03819988610094,30-40%,30-40%,2026-01-28|Atlético Madrid|Bodø/Glimt,-0.2060889929742388,0.9836065573770492,-0.4918032786885247,0.6978922716627634,0.3653395784543325,0.6779661016949152,6,115,-1
2025-26,2026-01-28,League phase,Barcelona,FC Copenhagen,H,H,63.945954838974416,19.65387004844607,16.40017511257951,Home Win,True,63.945954838974416,44.29208479052835,60-70%,15-20%,Correct,47.545779726394905,40-50%,40-50%,2026-01-28|Barcelona|FC Copenhagen,1.2095754290876242,0.4310448660042156,0.5998193315266485,-0.17871123155676,0.3672086720867209,0.5907407407407407,3,121,-1
2025-26,2026-01-28,League phase,Frankfurt,Tottenham,A,A,21.829052928622747,22.003391906913063,56.16755516446419,Away Win,True,56.16755516446419,34.164163257551124,50-60%,20-25%,Correct,34.338502235841446,30-40%,30-40%,2026-01-28|Frankfurt|Tottenham,-0.6000000000000001,-0.7833333333333332,-0.2166666666666667,-0.3999999999999999,-0.1833333333333333,0.0098522167487684,-9,-45,-1
2025-26,2026-01-28,League phase,Benfica,Real Madrid,H,A,30.08579038180154,21.16801511594558,48.746194502252884,Away Win,False,48.746194502252884,18.660404120451343,40-50%,20-25%,Home vs Away,18.660404120451343,15-20%,15-20%,2026-01-28|Benfica|Real Madrid,-0.9723785166240408,-0.4348291095094163,0.2522204138572423,0.7897698209718669,-0.3012322715647523,-0.1595925297113752,-3,-72,-1
2025-26,2026-01-28,League phase,Dortmund,Inter,A,H,53.28503827232998,21.22464267458359,25.490319053086424,Home Win,False,53.28503827232998,27.794719219243554,50-60%,20-25%,Away vs Home,27.794719219243554,20-30%,20-30%,2026-01-28|Dortmund|Inter,0.3003891754909946,-0.1546746311883429,0.5877454973300751,0.1326816906507375,-0.0103176758077654,0.1534090909090908,1,40,0
2025-26,2026-01-28,League phase,Monaco,Juventus,D,A,32.450059700442864,22.86532465408488,44.68461564547225,Away Win,False,44.68461564547225,12.234555945029385,40-50%,20-25%,Missed Draw,12.234555945029385,10-15%,10-15%,2026-01-28|Monaco|Juventus,-0.3509301156359981,-0.6435394670688788,0.1533433886375061,-0.1392659627953745,-0.1990950226244343,-0.0210526315789473,-2,-66,1
2025-26,2026-01-28,League phase,Leverkusen,Villarreal,H,H,55.218194499129666,24.52692890237395,20.254876598496377,Home Win,True,55.218194499129666,30.691265596755716,50-60%,20-25%,Correct,34.963317900633285,30-40%,30-40%,2026-01-28|Leverkusen|Villarreal,0.1886567164179104,0.2776119402985075,-0.5313432835820895,-0.4423880597014924,0.1432835820895522,0.2348484848484848,7,42,0
2025-26,2026-01-28,League phase,Napoli,Chelsea,A,H,45.58093881892438,21.992507401153624,32.426553779921996,Home Win,False,45.58093881892438,13.154385039002385,40-50%,20-25%,Away vs Home,13.154385039002385,10-15%,10-15%,2026-01-28|Napoli|Chelsea,-0.1806894729890371,-0.3759080702681283,0.7042662792233523,0.5090476819442611,-0.0920618148197067,0.1674641148325359,-5,-46,1
2025-26,2026-01-28,League phase,Union SG,Atalanta,H,A,26.604074761677825,32.46827119534436,40.92765404297782,Away Win,False,40.92765404297782,8.459382847633464,40-50%,30-35%,Home vs Away,14.323579281299995,10-15%,5-10%,2026-01-28|Union SG|Atalanta,-0.8,-0.8535714285714284,-0.575,-0.6285714285714283,-0.1142857142857143,-0.5263157894736842,-7,-33,0
2025-26,2026-01-28,League phase,Paris SG,Newcastle,D,H,64.3064320245313,19.548906444570775,16.144661530897913,Home Win,False,64.3064320245313,44.75752557996053,60-70%,15-20%,Missed Draw,48.16177049363339,40-50%,40-50%,2026-01-28|Paris SG|Newcastle,0.4443829551743221,-0.1079136690647482,1.1366906474820144,0.5843940232429441,0.1765356945213059,0.4565217391304348,-3,126,1
2025-26,2026-01-28,League phase,Manchester City,Galatasaray,H,H,64.30621808135706,18.89548530389887,16.798296614744064,Home Win,True,64.30621808135706,45.41073277745819,60-70%,15-20%,Correct,47.507921466613,40-50%,40-50%,2026-01-28|Manchester City|Galatasaray,1.0581306017925736,0.6866837387964149,0.2217669654289371,-0.1496798975672215,0.3199743918053778,0.4675925925925926,2,87,1
2025-26,2026-01-28,League phase,PSV,Bayern Munich,A,A,30.361963580910473,19.91695209467009,49.72108432441943,Away Win,True,49.72108432441943,19.359120743508957,40-50%,15-20%,Correct,19.359120743508957,15-20%,15-20%,2026-01-28|PSV|Bayern Munich,-1.0710442651014918,-0.7619222303741747,0.4002201027146003,0.7093421374419173,-0.4343360234776229,-0.1996047430830039,-5,-127,0
2025-26,2026-01-28,League phase,Liverpool,Qarabağ,H,H,71.33824935174296,16.818876474535347,11.842874173721693,Home Win,True,71.33824935174296,54.519372877207616,70-80%,15-20%,Correct,59.49537517802126,50%+,50%+,2026-01-28|Liverpool|Qarabağ,0.902972027972028,1.1512237762237765,-0.1739510489510491,0.0743006993006991,0.3828671328671328,0.4844961240310078,8,75,0
2025-26,2026-01-28,League phase,Pafos FC,Slavia Prague,H,H,52.31832686536262,22.321931039228048,25.359742095409345,Home Win,True,52.31832686536262,26.958584769953276,50-60%,20-25%,Correct,26.958584769953276,20-30%,20-30%,2026-01-28|Pafos FC|Slavia Prague,-0.043956043956044,0.4945054945054945,-1.3516483516483515,-0.8131868131868132,0.1428571428571428,0.3333333333333333,3,-6,0
2025-26,2026-02-17,Knockout phase play-offs,Monaco,Paris SG,A,A,24.783626857105517,19.877110550628213,55.339262592266266,Away Win,True,55.339262592266266,30.55563573516075,50-60%,15-20%,Correct,30.55563573516075,30-40%,30-40%,2026-02-17|Monaco|Paris SG,-0.9554945054945054,-0.5467032967032965,0.0659340659340659,0.4747252747252748,-0.2494505494505494,-0.1153846153846153,3,-88,0
2025-26,2026-02-17,Knockout phase play-offs,Galatasaray,Juventus,H,A,21.455329854836723,20.619743233794704,57.924926911368566,Away Win,False,57.924926911368566,36.46959705653184,50-60%,20-25%,Home vs Away,36.46959705653184,30-40%,30-40%,2026-02-17|Galatasaray|Juventus,-0.4981840193704598,-0.8589588377723971,0.0018159806295401,-0.3589588377723971,-0.2763317191283292,-0.1280788177339901,-7,-62,0
2025-26,2026-02-17,Knockout phase play-offs,Benfica,Real Madrid,A,A,27.072346004209223,20.158409689666705,52.76924430612407,Away Win,True,52.76924430612407,25.69689830191485,50-60%,20-25%,Correct,25.69689830191485,20-30%,20-30%,2026-02-17|Benfica|Real Madrid,-0.947725605282465,-0.423514306676449,0.2597212032281732,0.7839325018341892,-0.2921863536316948,-0.1434336023477623,3,-72,0
2025-26,2026-02-17,Knockout phase play-offs,Dortmund,Atalanta,H,H,50.43297170591954,21.537208117628552,28.029820176451903,Home Win,True,50.43297170591954,22.40315152946764,50-60%,20-25%,Correct,22.40315152946764,20-30%,20-30%,2026-02-17|Dortmund|Atalanta,0.0017149390243902,0.2172256097560976,0.1968368902439023,0.4123475609756097,0.0785060975609756,0.0538461538461538,-5,87,0
2025-26,2026-02-18,Knockout phase play-offs,Olympiacos,Leverkusen,A,A,38.2371672785951,21.030800931173236,40.732031790231666,Away Win,True,40.732031790231666,2.494864511636564,40-50%,20-25%,Correct,2.494864511636564,0-5%,0-5%,2026-02-18|Olympiacos|Leverkusen,-0.1044624746450304,-0.2758620689655173,-0.3103448275862068,-0.4817444219066937,0.0091277890466531,0.2768762677484787,0,-10,0
2025-26,2026-02-18,Knockout phase play-offs,Qarabağ,Newcastle,A,A,23.66604628543511,22.830674165096596,53.50327954946829,Away Win,True,53.50327954946829,29.837233264033177,50-60%,20-25%,Correct,29.837233264033177,20-30%,20-30%,2026-02-18|Qarabağ|Newcastle,-0.5714285714285714,-1.5,0.0714285714285714,-0.8571428571428572,-0.1428571428571428,0.1428571428571428,-4,0,0
2025-26,2026-02-18,Knockout phase play-offs,Club Brugge,Atlético Madrid,D,A,25.10187719998973,21.446658876416294,53.45146392359397,Away Win,False,53.45146392359397,28.34958672360424,50-60%,20-25%,Missed Draw,28.34958672360424,20-30%,20-30%,2026-02-18|Club Brugge|Atlético Madrid,-0.4350995234090273,-0.8376787216148023,0.0445752733389401,-0.3580039248668347,-0.245444350995234,-0.0733442802408319,-3,-65,0
2025-26,2026-02-18,Knockout phase play-offs,Bodø/Glimt,Inter,H,A,37.67439977111029,24.419900869832226,37.905699359057486,Away Win,False,37.905699359057486,0.2312995879471984,<40%,20-25%,Home vs Away,0.2312995879471984,0-5%,0-5%,2026-02-18|Bodø/Glimt|Inter,0.2727272727272727,-0.7045454545454546,0.5795454545454546,-0.3977272727272727,-0.2386363636363636,-0.1722222222222222,1,-80,0
2025-26,2026-02-24,Knockout phase play-offs,Leverkusen,Olympiacos,D,H,47.43707043863098,26.578029099233095,25.98490046213591,Home Win,False,47.43707043863098,20.859041339397887,40-50%,25-30%,Missed Draw,21.45216997649507,20-30%,20-30%,2026-02-24|Leverkusen|Olympiacos,0.1348563006632277,0.3014001473839351,-0.4753131908621959,-0.3087693441414885,0.0063866371898796,0.2586206896551724,1,10,0
2025-26,2026-02-24,Knockout phase play-offs,Newcastle,Qarabağ,H,H,70.58732552120229,16.77735270860011,12.635321770197594,Home Win,True,70.58732552120229,53.80997281260218,70-80%,15-20%,Correct,57.952003751004696,50%+,50%+,2026-02-24|Newcastle|Qarabağ,0.8666666666666667,1.7333333333333334,-0.8,0.0666666666666666,0.2,0.4285714285714285,5,0,0
2025-26,2026-02-24,Knockout phase play-offs,Inter,Bodø/Glimt,A,H,41.08784275198848,26.693759343462077,32.21839790454945,Home Win,False,41.08784275198848,8.869444847439034,40-50%,25-30%,Away vs Home,8.869444847439034,5-10%,5-10%,2026-02-24|Inter|Bodø/Glimt,-0.4169787765293382,0.5867665418227215,-0.3058676654182271,0.6978776529338326,0.149812734082397,0.3081395348837209,-7,80,0
2025-26,2026-02-24,Knockout phase play-offs,Atlético Madrid,Club Brugge,H,H,58.67858225190451,21.03603527976227,20.28538246833321,Home Win,True,58.67858225190451,37.64254697214224,50-60%,20-25%,Correct,38.3931997835713,30-40%,30-40%,2026-02-24|Atlético Madrid|Club Brugge,0.4144341170038272,0.8410333515582287,-0.3652268999453254,0.0613723346090759,0.2457627118644068,0.425287356321839,1,65,0
2025-26,2026-02-25,Knockout phase play-offs,Atalanta,Dortmund,H,H,46.38737570969963,22.84326531014574,30.76935898015464,Home Win,True,46.38737570969963,15.618016729544994,40-50%,20-25%,Correct,15.618016729544994,15-20%,15-20%,2026-02-25|Atalanta|Dortmund,-0.0454042081949059,-0.2380952380952381,0.3809523809523809,0.1882613510520487,-0.0919158361018826,-0.0952380952380952,-1,-87,0
2025-26,2026-02-25,Knockout phase play-offs,Juventus,Galatasaray,H,H,59.495456629713836,19.857055741038206,20.64748762924796,Home Win,True,59.495456629713836,38.84796900046588,50-60%,15-20%,Correct,38.84796900046588,30-40%,30-40%,2026-02-25|Juventus|Galatasaray,0.4325519681556833,0.8275099513489605,-0.3569217160548428,0.0380362671384344,0.2585876455845496,0.4214285714285714,6,62,0
2025-26,2026-02-25,Knockout phase play-offs,Paris SG,Monaco,D,H,67.60979250472705,16.92938357744069,15.460823917832261,Home Win,False,67.60979250472705,50.680408927286365,60-70%,15-20%,Missed Draw,52.148968586894796,50%+,50%+,2026-02-25|Paris SG|Monaco,0.9460725277666264,0.5657701057139035,0.4555064900307772,0.0752040679780543,0.2583968954904322,0.3835164835164835,3,88,0
2025-26,2026-02-25,Knockout phase play-offs,Real Madrid,Benfica,H,H,66.07909870741892,17.93870441117973,15.98219688140135,Home Win,True,66.07909870741892,48.140394296239194,60-70%,15-20%,Correct,50.09690182601757,50%+,40-50%,2026-02-25|Real Madrid|Benfica,0.9523809523809524,0.4249084249084249,0.7814407814407813,0.2539682539682539,0.2971102971102971,0.4409391049156273,0,72,0
2025-26,2026-03-10,Round of 16,Galatasaray,Liverpool,H,A,22.384482302073877,18.520085451317964,59.09543224660816,Away Win,False,59.09543224660816,36.710949944534285,50-60%,15-20%,Home vs Away,36.710949944534285,30-40%,30-40%,2026-03-10|Galatasaray|Liverpool,-0.9804339403332044,-0.8463773731111972,0.0532739248353351,0.1873304920573422,-0.3765982177450599,-0.2674329501915708,-8,-31,-28
2025-26,2026-03-10,Round of 16,Newcastle,Barcelona,D,H,49.53259344189519,22.2116471172286,28.255759440876204,Home Win,False,49.53259344189519,21.276834001018983,40-50%,20-25%,Missed Draw,21.276834001018983,20-30%,20-30%,2026-03-10|Newcastle|Barcelona,-0.1963190184049081,0.0908742331288343,0.8466257668711656,1.1338190184049082,-0.1759969325153374,0.1435185185185185,1,-147,-27
2025-26,2026-03-10,Round of 16,Atlético Madrid,Tottenham,H,H,51.99494602135459,20.16099442433608,27.844059554309332,Home Win,True,51.99494602135459,24.15088646704526,50-60%,20-25%,Correct,24.15088646704526,20-30%,20-30%,2026-03-10|Atlético Madrid|Tottenham,-0.2017049180327867,0.2878688524590163,0.2081311475409837,0.6977049180327868,0.044983606557377,0.3721311475409836,-4,64,-27
2025-26,2026-03-10,Round of 16,Atalanta,Bayern Munich,A,A,28.62586967580564,21.40371662515742,49.97041369903694,Away Win,True,49.97041369903694,21.3445440232313,40-50%,20-25%,Correct,21.3445440232313,20-30%,20-30%,2026-03-10|Atalanta|Bayern Munich,-0.6839867109634552,-0.5752823920265782,0.7845847176079734,0.8932890365448505,-0.2960797342192691,-0.2773237997957099,-6,-132,-28
2025-26,2026-03-11,Round of 16,Bodø/Glimt,Sporting CP,H,H,46.09371931257915,22.189168928925714,31.717111758495147,Home Win,True,46.09371931257915,14.376607554084,40-50%,20-25%,Correct,14.376607554084,10-15%,10-15%,2026-03-11|Bodø/Glimt|Sporting CP,0.3599999999999999,-0.0799999999999998,0.2799999999999998,-0.1599999999999999,0.04,0.2,3,-40,-27
2025-26,2026-03-11,Round of 16,Leverkusen,Arsenal,D,A,28.139965121493344,19.54388930548329,52.31614557302336,Away Win,False,52.31614557302336,24.17618045153002,50-60%,15-20%,Missed Draw,24.17618045153002,20-30%,20-30%,2026-03-11|Leverkusen|Arsenal,-0.7256493506493504,-0.2753246753246752,0.1038961038961039,0.5542207792207792,-0.2224025974025974,0.0084415584415584,-7,-18,-27
2025-26,2026-03-11,Round of 16,Paris SG,Chelsea,H,H,56.67196304445563,20.262926831626736,23.065110123917627,Home Win,True,56.67196304445563,33.606852920538,50-60%,20-25%,Correct,33.606852920538,30-40%,30-40%,2026-03-11|Paris SG|Chelsea,0.2566098344452681,-0.1284902396837164,1.14257474672597,0.7574746725969854,0.012478379046207,0.1573579407479358,-4,28,-28
2025-26,2026-03-11,Round of 16,Real Madrid,Manchester City,H,H,60.276832818046614,18.439854083334552,21.28331309861883,Home Win,True,60.276832818046614,38.99351971942778,60-70%,15-20%,Correct,38.99351971942778,30-40%,30-40%,2026-03-11|Real Madrid|Manchester City,0.1723224144276773,0.1168568273831431,1.0884063305115936,1.0329407434670594,0.0984541774015458,0.2796992481203007,0,47,-28
2025-26,2026-03-17,Round of 16,Chelsea,Paris SG,A,H,51.076502065573415,20.203655742226438,28.719842192200147,Home Win,False,51.076502065573415,22.356659873373268,50-60%,20-25%,Away vs Home,22.356659873373268,20-30%,20-30%,2026-03-17|Chelsea|Paris SG,-0.2755852842809363,0.0997871693523866,0.7523867436910916,1.1277591973244143,-0.0203101246579507,0.1358148893360161,1,-28,0
2025-26,2026-03-17,Round of 16,Sporting CP,Bodø/Glimt,H,H,45.33897345467247,23.479812818286845,31.181213727040678,Home Win,True,45.33897345467247,14.157759727631792,40-50%,20-25%,Correct,14.157759727631792,10-15%,10-15%,2026-03-17|Sporting CP|Bodø/Glimt,-0.4901960784313726,-0.1016042780748662,-0.035650623885918,0.3529411764705883,-0.1016042780748662,0.12,-6,40,0
2025-26,2026-03-17,Round of 16,Arsenal,Leverkusen,H,H,64.0080002213163,19.155810249317508,16.83618952936618,Home Win,True,64.0080002213163,44.85218997199878,60-70%,15-20%,Correct,47.171810691950114,40-50%,40-50%,2026-03-17|Arsenal|Leverkusen,0.7183098591549295,0.2709289444532363,0.5492957746478873,0.101914859946194,0.2209210318088305,0.4532467532467532,5,18,0
2025-26,2026-03-17,Round of 16,Manchester City,Real Madrid,A,H,46.93907155944788,23.8358750957884,29.225053344763722,Home Win,False,46.93907155944788,17.71401821468416,40-50%,20-25%,Away vs Home,17.71401821468416,15-20%,15-20%,2026-03-17|Manchester City|Real Madrid,-0.1907358929610239,-0.1350349040139615,1.0239237929028506,1.079624781849913,-0.10413030831879,0.0785868781542897,-6,-47,0
2025-26,2026-03-18,Round of 16,Liverpool,Galatasaray,H,H,68.0169853895559,18.141621789943308,13.841392820500806,Home Win,True,68.0169853895559,49.87536359961259,60-70%,15-20%,Correct,54.17559256905509,50%+,40-50%,2026-03-18|Liverpool|Galatasaray,0.959133709981168,0.8146892655367233,0.196421845574388,0.0519774011299434,0.3568738229755179,0.4866771159874608,2,31,0
2025-26,2026-03-18,Round of 16,Tottenham,Atlético Madrid,H,H,51.660679657101284,20.35939168950186,27.97992865339688,Home Win,True,51.660679657101284,23.680751003704405,50-60%,20-25%,Correct,23.680751003704405,20-30%,20-30%,2026-03-18|Tottenham|Atlético Madrid,0.1784434203789042,-0.3394777265745008,0.6943164362519201,0.176395289298515,-0.0563236047107014,0.2691532258064516,1,-64,0
2025-26,2026-03-18,Round of 16,Bayern Munich,Atalanta,H,H,69.62921673427422,16.510374772728646,13.86040849299713,Home Win,True,69.62921673427422,53.11884196154558,60-70%,15-20%,Correct,55.76880824127709,50%+,50%+,2026-03-18|Bayern Munich|Atalanta,0.7215909090909092,0.6761363636363638,0.8125,0.7670454545454546,0.3068181818181819,0.3145071982281284,9,132,0
2025-26,2026-03-18,Round of 16,Barcelona,Newcastle,H,H,63.99188813935408,19.046774262190585,16.961337598455323,Home Win,True,63.99188813935408,44.94511387716349,60-70%,15-20%,Correct,47.03055054089876,40-50%,40-50%,2026-03-18|Barcelona|Newcastle,0.2478479196556671,-0.0936154949784791,1.1302008608321377,0.7887374461979915,0.1979913916786226,0.4939024390243902,-1,147,0
2025-26,2026-04-07,Quarter-finals,Real Madrid,Bayern Munich,A,H,45.87008306694303,19.225622956701855,34.90429397635511,Home Win,False,45.87008306694303,10.965789090587919,40-50%,15-20%,Away vs Home,10.965789090587919,10-15%,10-15%,2026-04-07|Real Madrid|Bayern Munich,-0.1937676553672314,-0.0898658192090395,1.3034074858757063,1.407309322033898,-0.0334569209039548,0.1395833333333334,-3,15,1
2025-26,2026-04-07,Quarter-finals,Sporting CP,Arsenal,A,A,33.43912946708895,18.94637500935635,47.61449552355471,Away Win,True,47.61449552355471,14.175366056465762,40-50%,15-20%,Correct,14.175366056465762,10-15%,10-15%,2026-04-07|Sporting CP|Arsenal,-0.4230769230769231,-0.4487179487179487,0.4102564102564101,0.3846153846153846,-0.2123931623931623,0.0717948717948717,-4,-38,0
2025-26,2026-04-08,Quarter-finals,Barcelona,Atlético Madrid,A,H,58.72160033121278,18.677590624994355,22.600809043792868,Home Win,False,58.72160033121278,36.120791287419905,50-60%,15-20%,Away vs Home,36.120791287419905,30-40%,30-40%,2026-04-08|Barcelona|Atlético Madrid,0.6512526843235504,-0.0945836315915054,1.1551896921975662,0.4093533762825103,0.1081842042471963,0.4085264133456904,6,38,0
2025-26,2026-04-08,Quarter-finals,Paris SG,Liverpool,H,H,52.76533534952622,20.97202470460647,26.262639945867317,Home Win,True,52.76533534952622,26.5026954036589,50-60%,20-25%,Correct,26.5026954036589,20-30%,20-30%,2026-04-08|Paris SG|Liverpool,0.0608211233211233,-0.0631105006105006,1.1047771672771671,0.9808455433455434,-0.0528846153846154,0.0458937198067633,-1,53,1
2025-26,2026-04-14,Quarter-finals,Atlético Madrid,Barcelona,A,H,44.620427237401785,20.262104706050174,35.11746805654805,Home Win,False,44.620427237401785,9.502959180853736,40-50%,20-25%,Away vs Home,9.502959180853736,5-10%,5-10%,2026-04-14|Atlético Madrid|Barcelona,-0.6345067771084336,0.1079631024096385,0.4076618975903614,1.1501317771084336,-0.100621234939759,0.2018095987411486,0,-38,0
2025-26,2026-04-14,Quarter-finals,Liverpool,Paris SG,A,H,58.61939248719972,20.65188764976366,20.72871986303663,Home Win,False,58.61939248719972,37.89067262416309,50-60%,20-25%,Away vs Home,37.89067262416309,30-40%,30-40%,2026-04-14|Liverpool|Paris SG,-0.0825337331334332,0.045127436281859,0.9657421289355324,1.0934032983508246,0.0431784107946027,0.1527777777777778,-4,-53,0
2025-26,2026-04-15,Quarter-finals,Bayern Munich,Real Madrid,H,H,53.37513452027369,22.613879949140888,24.010985530585433,Home Win,True,53.37513452027369,29.364148989688257,50-60%,20-25%,Correct,29.364148989688257,20-30%,20-30%,2026-04-15|Bayern Munich|Real Madrid,0.1977353437736506,0.0945741398381557,1.3998078826337543,1.2966466786982591,0.0385981254002445,0.2097701149425287,3,-15,0
2025-26,2026-04-15,Quarter-finals,Arsenal,Sporting CP,D,H,64.65259221408184,18.96979213221129,16.377615653706876,Home Win,False,64.65259221408184,45.682800081870546,60-70%,15-20%,Missed Draw,48.27497656037496,40-50%,40-50%,2026-04-15|Arsenal|Sporting CP,0.4418411776902342,0.4499274310595067,0.3852374041053286,0.3933236574746011,0.2239270163798466,0.4965811965811966,4,38,0
2025-26,2026-04-28,Semi-finals,Paris SG,Bayern Munich,H,H,42.1711600056343,21.794250412171163,36.03458958219454,Home Win,True,42.1711600056343,6.136570423439757,40-50%,20-25%,Correct,6.136570423439757,5-10%,5-10%,2026-04-28|Paris SG|Bayern Munich,-0.3284992729777301,-0.1083263182061682,1.1631208387541134,1.3832937935256753,-0.1298308716614371,0.0120427517687792,-2,-33,1
2025-26,2026-04-29,Semi-finals,Atlético Madrid,Arsenal,D,H,46.02290947434697,18.67787456187028,35.29921596378275,Home Win,False,46.02290947434697,10.723693510564217,40-50%,15-20%,Missed Draw,10.723693510564217,10-15%,10-15%,2026-04-29|Atlético Madrid|Arsenal,-0.4014998314796092,0.0792888439501178,0.42458712504213,0.9053758004718572,-0.072210987529491,0.1884057971014492,-2,37,1
2025-26,2026-05-05,Semi-finals,Arsenal,Atlético Madrid,H,H,61.28533566795791,19.600644030854582,19.114020301187516,Home Win,True,61.28533566795791,41.68469163710333,60-70%,15-20%,Correct,42.17131536677039,40-50%,40-50%,2026-05-05|Arsenal|Atlético Madrid,0.3954507857733664,-0.0782464846980977,0.8954507857733665,0.4217535153019023,0.0698924731182796,0.3254281949934123,2,-37,0
2025-26,2026-05-06,Semi-finals,Bayern Munich,Paris SG,D,H,60.056034077924345,20.488021920530283,19.45594400154537,Home Win,False,60.056034077924345,39.568012157394065,60-70%,20-25%,Missed Draw,40.600090076378976,40-50%,30-40%,2026-05-06|Bayern Munich|Paris SG,0.3175736961451245,0.10578231292517,1.3719954648526078,1.160204081632653,0.123015873015873,0.274906600249066,-3,33,0
2025-26,2026-05-30,Final,Paris SG,Arsenal,D,H,52.799528178009346,20.370496213855695,26.829975608134948,Home Win,False,52.799528178009346,25.9695525698744,50-60%,20-25%,Missed Draw,25.9695525698744,20-30%,20-30%,2026-05-30|Paris SG|Arsenal,0.2221104082806209,0.0060379528464633,1.0412593444508338,0.8251868890166763,-0.0069005175388154,0.1535365152386428,2,54,-1
